,Sentence,Polarity,Subjectivity
0,"Updated on:  March 6, 2025 / 9:00 AM EST          / CBS/AP",0.0,0.0
1,"Washington — President Trump issued what he called a ""last warning"" to the terrorist group Hamas Wednesday to release all hostages still held in Gaza, directing a sharply worded message after the White House confirmed that he had recently dispatched an envoy for unprecedented direct talks with the group. Mr. Trump, in a statement on his Truth social platform soon after meeting at the White House with eight former hostages, added that he was ""sending Israel everything it needs to finish the job.""",0.10083333333333333,0.3433333333333333
2,"""Release all of the Hostages now, not later, and immediately return all of the dead bodies of the people you murdered, or it is OVER for you,"" he said. ""Only sick and twisted people keep bodies, and you are sick and twisted!""",-0.3933673469387755,0.7306122448979592
3,"Mr. Trump ended his post with a message he addressed ""directly to the People of Gaza,"" many of whom do not support Hamas, saying: ""A beautiful Future awaits, but not if you hold Hostages. If you do, you are DEAD! Make a SMART decision. RELEASE THE HOSTAGES NOW, OR THERE WILL BE HELL TO PAY LATER!""",0.2020408163265306,0.43826530612244896
4,"Hamas said Thursday that the Trump threats ""encourage"" Israel to disregard the ceasefire's terms.",0.0,0.0
5,"""These threats complicate matters regarding the ceasefire agreement and encourage the occupation to avoid implementing its terms,"" Hamas spokesman Hazem Qasim said in a statement.",0.0,0.0
6,"Israeli Prime Minister Benjamin Netanyahu has vowed to ""open the gates of hell"" if Hamas doesn't return all its hostages.",0.0,0.5
7,"The pointed language from the president came after the White House said Wednesday that U.S. officials have engaged in ""ongoing talks and discussions"" with Hamas officials, stepping away from a long-held U.S. policy of not directly engaging with any U.S.-designated terrorist groups. It's the first known direct engagement between the U.S. and Hamas since the State Department designated the group a foreign terrorist organization in 1997.",0.004999999999999999,0.31166666666666665
8,Confirmation of the talks in the Qatari capital of Doha came as the Israel-Hamas ceasefire hangs in the balance.,0.0,0.0
9,"White House press secretary Karoline Leavitt declined to provide details on the substance of talks, but said Mr. Trump has authorized his envoys to ""talk to anyone.""",0.0,0.0
10,"""Look, dialogue and talking to people around the world to do what's in the best interest of the American people is something that the president ... believes is a good-faith effort to do what's right for the American people,"" she said.",0.3214285714285714,0.2089285714285714
11,"Leavitt added that Israel has been consulted about the direct engagement with Hamas officials, and noted that there are ""American lives at stake.""",0.05,0.2
12,"Netanyahu's office offered a terse acknowledgement of the U.S.-Hamas talks. ""Israel has expressed to the United States its position regarding direct talks with Hamas,"" the prime minister's office said.",0.1,0.4
13,Egyptian and Qatari intermediaries have been serving as mediators with Hamas.,0.0,0.0
14,"Israeli officials say about 24 living hostages — including Edan Alexander, an American citizen — as well as the bodies of at least 35 others are believed to still be held in Gaza.",-0.15,0.2
15,"Adam Boehler, Mr. Trump's nominee to be special envoy for hostage affairs, led the direct talks with Hamas. Boehler, founder and CEO of Rubicon Founders, a health care investment firm, was a lead negotiator on the Abraham Accords team during Mr. Trump's first term that strove to win broader recognition of Israel in the Arab world.",0.26142857142857145,0.42095238095238097
16,"The talks, which took place last month, focused mainly on the release of American hostages and a potential end of the war without Hamas in power in Gaza, according to a Hamas official who wasn't authorized to comment publicly and spoke on the condition of anonymity.",0.03333333333333333,0.29333333333333333
17,"The official added that no progress was made but ""the step itself is promising"" and more talks are expected. Egyptian and Qatari mediators helped arrange the talks.",0.19999999999999998,0.4666666666666666
18,"The direct engagement comes as continuation of the Israel-Hamas ceasefire remains uncertain. Mr. Trump has signaled that he has no intentions of pushing Netanyahu away from a return to combat if Hamas doesn't agree to terms of a new ceasefire proposal, which the Israelis have billed as being drafted by U.S. envoy Steve Witkoff.",0.11818181818181818,0.42727272727272725
19,"The new plan would require Hamas to release half its remaining hostages — the terrorist group's main bargaining chip — in exchange for a ceasefire extension and a promise to negotiate a lasting truce. Israel made no mention of releasing more Palestinian prisoners, a key component of the first phase, which expired Saturday.",0.1266233766233766,0.39826839826839827
20,"Mr. Trump on Wednesday welcomed eight former hostages — Iair Horn, Omer Shem Tov, Eli Sharabi, Keith Siegel, Aviva Siegel, Naama Levy, Doron Steinbrecher and Noa Argamani — to the White House.",0.0,0.0
21,"""The President listened intently to their heartbreaking stories,"" Leavitt said. ""The hostages thanked President Trump for his steadfast efforts to bring all of the hostages home.""",0.4,0.8
22,The talks between U.S. and Hamas officials were first reported by the news site Axios.,0.25,0.3333333333333333
23,"© 2025 CBS Interactive Inc. All Rights Reserved. This material may not be published, broadcast, rewritten, or redistributed. The Associated Press contributed to this report.",0.0,0.0
24,By                                      Barry Petersen,0.0,0.0
25,"March 9, 2025 / 10:23 AM EDT          / CBS News",0.0,0.0
26,"Few who see Picasso's ""The Actor ""at New York's Metropolitan Museum of Art know its complicated history. Paul Leffmann, a German Jewish businessman, sold it in 1938. ""It used to hang in the home of my great-granduncle,"" said Laura Zuckerman. ""He needed money to escape the Nazis.""",-0.11272727272727275,0.3109090909090909
27,"""Did they get out?"" I asked.",0.0,0.0
28,"""They did get out. And they did survive. But not all of the family did.""",0.0,0.0
29,"Zuckerman represents Leffmann's heirs, who have fought for the painting – worth as much as $100 million – claiming it was sold under duress, meaning, ""If there had not been Nazi persecution against them, they never would have sold it,"" she said.",0.25,0.15000000000000002
30,"Yet, two American courts disagreed.",0.0,0.0
31,"But for other cases, the tide may be turning. An Amsterdam museum returned ""Odalisque"" by Henri Matisse, to the heirs of Albert and Marie Stern, saying it was sold under duress. The Sterns had tried to escape, but most of the family died in concentration camps.",0.1875,0.4375
32,"And in an historic policy shift, the French Parliament recently unanimously approved a law fast-tracking the return of art to families who claim it is rightfully theirs.",0.0,0.08333333333333333
33,"David Zivie, of France's culture ministry, heads the mission for research and return of Nazi-era looted property. He says the motive of such work is ""to recognize what happened, and to help families to get their works.",0.0,0.5
34,"""We have to know the history, because they should be in the rightful owner's hands, because they are the last witnesses of what happened during the war,"" Zivie said. ""These works are like the witnesses of the persecutions.""",0.0,0.06666666666666667
35,"University of Denver professor of history Elizabeth Campbell said, ""I think there finally is political will to recognize that this is part of belated justice.""",0.0,0.1
36,"She wrote about the complicity of the French and other European governments in keeping what the Nazis stole in her book, ""Museum Worthy: Nazi Art Plunder in Postwar Western Europe."" Campbell says there could be even more change with new guidelines agreed to by France and other countries, including the United States. ""These new guidelines say that any persecuted person who sold a work of art during the Nazi era should be assumed to have done so under duress,"" she said. ""So, it's now giving a blanket acknowledgement of coercion in any sale. It's really a dramatic change.""",0.04227272727272727,0.3759090909090909
37,"When the Germans retreated, allied art experts found stacks of stolen paintings everywhere, from caves to castles. More than 60,000 pieces of art were returned to France. But some 2,000 pieces ended up in limbo, held by the French government with no clear rightful owner.",0.15,0.29444444444444445
38,"Ines Rotermund-Reynard is the newly-hired provenance researcher at the Musee d'Orsay in Paris. Her job is to find the truth about a piece of art's Nazi-era past. ""There's really a huge wish now by the French to clarify the situation,"" she said. ""It's somehow as if you take a detective and you say, 'Look at all the cold cases which happened 80 years ago and solve it.' Each story is important. And it is worth, for each family, to do this effort.""",0.041666666666666685,0.5416666666666666
39,"But the case of Armand Dorville has pitted the French government against his heirs, among them Francine Kahn, who said, ""Discovering those pictures is a way to know him.""",0.0,0.0
40,"Another heir, Raphaël Falk, said, ""I feel anger when we have so much difficulties to retrieve them.""",-0.24999999999999997,0.2
41,"When Dorville died of natural causes in 1941, his art collection was sold at auction. But due to anti-semitic laws, the French authorities confiscated the proceeds, and family members – without money to escape – were later murdered at Auschwitz.",-0.006249999999999999,0.19375
42,"Eighty years later, a North Carolina museum returned one of Dorville's paintings to the family, and a German museum returned one by impressionist Camille Pissarro. But the French government is refusing to give back more than half a dozen paintings held in public museums, saying the auction was not done under duress.",0.04761904761904762,0.10476190476190475
43,"Falk said, ""It must be hard for them to give them back. So, I can understand that. But [to give them back], it's just right, you know? It's just right.""",0.05595238095238094,0.32261904761904764
44,"The family hired Paris lawyer Corinne Herschkovitch, who has spent 30 years recovering art for Jewish families. ""All these people in charge of the cultural heritage, they were more concerned by keeping alive or preserve all these paintings and works of art than to preserve the Jews,"" she said.",0.12,0.22000000000000003
45,"I asked, ""Do you think some of these museum directors are still ashamed of how they got these paintings?""",0.0,0.0
46,"""I think so, I think so. They are embarrassed, that's for sure,"" said Herschkovitch.",0.5,0.8888888888888888
47,The Dorville heirs believe they are fighting for their history.,0.0,0.0
48,"I asked, ""When you get them back into the family, do you feel somehow that bad history has been corrected? Erased?""",-0.3499999999999999,0.3333333333333333
49,"""Not erased, never erased,"" Falk replied. ""Members of our family died because of it. In my mind, it's a way to repair the damage that was done.""",0.0,0.0
50,"Kahn said, ""It is the memory of the family. Because it was totally forgotten. And it is on our shoulders to awake this story ... to tell the story.""",0.0,0.75
51,For more info:,0.5,0.5
52,Story produced by Mikaela Bufano. Editor: Brian Robbins.,0.0,0.0
53,See also:,0.0,0.0
54,© 2025 CBS Interactive Inc. All Rights Reserved.,0.0,0.0
55,By                                              Tracy J. Wholf,0.0,0.0
56,"March 9, 2025 / 2:04 PM EDT          / CBS News",0.0,0.0
57,"The National Oceanic and Atmospheric Administration (NOAA) is preparing to lose an additional 1,029 employees, according to sources that spoke to CBS News. As part of the Office of Management and Budget and Office of Personnel Management's mandate for agencies to submit reduction in force plans, which are due by March 13, NOAA will be presenting its plan to the Department of Commerce by Tuesday evening with the proposed cuts.",-0.0625,0.1875
58,"The Department of Commerce will get a chance to review the proposal and either accept NOAA's suggestions, or it could ask the agency to make additional changes that would increase or decrease this next round of terminations. Alongside the loss of staff will also be the elimination of programs that currently operate under NOAA's purview. It's not known which programs will be impacted.",-0.06666666666666667,0.26666666666666666
59,"As one of several scientific agencies within the federal government, NOAA is responsible for everything from weather forecasts, to coastal restoration, managing fisheries, and supporting marine commerce. NOAA's work supports and affects more than one-third of America's gross domestic product, according to the agency.",0.15833333333333333,0.23333333333333336
60,"NOAA previously fired 880 employees on Feb. 27, the majority of which were probationary staff with fewer than two years in their positions. In addition to employees who accepted the ""fork in the road"" buyouts that were offered by the Office of Personnel Management in February, NOAA could potentially see a combined loss of 20% of its staff with this next round of cuts. Before January 2025, NOAA's workforce exceeded 12,000 people worldwide with more than 50% being scientists and engineers.",0.02666666666666666,0.4133333333333334
61,"A key department within NOAA is the National Weather Service, which is responsible for forecasts, issuing severe weather warnings, and providing other key weather-related services that are vital to protecting public safety. That department already lost hundreds of employees due to scheduled retirements, buyouts, and fired probationary workers. Because of some errors in those probationary firings, a select few at three regional offices have been asked to return to work, but it's unclear how many employees at the National Weather Service have been reinstated.",0.03888888888888889,0.4851851851851852
62,Seiji Yamashita and                                                                                     Rob Marciano                          contributed to this report.,0.0,0.0
63,"Tracy J. Wholf is a senior coordinating producer of climate and environmental coverage for CBS News and Stations, based in New York.",0.13636363636363635,0.45454545454545453
64,© 2025 CBS Interactive Inc. All Rights Reserved.,0.0,0.0
65,By                                      Stephanie Wolf,0.0,0.0
66,"March 10, 2025 / 5:00 AM EDT          / KFF Health News",0.0,0.0
67,"Seven years ago, Erica Green learned through a Facebook post that her brother had been shot.",-0.2,0.3
68,"She rushed to check on him at a hospital run by Denver Health, the city's safety-net system, but she was unable to get information from emergency room workers, who complained that she was creating a disturbance.",-0.4,0.35
69,"""I was distraught and outside, crying, and Jerry came out of the front doors,"" she said.",-0.26666666666666666,0.5499999999999999
70,"Jerry Morgan is a familiar face from Green's Denver neighborhood. He had rushed to the hospital after his pager alerted him to the shooting. As a violence prevention professional with the At-Risk Intervention and Mentoring program, or AIM, Morgan supports gun-violence patients and their families at the hospital — as he did the day Green's brother was shot.",0.018750000000000003,0.3
71,"""It made the situation of that traumatic experience so much better. After that, I was, like, I want to do this work,"" Green said.",0.15,0.4
72,"Today, Green works with Morgan as the program manager for AIM, a hospital-linked violence intervention program launched in 2010 as a partnership between Denver Health and the nonprofit Denver Youth Program. It since has expanded to include Children's Hospital Colorado and the University of Colorado Hospital.",-0.2,0.3
73,"AIM is one of dozens of hospital-linked violence intervention programs around the country. The programs aim to uncover the social and economic factors that contributed to someone ending up in the ER with a bullet wound: inadequate housing, job loss, or feeling unsafe in one's neighborhood, for example.",0.11666666666666667,0.13333333333333333
74,"Such programs that take a public health approach to stopping gun violence have had success — one in San Francisco reported a fourfold reduction in violent injury recidivism rates over six years. But President Trump's executive orders calling for the review of the Biden administration's gun policies and trillions of dollars in federal grants and loans have created uncertainty around the programs' long-term federal funding. Some organizers believe their programs will be just fine, but others are looking to shore up alternative funding sources.",-0.016666666666666663,0.4133333333333333
75,"""We've been worried about, if a domino does fall, how is it going to impact us? There's a lot of unknowns,"" said John Torres, associate director for Youth Alive, an Oakland, California-based nonprofit.",0.1,0.4
76,"Federal data shows that gun violence became a leading cause of death among children and young adults at the start of this decade and was tied to more than 48,000 deaths among people of all ages in 2022. New York-based pediatric trauma surgeon Chethan Sathya, a National Institutes of Health-funded firearms injury prevention researcher, believes those statistics show that gun violence can't be ignored as a health care issue. ""It's killing so many people,"" Sathya said.",0.3090909090909091,0.4636363636363636
77,"Research shows that a violent injury puts someone at heightened risk for future ones, and the risk of death goes up significantly by the third violent injury, according to a 2006 study published in The Journal of Trauma: Injury, Infection and Critical Care.",-0.2041666666666667,0.6333333333333333
78,"Benjamin Li, an emergency medicine physician at Denver Health and the health system's AIM medical director, said the ER is an ideal setting to intervene in gun violence by working to reverse-engineer what led to a patient's injuries.",0.45,0.5
79,"""If you are just seeing the person, patching them up, and then sending them right back into the exact same circumstances, we know it's going to lead to them being hurt again,"" Li said. ""It's critical we address the social determinants of health and then try to change the equation.""",0.09484126984126984,0.29623015873015873
80,"That might mean providing alternative solutions to gunshot victims who might otherwise seek retaliation, said Paris Davis, the intervention programs director for Youth Alive.",-0.10625,0.54375
81,"""If that's helping them relocate out of the area, if that's allowing them to gain housing, if that's shifting that energy into education or job or, you know, family therapy, whatever the needs are for that particular case and individual, that is what we provide,"" Davis said.",0.08333333333333333,0.3666666666666667
82,"AIM outreach workers meet gunshot wound victims at their hospital bedsides to have what Morgan, AIM's lead outreach worker, calls a tough, nonjudgmental conversation on how the patients ended up there.",-0.3888888888888889,0.8333333333333334
83,"AIM uses that information to help patients access the resources they need to navigate their biggest challenges after they're discharged, Morgan said. Those challenges can include returning to school or work, or finding housing. AIM outreach workers might also attend court proceedings and assist with transportation to health care appointments.",0.0,0.0
84,"""We try to help in whatever capacity we can, but it's interdependent on whatever the client needs,"" Morgan said.",0.0,0.0
85,"Since 2010, AIM has grown from three full-time outreach workers to nine, and this year opened the REACH Clinic in Denver's Five Points neighborhood. The community-based clinic provides wound-care kits; physical therapy; and behavioral, mental and occupational health care. In the coming months, it plans to add bullet removal to its services. It's part of a growing movement of community-based clinics focused on violent injuries, including the Bullet Related Injury Clinic in St. Louis.",-0.225,0.4357142857142857
86,"Ginny McCarthy, an assistant professor in the Department of Surgery at the University of Colorado, described REACH as an extension of the hospital-based work, providing holistic treatment in a single location and building trust between health care providers and communities of color that have historically experienced racial biases in medical care.",0.24285714285714288,0.37142857142857144
87,"Caught in the Crossfire, created in 1994 and run by Youth Alive in Oakland, is cited as the nation's first hospital-linked violence intervention program and has since inspired others. The Health Alliance for Violence Intervention, a national network initiated by Youth ALIVE to advance public health solutions to gun violence, counted 74 hospital-linked violence intervention programs among its membership as of January.",0.11249999999999999,0.3
88,"The alliance's executive director, Fatimah Loren Dreier, compared medicine's role in addressing gun violence to that of preventing an infectious disease, like cholera. ""That disease spreads if you don't have good sanitation in places where people aggregate,"" she said.",0.7,0.6000000000000001
89,"Dreier, who also serves as executive director of the Kaiser Permanente Center for Gun Violence Research and Education, said medicine identifies and tracks patterns that lead to the spread of a disease or, in this case, the spread of violence.",-0.1,0.1
90,"""That is what health care can do really well to shift society. When we deploy this, we get better outcomes for everybody,"" Dreier said.",0.35,0.35
91,"The alliance, of which AIM is a member, offers technical assistance and training for hospital-linked violence intervention programs and successfully petitioned to make their services eligible for traditional insurance reimbursement.",0.2125,0.45
92,"In 2021, President Joe Biden issued an executive action that opened the door for states to use Medicaid for violence prevention. Several states, including California, New York, and Colorado, have passed legislation establishing a Medicaid benefit for hospital-linked violence intervention programs.",0.07878787878787878,0.18484848484848485
93,"Last summer, then-U.S. Surgeon General Vivek Murthy declared gun violence a public health crisis, and the 2022 Bipartisan Safer Communities Act earmarked $1.4 billion in funding for a wide array of violence-prevention programs through next year.",-0.009999999999999998,0.20666666666666664
94,"But in early February, Mr. Trump issued an executive order instructing the U.S. attorney general to conduct a 30-day review of a number of Biden's policies on gun violence. The White House Office of Gun Violence Prevention now appears to be defunct, and recent moves to freeze federal grants created uncertainty among the gun-violence prevention programs that receive federal funding.",0.037500000000000006,0.2625
95,"AIM receives 30% of its funding from its operating agreement with Denver's Office of Community Violence Solutions, according to Li. The rest is from grants, including Victims of Crime Act funding, through the Department of Justice. As of mid-February, Mr. Trump's executive orders had not affected AIM's current funding.",0.0,0.4
96,"Some who work with the hospital-linked violence prevention programs in Colorado are hoping a new voter-approved firearms and ammunition excise tax in the state, expected to generate about $39 million annually and support victim services, could be a new source of funding. But the tax's revenues aren't expected to fully flow until 2026, and it's not clear how that money will be allocated.",-0.008712121212121221,0.3570707070707071
97,"Trauma surgeon and public health researcher Catherine Velopulos, who is the AIM medical director at the University of Colorado hospital in Aurora, said any interruption in federal funding, even for a few months, would be ""very difficult for us."" But Velopulos said she was reassured by the bipartisan support for the kind of work AIM does.",-0.050000000000000024,0.4133333333333334
98,"""People want to oversimplify the problem and just say, 'If we get rid of guns, it's all going to stop,' or 'It doesn't matter what we do, because they're going to get guns, anyway,'"" she said. ""What we really have to address is why people feel so scared that they have to arm themselves.""",0.2,0.2
99,"KFF Health News is a national newsroom that produces in-depth journalism about health issues and is one of the core operating programs at KFF — the independent source for health policy research, polling, and journalism.",0.0,0.125
100,"KFF Health News, formerly known as Kaiser Health News (KHN), is a national newsroom that produces in-depth journalism about health issues and is part of KFF,  an independent source for health policy research, polling, and journalism.",0.0,0.0625
101,By                                              Aimee Picchi,0.0,0.0
102,Edited By                                              Alain Sherter,0.0,0.0
103,"Updated on:  March 10, 2025 / 10:11 AM EDT          / CBS News",0.0,0.0
104,"The Social Security Administration (SSA) said it is reinstating a plan to recover 100% of overpayments to beneficiaries, a policy the agency abandoned last year after an outcry over cases in which the practice led some Americans to receive shock bills amounting to thousands of dollars.",0.016666666666666666,0.06666666666666667
105,"In a statement, SSA said late Friday that it will increase the default overpayment withholding rate for Social Security recipients to 100% of a person's monthly benefit, the same level that it had in place before last year's reform. The agency is required by law to claw back overpaid benefits.",-0.05333333333333333,0.17166666666666666
106,"Because of public backlash over the 100% recovery policy, the agency last year had capped the withholding rate for someone who had been overpaid at 10% of the person's monthly benefit. On Friday, the SSA said it will start claiming 100% of benefit checks to cover new cases of overpayments, while the withholding rate for people with overpayments before March 27 will remain at 10%, as will the rate for overpayments for Supplemental Security Income, a program for low-income seniors and disabled Americans.",-0.015909090909090914,0.22196969696969698
107,"""People who are overpaid after March 27 will automatically be placed in full recovery at a rate of 100% of the Social Security payment,"" the agency said.",0.19166666666666665,0.30833333333333335
108,"The 100% clawback policy had sparked an outcry after instances in which beneficiaries were hit with surprise bills that demanded repayment within 30 days. In some cases, the bills were for tens of thousands of dollars. If beneficiaries were unable to immediately pay the bill, the agency could dock their entire monthly Social Security payment, leaving some people financially destitute, as reported by ""60 Minutes,"" KFF Health News and other media outlets,",-0.11833333333333333,0.31333333333333335
109,"In many cases, the overpayments were the fault of SSA. A 2022 report by the agency's inspector general found that about 73,000 overpayments that year were due to a lack of ""effective controls over benefit-computation accuracy.""",0.25625,0.54375
110,"In the agency's new statement, SSA Acting Commissioner Lee Dudek said it is the agency's ""duty to revise the overpayment repayment policy back to full withholding.""",0.12159090909090908,0.25113636363636366
111,"He added, ""We have the significant responsibility to be good stewards of the trust funds for the American people.""",0.35833333333333334,0.4916666666666667
112,"Raising the clawback rate to 100% from its current 10% will increase the amount of recovered funds by $7 billion over the next decade, the agency said. SSA pays out about $1.6 trillion in benefits each year.",0.0,0.2
113,"The revised policy will lead to financial hardships for many people faced with Social Security overpayments, according to the National Committee to Protect Social Security & Medicare.",0.14166666666666666,0.15833333333333333
114,"""This action, ostensibly taken to cut costs at SSA, needlessly punishes beneficiaries who receive overpayment notices — usually through no fault of their own,"" a spokesperson for the advocacy group said in a statement. ""Many overpayments are the result of errors on SSA's part.""",0.09,0.5700000000000001
115,"Shannon Benton, executive director of The Senior Citizens League, noted the advocacy group supports the government recouping improper overpayments, but said an immediate 100% cut in benefits would take a toll on older Americans.",0.16666666666666666,0.3333333333333333
116,"""The 'clawback' of payments is especially unfair to seniors who do not have external support to help manage their finances and track their benefits,"" she told CBS MoneyWatch in an email. ""Many beneficiaries may not be aware of an overpayment and could suddenly find themselves without a check.""",-0.05,0.47000000000000003
117,"The reversal comes as the Social Security Administration is undergoing widespread job cuts and a reorganization under the Trump administration. With its staff already at a 50-year low, employees at the agency have told CBS News that the cuts could disrupt or delay services, including customer service delays and longer waits to qualify for some benefits.",0.016666666666666666,0.18333333333333332
118,"While on the campaign trail, President Trump vowed not to touch Social Security, a promise he repeated Sunday on Fox News, although he added that his administration wants to root out ""fraud"" from the benefit system.",0.11666666666666667,0.08333333333333334
119,"""I'm not going to touch Social Security, Medicare, Medicaid. Now, we're going to get fraud out of there,"" he said. ""We have people 250 years old and all, you know, tremendous fraud,"" he added, referring to a false claim that people who are beyond the human lifespan are receiving benefits.""",0.013333333333333319,0.39333333333333337
120,"The cuts to Social Security's workforce could mean that more beneficiaries are subject to overpayment errors, the National Committee to Protect Social Security & Medicare said in the statement.",0.017499999999999998,0.3308333333333333
121,"""Trump's SSA also is closing field offices across the country, meaning beneficiaries will have to wait longer and possibly travel farther to resolve their overpayment cases,"" the group said.",0.0,1.0
122,"Aimee Picchi is the associate managing editor for CBS MoneyWatch, where she covers business and personal finance. She previously worked at Bloomberg News and has written for national news outlets including USA Today and Consumer Reports.",-0.08333333333333333,0.23333333333333334
123,© 2025 CBS Interactive Inc. All Rights Reserved.,0.0,0.0
124,"By                                              Scott Pelley,                                                     Aliza Chasan,                                             Maria Gavrilovic, Alex Ortiz",0.0,0.0
125,"March 9, 2025 / 7:00 PM EDT          / CBS News",0.0,0.0
126,"Hampton Dellinger, the fired head of the Office of Special Counsel, warns that President Trump's ouster of independent watchdog agencies and offices threatens government oversight.",0.17857142857142858,0.3482142857142857
127,"Dellinger was head of the Office of Special Counsel, which handled federal employee complaints and government whistleblowers, until he was fired in February. In addition to Dellinger, Trump also removed the director of the Office of Government Ethics, the independent agency responsible for overseeing ethics rules and financial disclosures for the executive branch, and 17 inspectors general, auditors appointed to root out abuses of power, waste and mismanagement.",0.06785714285714287,0.2910714285714286
128,"""I don't think we have watchdog agencies anymore. The inspector generals are gone. The head of the Office of Government Ethics is gone. I'm gone,"" Dellinger said. ""The independent watchdogs who are working on behalf of the American taxpayers, on behalf of military veterans, they've been pushed out.""",-0.03333333333333333,0.075
129,"After the Watergate scandal under President Nixon, Congress set up a system to audit the executive branch and ensure the rights of federal workers. Congress has guarded watchdog independence from politics so that no president can use these powerful auditors to punish enemies or hide their own fiascos.",0.4333333333333333,0.8666666666666667
130,"President Trump told reporters on Air Force One in January that firing the watchdogs is ""a very standard thing to do."" But, no president has fired the heads of the watchdog offices, en masse, in 44 years. In 1981, when the offices were brand new, then President Ronald Reagan fired all 15 watchdogs then serving because he wanted the ""fullest confidence"" in each inspector general. After congressional pushback, he rehired a third of them.",0.04659090909090909,0.23863636363636365
131,At the Office of Special Counsel — which has no relation to the Department of Justice office of the same name that prosecuted President Trump — federal employees across nearly all executive branch agencies could go to Dellinger to report problems if they feared reporting the issues to their supervisors would result in retaliation.,0.1523809523809524,0.3654761904761905
132,"""And that was a decision not by me, but by Congress, that employees in the executive branch who are seeing something going wrong inside of an agency need a safe place to go that's still in the executive branch but that is outside of the agency,"" Dellinger said.",0.0,0.48333333333333334
133,It works. A recent government report said whistleblowers helped the Office of the Special Counsel find $110 million that was owed to veterans and uncovered the overprescription of opioids at a VA clinic.,0.17857142857142858,0.4107142857142857
134,"Dellinger, a Democrat, was appointed by former President Joe Biden and confirmed by the Senate, but he said his role was non partisan. He says he filed cases against the Biden administration ""time, and time, and time again.""",0.2,0.5
135,"The 17 inspectors general fired by Mr. Trump just four days into his term were auditors of top departments, including defense, veterans affairs, and labor. The inspector general of the foreign aid agency, U.S. Agency for International Development, Paul Martin was fired two weeks later.",0.07916666666666668,0.2708333333333333
136,"Martin, who policed billions in foreign aid spending, issued a report saying emergency aid stopped moving during the chaos of the mass firings at USAID. His report warned that half a billion dollars in food aid might spoil or be stolen. Martin was fired the next day.",-0.09722222222222221,0.09722222222222221
137,Martin had worked in various inspector general offices for more than two decades. He was an inspector general during Mr. Trump's first term and stayed on at the government under Biden. Martin said the firings aren't business as usual with a new president in the White House.,0.09204545454545456,0.3797348484848485
138,"""He may bring his own team in, but there's been an agreement between Congress and administrations over the last 45 years that inspector generals are different,"" Martin said. ""They're chosen to be apolitical, nonpartisan oversight officials in each government agency. And that has been respected from administration to administration.""",0.19999999999999998,0.5555555555555555
139,"Federal law requires a president to give Congress 30 days notice before removing an inspector general and provide a ""substantive rationale, including detailed and case-specific reasons"" for the termination. Removing the head of the Office of Special Counsel also requires a reason for termination.",0.26904761904761904,0.6071428571428571
140,"Dellinger, whose term was supposed to run into 2029, learned he'd been fired via email.",0.0,0.0
141,"""And, of course, that email is just flatly inconsistent with the law, which says I can only be terminated for a very good reason. They didn't have a very good reason. They had no reason,"" he said.",0.44875,0.6712500000000001
142,So Dellinger sued to keep his job.,0.0,0.0
143,"""I think every American respects the presidency. But I knew that this order, this directive, was unlawful. And ultimately we are a nation of laws,"" he said.",0.0,0.5
144,"The Trump administration had argued in court that it needed to ""put an end to Dellinger's rogue use of executive authority over the president's objections.""",0.0,0.0
145,"Last week, Dellinger gave up his legal fight after an order from an appeals court removed him. He said that taking his fight to the Supreme Court would take months or a year—and by then his whistleblower office would be devastated.",0.1,0.13333333333333333
146,"Cathy Harris is on the federal board that hears the appeals of fired federal employees — the very people the Trump administration has been laying off by the tens of thousands. If she left, their avenue of appeal could be blocked, at least temporarily. She was also fired by the Trump administration, though she was reinstated by a judge earlier this month and is back at work, though she was another court hearing scheduled for this week. Harris said she was not given a reason for her firing.",-0.019999999999999997,0.24
147,"""I swore an oath to the Constitution when I took this job that I would fulfill my term through March 2028. And I believe very deeply in the civil service and in public service,"" Harris said. ""And I just couldn't look myself in the mirror and walk away from this. I'm here to fight.""",0.0,0.29333333333333333
148,"To David Kligerman, who represents whistleblowers for the nonprofit group Whistleblower Aid — which represented a client in the first Trump impeachment — the White House's actions feel like an intentional dismantling of independent oversight. Kligerman calls firing Dellinger and inspectors general ""removing the umpires.""",0.07500000000000001,0.23958333333333331
149,"""If you can't go to the special counsel or they effectively neuter it, then there's nowhere for you to go,"" Kligerman said. ""This is a very, very big deal.""",0.319047619047619,0.5004761904761904
150,"Harris hears complaints from fired workers often after receiving them from the Office of Special Counsel, where Dellinger worked. In his final days on the job, Dellinger worked to restore the employment of workers who, he says, were illegally fired.",-0.047619047619047616,0.6904761904761904
151,"The firings lead to a loss of talent, experience, and integrity in the government, Dellinger said. Losses aside, he's concerned that the mass firings aren't being done in accordance with the law.",0.0,0.0
152,"In February, Dellinger investigated the firing of more than 5,000 probationary employees at the Agriculture Department. He asked for a pause of the terminations on the grounds that the firings were unlawful and recommended that Harris's board consider the case. The board temporarily reinstated the workers the following week. The Trump administration asked an appeals court to remove Dellinger from office the next day, and are fighting in court to remove Harris.",0.16666666666666666,0.19999999999999998
153,"""But you've got to be able to be in this job and do what it takes to uphold the law and not be afraid,"" Harris said. ""Not be afraid you're going to be fired at any moment if you make a decision that somebody doesn't like.""",-0.2333333333333333,0.8083333333333332
154,"Dellinger says it's important the Office of the Special Counsel and other oversight agencies and offices remain independent, but he fears they won't.",0.15803571428571428,0.5178571428571428
155,"""Going forward, you're always going to have now a person in my position who's going to be dependent on the president's good graces,"" Dellinger said. ""That is not how Congress set up the position, that's not how it's been for the past 50 years. But that independence, that protection is gone.""",0.22499999999999998,0.42500000000000004
156,"While the majority-Republican Congress has largely backed Mr. Trump's agenda, Paul Martin, the fired inspector general, said it's unclear why Congress is not speaking up for independent oversight.",0.0880952380952381,0.3511904761904762
157,"""Congress created the inspector generals and relied on, for the past 45 years, their findings, and their audits, and investigations to conduct aggressive oversight of any administration's programs,"" Martin said. ""Since the firing of the inspector generals, there has been a deafening silence in Congress as far as pushing back.""",-0.049999999999999996,0.4166666666666667
158,"He worries that independence lost, might never be regained.",0.0,0.0
159,"""I'm afraid that we've moved on to an era in which every administration will come in and assume that they're going to replace all the inspector generals with people of their choice, that the secretary of treasury or the attorney general will get to pick his or her inspector general,"" Martin said. ""And that will turn the independent IG system on its head.""",-0.12499999999999997,0.50625
160,"Scott Pelley, one of the most experienced and awarded journalists today, has been reporting stories for 60 Minutes since 2004. The 2024-25 season is his 21st on the broadcast. Scott has won half of all major awards earned by 60 Minutes during his tenure at the venerable CBS newsmagazine.",0.23916666666666667,0.4133333333333333
161,© 2025 CBS Interactive Inc. All Rights Reserved.,0.0,0.0
162,"December 1, 2024 / 1:58 AM EST          / CBS News",0.0,0.0
163,"Cayley Mandadi, 19, was a typical Texas teenager navigating life through school, sports and boys. Friends say she had a big heart and was ""full of love."" Her mother says Cayley was a happy person who was trusting, warm and always smiling.",0.34722222222222227,0.5583333333333333
164,"Mandadi was a sophomore studying communications at Trinity University, a small liberal arts college in San Antonio, Texas. In the fall of 2017, friends say Mandadi finally felt like she was fitting in at school. She joined a sorority and was a member of the Trinity cheerleading team.",0.08333333333333333,0.6333333333333333
165,"Mandadi dated Trinity student and football player Jett Birchum her freshman year. But the relationship was on again, off again.",0.0,0.0
166,"There was another man in  Mandadi's life – 22-year-old Mark Howerton. Growing up, Howerton had been a star high school baseball player. Howerton was not a student at Trinity, but often visited his friends on campus. That's how he met Mandadi. By October 2017 their friendship turned into a romantic relationship.",0.08,0.52
167,"Howerton and  Mandadi's relationship quickly turned rocky. According to campus police, a few weeks before her death, Howerton tore apart Mandadi's dorm room. After having an argument, Howerton reportedly threw her clothes in the trees, cracked a sliding glass door and later smashed her laptop. The Trinity University Police Department was called to the scene and Howerton was banned from campus.",0.04444444444444443,0.19999999999999998
168,"The last weekend of October 2017 Mandadi and  Howerton attended the Mala Luna Music Festival in San Antonio. The couple took MDMA, a drug known as Molly or ecstasy. This photo was taken at the music festival.",0.0,0.06666666666666667
169,"According to Howerton, on Sunday, Oct. 29, 2017, the couple left Mala Luna sometime after 4 p.m. They got in an argument after seeing Mandadi's ex-boyfriend, Jett Birchum, at the festival.",0.0,0.0
170,"Howerton said they continued to argue in the car, but eventually stopped at a parking lot to have ""rough"" make-up sex. Howerton would later tell police that sometime after having sex, Mandadi stopped breathing. At some point he brought her to the emergency room.",-0.05,0.2
171,"When Howerton arrived at the emergency room,  Mandadi was in the passenger seat of his car, nearly naked and unconscious. A paramedic testified that she saw ""multiple bruises"" on Mandadi's legs and immediately started CPR.",0.0,0.2
172,"While doctors tried to save Mandadi's life, officers on the scene interviewed Mark Howerton about what happened that night. They took this photo of his hands,",0.0,0.0
173,"Three months after Mandadi's death, her autopsy report was released. It showed that she died from blunt force trauma to the face and head, and labeled her death a homicide. Several weeks later, Howerton was arrested and charged with murder and sexual assault. He pleaded not guilty and was released on bail.",0.1875,0.45833333333333337
174,"In December 2019, Howerton went on trial in San Antonio for the murder of Mandadi.",0.0,0.0
175,"""This is a case where, there's more than meets the eye and things aren't what they seem,"" John Hunter, Howerton's defense attorney, told ""48 Hours.""",0.5,0.5
176,"During the trial, Birchum, told the jury what he witnessed at the Mala Luna Music Festival. He testified that he saw Howerton and Mandadi ""having an intense conversation"" and Mandadi ""trying to create space"" and ""get away."" He said he then witnessed Howerton, ""reach out his right arm and hook it around her shoulder and pull her in closer. And then turn and walk away.""",0.24285714285714285,0.7678571428571428
177,"During cross-examination, Hunter grilled Birchum about what he says he saw that day. Birchum originally told police that he saw Howerton pick Mandadi up and put her in his car as they were leaving the festival. On the stand, Birchum admitted to misleading police about this, testifying that he didn't actually see Howerton put Mandadi in his car.",0.1875,0.425
178,"The defense presents a different theory of how Mandadi sustained her injuries that day. They argue Mandadi's bruises were at the hands of the medical staff and not Howerton. They say the cause was from the organ donation process and when medical professionals desperately tried to revive Mandadi seven times, they broke one of her ribs and bruised her body.",-0.15,0.4
179,"After 10 hours of deliberations over two days, the jury notified the judge that they were unable to come to a decision. A mistrial was declared.",-0.5,0.5
180,"While prosecutors planned to retry Howerton, Cayley's mother Alison Steele (pictured) and stepfather Lawrence Baitland decided the jury needed more information about what happened inside Howerton's car.",0.5,0.5
181,Steele and Baitland focused on an autopsy photo showing a bruise in the shape of a small dot above Cayley's right ear and another larger bruise above Cayley's left ear.,0.0059523809523809494,0.2726190476190476
182,"Steele says they believe Cayley's fatal injury took place when Howerton ""reached from his driver's seat, hit her in the left ear and drove her head into the window and onto the lock button of the car.""",0.0,0.0
183,"Steele and Baitland went to a used car lot where Steele posed in a car like the Mercedes Howerton drove the night Cayley was killed. This is one of the many photos Baitland took of Steele posing in the car. He told ""48 Hours"" he ""photographed her head in different positions while … holding the autopsy images, trying to see if they match up with the door and it's a near perfect match.""",0.27999999999999997,0.5
184,"Emboldened by the photos he took, Lawrence Baitland, a NASA engineer, constructed a 3D model of  Mandadi's head. He layered in photos of Cayley and the autopsy photo showing that dot above Cayley's right ear.",0.14285714285714285,0.31785714285714284
185,"""So this gave me the confidence to go to the next step, which was to seek out the killer's car,"" Baitland said.",0.0,0.0
186,Bailtland tracked down Howerton's Mercedes. He convinced the owner to sell him the car.,-0.15555555555555559,0.2888888888888889
187,Baitland and Steele then hired a private investigator who produced a reenactment video of what they believe happened in the car with actors similar in size to Mandadi and Howerton. This is a still frame of that video.,0.0,0.3875
188,Howerton is seen attending court at the start of his second trial in May of 2023.,0.0,0.0
189,"The prosecution decided not to enter Steele and Baitland's reenactment video into evidence, concerned that the defense cross-examination about it might undermine the case.",0.0,0.0
190,"The jury did not find Howerton guilty of murder, but rather aggravated assault causing serious bodily injury. He was sentenced to the maximum 20 years in prison. He is eligible for parole in May of 2033",-0.27777777777777773,0.5888888888888889
191,"Alison Steele turned her grief into action. In September 2019, she was able to get the CLEAR Alert Bill passed. Now in the state of Texas when someone between the ages of 18-64 goes missing, an emergency text will go out to the community. Steele wants                   ""Cayley's story to be used to help other people.""",-0.03214285714285715,0.2619047619047619
192,"Taylor Clement will never forget her best friend. She told ""48 Hours"" that she had always planned to have Mandadi as her maid of honor in her wedding someday, and the godmother to her future children. She said this photo of them ""smiling at prom is [her] absolute favorite.""",0.425,0.58125
193,"December 3, 2024 / 1:36 PM EST          / CBS News",0.0,0.0
194,"The seesaw marriage between the former ballerina and her much older husband only lasted four years, until she shot him on Sept. 27, 2020.",0.05555555555555555,0.4444444444444444
195,Ashley Byers met Doug Benefield at a dinner in Florida in August 2016 and sparks flew immediately. Ashley was 24 and a former ballerina and swimsuit model.,0.0,0.0
196,"Doug was 54 and worked as a consultant for technology companies and government contractors. The couple married 13 days later in his hometown of Charleston, South Carolina, in front of very few guests",-0.003333333333333336,0.12666666666666668
197,"Doug didn't tell Eva, his 15-year-old daughter from his previous marriage., that he and Ashley had married. Eva's mother Renee had died of an undiagnosed heart ailment nine months earlier.",0.02777777777777778,0.3055555555555555
198,"Ashley struggled to get along with Eva, right, and her friend, Sydney, who moved in with the family.",0.2857142857142857,0.5357142857142857
199,"During an argument with Ashley about Eva, Doug fired his gun into the kitchen ceiling.",0.0,0.0
200,But Doug continued to support Ashley in her dream of building a ballet company in Charleston. The American National Ballet would be a more inclusive home to dancers who were considered unconventional.,0.25,0.25
201,"While they were building the ballet company, Ashley became pregnant. She began to suffer from nausea and returned to Florida so her mother could take care of her.",0.3333333333333333,0.5
202,"A month later, in September 2017, Ashley and her mother returned to Charleston. She packed up her belongings and left a scathing note. Ashley called Doug ""possessive"" and ""controlling."" She wrote that the incident when Doug had fired a gun into the ceiling as well as other unsafe behavior had left her fearful for her life and the safety of her unborn child.",-0.2708333333333333,0.3958333333333333
203,"In October, Ashley left the ballet company and new leadership fired half of the dancers. Ashley posted on the ballet's social media pages that she was devastated, and that the new leadership destroyed all that they worked so hard to build.",-0.025378787878787886,0.2806818181818182
204,Ashley then told authorities about the gun incident. Child Protective Services investigated and interviewed Eva. Doug was evaluated by a psychologist and ultimately cleared.,0.0,1.0
205,"Ashley also claimed Doug poisoned her and his first wife, Renee. Renee's autopsy says she died of coronary artery sclerosis, a heart condition.",0.25,0.3333333333333333
206,"Ashley had no contact with Doug for the rest of her pregnancy despite his pleas to be involved. In March 2018, three weeks before her due date, she checked into the hospital and said her husband had poisoned her. Doctors performed a C-section and delivered a healthy baby girl. Doug didn't know she'd been born.",0.1875,0.4375
207,"After Ashley filed court documents to keep Doug away from her and their daughter, a judge weighed in on the case. She found ""There is not a single scintilla of credible evidence that Ms. Benefield has ever been poisoned or suffered from any illness of any poison.""",0.21785714285714286,0.45714285714285713
208,Doug and Ashley began sharing custody of their daughter when she was 6 months old.,0.1,0.2
209,"Doug and Ashley appeared to put their differences behind them, and reconciled for much of 2019. The two spent time together with their daughter",-0.10000000000000002,0.3333333333333333
210,"In August 2019, Ashley showed up to drop off their daughter; she was wearing what Doug thought was an engagement ring. Doug hired a private investigator, who said Ashley was seeing someone else. Doug filed for divorce. Ashley then accused him of physically and sexually abusing their daughter.  Doug denied the allegations and CPS found no evidence of abuse.",0.16666666666666666,0.4503968253968254
211,"In the summer of 2020, Ashley and Doug suddenly reconciled again and announced they were moving to Maryland with their daughter and Ashley's mother. On September 27, 2020, Doug was packing a U-Haul with the family's possessions.",0.0,0.5
212,That night a neighbor called 911 to report a shooting at the home. Ashley had walked to his house holding a .45 caliber gun and said Doug had attacked her and she shot him. Doug died an hour later at a local hospital.,0.0,0.0
213,"Ashley was arrested on Nov. 4, 2020 and charged with second-degree murder. She pleaded not guilty and posted bond a few weeks later.",0.016666666666666663,0.3666666666666667
214,"On July 30, 2024, Ashley Benefield was found guilty of manslaughter with a firearm in the shooting death of her estranged husband Doug Benefield.",-0.5,1.0
215,"On Dec. 3, 2024, Ashley Benefield was sentenced to 20 years in prison, to be followed by 10 years of probation.",0.0,0.0
216,By                                              Kerry Breen,0.0,0.0
217,Edited By                                              Lucia Suarez Sang,0.0,0.0
218,"Updated on:  March 9, 2025 / 6:01 PM EDT          / CBS News",0.0,0.0
219,"When Maranda Nyborg started feeling under the weather, she didn't think anything of it. It was October, and she usually caught something as the seasons changed.",-0.25,0.25
220,"Nyborg, a Division I student athlete at Fordham University, was focused on her junior year and the 2022-2023 basketball season. After a few days of minor symptoms, she stopped at the college's health center. A strep test came back positive, and Nyborg was prescribed antibiotics. She started taking the medication, assuming her sore throat and mild discomfort would go away soon. She tried to push through the pain, attending classes and team practices.",0.0351010101010101,0.24090909090909088
221,"Despite the antibiotics, Nyborg wasn't getting better. She was throwing up the pills, and there was a constant cramping pain in her left shoulder blade that she thought might be dehydration. One night, everything escalated: She had a fever that wasn't going down, and she was in a lot of pain, with numbness and tingling on her left arm.",0.06888888888888889,0.22444444444444445
222,"""I knew that something wasn't right,"" Nyborg told CBS News.",0.2857142857142857,0.5357142857142857
223,"Nyborg called one of her basketball coaches and the pair went to New York Presbyterian's emergency room. Nyborg underwent several tests and tried multiple pain medications, but ""nothing was really working,"" she said.",0.08409090909090909,0.16363636363636364
224,"Finally, Nyborg was taken for an MRI. The scan found a dangerous abscess on her spinal cord.",-0.3,0.95
225,"Nyborg had developed a spinal epidural abscess, according to Dr. Andrew Chan, a neurological spine surgeon and the director of neurological spine research at Och Spine at NewYork-Presbyterian. A spinal epidural abscess is an infection that can push on the spinal cord and cause the weakness and numbness Nyborg had been experiencing.",0.1,0.3
226,"Chan, who was called to operate on Nyborg as soon as she was diagnosed, said developing such an abscess from a case of strep throat is incredibly rare. The abscess develops when normal bacteria from the mouth — in Nyborg's case, a form of bacteria called Fusobacterium necrophorum — travel into the bloodstream and enter the sterile area around the spinal cord. There have only been a few incidents of infection with this specific bacteria, Chan said, including Nyborg's.",0.04166666666666666,0.5458333333333333
227,"Such abscesses are more common in people who are immunocompromised, Chan said, but an illness can also create an opportunity for bacteria to attack otherwise healthy patients.",0.175,0.5
228,"It's a dangerous condition, Chan said, and it can cause neurological damage, stroke and even paralysis if left untreated. Nyborg said that Chan told her about these risks when she was diagnosed.",-0.3,0.45
229,"""That was really scary to hear, and I was really thankful for him and the rest of the team to be able to notice that and get me the care as soon as possible, and just kind of, like understanding the severity of it,"" Nyborg said. ""I was just in a ton of pain, so I was honestly ready for them to do anything they could.""",0.16666666666666666,0.7041666666666666
230,"Typically, spinal abscesses are decompressed with a surgery called a laminectomy. During this procedure, surgeons typically remove both sides of the lamina, or the back part of a vertebra. Lamina and the associated bones and ligaments provide support for the spine and protect the spinal cord. A complete laminectomy might leave a person with less neck strength and stability after the procedure.",-0.07999999999999999,0.29333333333333333
231,"Chan feared that procedure would make it hard for Nyborg to continue her basketball career, which she said was a ""huge part of her life."" Maintaining neck strength and stability was key so Nyborg could return to ""jumping, shooting, rebounding, playing defense"" and more once she recovered.",0.15208333333333335,0.7354166666666666
232,"Chan was able to perform a modified procedure called a hemi-laminectomy, which only affects one side of the lamina and preserved the ligaments at the bottom of her neck. It would give Nyborg more of that strength and stability, in addition to being a less invasive operation with a shorter recovery time.",0.20833333333333334,0.5479166666666667
233,"The short operation went well with no complications, Chan said.",0.0,0.3
234,"Nyborg said she woke up the day after her surgery ""in a lot of pain,"" but eager to begin physical therapy. That process started right away. She had a simple goal: To use a walker to walk down the hospital hallway. Nyborg needed help to get out of bed, and struggled with every step. It was a ""huge adjustment"" from the athlete she had been just days before, she said.",0.10603174603174603,0.44492063492063494
235,"""When I was getting taken into surgery, I was just ready to get it over with,"" Nyborg said. ""But the next day, I realized that my season was going to be done, and that a lot of things will look different for me in the next coming months. That was definitely a lot to take in.""",0.04,0.32
236,"After being released from the hospital, Nyborg spent a few days recuperating at home before returning to school. She had gotten sick in the middle of the semester, and wanted to catch up on her classes. She also began collaborating with Chan and an athletic trainer on a physical therapy regimen that could get her back on the court.",-0.16904761904761903,0.19999999999999998
237,"Three months after the surgery, Nyborg could resume going to the gym and lifting weights. After another three months, she could participate in basketball drills, practicing skills like dribbling and shooting. After yet another three months, she was cleared to return to competitive basketball, just in time for the 2023-2024 season.",0.0,0.0
238,"Nyborn graduated from Fordham in spring 2024 and enrolled at Bryant University in Rhode Island for a graduate degree. She has two years of extra eligibility in the NCAA because her freshman year was interrupted by the coronavirus pandemic and her junior season was stalled by the surgery. In the 2024-2025 season, she played for Bryant University in dozens of games and scored 19 points, according to school statistics. Next year will be her final time on the court.",0.0,0.3666666666666667
239,"""I've been able to play with no back pain, no complications from the surgery, which has been great,"" Nyborg said. ""It's been great to play without any pain and return to life as normal.""",0.45,0.5549999999999999
240,"Kerry Breen is a news editor at CBSNews.com. A graduate of New York University's Arthur L. Carter School of Journalism, she previously worked at NBC News' TODAY Digital. She covers current events, breaking news and issues including substance use.",-0.007575757575757576,0.2553030303030303
241,© 2025 CBS Interactive Inc. All Rights Reserved.,0.0,0.0
242,"Updated on:  March 10, 2025 / 12:01 PM EDT          / CBS/AP",0.0,0.0
243,"A U.S.-flagged tanker carrying jet fuel was struck by a cargo ship in the North Sea off the coast of eastern England on Monday, triggering multiple explosions and setting both vessels on fire, officials said. An English port boss said he had been told there was ""a massive fireball"" following the collision.",0.0,0.275
244,"A local lawmaker, Graham Stuart, said he had been told by the transport secretary that 37 crew members were aboard the two ships, and one was hospitalized.",0.0,0.0
245,"""The other 36 mariners across both crews are safe and accounted for,"" he said.",0.1875,0.4375
246,"Martyn Boyers, chief executive of the Port of Grimsby East, said he was told about the fireball following the collision.",0.0,0.1
247,"""It's too far out for us to see — about 10 miles — but we have seen the vessels bringing them in,"" he said. ""They must have sent a mayday out. Luckily there was a crew transfer vessel out there already. Since then, there has been a flotilla of ambulances to pick up anyone they can find.""",0.21666666666666667,0.9166666666666667
248,"Crowley Maritime, which operates the U.S.-flagged chemical and oil products carrier MV Stena Immaculate, said the tanker was anchored in the North Sea on Monday morning when it was struck by the Portugal-flagged container ship Solong, the company said in a statement.",0.0,0.0
249,"A cargo tank containing jet fuel ruptured, leaking fuel and a fire broke out, Crowley said.",0.0,0.0
250,"""The Stena Immaculate crew abandoned the vessel following multiple explosions onboard,"" Crowley said. ""All Crowley mariners are safe and fully accounted for.""",0.16666666666666666,0.19999999999999998
251,Stena Bulk CEO Erik Hanell told BBC News that the crew consisted of more than 20 people.,0.5,0.5
252,"Britain's Maritime and Coastguard Agency said several lifeboats and a coast guard rescue helicopter were dispatched to the scene in the North Sea, along with a coast guard plane and nearby vessels with firefighting capability.",0.0,0.0
253,"The Royal National Lifeboat Institution said ""there were reports that a number of people had abandoned the vessels following a collision and there were fires on both ships."" It said three lifeboats were working on search and rescue at the scene alongside the coast guard.",0.0,0.1
254,Video footage aired by BBC News and apparently filmed from a nearby vessel showed thick black smoke pouring from both ships.,-0.07916666666666666,0.4895833333333333
255,"MV Stena Immaculate was at anchor at the time after sailing from Greece, according to ship-tracking site VesselFinder. The Solong was sailing from Grangemouth in Scotland to Rotterdam in the Netherlands.",0.0,0.0
256,"According to the BBC, MV Stena Immaculate was en route from Agio Theodoroi in Greece to Killingholme in the U.K. It is one of just 10 oil tankers enlisted in a U.S. government program designed to supply the armed forces with fuel during times of armed conflict or national emergency, the BBC reported.",0.0,0.0
257,"The coast guard agency said the alarm was raised at 9:48 a.m. local time. The site of the collision is off the coast of Hull, about 155 miles north of London.",0.0,0.0
258,"© 2025 CBS Interactive Inc. All Rights Reserved. This material may not be published, broadcast, rewritten, or redistributed. The Associated Press contributed to this report.",0.0,0.0
259,By                                      Charlie De Mar,0.0,0.0
260,"March 7, 2025 / 9:09 PM EST          / CBS News",0.0,0.0
261,"Chicago — Medical researchers in Chicago are studying the difference between a person's chronological age — how many years they've lived — and their biological age, how old their body actually is.",0.12,0.15999999999999998
262,"""We are in a place where the biology of aging has been demystified,"" said Dr. Douglas Vaughan, director of the Potocsnak Longevity Institute at the Northwestern University Feinberg School of Medicine in Chicago, and the head of the study. ""...If we can slow down aging, just a little bit, we can push back the onset of disease, and we can give people a longer health span.""",-0.1607638888888889,0.2972222222222222
263,"The foundation of Vaughan's research came from a small Amish community in Indiana, where he found that a genetic variation in about 10% of the population allows them to live, on average, a decade longer than those in their community.",-0.08787878787878789,0.43333333333333335
264,"""They can teach us a lot about what's required for healthy aging to take place,"" Vaughan said.",0.5,0.5
265,"That work has evolved into an international examination of aging Vaughan leads at the Longevity Institute.   ""As you get older, you want to know, like, am I going stay sharp,"" Vaughan said.   The Longevity Institute was established in 2022. Study participants undergo a one-time visit that lasts anywhere from 60 minutes to 3 hours, with follow-ups to provide updates on their health status.",0.013888888888888886,0.3611111111111111
266,"""Being able to be a representative from minority community is really important because I wanna know, how does this information measure up to people like me?"" study participant Kalinda Marshall said.    The researchers use a series of tests to calculate biological age, including a scan of the retina and an analysis of participants' physical movement.",0.3,0.5892857142857143
267,They also measure body mass in a machine called a Bod Pod. They do an electrocardiogram for heart function. They then use artificial intelligence to scour the mountain of data to come up with a number for a participant's biological age.,-0.6,1.0
268,"""Artificial intelligence gives us the opportunity to find patterns in the data that we can't find with our eyes, that we can't detect with a human brain,"" said Dr. Josh Cheema, a cardiologist with Northwestern Medicine involved in the project.",-0.3,0.55
269,"The work has a special focus on people in marginalized communities and those living with long-term medical problems.    ""We are really interested in finding out ways to slow down aging in people that are disadvantaged,"" Vaughan said.",0.030317460317460316,0.3520634920634921
270,"A network of similar labs conducting the same research on three other continents is in the works, and there are already signs of progress. In trials, pills that mimic the genetic variation that helps Amish live longer has done the same thing for mice.",0.002272727272727271,0.305
271,"Says Vaughan, ""So, theoretically, we could bring this Amish advantage to everybody.""",0.0,0.1
272,Charlie De Mar is an Emmy Award-winning reporter for CBS2.,0.0,0.0
273,© 2025 CBS Interactive Inc. All Rights Reserved.,0.0,0.0
274,By                                              William Harwood,0.0,0.0
275,"March 7, 2025 / 11:29 AM EST          / CBS News",0.0,0.0
276,"A dramatic photograph from Intuitive Machines' Athena moon lander shows it touched down Thursday in a crater near the lunar south pole and tipped over on its side. Given a low sun angle and the orientation of the lander's solar cells, the spacecraft's battery quickly drained, bringing the mission to an early end, company officials said Friday",-0.009259259259259267,0.3981481481481481
277,"""Images downlinked from Athena on the lunar surface confirmed that Athena was on her side,"" the company said on its website.",0.4,1.0
278,"""After landing, mission controllers were able to accelerate several program and payload milestones, including NASA's PRIME-1 (drill) suite, before the lander's batteries depleted,"" the statement continued. ""With the direction of the sun, the orientation of the solar panels, and extreme cold temperatures in the crater, Intuitive Machines does not expect Athena to recharge. The mission has concluded and teams are continuing to assess the data collected throughout the mission.""",-0.056249999999999994,0.65625
279,"Launched Feb. 26 atop a SpaceX Falcon 9 rocket, the Athena lander carried 10 science instruments and technology demonstrations funded by a NASA program that pays commercial spacecraft operators to deliver the agency's payloads to the moon. The goal is to collect data needed before astronauts return to the moon in the 2027-28 timeframe.",0.0,0.0
280,"In this case, NASA agreed to pay Intuitive Machines $62.5 million to deliver a drill and a mass spectrometer, known as Prime-1, to the moon. NASA's ""tipping point"" technology development program paid $15 million for Nokia cellular communications equipment and another $41 million to help finance an innovative rocket-powered ""hopper"" designed to jump into and out of a permanently shadowed crater in search of ice.",0.5,1.0
281,"Athena performed flawlessly from launch to lunar orbit and most of the way to the lunar surface. But shortly before touchdown, the lander's autonomous guidance and navigation system began steering to one side, presumably to avoid boulders or some other hazard on the surface, and ended up coming down in a crater some 820 feet from the intended target.",0.2699074074074074,0.5273148148148148
282,"The spacecraft may have tipped over after hitting the ground at an angle or due to some residual sideways motion. Intuitive didn't address the final seconds of the landing, but said that even resting on its side, Athena remained functional, acknowledging commands from the ground, downlinking data and attempting to recharge its batteries. But it was not enough.",-0.041666666666666664,0.625
283,"""This southern pole region is lit by harsh sun angles and limited direct communication with the Earth,"" Intuitive Machines said on its web page. ""This area has been avoided due to its rugged terrain and Intuitive Machines believes the insights and achievements from IM-2 will open this region for further space exploration.""",-0.04234693877551021,0.3739795918367347
284,"The landing mishap was the second such disappointment for Intuitive Machines. The company's first moon lander, named Odysseus, touched down on the moon last year, but it hit the surface harder than expected and a landing leg failed. The vehicle ended up on its side and unable to complete its mission.",-0.14595959595959596,0.2898989898989899
285,"Athena's arrival was preceded by the successful touchdown of a commercial lander built by Austin, Texas-based Firefly Aerospace that also carried NASA-sponsored payloads to the surface. That spacecraft, known as Blue Ghost, landed Sunday in a different region of the moon with much more forgiving terrain.",0.25,0.43
286,"A third privately-built lander, this one from Tokyo-based ispace, was launched atop the same Falcon 9 that boosted Blue Ghost into space. The Japanese Resilience lander is taking a longer, low-energy route to the moon and is expected to land in June.",-0.02,0.125
287,"Bill Harwood has been covering the U.S. space program full-time since 1984, first as Cape Canaveral bureau chief for United Press International and now as a consultant for CBS News.",0.125,0.16666666666666666
288,© 2025 CBS Interactive Inc. All Rights Reserved.,0.0,0.0
289,By                                              Haley Ott,0.0,0.0
290,"March 10, 2025 / 11:08 AM EDT          / CBS News",0.0,0.0
291,"Facing President Trump's repeated assertions that Greenland should be brought under U.S. control, the island's Prime Minister Mute Egede said that Mr. Trump was, ""very unpredictable, in such a way that people feel insecure"" as global power dynamics shift.",-0.17916666666666667,0.59375
292,"Egede's interview with Denmark's public broadcaster, DR, was published Monday, one day before voters on the vast but sparsely populated island go to the polls for an election that is under increasing scrutiny due to Mr. Trump's rhetoric.",-0.041666666666666664,0.48055555555555557
293,"Greenland is a semi-autonomous territory of Denmark, with its own parliament, and Egede is the leader of the Ataqatigiit party, which wants independence.",0.4,0.55
294,"""We deserve to be treated with respect, and I don't think the American president has done that lately since he took office,"" Egede said in the interview with DR.",-0.15,0.3
295,"""The recent things that the American president has done mean that you don't want to get as close to (the U.S.) as you might have wanted in the past,"" he said. ""We need to draw a line in the sand and spend more effort on those countries that show us respect for the future we want to draw.""",-0.010416666666666666,0.3020833333333333
296,"Egede's interview with DR took place before Mr. Trump made his latest remarks about Greenland on social media, the AFP news agency reported.",0.26666666666666666,0.48333333333333334
297,"""The United States strongly supports the people of Greenland's right to determine their own future,"" Mr. Trump said in a post late Sunday. ""We will continue to KEEP YOU SAFE, as we have since World War II. We are ready to INVEST BILLIONS OF DOLLARS to create new jobs and MAKE YOU RICH — And, if you so choose, we welcome you to be a part of the Greatest Nation anywhere in the World, the United States of America!""",0.366401023219205,0.6453266430539158
298,"In an address to Congress earlier this month, Mr. Trump spoke more forcefully about Greenland, where the U.S. military has its northernmost base.",-0.1,0.525
299,"The island's location, between the U.S., Russia and Europe, makes it strategic for both economic and defense purposes, especially as melting sea ice has opened up new shipping routes through the Arctic region. Greenland also has natural gas, oil and highly sought after mineral resources.",0.11927272727272728,0.518909090909091
300,"""We need Greenland for national security and even international security. And we're working with everybody involved to try and get it,"" Mr. Trump told Congress. ""But we need it really for international world security. And I think we're going to get it — one way or the other, we're going to get it.""",0.018750000000000003,0.14375
301,"""We don't want to be Americans, nor Danes; We are Kalaallit,"" Egede said in response to Mr. Trump's address, using the Greenlandic word for the island's indigenous people. ""The Americans and their leader must understand that. We are not for sale and cannot simply be taken. Our future will be decided by us in Greenland.""",0.0,0.24107142857142858
302,"Haley Ott is the CBS News Digital international reporter, based in the CBS News London bureau.",0.0,0.0
303,© 2025 CBS Interactive Inc. All Rights Reserved.,0.0,0.0
304,By                                              Ahmed Shawkat,0.0,0.0
305,"Updated on:  March 5, 2025 / 8:49 PM EST          / CBS News",0.0,0.0
306,"Arab nations, led by Egypt, that have strongly rejected President Trump's proposal for the U.S. to ""take over"" the Gaza Strip and displace its more than 2 million Palestinian residents so the enclave can be turned into a luxury real estate development have offered an alternative plan. Leaders from the 22-nation Arab League attended a summit in Cairo Tuesday and unanimously adopted the Egyptian proposal, which does not foresee any of Gaza's residents being forced to leave during reconstruction.",0.20833333333333331,0.43333333333333335
307,"The Trump administration, along with its close allies in Israel, quickly rejected the plan, with the White House reiterating the president's contention that the destruction wrought on Gaza during Israel's 15-month war with Hamas has made the enclave uninhabitable.",0.16666666666666666,0.25
308,"Palestinians who have spoken with CBS News in Gaza have all vehemently rejected any bid to force them from the territory, and the head of the United Nations and some others have suggested that making them leave would amount to ethnic cleansing.",0.0,0.0
309,"Hamas backed the Arab plan, but has consistently refused to disarm as part of any ceasefire agreement, something Israel considers essential.",0.125,0.275
310,"Israel was quick to dismiss the Egyptian-made plan, with the Foreign Ministry in Tel Aviv saying in a statement that the proposal, ""continues to rely on the Palestinian Authority and UNRWA — Both have repeatedly demonstrated corruption, support for terrorism, and failure in resolving the issue.""",-0.03611111111111113,0.30833333333333335
311,"Speaking after the summit on Tuesday, Egypt's Foreign Minister Badr Abdelatty dismissed that stance, telling reporters that ""any talks about rejecting UNRWA or rejecting the PA is just nonsense and cannot be accepted, because this represents international legitimacy, and it should be accepted."" He accused Israel of violating international laws and U.N. resolutions and said international law must be implemented.",-0.03125,0.03125
312,"The Israeli Foreign Ministry accused neighboring Arab nations of having ""used Palestinians as pawns against Israel"" since the country's creation, and its statement reiterated the Netanyahu administration's backing for ""President Trump's idea.""",-0.125,0.125
313,"The ministry claimed the U.S. president's plan was ""an opportunity for the Gazans to have free choice based on their free will,"" despite Mr. Trump saying they would not be permitted to return to Gaza.",0.4,0.8
314,"U.S. National Security Council spokesman Brian Hughes said in a statement, meanwhile, that the Arab proposal ""does not address the reality that Gaza is currently uninhabitable and residents cannot humanely live in a territory covered in debris and unexploded ordnance.""",0.06818181818181818,0.45
315,"""President Trump stands by his vision to rebuild Gaza free from Hamas,"" Hughes said, adding: ""We look forward to further talks to bring peace and prosperity to the region.""",0.2,0.65
316,"In his speech, Egypt's President Abdel Fattah el-Sissi said he believed the time had come to find a pathway to ""a just and sustainable solution"" to the decades-old Israeli-Palestinian crisis, adding: ""I firmly believe that U.S. President Trump possesses the capacity to realize this objective, aligning with our sincere aspirations to bring an end to tensions and hostilities in our region.""",0.09999999999999999,0.3333333333333333
317,"Next week, at another summit in Saudi Arabia, Egypt and its Arab League partners will seek the backing of other predominantly Islamic countries for their plan. A senior European Union official was at the summit in Cairo on Tuesday, but there has been no statement from the bloc to date offering its clear backing for the Arab proposal.",-0.006249999999999995,0.18958333333333333
318,"The Egyptian plan, as explained by Foreign Minister Abdelatty after Tuesday's summit, would involve three phases. The first would focus on urgent relief operations and initial recovery, including building 200,000 temporary housing units in Gaza.",0.041666666666666664,0.15277777777777776
319,That first phase would take between six months and a year and would cost $3 billion.,0.25,0.3333333333333333
320,"The second stage would involve the construction of 200,000 permanent housing units and efforts to reestablish vital infrastructure. That phase is envisioned to take about two years, with a $20 billion price tag.",0.05,0.2
321,"The final phase would add another 200,000 permanent housing units and more service facilities, including reconstructing ports and an airport over the ensuing two years, requiring roughly $30 billion.",0.13333333333333333,0.6333333333333333
322,"On the key question of who or what would oversee the operations and administer Gaza, which has been ruled by the U.S. and Israeli-designated terrorist group Hamas for almost two decades, Egypt's plan calls for an administrative committee comprised of independent Palestinian technocrats to manage the territory for six months, before the Palestinian Authority returns to control Gaza.",0.0,0.5625
323,"The PA currently administers parts of the Israeli-occupied West Bank, the other, much larger Palestinian territory. It is widely unpopular among Palestinians and Israeli Prime Minister Benjamin Netanyahu has recently ruled out either Hamas or the PA taking control in Gaza.",-0.045,0.38499999999999995
324,"Abdelatty also said Egypt would train Palestinian security personnel, in Egypt, to return and help maintain security throughout the Gaza Strip, but he didn't say which phase of the proposed plan that would commence during.",0.0,0.0
325,"The foreign minister acknowledged that before any of this could happen — even if the plan or some version of it is backed by Israel, which maintains firm control over goods and people entering and exiting Gaza and is currently blocking all aid entry — there must first be a permanent ceasefire.",-0.018750000000000003,0.3145833333333333
326,"Addressing the summit, el-Sissi called on other nations to back the roughly $53 billion plan — including financially — and to participate in a reconstruction conference Egypt is hosting next month.",-0.045,0.155
327,"""Let us unite to make the channeling of support for this fund a noble goal and a moral imperative,"" el-Sissi said, ""ensuring every Palestinian child and every Palestinian family the right to live in a safe and civilized environment, equal to that of all peoples.""",0.27458256029684597,0.5479591836734693
328,"In a final statement issued by the summit attendees, the leaders called on the United Nations Security Council to send international peacekeepers ""to contribute to achieving security for both the Palestinian and Israeli peoples in the West Bank and Gaza Strip, as part of enhancing the political horizon for the establishment of the Palestinian state.""",0.0,0.3666666666666667
329,"The leaders also affirmed ""the vital and irreplaceable role of the United Nations Relief and Works Agency for Palestine Refugees (UNRWA) in carrying out its mandate granted by the United Nations resolution.""",0.1,0.4
330,"Israel's government has long accused UNRWA of being linked with Hamas and, just weeks ago, it banned the U.N. aid agency from operating on its territory.",-0.05,0.4
331,"Ahmed Shawkat is a CBS News producer based in Cairo. He has worked for CBS News since 2016, prior to which he worked with several European networks including TVE, ZDF, SVT and Yle.",0.0,0.0
332,© 2025 CBS Interactive Inc. All Rights Reserved.,0.0,0.0
333,"By                                              Nancy Chen,                                                     Analisa Novak",0.0,0.0
334,"March 10, 2025 / 11:35 AM EDT          / CBS News",0.0,0.0
335,"A surge in retirements is sweeping America as baby boomers enter their golden years. More than 4 million people are poised to turn 65 this year, part of the largest wave of retirement-age Americans in history.",0.4,0.5
336,"For some, retirement looks different than traditional options. Instead of settling into condos or retirement communities, they're choosing a life at sea.",0.0,0.675
337,"""I live at sea and I'm retired,"" says Jo Johnston, who said she has been on ""six or eight cruises of 80 days or longer.""",0.13636363636363635,0.5
338,"For Johnston, a cruise ship is her home.",0.0,0.0
339,"""I sold everything that wouldn't fit in my car. And then I sold the car,"" she said.",0.4,0.4
340,"On board, Johnston gets everything bundled into one package: meals, travel, entertainment and housing, all for approximately $100,000 a year.",-0.4,0.6
341,"""It's important to really track what you're spending in some way,"" Johnston advises. ""I can tell you last year how much I spent per day on drinks or on short excursions on average.""",0.05833333333333335,0.3444444444444445
342,"Johnston recently traveled aboard Holland America's ""Grand World Voyage"" cruise from Florida to Grand Cayman. Her 124-day itinerary included Bali, Cape Town and Barcelona.",0.3333333333333333,0.75
343,Lunchtime was spent with friends she's met sailing over the years. None knew each other before cruising.,-0.1125,0.2375
344,"""They're so welcoming and they look after you,"" she said about the friends.",0.0,0.0
345,The loyal following is one reason why Holland America has launched two of these cruises simultaneously for the first time.,0.19444444444444442,0.4222222222222222
346,"According to the travel site Cruise Critic, more companies are adding longer-haul trips — voyages lasting three to six months. At least a dozen world cruises are being offered this year alone.",0.06666666666666667,0.3
347,"A residential cruise launched last fall, where customers can buy a cabin starting at $130,000.",0.0,0.08333333333333334
348,"Charlie Branch, a New York-based financial advisor, says retiring at sea could potentially cost less than retiring on land, ""depending on how you were living when you were on land.""",-0.007575757575757576,0.3803030303030303
349,Branch said there's a trend of clients becoming more creative about retirement since the pandemic.,0.48333333333333334,0.7833333333333333
350,"""It's given them some perspective in terms of what they want their lives to look like from this point on,"" he said. ""Some are going and doing things that they've always wanted to do and never had a chance to. We're definitely seeing an uptick in that.""",0.0,0.5
351,"As for Johnston, she has cruises booked for the next two years with no plans to stop.",0.0,0.0
352,"""I've come to appreciate politics around the world, how people everywhere are more alike than they are not, and just how beautiful the world is,"" she said.",0.675,0.75
353,"While retirement at sea may sound appealing, a significant factor to consider is health care. Ships typically have a doctor on board who handles basic needs and emergencies, but experts recommend consulting with your primary physician to determine if it's a viable option. As with any retirement plan, proper preparation is essential to ensure you have appropriate medication and care.",0.22314814814814815,0.4222222222222222
354,"Nancy Chen is a CBS News correspondent, reporting across all broadcasts and platforms. Prior to joining CBS News, Chen was a weekday anchor and reporter at WJLA-TV in Washington, D.C. She joined WJLA-TV from WHDH-TV in Boston, where she spent five years as a weekend anchor and weekday reporter.",-0.05,0.05
355,© 2025 CBS Interactive Inc. All Rights Reserved.,0.0,0.0
356,"Updated on:  March 10, 2025 / 6:57 AM EDT          / CBS/AP",0.0,0.0
357,"The body of an Atlanta teacher and coach who vanished last month while boating on Georgia's Lake Oconee has been recovered from waters not far from where his fiancée was found dead shortly after their outing, a sheriff told news outlets Sunday.",-0.0625,0.4416666666666667
358,Sheriff Howard Sills of Putnam County told The Atlanta Journal-Constitution that Gary Jones' body was found on Sunday afternoon in about 45 feet of water on the popular tourist lake southeast of Atlanta.,0.6,0.9
359,"The discovery was made not far from where the body of Jones' fiancée, Spelman College instructor Joycelyn Wilson, was found a day after the two went missing on Feb. 8, the newspaper reported. It comes a month to the day that Wilson's body was recovered in the vicinity of where Jones' empty two-seater fishing boat and his sneakers were found floating.",-0.11666666666666665,0.5166666666666667
360,"Sills said Jones' body was found by Wisconsin search-and-recovery expert Keith Cormican, who was brought in by Jones' family over the weekend and used sophisticated underwater sonar in his effort, the newspaper reported.",0.5,1.0
361,"The body of missing teacher Gary Jones was found in Lake Oconee Sunday, according to the Putnam County Sheriff’s Office.https://t.co/qfAzOhT6Ul",-0.2,0.05
362,"Jones was a teacher and coach at the Westminster Schools, an exclusive Atlanta private school. The empty boat was discovered circling in the water, triggering an intensive search of the lake.",-0.05,0.4375
363,"The sheriff's office said previously that it had obtained video of Wilson and Jones launching their small boat from a marina. Authorities said at the time that they had been staying at a hotel on the lake, about 85 miles southeast of Atlanta.",-0.20833333333333331,0.2833333333333333
364,The area where the body was found is about 3 miles northwest of a dam that separates Lake Oconee from neighboring Lake Sinclair just to the south. Underwater timber still stands from when the Oconee River basin was flooded to build the lake nearly half a century ago.,-0.16666666666666666,0.16666666666666666
365,"Previous searches involved a trained cadaver dog, government vessels and private boats, a helicopter and underwater sonar to probe parts of the lake as deep as 80 feet.",-0.05555555555555555,0.3138888888888889
366,"According to Westminster President Keith Evans, Jones joined the staff in 2002 and was a middle school science teacher, eighth grade basketball coach and head of the track and field program, Atlanta News First reported.",0.125,0.16666666666666666
367,"""I have had the privilege of connecting with alumni, parents, students, and faculty members who have shared stories of Gary's legacy and the many ways he inspired both his students and colleagues. He has profoundly impacted the Wildcat community and his passing will be felt well beyond the boundaries of our campus,"" Evans said.",0.2916666666666667,0.75
368,"According to ANF, Wilson was a math instructor at Spelman College, ""where she made an indelible impact on both her students and colleagues,"" the college said in a statement.",0.0,0.0
369,"Earlier this month, singer and rapper CeeLo Green took to social media to mourn Wilson, saying she was like a sister to him and that ""no one deserves to perish in that fashion.""",-0.05555555555555556,0.2888888888888889
370,"© 2025 CBS Interactive Inc. All Rights Reserved. This material may not be published, broadcast, rewritten, or redistributed. The Associated Press contributed to this report.",0.0,0.0
371,By                                              Aimee Picchi,0.0,0.0
372,Edited By                                              Alain Sherter,0.0,0.0
373,"Updated on:  March 7, 2025 / 8:46 PM EST          / CBS News",0.0,0.0
374,"Employers across the U.S. added 151,000 jobs in February, below economists' forecasts and pointing to a slowdown in the labor market amid signs of slowing economic growth.",0.2,0.2
375,"Economists had forecast that the economy added 160,000 jobs last month, according to a poll by FactSet.",0.0,0.06666666666666667
376,"The unemployment rate last month was 4.1%, slightly higher than the 4% rate forecast by economists polled by FactSet.",0.125,0.2833333333333333
377,"Hiring has eased since December's blowout number of 323,000 new jobs, but the labor market has remained resilient at the start of 2025, experts say.",0.13636363636363635,0.45454545454545453
378,"The February job figures suggest the labor market ""is showing signs of weakness with hiring across sectors,"" said Joe Gaffoglio, CEO of Mutual Of America Capital Management, in an email.",0.0,0.0
379,"He added, ""Deteriorating indicators like hiring intentions, new job listings and temporary staffing suggest a potential slowdown in employment growth.""",0.06818181818181818,0.7272727272727273
380,"Notably, the widespread, ongoing cuts across the government sector also aren't reflected in today's report, according to Andy Stettner, an unemployment insurance expert at The Century Foundation. That's because unemployment claims for federal workers can take several weeks to appear in the official government data, he noted.",0.25,0.25
381,"Although the full impact of those cuts aren't yet visible in the data, federal employment declined by 10,000 last month, the Bureau of Labor Statistics said on Friday. The U.S. has more than 2 million federal workers.",0.2833333333333333,0.37222222222222223
382,"Layoffs across the U.S. spiked last month to their highest levels since 2020, led by firings of federal workers ordered by Elon Musk's Department of Government Efficiency, or DOGE,  outplacement firm Challenger, Gray & Christmas said on Thursday.",-0.1,0.23333333333333334
383,"Employers cut more than 172,000 jobs last month, a 245% increase from January and double the number announced during the same month a year ago, the company said. That marks the highest monthly number of layoffs since July 2020, when nearly 263,000 cuts were announced, the firm added.",0.06666666666666667,0.24861111111111112
384,"The slightly weaker-than-expected February jobs report could prompt the Federal Reserve to resume cutting its benchmark rate, noted Lindsay Rosner, head of multi sector fixed income investing at Goldman Sachs Asset Management.",-0.2222222222222222,0.4222222222222222
385,"The Fed in January hit the brakes on interest rate cuts, citing persistent inflation. But Fed Chair Jerome Powell has signaled the central bank is closely watching the labor market for signs of weakness, which could prompt additional rate cuts.",0.0,0.25
386,"The Fed will receive one more piece of major economic data ahead of its next rate decision meeting, scheduled for March 19, with the Consumer Price Index set to be released on March 12. The CPI likely rose 2.9% last month, slightly easing from January's 3% pace, according to FactSet.",0.14947916666666664,0.4229166666666667
387,"President Trump's tariffs are expected to boost prices for consumers, although they aren't likely to show up in inflation data for several months as Mr. Trump on Thursday paused 25% tariffs on Mexico and Canada until early April.",0.0,0.425
388,"""Overall, this report is a sigh of relief for the Fed as they can continue to sit on the sidelines for the next couple meetings as they assess the potential inflation impacts resulting from U.S. tariff policy over the coming months,"" said Charlie Ripley, senior investment strategist for Allianz Investment Management, in an email.",0.0,0.3333333333333333
389,"Currently, only about 1 in 10 economists polled by FactSet expect the Fed to cut rates at its March 19 meeting. About half of those polled are forecasting a rate cut at the Fed's subsequent meeting, scheduled for May 7.",-0.05555555555555555,0.4055555555555556
390,"""The payrolls growth surprised slightly to the downside and the unemployment rate ticked up justifying the momentum that's been building for a resumption in the Fed's cutting cycle,"" Rosner noted.",-0.2222222222222222,0.6555555555555556
391,"Aimee Picchi is the associate managing editor for CBS MoneyWatch, where she covers business and personal finance. She previously worked at Bloomberg News and has written for national news outlets including USA Today and Consumer Reports.",-0.08333333333333333,0.23333333333333334
392,© 2025 CBS Interactive Inc. All Rights Reserved.,0.0,0.0
393,By                                              Alain Sherter,0.0,0.0
394,Edited By                                              Aimee Picchi,0.0,0.0
395,"Updated on:  March 7, 2025 / 1:55 PM EST          / CBS News",0.0,0.0
396,"The Trump administration's barrage of tariffs on key U.S. trading partners and ongoing crackdown on immigration are likely to result in higher prices for American consumers and businesses, according to Wall Street analysts.",0.0625,0.625
397,"Economists with Morgan Stanley Research said in a report on Friday that they expect inflation in 2025 to rise 2.5%, up from their previous forecast in December of 2.3%. Another key gauge that strips out volatile food and energy costs is now projected to reach 2.7%, up from 2.5% in the bank's earlier forecast.",-0.05555555555555555,0.5555555555555556
398,"""We now see higher inflation in 2025 with a more pronounced and sooner re-acceleration in goods prices,"" the analysts wrote.",0.375,0.5
399,"""If our narrative entering the year was 'slower growth, stickier inflation' then we now think 'slower growth, firmer inflation,'"" they added.",0.0,0.0
400,"Analysts at Goldman Sachs also said on Friday they're now projecting higher inflation, largely due to Mr. Trump's tariffs. Core PCE inflation, or price increases excluding food and energy costs, could rise to 3% this year, rather than sinking to 2.1% by year-end if there were no tariffs in place.",0.0625,0.4375
401,"The cost of food, shelter and other items remains a top economic issue around the U.S., with the soaring cost of eggs becoming a national talking point. A recent CBS News poll found that 77% of Americans say their incomes aren't keeping up with the pace of inflation.",0.205,0.43499999999999994
402,"Inflation during the pandemic soared to its highest level since 1981, peaking at 9.1% in June 2022. The pace of price increases has cooled since then, but costs remain roughly 10% higher than before the COVID crisis, Federal Reserve Bank of St. Louis data shows.",0.075,0.45
403,"Recently, inflation has been moving in the wrong direction. After dipping to 2.4% in September, the closely watched Consumer Price Index has nosed up, and in January rose to an annual rate of 3% — higher than the Federal Reserve's 2% target and the fourth straight monthly increase. The Commerce Department is scheduled to release CPI data for February on March 12.",0.09166666666666667,0.49999999999999994
404,"Many businesses are also expecting higher prices. As of early February, manufacturers and service firms expected inflation over the next year of 3.5% and 4%, respectively, according to a Federal Reserve Bank of New York survey out this week. Companies pointed to stiffer U.S. tariffs on foreign imports, which raise their operating costs, as a major reason they're bracing for higher inflation.",0.10738636363636363,0.3379545454545455
405,"President Trump on Friday again suspended 25% tariffs on Canada and Mexico, the second time he has paused steeper levies on the two largest U.S. trade partners. The White House also recently raised tariffs on China by an additional 10% and has vowed to deploy broader ""reciprocal tariffs"" against other nations on April 2.",-0.03125,0.15625
406,"Although the delays leave open the possibility of a breakthrough in trade talks, the whipsaw in policy makes it more challenging for businesses to plan in advance.",0.3333333333333333,0.6666666666666666
407,"Tighter immigration restrictions can contribute to inflation by reducing the nation's supply of labor, according to economists.",0.0,0.0
408,"""One factor that we think limits services disinflation is reduced immigration, which could lead to labor shortages in many face-to-face service sectors (retail, restaurants, leisure, hospitals) that could result in supply-side driven inflation,"" the Morgan Stanley analysts said in their report.",0.5,0.5
409,"Persistent inflation could deter the Fed from moving to nudge down interest rates and lower borrowing costs for consumers and businesses, experts note. About 1 in 10 economists polled by FactSet expect the central bak to cut rates at its next meeting on March 19.",-0.051851851851851864,0.17962962962962967
410,"Alain Sherter is a senior managing editor with CBS News. He covers business, economics, money and workplace issues for CBS MoneyWatch.",0.0,0.0
411,© 2025 CBS Interactive Inc. All Rights Reserved.,0.0,0.0
412,By                                              Kate Gibson,0.0,0.0
413,Edited By                                              Anne Marie Lee,0.0,0.0
414,"Updated on:  March 10, 2025 / 12:07 PM EDT          / CBS News",0.0,0.0
415,"U.S. stocks fell sharply on Monday — continuing the prior week's losses — after President Trump said the economy faces a ""period of transition"" due to his aggressive trade policies and would not rule out a recession this year.",-0.08333333333333333,0.375
416,"The president's trade war with China heated up on Monday as Beijing began implementing retaliatory tariffs on a range of American farm products for which China is the largest market. That includes a 15% levy on U.S. chicken, wheat and corn, and a 10% tax on soybeans, pork, beef and fruit.",-0.3,0.475
417,"The S&P 500 slipped 2%, on track for its worst day so far this year, leaving it down more than 8% from a record high set in February and nearly a ""correction,"" a term for a drop of 10% or more. The index shed 3.1% last week, its worst weekly performance since September.",-0.08839506172839506,0.5883950617283951
418,"The tech-heavy Nasdaq was hit even harder, with the index entering into a correction last week and down more than 3% on Monday. Tesla's shares plummeted more than 8%, and Alphabet, Apple and Nvidia each fell more than 4%.",0.2074074074074074,0.3092592592592593
419,"The Dow Jones Industrial Average was down 470 points, or 1.1%, at 42,332.",-0.1527777777777778,0.34444444444444444
420,"Stocks in Asia and Europe also fell, but not nearly as hard as seen in U.S. markets.",0.14583333333333334,0.5416666666666666
421,"Wall Street's losses come a day after Mr. Trump declined to state whether he expects a recession this year, with the president telling Fox News in an interview broadcast on Sunday that ""I hate to predict things like that. There is a period of transition, because what we're doing is very big."" That said, Commerce Secretary Howard Lutnick told NBC's Meet the Press on Sunday that there is no reason to ready for a recession.",-0.20000000000000004,0.51
422,"Goldman Sachs on Monday said it was downgrading its economic growth forecast for 2025, previously 2.4%, to 1.7%, citing the stronger headwinds resulting from the Trump administration's trade policies.",0.016666666666666677,0.18333333333333335
423,"""We now see the average U.S. tariff rate rising by 10 [percentage points] this year, twice our previous forecast and about five times the increase seen in the first Trump administration,"" Jan Hatzius, chief economist at Goldman, in a note to investors.",-0.022222222222222216,0.3
424,The Trump administration last week imposed 25% tariffs on imports from Canada and Mexico before pausing the levy days later for goods covered under the U.S.-Mexico-Canada agreement.,0.0,0.03333333333333333
425,"The White House is sticking with its stance that tax cuts and tariff revenue ahead will bolster the economy is hitting investor sentiment, with last week marking the largest market rout since Mr. Trump was reelected four months ago.",0.0,0.03333333333333333
426,"The S&P 500 continued its fall from a record high in February, with strategists cautioning of ongoing stock volatility amid uncertainty about U.S. trade policy, tariffs and inflation. Some economists believe inflation is likely to rise this year, with economists at Morgan Stanley Research and Goldman Sachs recently hiking forecasts.",0.05333333333333334,0.5966666666666667
427,"""The risks of higher inflation as a result of a broader tariff war have taken a back seat in the overall market view recently, as the risks of slower economic growth have shifted to the forefront,"" stated John Canavan, lead U.S. analyst at Oxford Economics.",0.09,0.19
428,"The White House agency of cutting taxes and regulation is geared toward bringing manufacturing and jobs back to the U.S., but the ultimate outcome of Mr. Trump's policies is far from clear.",-0.06666666666666667,0.5472222222222222
429,"""Many investors support the president's pro-growth business agenda, but the administration's frenetic approach to policymaking is unsettling,"" according to Michael Arone, chief investment strategist at State Street Global Advisors.",0.0,0.39999999999999997
430,"Kate Gibson is a reporter for CBS MoneyWatch in New York, where she covers business and consumer finance.",0.13636363636363635,0.45454545454545453
431,© 2025 CBS Interactive Inc. All Rights Reserved.,0.0,0.0
432,We may receive commissions from some links to products on this page. Promotions are subject to availability and retailer terms.,-0.16666666666666666,0.3333333333333333
433,By                                              Aly Yale,0.0,0.0
434,Edited By                                              Angelica Leicht,0.0,0.0
435,"March 10, 2025 / 10:51 AM EDT          / CBS News",0.0,0.0
436,"Inflation has been steadily rising for the past few months, hitting 3% in January — the highest it's been since mid-2024. As such, it's a good time to reevaluate your investment portfolio. You'll want to ensure you're well-diversified in case of market fluctuations and are invested in assets that can protect your wealth as the value of the U.S. dollar continues to decline.",0.08333333333333333,0.39
437,"Precious metals are often a good choice during these re-evaluation periods, as they tend to protect against inflation and hold their value for the long haul. But which type of precious metal is best during periods of high inflation — gold, silver or something else entirely?",0.4014285714285714,0.6378571428571428
438,Find out how to add gold to your portfolio today.,0.0,0.0
439,Here's what experts recommend in terms of precious metal investing when inflation is high.,0.33,0.77
440,"Experts say gold is usually a better choice in inflationary times, as ""it's typically less volatile than silver,"" says Stephan Shipe, a flat-fee financial advisor and owner of Scholar Financial Advising.",0.08333333333333334,0.14166666666666666
441,"This is because silver has more industrial uses than gold and is utilized in things like electronics, solar panels, conductors and appliances. So, as demand for these items ebbs and flows, so will silver's value — and vice versa.",0.5,0.5
442,"""Gold is better than silver,"" Shipe says. ""Gold has traditionally been the standard bearer for inflation protection.""",0.16666666666666666,0.4166666666666667
443,"Just keep in mind: As inflation sends prices of other goods and services upward, silver and gold prices will rise, too, making it more expensive to buy in.",-0.041666666666666664,0.525
444,"""If you wait until inflation is here, you might have less advantage than someone who purchased a couple years earlier,"" says Brett Elliott, director of content at precious metals marketplace APMEX. ""It's never too late to start, but it's also never too early.""",0.02666666666666668,0.4933333333333333
445,Get started with precious metal investing here.,0.5,1.0
446,"Gold is also just more proven than silver, experts say. It's been used for centuries as a store of wealth, and it's traded and valued all over the globe.",0.5,0.5
447,"""We've seen that gold throughout history does an excellent job of maintaining its purchasing power,"" Elliott says. ""It's both an investible hard asset and a currency.""",0.35416666666666663,0.7708333333333333
448,That longstanding global demand makes the precious metal a smart move for investors with long time horizons — those looking to safeguard their wealth for many years to come.,0.23285714285714282,0.5085714285714286
449,"""Precious metals are stores of value,"" Shipe says. ""They should not be thought of as a 'get-rich-quick' strategy or as a way to amass wealth. If they are doing their job in your portfolio over the long term, they are maintaining the purchasing power of the dollars invested, not growing at a rate faster than inflation.""",0.225,0.7
450,"Physical gold is ""almost always best,"" Elliott says. ""Held in physical form because that is the most surefire way to safeguard wealth in the event of hyperinflation or currency failure.""",0.23666666666666666,0.27714285714285714
451,"But it's not the only way to invest in gold. And if you want to diversify your portfolio, you may want to look at some other options, like gold individual retirement accounts (IRAs), gold exchange-traded funds (ETFs) and gold stocks, too.",-0.041666666666666664,0.5916666666666667
452,"""I prefer a mix of gold investments for inflation protection,"" Shipe says. ""A combination of physical bullion, direct gold ETFs, and some gold-adjacent companies — like miners — gives you exposure to a mix of inflation protection. ETFs have the advantage of being able to exit quickly, while direct investment in bullion should be thought of as a very long-term investment because of the transaction costs of selling it in the future.""",0.1761904761904762,0.35612244897959183
453,"While gold is typically the best choice during inflationary times, both silver and metal can make for good investments. So if you're not sure what to buy, consider purchasing both.",0.3208333333333333,0.5722222222222222
454,"Mark Charnet, a financial advisor and president of American Prosperity Group, actually recommends investing in a variety of precious metals — not just one or two — using mutual funds.",0.125,0.275
455,"""You could make the purchase of these precious metals continually through mutual funds that would buy not only gold and silver, but other precious metals too, like palladium and platinum, copper and nickel, too,"" Charnet says. ""This way, you're not concentrated in just one metal that may be the wrong one at that time.""",0.075,0.8550000000000001
456,"If adopting this strategy, Charnet says to invest a small amount ""consistently week after week, through good times and bad, over long periods of time.""",-0.009999999999999978,0.46333333333333326
457,"Both silver and gold can be smart assets to consider during periods of high inflation, but if you can only choose one, gold is typically best, experts say. If you're not sure of the best way to use precious metals in today's market, it could make sense to discuss your options with a financial advisor who can help you make the right moves for your portfolio and goals.",0.32333333333333336,0.5786067019400352
458,"Aly J. Yale is a contributing writer for the Managing Your Money section for CBSNews.com, covering various personal finance topics, including investing, homebuying, loans and more.",0.16666666666666666,0.43333333333333335
459,© 2025 CBS Interactive Inc. All Rights Reserved.,0.0,0.0
460,By                                              Caroline Linton,0.0,0.0
461,"Updated on:  March 10, 2025 / 11:45 AM EDT          / CBS News",0.0,0.0
462,"Secretary of State Marco Rubio said early Monday that 83% of programs funded by U.S. Agency for International Development, or USAID, are being canceled, in the latest for the beleaguered agency that provides humanitarian aid overseas and has become the target for the Elon Musk-helmed Department of Government Efficiency, or DOGE.",0.19999999999999998,0.39999999999999997
463,"Rubio said on his personal X account that the cancellations come after a six-week review, and that ""the 5200 contracts that are now cancelled spent tens of billions of dollars in ways that did not serve, (and in some cases even harmed), the core national interests of the United States.""",-0.05,0.2
464,"Rubio also said that in consultation with Congress, the State Department intends for the remaining 1,000 programs to be administered ""more effectively"" under the State Department.",0.55,0.65
465,"""Thank you to DOGE and our hardworking staff who worked very long hours to achieve this overdue and historic reform,"" Rubio posted.",-0.0325,0.26
466,"The State Department said two weeks ago that 5,800 USAID contracts had been canceled, a 92% reduction. Rubio on Monday did not give any explanation for the difference in numbers.",0.0,0.0
467,"USAID has been the target of DOGE, the agency created in an executive order signed by President Trump on his first day in office. DOGE is supposed to be tasked with eliminating government waste and posted in February a ""wall of receipts"" outlining the money allegedly saved by cutting government programs. CBS News has found that the ""wall of receipts"" contained multiple errors, and DOGE's purges have faced numerous challenges in court.",-0.10833333333333334,0.3055555555555556
468,"USAID, which was founded in 1961 by President Kennedy, provided humanitarian aid to more than 100 countries, including disaster relief, health and medical aid, and emergency food programs. In fiscal year 2023, USAID managed more than $40 billion in appropriations, the Congressional Research Service said, a figure that is less than 1% of the federal budget.",0.20833333333333334,0.26666666666666666
469,"Mr. Trump accused USAID as being run by ""radical left lunatics."" Musk, meanwhile, said it was ""beyond repair."" Three U.S. officials have told CBS News that Mr. Trump plans to merge USAID into the State Department and severely reduce its staff and budget.",0.0,0.0
470,"In early February, two top security officials were placed on administrative leave after they refused to allow DOGE access to classified information, sources confirmed to CBS News. Matt Hopson, tapped by Mr. Trump to be USAID chief of staff just two weeks earlier, resigned shortly afterward and USAID's website went dark. By the end of that week, nearly all of the agency's staff were put on administrative leave and all of its overseas staff were ordered to be shuttered.",0.1357142857142857,0.48571428571428565
471,"Meanwhile, a USAID deputy administrator was put on administrative leave in February for issuing memos saying the agency had failed to implement humanitarian assistance due to ""political leadership"" at the agency and DOGE.",-0.20833333333333334,0.25833333333333336
472,"Mr. Trump signed an executive order his first day in office that froze federal funding for foreign assistance for 90 days amid a review of foreign aid, although the State Department later issued a waiver for ""life-saving ""life-saving humanitarian assistance,"" defined as ""life-saving medicine, medical services, food, shelter, and subsistence assistance, as well as supplies and reasonable administrative costs as necessary to deliver such assistance.""",0.025,0.33541666666666664
473,"The Supreme Court last week declined to halt a lower court order that required the Trump administration to unfreeze nearly $2 billion in foreign aid funding, which could clear the way for reimbursements for organizations that have done work for USAID overseas. Arguments in the lower court case are still ongoing.",0.018750000000000006,0.24375
474,"Caroline Linton is an associate managing editor on the political team for CBSNews.com. She has previously written for The Daily Beast, Newsweek and amNewYork.",-0.05555555555555555,0.08888888888888889
475,© 2025 CBS Interactive Inc. All Rights Reserved.,0.0,0.0
476,We may receive commissions from some links to products on this page. Promotions are subject to availability and retailer terms.,-0.16666666666666666,0.3333333333333333
477,By                                              Aly Yale,0.0,0.0
478,Edited By                                              Angelica Leicht,0.0,0.0
479,"March 10, 2025 / 11:19 AM EDT          / CBS News",0.0,0.0
480,"Certificate of deposit (CD) accounts are a great way to grow your cash without taking on much risk. These deposit accounts can also help you lock in high interest rates when rates on other savings products might be waning, as the fixed interest rates on these deposit accounts won't change during your CD term.",0.227,0.413
481,"Not all CDs are created equal, though. Some offer better rates, others more flexibility and some offer a happy medium between the two, so it can be tough to determine which option you should choose. For many savers, though, finding the right CD strategy is key to maximizing the returns — particularly if you want your CDs to deliver over the long haul.",0.23134920634920636,0.5852380952380953
482,Compare today's top CD account rates online now.,0.5,0.5
483,Are you eyeing CDs to help achieve your long-term financial goals? Here are some strategies experts say can help.,0.0,0.0
484,"CD ladders are one of the most commonly used strategies for those focused on long-term results. For this approach, you take your capital, divide it up and open up several CDs in varying term lengths. Then, once each account matures, you either cash it out (and use the money as needed), or you take the money and put it into a new CD — with a new rate and CD term — instead.",0.07878787878787878,0.40151515151515155
485,"This gives you ""exposure to short- and long-term CDs at any given time,"" says Stephan Shipe, a flat-fee financial advisor and owner of Scholar Financial Advising.",0.0,0.09999999999999999
486,"A laddering strategy can also help with liquidity, far-off financial goals and interest rate fluctuations.",0.0,0.0
487,"""A well-structured CD ladder balances liquidity with higher long-term yields,"" says Mary Grace Roske, senior vice president at CDValet.com and Seattle Bank. ""You might end up with a higher average yield than if you just picked a single CD of the same average terms — like splitting funds between one-, two-, and three-year CDs instead of going all in on a two-year.""",0.021428571428571432,0.35654761904761906
488,"There are other perks, too, Roske says.",-0.125,0.375
489,"""If rates go up, some of your CDs will mature sooner, giving you a chance to reinvest at higher rates instead of being locked into a long-term lower rate,"" she says. ""Ladders can also help meet an expected cash flow need — tax payments, tuition payments, etc.""",0.08333333333333333,0.3333333333333333
490,Find the right CD account for you here.,0.2857142857142857,0.5357142857142857
491,"Another option is the CD bullet strategy, which involves opening several CDs that will mature around the same time. For example, you might open a 5-year CD now, a 4-year CD next year and a 3-year CD the year after that. Then, in 2030, you'll have the returns of all three CDs to use to your advantage.",0.02,0.145
492,"""This helps you stay disciplined when trying to achieve a specific goal by a specific date,"" Roske says. ""At maturity, you're rewarded with a lump sum ready when you need it.""",0.06666666666666667,0.25
493,"The CD bullet strategy can also offer an interest-earning advantage, depending on the market. If rates increase after you open your first CD, for instance, you can take advantage of those higher rates when opening your subsequent CDs. This will allow you to earn more than you would have with a single large investment in just one CD.",0.16326530612244897,0.3608843537414966
494,"Understanding the market is critical if you want to maximize what your CDs earn. Generally speaking, when the Federal Reserve raises its federal funds rate, rates on savings products like CDs typically rise, too. When the Fed cuts rates, you can expect savings rates to drop as well.",-0.03888888888888888,0.6
495,"""Research the general economic outlook for the future,"" says Leah Evans, director of product management at Georgia's Own Credit Union. ""There are often projections regarding the increase or decrease of interest rates that can help you determine the ideal term of the CD.""",0.35,0.5650000000000001
496,"Once you have an idea of where the market is headed, you can choose the best CD products for your goals.",1.0,0.3
497,"""When interest rates are expected to rise, short-term CDs are a better option because they give you the flexibility to reinvest at progressively higher rates,"" Shipe says.",0.21666666666666667,0.4666666666666666
498,"When rates are projected to drop, you may want to choose a longer-term CD instead, as this will lock in the currently offered high rates — no matter where market rates head in the future.",0.05333333333333334,0.355
499,"Whatever you do, make sure you shop around for your CD, as rates can vary widely from one financial institution to the next. For example, the average rate on a 12-month CD account nationally is just 1.80%, according to the Federal Deposit Insurance Corp. At some banks and credit unions, though, you can get rates as high as 4% or more.",0.13,0.3898412698412698
500,"You should also look at the features each CD account comes with. Some, for example, may have early withdrawal penalties, which can eat into your earnings should you need to access the cash early.",0.1,0.3
501,"You can also look into what Evans calls ""flex CDs,"" which allow you to deposit additional funds after opening. These let you earn interest on any windfalls you might come into later down the line.",-0.07777777777777779,0.14444444444444446
502,"Opening a CD account is typically just the first step to earning big returns. If you want to maximize the returns on your money, finding the right CD strategy is a good move, and there are typically options to consider for every type of saver. But no matter what strategy you ultimately decide to use, it's important to always shop around and compare your options, as the rates on CD accounts can vary widely from one bank or credit union to the next — and even a slightly higher rate could make a big difference in terms of your long-term returns.",0.12103174603174603,0.46408730158730155
503,"Aly J. Yale is a contributing writer for the Managing Your Money section for CBSNews.com, covering various personal finance topics, including investing, homebuying, loans and more.",0.16666666666666666,0.43333333333333335
504,© 2025 CBS Interactive Inc. All Rights Reserved.,0.0,0.0
505,"By                                      Christiana Cates,                                             Chilekasi Adele",0.0,0.0
506,"Updated on:  March 10, 2025 / 6:18 AM EDT          / CBS Pittsburgh",0.0,0.0
507,A University of Pittsburgh student went missing after traveling to the Dominican Republic.,-0.2,0.05
508,"The student was identified as Sudiksha Konanki, 20, from Virginia. Dominican Republic authorities say Konanki went missing while ""walking on a beach.""",-0.2,0.05
509,A Dominican police source tells CBS News that Konanki walked to a beach with five women she was traveling with. They were accompanied by two other American men.,-0.0625,0.1875
510,Konanki stayed on the beach with one of the men while the rest of the group returned to the hotel.,0.0,0.0
511,Nobody has been detained and the investigation is ongoing.,0.0,0.0
512,A Pitt spokesperson told KDKA-TV that the university is in contact with Konanki's family and authorities in her native northern Virginia.,0.0,0.0
513,"""We have confirmed that there were six female students of the University of Pittsburgh traveling in Punta Cana, at least two of whom are residents of Loudoun County, Va., one of whom is the missing person who is also a citizen of India,"" said a Loudoun County Sheriff's Office spokesperson.",-0.024999999999999994,0.40416666666666673
514,The sheriff's office said the Embassy of India in the Dominican Republic is working with the State Department and other law enforcement.,-0.125,0.375
515,"""Our office is supporting those efforts and continuing to investigate locally,"" said the sheriff's office spokesperson.",0.125,0.125
516,"""It's circulating through Instagram, Facebook, Twitter,"" said one Pitt student who did not want to be identified. ""It just makes you wonder,"" the student said.",0.0,0.0
517,The Dominican Civil Defense and other authorities have spent the past couple days looking for Konanki. They're walking through beaches and using helicopters.,-0.15833333333333333,0.24166666666666667
518,"""I hope she gets found soon,"" the unidentified student said. ""I think people are concerned because who would think it would be a girl from Pitt?""",0.0,0.0
519,The student KDKA-TV spoke with Sunday says she and others spent days without reliable internet. Information was scarce until they returned to the United States.,-0.1,0.1
520,"""As soon as we landed in Fort Lauderdale, [that] was whenever we saw everybody posting that a girl had gone missing,"" she said.",-0.2,0.05
521,"After returning, she and others have a lot of questions. But among those questions, there's disbelief.",0.0,0.0
522,"""Somebody else's friend is missing, and it's scary. I can only imagine how they're feeling right now,"" she said.",-0.10357142857142856,0.6464285714285714
523,© 2025 CBS Broadcasting Inc. All Rights Reserved.,0.0,0.0
524,"By                                              Peter Van Sant,                                             James Stolz",0.0,0.0
525,"Updated on:  March 9, 2025 / 3:33 AM EDT          / CBS News",0.0,0.0
526,"In the soft South Carolina night, in the city of Simpsonville, Cati Blauvelt was missing. It had been two fearful days for her mom, Patti Piver.",-0.3333333333333333,0.4666666666666666
527,Patti Piver: I just was terrified that something was gonna happen to her.,0.0,0.0
528,"Then, past midnight on Oct. 26 2016, investigators Cheryl Schofield and Keith Morecraft were dispatched to the scene. Cati's mangled body had been found in an abandoned farmhouse. She was 22 years old. A knife blade left in her body.",-0.049999999999999996,0.15
529,Investigator Keith Morecraft: There was a rectangular concrete box kind of in the center of the basement. … We found Cati's body inside that box.,0.21666666666666667,0.4333333333333334
530,Capt. Cheryl Schofield: Her body had basically been folded into this box. It was a picture of what you would see in a horror movie.,0.0,0.0
531,Cati's mom was overwhelmed.,0.0,0.0
532,Patti Piver: I was totally empty inside. … She did not deserve to be murdered.,-0.1,0.5
533,Jennifer Piver is Cati's stepsister.,0.0,0.0
534,Jennifer Piver:  I just prayed and cried and … Just sick. Just sick.,-0.7142857142857143,0.8571428571428571
535,Morecraft and another investigator went to tell John Blauvelt his wife's body had been found.,0.0,0.0
536,Investigator Keith Morecraft: We went to make the death notification.,0.0,0.0
537,"INVESTIGATOR (death notification visit): I'm so sorry for your loss, sir.",-0.5,1.0
538,"At first, Blauvelt appeared distressed. But as the conversation progressed his demeanor changed.",0.25,0.3333333333333333
539,Investigator Keith Morecraft: Didn't ask normal questions … such as … where did you find her? How did she die?,0.075,0.575
540,Peter Van Sant: He wasn't shocked by the news?,-0.7,0.8
541,Investigator Keith Morecraft: He didn't seem to be at all.,0.0,0.0
542,Peter Van Sant: What did that suggest to you?,0.0,0.0
543,Investigator Keith Morecraft: That he knew how she died. He knew where her body was.,0.0,0.0
544,John Blauvelt did have one question. But it wasn't about Cati.,0.0,0.0
545,JOHN BLAUVELT (death notification visit): Am I being charged with a crime? Because he's recording me. And I'm not comfortable with that.,-0.2,0.8
546,INVESTIGATOR MORECRAFT: You're not being charged —,0.0,0.0
547,JOHN BLAUVELT: OK.,0.5,0.5
548,INVESTIGATOR MORECRAFT: — with a crime right now.,0.2857142857142857,0.5357142857142857
549,Peter Van Sant: Right away you sensed this could be our guy.,0.2857142857142857,0.5357142857142857
550,Investigator Keith Morecraft: I was pretty confident at the time.,0.375,0.9166666666666667
551,"But they couldn't arrest him on a feeling. First Morecraft and Schofield had evidence to gather and a case to build. But just as they got started, John Blauvelt took to the road. Traveling with him was Hannah Thompson, his new girlfriend, all of 17.",0.11212121212121212,0.2626262626262626
552,Peter Van Sant: How concerned were you about Hannah's safety?,0.0,0.0
553,"Capt. Cheryl Schofield: If he was willing to kill his own wife, there's no telling what kind of danger Hannah Thompson would've been in by fleeing with him.",0.48333333333333334,0.8833333333333333
554,"But John Blauvelt hadn't always been considered threatening. Back in 2014, in the quiet city of some 20,000, he was a welcome part of the community — the larger than life, public face of the U.S. Army.",0.16,0.36
555,"Peter Van Sant: A person of principle, someone willing to sacrifice.",0.25,0.75
556,Patti Piver: Yes.,0.0,0.0
557,Peter Van Sant: For his country.,0.0,0.0
558,Patti Piver: That's what I think.,0.0,0.0
559,"Peter Van Sant: These are all admirable traits, right?",0.2857142857142857,0.5357142857142857
560,Patti Piver: Yeah exactly.,0.25,0.25
561,"It was then that John Blauvelt met Cati, just yards from his recruiting office at a sub shop where she worked. Cati turned 20 and Blauvelt was 26. They started dating.",0.0,0.0
562,Capt. Cheryl Schofield: And they just hit it off.,0.0,0.0
563,"Patti Piver: She's lovable, caring, funny. Who wouldn't fall in love with her?",0.4166666666666667,0.7000000000000001
564,"In the summer of 2015, recruiter Blauvelt convinced Cati to enlist. But after just two months, a health issue prevented her from finishing her training.",0.0,0.0
565,Patti Piver: They found a problem with her spine. … She got a medical discharge out of the Army.,0.0,0.0
566,"While Cati's military hopes were dashed, Blauvelt told friends he had found his calling.",-0.1,0.1
567,"With his war stories about his deployments in Iraq and his sharp uniform decorated with service ribbons, Blauvelt impressed local teenagers.",0.2916666666666667,0.5833333333333334
568,"Aly Somerville: Like, to me, he had all his ducks in a row.",0.0,0.0
569,"Peter Van Sant: Almost like a role model, right?",0.2857142857142857,0.5357142857142857
570,Aly Somerville: Almost like a role model. More like—it was definitely like a role model.,0.25,0.5
571,"Aly Somerville, a close friend of Cati, says she often ate lunch with John Blauvelt at his recruiting booth in her school. She adds he also sometimes showed up at local hangouts.",0.0,0.0
572,Aly Somerville: I thought he was cool.,0.35,0.65
573,"Peter Van Sant: He was interested in your life, what you were up to and things?",0.25,0.5
574,"Aly Somerville: Yeah, he made sure I was OK.",0.5,0.6944444444444444
575,"But as he began dating Cati, her family was never half sure about Blauvelt.",0.2916666666666667,0.5277777777777778
576,Patti Piver: I don't think I ever had a meaningful conversation with him.,0.5,0.5
577,Peter Van Sant: Did he seem interested in you and … the family?,0.25,0.5
578,Jennifer Piver: No. Not at all.,0.0,0.0
579,"Then, after about a year — and seemingly out of the blue — Cati surprised her family with an alarming announcement.",0.0,0.5333333333333333
580,"Patti Piver: She says, ""Oh, by the way,"" she said, ""me and John got married today."" … And I'm in shock. .. Then she said, ""Oh, we got married at the courthouse.""",0.25,0.25
581,"Patti Piver:  They went on the honeymoon … But within two months, that honeymoon was over.",0.0,0.0
582,Staff Sergeant John Blauvelt and his new bride were putting down roots in the community. Cati had taken a job at the local PetSmart.,-0.006397306397306411,0.24781144781144782
583,"Patti Piver: Yeah, she's gonna love that (laughs) and she did. …",0.5,0.6
584,Peter Van Sant: And she was passionate about animals.,-0.05,0.8500000000000001
585,Patti Piver: She was.,0.0,0.0
586,Peter Van Sant: This could be a career for her.,0.0,0.0
587,Patti Piver: Yes.,0.0,0.0
588,"As for John Blauvelt, he already owned a four-bedroom home in Fountain Inn, right next to Simpsonville, where Capt. Schofield worked.",0.14285714285714285,0.26785714285714285
589,Capt. Cheryl Schofield (with Van Sant outside the Blauvelt's home): Once they got married this is the house that they were supposed to move into and have a family.,0.125,0.15
590,Jennifer Piver: She wanted a family. She wanted to have kids.,0.0,0.0
591,Cati moved in. And soon the house was crowded with kids. But not the kind Cati imagined.,0.6,0.9
592,Capt. Cheryl Schofield: Unfortunately the only kids that were here were the teenagers that John Blauvelt invited.,-0.25,1.0
593,"John Blauvelt had invited Cati's niece to stay with them, and later Hannah Thompson and Aly Somerville crashed there, too. Somerville says it became a party destination for kids from Hillcrest High School, where Blauvelt often worked as an Army recruiter.",0.08,0.26999999999999996
594,"Aly Somerville: We were just smoking weed all day, every day.",0.0,0.0
595,Peter Van Sant: And how old were you then?,0.1,0.2
596,Aly Somerville: 16.,0.0,0.0
597,"And Somerville claimed it wasn't just weed that was the draw. She said, at times, there was booze, acid, and cocaine.",0.0,0.0
598,"Peter Van Sant: This is with the U.S. Army recruiter, right?",0.2857142857142857,0.5357142857142857
599,"Aly Somerville: U.S. Army recruiter, yes. … Letting us party at his house. … Like, that — this is awesome.",1.0,1.0
600,Patti Piver says it wasn't long before Cati grew frustrated with all of the partying and told Blauvelt it had to stop.,-0.375,0.30000000000000004
601,Peter Van Sant: Her dream house turned into a party house.,0.0,0.0
602,Jennifer Piver: Right.,0.2857142857142857,0.5357142857142857
603,"Peter Van Sant: And that's the last thing your sister wanted, right?",0.14285714285714285,0.3011904761904762
604,Jennifer Piver: Absolutely.,0.2,0.9
605,"As Cati and John Blauvelt drifted, Thompson was there to fuel the fire.",0.0,0.0
606,Investigator Cheryl Schofield: Hannah absolutely despised Cati.,0.2,0.9
607,Peter Van Sant: And what was the nature of Hannah's relationship with John as time went on?,0.0,0.0
608,"Capt. Cheryl Schofield: Hannah became John's puppy. Any time that John would tell her to do something, she would do it.",0.0,0.0
609,"It was all too much for Cati. According to police records, after being married less than three months, Cati moved out. Schofield says Blauvelt and Thompson wasted no time.",0.02083333333333333,0.12916666666666668
610,Capt. Cheryl Schofield: She moved into John Blauvelt's bedroom in this house when Cati moved out.,0.0,0.0
611,"Aly Somerville: Whoa, that's creepy. Like you're in your late 20s and she's 17 dude. … Like, you're not supposed to be doing stuff like this.",-0.4,0.8
612,"Thompson's father went to the police and told them he hadn't seen his daughter for two weeks. That night, on Feb. 26, 2016, cops showed up at Blauvelt's house.",0.0,0.0
613,Peter Van Sant: When they arrive what happens?,0.0,0.0
614,Capt. Cheryl Schofield (with Van Sant outside Blauvelt's home): They tried to make contact with John … and John refused to come outside.,0.0,0.05
615,Somerville was inside the house with Blauvelt and some other minors when police arrived.,-0.125,0.375
616,"Aly Somerville: And John was like ""Lock the door. Nobody go outside.""",0.0,0.05
617,Peter Van Sant: What were they saying?,0.0,0.0
618,"Aly Somerville: Like, ""John Blauvelt,"" like, ""come out of the house with your hands up.""",0.0,0.0
619,Peter Van Sant: You must have been a little terrified. Were you not?,-0.1875,0.5
620,Aly Somerville: Terrified. Yeah.,0.0,0.0
621,Peter Van Sant: These were people with weapons. Were weapons out?,0.0,0.0
622,Aly Somerville: Oh yeah. There were weapons drawn and everything.,0.0,0.0
623,Peter Van Sant: A veteran of the Iraq war and they're having to pull their guns to get him out of the house?,0.0,0.0
624,Capt. Cheryl Schofield: Yes.,0.0,0.0
625,"Peter Van Sant: It's kind of extraordinary, isn't it?",0.4666666666666667,0.95
626,"Capt. Cheryl Schofield: Yes, very much so.",0.26,0.26
627,"John Blauvelt eventually opened the door and was questioned by police. On Feb. 27, 2016, he was arrested and charged with contributing to the delinquency of a minor. His soldier's image was replaced with a mug shot.",-0.05,0.2
628,Patti Piver: He's the exact opposite of what everybody thought he was. The exact opposite.,0.125,0.125
629,And soon John Blauvelt's troubles would get even worse. Police talked to Cati the day John was arrested. She told them about a more troubling incident she says happened a month earlier.,0.033333333333333326,0.5333333333333333
630,Investigator Keith Morecraft: There had been a domestic violence incident where John allegedly pointed a gun at Cati.,-0.05,0.1
631,"Peter Van Sant: Pulls out a gun, points it at her —",0.0,0.0
632,Jennifer Piver: Right.,0.2857142857142857,0.5357142857142857
633,Peter Van Sant: — head ...,0.0,0.0
634,Jennifer Piver: Yep.,0.0,0.0
635,Peter Van Sant: Says what?,0.0,0.0
636,Jennifer Piver: That he was gonna kill her. … And also threatened the family.,0.0,0.0
637,Peter Van Sant: Threatened the family. What do you mean?,-0.3125,0.6875
638,Jennifer Piver: Threatened to kill the family.,0.0,0.0
639,Investigator Keith Morecraft: The Fountain Inn Police Department investigated the matter and ended up charging him with domestic violence.,0.0,0.1
640,A restraining order was issued preventing John Blauvelt and Cati from seeing each other.,-0.125,0.375
641,Jennifer Piver: He blamed her for ruining his life. Because there was obviously gonna be a consequence from the military.,-0.05,0.3
642,"That consequence came just a few days later, when the Department of the Army cut John Blauvelt's pay and suspended him from the recruiting duty that defined him.",-0.1,0.05
643,Patti Piver: You can't do this and be a military recruiter.,-0.1,0.1
644,The Army reassigned him to a small back office and began an investigation that might lead to his dismissal.,-0.125,0.2
645,"Aly Somerville: He was like, ""I can't be out in the field"" … ""like on the front lines"" … ""I'm not recruiting people for the Army. Now I'm sitting behind a desk"" and that's what made him so mad.",-0.5125,0.85
646,"Cati quickly moved on from her short, disastrous marriage and told her mother she planned to divorce John Blauvelt.",-0.12222222222222222,0.5333333333333333
647,Peter Van Sant: Your daughter moves out. Did she move back with you?,0.0,0.0
648,Patti Piver: Yeah.,0.0,0.0
649,"But But despite the restraining order, Cati and John Blauvelt still had some contact, including visits to the house she had shared with John.",0.0,0.0
650,"Patti Piver: The only reason she would go back over there was because she had her dog over there, Jupiter.",0.0,0.5
651,Patti Piver: For some reason I just was terrified that something was gonna happen to her.,0.0,0.0
652,"As for John Blauvelt, the military career he cherished was in tatters. And according to Somerville, he planned to get revenge.",-0.1,0.1
653,Peter Van Sant: Did he ever say anything about harming Cati?,0.0,0.0
654,"Aly Somerville: Yes. He did say multiple times that he was going to kill Cati. …He said that she ruined his military career, that's all he's ever wanted to do in life. …",-0.05,0.05
655,Peter Van Sant: You destroy my career — I'm going to destroy you?,-0.2,0.0
656,Aly Somerville: Yeah. …,0.0,0.0
657,Peter Van Sant: Did you think he'd really go through with it?,0.2,0.2
658,Aly Somerville: No. Never.,0.0,0.0
659,Capt. Cheryl Schofield: He was very vocal on the fact that he wanted Cati dead. He wanted Cati gone.,0.0,0.35
660,"Police say Cati Blauvelt was last seen alive on Oct. 24, 2016, at her job at PetSmart. But come morning in Simpsonville, no one had heard from her. Calls to her went to voicemail. Her mother reported her missing.",-0.03333333333333333,0.17222222222222225
661,Peter Van Sant: Did she tell the officer she spoke with that she was suspicious of John Blauvelt?,0.0,0.0
662,Investigator Keith Morecraft: She did.,0.0,0.0
663,The desperate search and the painful waiting began.,-0.6499999999999999,0.95
664,Patti Piver: I didn't think she was alive anymore.,0.1,0.4
665,Jennifer Piver: It's terrifying. It's the worst feeling. You feel helpless.,-1.0,1.0
666,"After midnight, two of Cati's friends followed a hunch that sent them deep in the woods to an old, abandoned farmhouse.",0.05,0.30000000000000004
667,"Capt. Cheryl Schofield: Teenagers would go there. And they would party, they would drink, they would smoke marijuana.",0.0,0.0
668,"Cati and John Blauvelt were known to have gone there, too.",0.0,0.0
669,The friends made their way to the basement. They were horrified by what they found. One of them called 911.,0.0,0.0
670,"911 OPERATOR: 911, What's the location of your emergency?",0.0,0.0
671,FRIEND: …We found my friend Cati ... dead in —,-0.2,0.4
672,911 OPERATOR: OK.,0.5,0.5
673,FRIEND: — the house.,0.0,0.0
674,911 OPERATOR: OK. ... Are you saying she's dead in the house?,0.15,0.45
675,"FRIEND: Yes, ma'am.",0.0,0.0
676,911 OPERATOR: Is she cold?,-0.6,1.0
677,FRIEND: She's very pale. And there was no response.,-0.273,0.23399999999999999
678,"Cati Blauvelt's body had been stuffed into a cold, concrete box.",-0.22499999999999998,0.65
679,Peter Van Sant: You believe she — Cati was killed outside the house and brought in?,-0.1,0.025
680,Capt. Cheryl Schofield: Yes … And we believe that she was actually killed on the gravel driveway. And then drug on her face through that window.,-0.2,0.0
681,Peter Van Sant: And if she's screaming there's no one to hear.,0.0,0.0
682,Capt. Cheryl Schofield: You wouldn't hear it … from that house where that house was located.,0.0,0.0
683,Peter Van Sant: And you live with that every day.,0.13636363636363635,0.5
684,Patti Piver: Every day.,0.0,0.0
685,"Peter Van Sant: It doesn't get any easier, does it?",0.0,0.0
686,Patti Piver: No.,0.0,0.0
687,"It was Oct. 26, 2016. Investigators made that official ""death notification visit"" to Blauvelt. They got their first sense of the resentment he held towards Cati.",0.25,0.3333333333333333
688,JOHN BLAUVELT (death notification visit): She flipped my life upside down.,-0.15555555555555559,0.2888888888888889
689,"Morecraft and Schofield wanted more information from Blauvelt. And so, just a week later, they spoke with him.",0.25,0.25
690,Capt. Cheryl Schofield: Didn't seem to really care that she was gone. Let alone had been murdered.,0.2,0.2
691,"INVESTIGATOR MORECRAFT (Nov. 2, 2016 interrogation): Anything you say can be used against you in court",0.0,0.0
692,"JOHN BLAUVELT: I lost a friend. Maybe not the best wife, but I lost a f******* friend.",1.0,0.3
693,He told them he visited Cati at the funeral home.,0.0,0.0
694,"INVESTIGATOR MORECRAFT (Nov. 2, 2016 interrogation): Did you go by yourself?",0.0,0.0
695,"JOHN BLAUVELT: Yeah. Well, I took Hannah with me.",0.0,0.0
696,Blauvelt said he hadn't seen Cati in months. Their marriage had been a nonstop argument.,0.0,0.0
697,"INVESTIGATOR MORECRAFT (Nov. 2, 2016 interrogation): What kind of stuff were y'all arguing about?",0.6,0.9
698,JOHN BLAUVELT: Um. Everything. (Laughs),0.0,0.0
699,INVESTIGATOR MORECRAFT: Just normal?,0.15,0.6499999999999999
700,JOHN BLAUVELT: Just normal stuff.,0.15,0.6499999999999999
701,"Investigator Keith Morecraft: He seemed very arrogant, cocky, narcissistic.",0.0,0.6
702,Then the cop fired that point-blank question.,0.0,0.0
703,INVESTIGATOR MORECRAFT: Did you kill Cati?,0.0,0.0
704,JOHN BLAUVELT: No.,0.0,0.0
705,INVESTIGATOR MORECRAFT: OK. Do you know who killed her?,0.15,0.25
706,JOHN BLAUVELT: No.,0.0,0.0
707,"Peter Van Sant: Sitting across, talking to this man, what are you sensing in John Blauvelt?",0.0,0.0
708,Capt. Cheryl Schofield: That he very much is the one who more than likely … committed this murder.,0.25333333333333335,0.5866666666666667
709,"Investigator Keith Morecraft: Like he was put off. Like we were taking up his time. … That he was smarter than we were, and that he was gonna get away with this.",0.0,0.0
710,Next up: Hannah Thompson.,0.0,0.0
711,HANNAH THOMPSON (interrogation): I don't know anything about her murder.,0.0,0.0
712,INVESTIGATOR: You do.,0.0,0.0
713,HANNAH THOMPSON: I don't.,0.0,0.0
714,INVESTIGATOR: You do.,0.0,0.0
715,"Investigators confront Thompson, sensing she must know something.",0.0,0.0
716,CAPT. SCHOFIELD (interrogation): Tell us exactly what happened to Cati.,0.25,0.25
717,HANNAH THOMPSON: I really don't know.,0.2,0.2
718,"And while they suspected Thompson might know something, they did not know exactly what.",0.25,0.25
719,INVESTIGATOR MORECRAFT (interrogation): I can tell you already you're lying to me. OK? You do not wanna get wrapped up in catching a murder charge.,0.55,0.7
720,HANNAH THOMPSON: Right.,0.2857142857142857,0.5357142857142857
721,INVESTIGATOR MORECRAFT: You're 17 years old. You have your entire life ahead of you.,0.05,0.4125
722,HANNAH: Mm-hmm.,0.0,0.0
723,"INVESTIGATOR MORECRAFT: You may love John … and you may think you two are going to get married and … walk down the yellow brick road, OK? But no man and no woman is worth going to prison for.",0.23240740740740742,0.2898148148148148
724,HANNAH THOMPSON: Mm-hmm.,0.0,0.0
725,INVESTIGATOR MORECRAFT: Do you agree?,0.0,0.0
726,"HANNAH THOMPSON: Yes, sir.",0.0,0.0
727,"CAPT. SCHOFIELD: If you know something, and you're trying to cover up for it … you're gonna go down with the person who did this to her. For — for knowing anything, whether it was beforehand or after the fact — you're gonna go down with them.",-0.15555555555555559,0.2888888888888889
728,Investigators showed Thompson an autopsy photo of Cati.,0.0,0.0
729,INVESTIGATOR: Look at her. She's right here.,0.2857142857142857,0.5357142857142857
730,HANNAH THOMPSON: I don't wanna look at her.,0.0,0.0
731,INVESTIGATOR: That's your friend.,0.0,0.0
732,HANNAH THOMPSON: I don't wanna do this anymore.,0.0,0.0
733,INVESTIGATOR MORECRAFT: Don't wanna do what? Don't wanna help us find out who killed her?,-0.2,0.0
734,HANNAH THOMPSON (crying): Can I please leave? Can I please leave?,-0.2,0.6
735,"CAPT. SCHOFIELD: Hannah, this is a friend of yours that we're trying to do —",0.0,0.0
736,"HANNAH THOMPSON: I know. And I wanna help, but I can't.",0.0,0.0
737,"With no help from Thompson, police hands were tied.",0.0,0.0
738,Investigator Keith Morecraft: We had to let him go.,0.0,0.0
739,"Potential hard evidence had to be processed, including John Blauvelt's cellphone records and his DNA.",-0.14583333333333334,0.7708333333333333
740,Capt. Cheryl Schofield:  It's very aggravating. … because we know we're sitting across from the person who killed his wife. … And shortly after that interview is when he fled the state.,0.0,0.19999999999999998
741,Investigator Keith Morecraft: He had taken his red GMC Yukon.,0.0,0.0
742,Peter Van Sant: And he was gone.,0.0,0.0
743,Investigator Keith Morecraft: He was.,0.0,0.0
744,"John Blauvelt, trained in survival and combat, was suddenly loose on the open road.",-0.038461538461538464,0.3846153846153846
745,Patti Piver: I didn't think they were ever gonna find him. He just disappeared off the face of the map.,0.0,0.0
746,And so did Thompson. Police believed she was with Blauvelt.,0.0,0.0
747,Prosecutor Kinli Abee would begin building the case with the chilling evidence she says he left behind.,-0.3,0.5333333333333333
748,"Kinli Abee: First, what I want to kind of show is, you know, the knife that was found in Cati's neck … And so what you can see here is this X-ray, that the actual knife blade broke off inside of Cati.",0.2833333333333333,0.4444444444444445
749,Peter Van Sant: What you're holding there —,0.0,0.0
750,Kinli Abee: Yep.,0.0,0.0
751,Peter Van Sant: — is what I'm seeing on this X-ray.,0.0,0.0
752,Kinli Abee: Exactly. Matches exactly right there. That's what was found and lodged in her neck. And that's how she died.,0.26785714285714285,0.39285714285714285
753,Simpsonville police knew they needed help to find John Blauvelt.,0.0,0.0
754,Investigator Keith Morecraft: I contacted the United States Marshals.,0.0,0.0
755,"Marshal Will Cook: The investigation is let's find him, let's find him, let's find him.",0.0,0.0
756,"On Nov. 18, 2016, John Blauvelt — still on the run — was charged with Cati Blauvelt's murder.",0.0,0.0
757,Peter Van Sant:  What kind of fugitive are you dealing with?,0.6,0.9
758,Marshal Will Cook: A cocky one. … John thought … we were never going to find him.,-0.2,0.9
759,"U.S. Marshal Will Cook, based near Simpsonville, would become the point person in the hunt for John Blauvelt, who had been skilled at evasion.",0.3,0.45
760,Marshal Will Cook: He had training from the Army that … the government provided him to —,0.0,0.0
761,Peter Van Sant: — avoid you guys.,0.0,0.0
762,Marshal Will Cook: Avoid us. And he was good at it.,0.7,0.6000000000000001
763,"Investigators remained uncertain about Thompson's involvement in the murder — if any. But they knew for sure she was traveling with Blauvelt. They uncovered photos of Blauvelt and Thompson shopping and Blauvelt at an ATM. His red Yukon truck passing through Texas and New Mexico, heading west.",0.21212121212121213,0.4478114478114478
764,Peter Van Sant: Were you able to get hits on where this vehicle was from time to time?,0.5,0.625
765,Cook: So there were a couple of license plate reader hits.,0.0,0.0
766,"But by the time police were able to respond, Blauvelt was gone.",0.5,0.625
767,"Marshal Will Cook: And in a game like this, all the seconds count.",-0.4,0.4
768,"Then, after a month, investigators caught a break. Thompson made contact with her family from Eugene, Oregon. She wanted to come home to Simpsonville. Schofield couldn't wait to talk to her.",0.0,0.0
769,"INVESTIGATOR SCHOFIELD (Dec. 20, 2016 interrogation): We are very glad that you're back, and that you're safe, and that nothing bad happened to you.",0.11250000000000002,0.5416666666666666
770,HANNAH THOMPSON: Mm-hmm.,0.0,0.0
771,Thompson's story was that Blauvelt had left her in Eugene. Just up and walked away.,0.0,0.0
772,"INVESTIGATOR SCHOFIELD (Dec. 20, 2016 interrogation): Did you ever see John again?",0.0,0.0
773,HANNAH THOMPSON: Mm mm. [shaking her head no],0.0,0.0
774,"And, Thompson added, she had no idea where Blauvelt was headed. But apparently, she had enough of life on the run.",0.025,0.425
775,"Marshal Will Cook: She thought it was going to be a fairy tale. You know, they were going to live on the lam and make things happen. But after a few weeks of that, reality set in.",-0.03181818181818183,0.3
776,Any romantic notion Thompson may have had was derailed when Blauvelt got the Yukon stuck in the mud in the Pacific Northwest.,0.0,0.5
777,Peter Van Sant: Couldn't get out?,0.0,0.0
778,Marshal Will Cook: Could not get out.,0.0,0.0
779,"HANNAH THOMPSON (Dec. 20, 2016 interrogation): He said that we would hike. We had to hike, like, walk off the mountain basically.",0.0,0.0
780,Marshal Will Cook: Miles and miles.,0.0,0.0
781,The couple was reduced to panhandling for change.,0.0,0.0
782,Peter Van Sant: And they used that for food?,0.0,0.0
783,Marshal Will Cook: Sustainment.,0.0,0.0
784,"Thompson says while on the road, Blauvelt confessed — sharing the awful details of the killing.",-1.0,1.0
785,"HANNAH THOMPSON (Dec. 20, 2016 interrogation): He told me that the knife broke. … I can't believe that he would do something like that. … (crying)",-0.2,0.6
786,INVESTIGATOR SCHOFIELD: What — what else did he tell you about it? I know it's — it's hard.,-0.2916666666666667,0.5416666666666666
787,"HANNAH THOMPSON: He told me that the last thing she —  she said was … that if he let her go, that she wouldn't call the police.",0.0,0.06666666666666667
788,"INVESTIGATOR SCHOFIELD: Where were they, Hannah?",0.0,0.0
789,HANNAH THOMPSON: The abandoned house.,0.0,0.0
790,Peter Van Sant: An adult can psychologically take advantage of a child. Do you believe in a way that's what was going on between John and Hannah?,0.05,0.2
791,"Investigator Keith Morecraft: Absolutely, yeah.",0.2,0.9
792,"HANNAH THOMPSON (Dec. 20, 2016 interrogation): And he was just crying and screaming and like … he was like, saying that he did all that stuff for me, like —",-0.2,0.6
793,INVESTIGATOR SCHOFIELD: Did all what stuff?,0.0,0.0
794,"HANNAH THOMPSON: Like kill Cati. Like — he was like, ""I did that for you"" and like, all that kind of stuff, like trying to make me feel like it was my fault.",0.6,0.9
795,"Thompson told conflicting stories about her involvement, eventually saying she dropped John Blauvelt off by PetSmart the day Cati disappeared and then left. Thompson says she did not know he planned to kill Cati. But later that day, he asked her to help hide Cati's car. She also admitted she had lied in her first interview just days after Cati's murder.",0.08333333333333333,0.1111111111111111
796,"HANNAH THOMPSON (Dec. 20, 2016 interrogation): He told me that if I lied to the police, that he would keep me safe.",0.5,0.5
797,Investigators did not charge Thompson right away because they needed her.,0.2857142857142857,0.5357142857142857
798,"Investigator Keith Morecraft: We had a long-term goal of, A, finding John, B, prosecuting him. And she was the key to a lot of that.",0.0,1.0
799,"CAPT. SCHOFIELD (Dec. 20, 2016 interrogation):  We're still hunting for John.",0.0,0.0
800,HANNAH THOMPSON: Right.,0.2857142857142857,0.5357142857142857
801,CAPT. SCHOFIELD: OK?,0.5,0.5
802,HANNAH THOMPSON: Mm-hmm.,0.0,0.0
803,They hoped she might lead them to Blauvelt.,0.0,0.0
804,"INVESTIGATOR MORECRAFT (Dec. 20, 2016 interrogation): Has John contacted you by Facebook at all since you separated? Or since contacted you by any means at all?",0.0,0.0
805,HANNAH THOMPSON: No.,0.0,0.0
806,CAPT. SCHOFIELD: But please don't keep it a secret —,-0.4,0.7
807,HANNAH THOMPSON: Mm-hmm.,0.0,0.0
808,INVESTIGATOR SCHOFIELD: — from — from us.,0.0,0.0
809,HANNAH THOMPSON: OK.,0.5,0.5
810,INVESTIGATOR SCHOFIELD: OK?,0.5,0.5
811,HANNAH THOMPSON: Mm-hmm.,0.0,0.0
812,"But if Thompson knew where John Blauvelt was, she wasn't ready to tell them.",0.2,0.5
813,"HANNAH THOMPSON (Dec. 20, 2016 interrogation): I still really care about him, even though he did something, like, really bad. Like I feel like I should hate him. A part of me does, but a part of me just keeps thinking about how he used to be.",-0.4333333333333333,0.5888888888888889
814,Blauvelt was still out there. Months turned into years and lives changed.,0.0,0.0
815,Marshal Will Cook: He's beating us. And we don't like to lose.,0.0,0.0
816,Peter Van Sant: It's driving you crazy.,-0.6,0.9
817,Marshal Will Cook: It's driving us crazy.,-0.6,0.9
818,Peter Van Sant: Was it frustrating that you retired with this case still out there?,-0.4,0.9
819,Investigator Keith Morecraft: It was very frustrating. … And it was the only case that I still had that was open.,-0.17333333333333334,0.8333333333333334
820,Those who knew John Blauvelt thought justice for Cati might never come.,0.0,0.0
821,"Ali Somerville: John is the type of person that if somebody was gonna get away with it, it would be John.",0.0,0.0
822,Patti Piver: I never really thought that they would get him.,-0.1,0.2
823,The police in Simpsonville interviewed Thompson repeatedly over the years. Then in 2022 – six years after Cati's murder — Thompson finally revealed a secret. She had been in regular contact with Blauvelt for years.,-0.13333333333333333,0.5923076923076923
824,"HANNAH THOMPSON (June 2022 interrogation): We had been talking — the whole time. … Like, at first we were talking every single day, multiple times, like, for hours a day. …",0.09464285714285714,0.23690476190476192
825,CAPT. SCHOFIELD: Did anybody know you were still talking to him?,0.0,0.0
826,HANNAH THOMPSON: Nope.,0.0,0.0
827,Thompson told investigators how they communicated.,0.0,0.0
828,HANNAH THOMPSON (June 2022 interrogation): At the very beginning we were communicating on Facebook Messenger. And then after that we were talking on Snapchat.,0.2,0.3
829,She said their conversations ended in 2019.,0.0,0.0
830,"Authorities believe Thompson had matured, with time and distance away from Blauvelt. She told them she realized what she had done was wrong, and gradually offered more leads. Blauvelt might still be in Oregon. And she added Blauvelt told her he had been living with another woman for years.",0.0,0.7
831,"CAPT. SCHOFIELD (June 2022 interrogation): 'Cause honestly, she's in danger, too.",0.6,0.9
832,HANNAH THOMPSON: I know.,0.0,0.0
833,"Marshal Will Cook: Based on some of the information that Hannah gave us … zoned us in on … John's new girlfriend in Medford, Oregon.",0.13636363636363635,0.45454545454545453
834,Medford is small city in the northwest. Investigators jumped on the lead and discovered a phone number that Blauvelt had used to text a mystery woman.,-0.25,0.4
835,"Peter Van Sant: And this sounds tantalizing, isn't it.",0.0,0.0
836,Marshal Chris Tamayo: Very tantalizing.,0.2,0.3
837,"Marshal Chris Tamayo is Cook's colleague in the Northwest. His team got an address that corresponded with the mystery woman's house. He took ""48 Hours"" to the scene.",0.0,0.0
838,Peter Van Sant: They started to stake out the house?,0.0,0.0
839,Marshal Chris Tamayo: Stake out the house … And …they followed a subject out — a male that appeared to match our description.,-0.08333333333333333,0.21666666666666667
840,"But six years after Blauvelt allegedly murdered Cati, how could investigators be certain they had their man?",0.057142857142857134,0.3357142857142857
841,Marshal Will Cook: John has some unique tattoos.,0.375,1.0
842,Peter Van Sant: Can you show me?,0.0,0.0
843,Marshal Will Cook: This is a still shot — from one of John's initial interviews with Simpsonville Police.,0.0,0.0
844,The tattoo of a pirate.,0.0,0.0
845,It was a quiet morning in Medford.,0.0,0.3333333333333333
846,Marshal Chris Tamayo: As I'm starting to pull through this neighborhood my heart is racing.,0.0,0.1
847,The Marshals made their move.,0.0,0.0
848,Marshal Chris Tamayo: That's the house right there.,0.2857142857142857,0.5357142857142857
849,Peter Van Sant: And did you see any activity?,0.0,0.0
850,Marshal Chris Tamayo: We — did see him come out.,0.0,0.0
851,Marshal Chris Tamayo: He's coming out shirtless.,0.0,0.0
852,But was it for sure John Blauvelt? A pirate told the tale.,0.5,0.8888888888888888
853,"On July 20, 2022, some six years after Cati Blauvelt's death, Chris Tamayo joined Marshals and other law enforcement for the takedown of the man they believed killed her.",-0.1625,0.1875
854,"Marshal Chris Tamayo (with Van Sant outside house in Medford, Oregon): John's about three quarters away down the driveway, and the guys start going right at him, giving him commands: ""Police show us your hands. Get down on the ground!""",-0.01607142857142859,0.2908730158730159
855,Peter Van Sant: And what does he do?,0.0,0.0
856,"Marshal Chris Tamayo: His eyes got wide, pure shock. And he drops down to the ground fast.",0.03968253968253967,0.4472222222222222
857,John Blauvelt was handcuffed and under arrest.,-0.05,0.0
858,But the suspect told the Marshals they had the wrong man.,-0.5,0.9
859,"Marshal Chris Tamayo: He said, ""I'm Ben Klein."" … I said, no you're not. … And he stuck with Ben Klein.",0.0,0.0
860,Ben Klein? Had the Marshals make a mistake?,0.0,0.0
861,Marshal Chris Tamayo: We have a device that allows us to mobile print someone in the field.,0.0,0.0
862,Peter Van Sant: Fingerprint.,0.0,0.0
863,Marshal Chris Tamayo: Fingerprints.,0.0,0.0
864,It took less than five minutes for Ben to become John.,-0.16666666666666666,0.06666666666666667
865,"Marshal Chris Tamayo: ""Your fingerprints show that you are John Blauvelt. … you're wanted out of South Carolina.""",0.0,0.0
866,Peter Van Sant: He knew it was over?,0.0,0.0
867,Marshal Chris Tamayo: He knew it was over.,0.0,0.0
868,"When the Marshals went inside the house, they realized the raid could have taken a fatal turn.",0.0,0.0
869,"Marshal Chris Tamayo: There was a firearm, a handgun sitting right on the nightstand.",0.2857142857142857,0.5357142857142857
870,Peter Van Sant: What did that tell you?,0.0,0.0
871,Marshal Chris Tamayo: That was an indication to us that … he probably would've given a fight.,0.0,0.0
872,"All of it was apparently news to the woman Blauvelt was living with, when she returned to the house later that day.",0.025,0.175
873,"Marshal Chris Tamayo: Pure shock. She was visibly shaking, crying, scared.",0.007142857142857131,0.55
874,Tamayo recorded audio with her at the scene:,0.0,0.0
875,MARSHAL TAMAYO: So he's being arrested … on charges out of South Carolina.,0.0,0.0
876,GIRLFRIEND: For what?,0.0,0.0
877,MARSHAL TAMAYO: For murder.,0.0,0.0
878,GIRLFRIEND: Are you serious? (crying),-0.26666666666666666,0.6333333333333333
879,MARSHAL TAMAYO: Yeah …,0.0,0.0
880,GIRLFRIEND: I can't believe any of this. This is like a f******* nightmare. I'm sorry.,-0.5,1.0
881,Blauvelt's girlfriend told the Marshals she had no idea who he really was.,0.2,0.2
882,GIRLFRIEND: We been together for like six years …  He would do random odd jobs …,-0.3333333333333333,0.375
883,GIRLFRIEND: He was basically here watching my cats and my …  my dog all the time.,0.0,0.0
884,Peter Van Sant: She loved him.,0.7,0.8
885,Marshal Chris Tamayo: She loved him.,0.7,0.8
886,The news hit Simpsonville like thunder.,0.0,0.0
887,"Patti Piver: I was over the moon, just freaking — that was such a great day.",0.4,0.625
888,Capt. Cheryl Schofield: And I was completely elated.,0.1,0.4
889,"John Blauvelt would go cross-country again. This time, handcuffed and brought back to a South Carolina jail to await trial. Just three months later, Hannah Thompson would be charged with five felonies including obstruction of justice and accessory after-the-fact. She would plead not guilty and be released on bail.",0.0375,0.25
890,"Prosecutor Kinli Abee, who began putting the case against Blauvelt together a few months after Cati was killed, would team with John Meadors, preparing the case for trial starting with that blade investigators found in Cati's neck.",-0.13333333333333333,0.06666666666666667
891,John Meadors: Doesn't get any worse than that and that's what she died from.,-0.4,0.6
892,Kinli Abee (Holding the blue shirt Cati was wearing): You can actually see through the collar of the shirt where that knife blade entered. And you can see it right there.,0.09523809523809523,0.24523809523809526
893,Peter Van Sant: Right there?,0.2857142857142857,0.5357142857142857
894,Kinli Abee: Yeah. Right into her neck,0.2857142857142857,0.5357142857142857
895,"They focused on that abandoned farmhouse where kids once partied, where they found Cati.",0.0,0.0
896,"Kinli Abee: They would throw their bottles, their empty beer cans … And that's exactly where he discarded Cati's body.",0.075,0.375
897,Peter Van Sant: So do you think John was making a statement by placing her body —,0.0,0.0
898,Kinlee Abee: Absolutely.,0.2,0.9
899,Peter Van Sant: — in this bin that normally you put trash.,0.15,0.6499999999999999
900,"Kinli Abee: Yeah, absolutely.",0.2,0.9
901,Prosecutors say Blauvelt blamed Cati for the abrupt end of his military career.,-0.1125,0.55
902,Kinli Abee: It's all Cati's fault.,0.0,0.0
903,Peter Van Sant: He's not responsible for what he did. He's blaming his wife?,-0.1,0.55
904,Kinli Abee: Yes.,0.0,0.0
905,"And there were John Blauvelt's own words. While on the run, he kept a journal—that the Marshals found.",0.6,1.0
906,"Peter Van Sant: Like a diary, correct?",0.0,0.0
907,Marshal Chris Tamayo: Correct.,0.0,0.0
908,And it held a damning entry.,0.0,0.0
909,"Marshal Chris Tamayo: So at the end … it says boldly, ""I did it.""",0.3333333333333333,0.6666666666666666
910,Peter Van Sant: And for you that's what?,0.0,0.0
911,Marshal Chris Tamayo: That's evidence and proof that he murdered Cati.,0.0,0.0
912,"In September 2024, eight years after Cati's death, John Blauvelt went on trial for murder.",0.0,0.0
913,Patti Piver described the child she adored.,0.0,0.0
914,Patti Piver (in court): She was sunshine. I mean everybody loved her.,0.19374999999999998,0.74375
915,Aly Somerville stared at the man she once called a role model.,0.0,0.0
916,Aly Somerville: He looked like a stone-cold killer to me.,0.0,0.0
917,The prosecution's key witness was Hannah Thompson. She would admit to helping Blauvelt the day Cati died.,0.0,1.0
918,"PROSECUTOR MEADORS (in court): You loved John Blauvelt, didn't you?",0.7,0.8
919,HANNAH THOMPSON: Yes.,0.0,0.0
920,"PROSECUTOR MEADORS: You helped him ... hide Cati's car after he killed her, didn't you?",-0.2,0.0
921,HANNAH THOMPSON: Yes.,0.0,0.0
922,PROSECUTOR MEADORS: You didn't know he'd killed her at that point?,-0.2,0.0
923,HANNAH THOMPSON: No.,0.0,0.0
924,PROSECUTOR MEADORS: But you did help him?,0.0,0.0
925,HANNAH THOMPSON: Yes,0.0,0.0
926,And prosecutors played grainy video that Thompson says shows John Blauvelt getting out of Cati's car and into his. Thompson was at the wheel of his Prius.,0.0,0.0
927,JOHN PROSECUTOR MEADORS (in court): But that was you on that video?,0.0,0.0
928,HANNAH THOMPSON: Yes.,0.0,0.0
929,PROSECUTOR MEADORS: In those cars?,0.0,0.0
930,"HANNAH THOMPSON: In the Prius, yes.",0.0,0.0
931,Once on the run she says he told her the details of the murder.,0.0,0.0
932,HANNAH THOMPSON (in court): He had told me that he killed her ...,-0.2,0.0
933,HANNAH THOMPSON: He told me that … he stabbed her … in the neck ...,0.0,0.0
934,"HANNAH THOMPSON: He said that he threw her phone into water … that was on the ground, in the abandoned house.",0.0,0.0
935,HANNAH THOMPSON: And he said that … he had to cover up the—her blood with dirt.,0.0,0.0
936,"But Blauvelt's defense team, Paul Neely and Ana Walker, made Thompson admit that her story changed over the years.",0.0,0.0
937,DEFENSE ATTORNEY WALKER (in court): You've lied to your friends and your family?,0.0,0.0
938,HANNAH THOMPSON: Yes …,0.0,0.0
939,DEFENSE ATTORNEY WALKER: And you kept lying.,0.0,0.0
940,HANNAH THOMPSON: Yes.,0.0,0.0
941,Then the defense zeroed in on the lack of DNA evidence at the scene.,0.0,0.0
942,Peter Van Sant: Was there any DNA that tied John Blauvelt to this murder?,0.0,0.0
943,Paul Neely: No.,0.0,0.0
944,Ana Walker: There was no DNA matched to John Blauvelt.,0.0,0.0
945,"And what about John Blauvelt's journal, in which he wrote ""I did it…""? His lawyers told ""48 Hours"" much of it was a fantasy.",0.2,0.2
946,"Ana Walker: A lot of this journal is filled with these fictional stories of observations. It's filled with poems, drawings, all kinds of things.",0.26666666666666666,0.6833333333333332
947,As for Hannah Thompson —,0.0,0.0
948,KINLI ABEE (in court): You heard she has five pending charges for the information she ultimately provided to law enforcement.,0.0,1.0
949,The prosecution pointed to the importance of her testimony.,0.0,0.0
950,"KINLI ABEE (in court): She is facing 55 years in jail upon conviction for those crimes and she got up here with no deal. The State didn't offer her a single thing, no agreement to dismiss her charges, no cooperation agreement, no nudge nudge, wink wink — none of it. She got up here and testified. And she told you because she thought it was the right thing to do.",0.03809523809523809,0.25
951,"Capt. Cheryl Schofield:  She did a great job, going up there and telling the truth and giving the key details of what John had told her, what he had done to Cati …",0.4,0.875
952,The trial lasted four days. The jury was out some five hours.,0.0,0.0
953,"COURT CLERK (reading verdict): As to the charge of murder, we the jury unanimously find the defendant, John T. Blauvelt, guilty.",-0.5,1.0
954,Reporter Taylor Farmer covered the case for WSPA.,0.0,0.0
955,"Taylor Farmer: And it was very emotional in the courtroom, kind of quiet but you could tell Cati's family was very emotional.",0.15,0.7308333333333334
956,"Patti Piver: As soon as the jurors got out, I just started crying.",-0.2,0.6
957,John Blauvelt was sentenced to life in prison without parole.,0.0,0.0
958,Patti Piver: He's a monster. … She was helpless.,0.0,0.0
959,"And what did the family think about Hannah Thompson, who allegedly covered for Blauvelt for so long?",-0.07500000000000001,0.25
960,"Jennifer Piver: I would think she was a stupid 17-year-old until at trial when I heard how long she'd been in touch with him. … You are not willing, at that time, to turn him in. … I have hard feelings about that. … it's unfathomable.",-0.31666666666666665,0.6729166666666666
961,Peter Van Sant: What would you say to your sister today if you could.,0.0,0.0
962,Jennifer Piver (crying): That I'm sorry. … That I love her. And that I think she was brave.,0.15000000000000002,0.8
963,Hannah Thompson's trial date is still pending.,0.0,0.0
964,John Blauvelt is appealing his conviction.,0.5,0.5
965,"If you have been a victim of domestic violence, call the National Domestic Violence Hotline at 800-799-7233 or text START to 88788.",-0.025000000000000005,0.08333333333333333
966,"Produced by James Stolz. Kat Teurfs is the field producer. Ryan Smith, Charlotte Fuller, Michelle Sigona are the development producers. Michael Vele, Greg McLaughlin and Marcus Balsam are the editors. Peter Schweitzer is the senior producer. Nancy Kramer is the executive story editor. Judy Tygard is the executive producer.",0.0,0.0
967,"Peter Van Sant is an award-winning correspondent for ""48 Hours, where his true-crime and justice reporting is featured across multiple CBS News broadcasts and platforms. During a career that spans nearly five decades, Van Sant has covered many of the most significant events of our lifetime.Additionally, Van Sant hosts the top-ranking podcast ""Blood is Thicker.""",0.29500000000000004,0.45499999999999996
968,© 2025 CBS Interactive Inc. All Rights Reserved.,0.0,0.0
969,By                                      David Morgan,0.0,0.0
970,"Updated on:  February 21, 2025 / 5:49 PM EST          / CBS News",0.0,0.0
971,"A look back at the esteemed personalities who left us this year, who'd touched us with their innovation, creativity and humanity.",0.0,0.0
972,By CBSNews.com senior producer David Morgan. The Associated Press contributed to this gallery.,0.0,0.0
973,"Two-time Oscar-winner Gene Hackman (Sept. 1, 2023-death announced Feb. 27, 2025) was a consummate actor renowned for playing complicated figures in such classics as ""The French Connection,"" ""The Conversation"" and ""Unforgiven,"" and who also delighted superhero fans as the comical villain Lex Luthor in three ""Superman"" films.",0.27499999999999997,0.7000000000000001
974,"Hailed as one of the best actors of the era, Hackman moved easily among genres, from heart-wrenching family stories (""I Never Sang for My Father""), crime dramas (""Bonnie and Clyde,"" ""Mississippi Burning""), thrillers (""The Conversation,"" ""No Way Out""), and triumphant tales of sports (""Hoosiers""), to comedies (""Get Shorty,"" ""The Royal Tenenbaums""). Rough-hewn and flinty, a movie star without stereotypical movie-star looks, Hackman gave even his humorous roles a sinister, unforeseeable edge, the way an animal's behavior is not entirely predictable.",0.17222222222222225,0.7722222222222221
975,"""The French Connection"" would cement Hackman's position as a movie star. The film's brash, documentary-style production perfectly captured Hackman's character, a seething, sadistic NYC cop seeking to bust a ring of heroin smugglers — like Ahab on the hunt for the white whale. He won his first Academy Award, and his star power led him to both big-budget studio fare (headlining an all-star cast in the 1972 disaster film ""The Poseidon Adventure""), and small character dramas (such as ""Scarecrow,"" opposite Al Pacino).",0.1,0.39166666666666666
976,"In 1992, the year he appeared in Clint Eastwood's revised western ""Unforgiven"" (as the brutal sheriff ""Little"" Bill Daggett), he also starred on Broadway in ""Death and the Maiden"" with Glenn Close and Richard Dreyfuss, under the direction of Mike Nichols.",-0.3541666666666667,0.5
977,"Hackman was less ""method-y"" than some of his peers, though he admitted that the ways in which he would behave on-screen and off as he inhabited a character — fueled by memories of his dysfunctional family growing up and the slights he faced during his struggling early years – took their toll. Temper tantrums earned him a nickname: ""Vesuvius.""",-0.033333333333333326,0.18333333333333332
978,"When he met up with Daniel Lenihan for some scuba lessons, the two got to talking about adventure books they grew up with, and decided to try writing one — a pirate story. Picking different starting points, Hackman wrote his chapters longhand in spiral notebooks; the two would then meet up at a café to go over their work. ""I would have some pages, he would have some pages,"" Hackman told ""Sunday Morning"" in 2000. ""We would trade. And we'd read them over while we were ordering and eating, and by the end of that couple of hours, we would have critiqued each other's work, and decided where we were going to go from there.""",-0.041666666666666664,0.35833333333333334
979,"""The Wake of the Perdido Star,"" a tale of shipwrecks and piracy set in 1805, was published in 1999. It sold well, but received mixed reviews. He told ""Sunday Morning,"" ""The fact that you're being judged on your intelligence and your skill as a writer, and your skill as a storyteller, that was very tense for me — and being criticized, and finding that you're vulnerable to the critics, in a way that I hadn't experienced before.""",-0.033333333333333326,0.575
980,"He retired from the screen in 2004, and would only return as narrator on a pair of documentaries about the Marines. He turned down most interview requests, but in 2021, to mark the 50th anniversary of ""The French Connection,"" he shared with the New York Post the revelation that he'd only watched the film once. ""Filmmaking has always been risky — both physically and emotionally — but I do choose to consider that film a moment in a checkered career of hits and misses,"" he wrote in an email.",0.0601010101010101,0.5045364357864358
981,"As a child actress, Michelle Trachtenberg (Oct. 11, 1985-Feb. 26, 2025) starred in 1996's ""Harriet the Spy,"" playing Louise Fitzhugh's diminutive detective. She went on to star in two popular TV series, ""Buffy the Vampire Slayer"" and ""Gossip Girl.""",0.6,0.9
982,"Trachtenberg was 8 years old when she began playing Nona Mecklenberg on ""The Adventures of Pete & Pete,"" which ran from 1994 to 1996 on Nickelodeon. She also appeared with Matthew Broderick in the film ""Inspector Gadget.""",0.1,0.2
983,"In 2000 Trachtenberg joined the cast of ""Buffy,"" playing Dawn Summers, the younger sister of Sarah Michelle Gellar's vampire slayer. (She and Gellar had both worked together on ""All My Children"" in the mid-'90s.) Trachtenberg received a Daytime Emmy nomination in 2001 for hosting Discovery's ""Truth or Scare.""",0.0,0.0
984,"On ""Gossip Girl,"" Trachtenberg played the scheming Georgina Sparks. ""It's definitely a lot more fun than playing the good girl,"" she told Seventeen magazine in 2009. ""I never understood why some actors don't want to play villains or evil characters.""",0.1,0.5599999999999999
985,"Her other TV credits included ""Six Feet Under,"" ""The Circuit,"" ""Mercy,"" ""Love Bites,"" ""Weeds,"" ""NCIS: Los Angeles,"" ""Criminal Minds,"" and ""Sleepy Hollow."" Movie roles included ""Euro Trip,"" ""Ice Princess,"" ""Beautiful Ohio,"" ""17 Again,"" ""Black Christmas,"" ""Mysterious Skin,"" ""Sister Cities,"" and ""Killing Kennedy,"" in which she played Marina Oswald, wife of the president's assassin.",0.07976190476190477,0.5726190476190477
986,"Grammy-winning singer and pianist Roberta Flack (Feb. 10, 1937-Feb. 24, 2025) was one of the top recording artists of the 1970s, with such hits as ""Killing Me Softly With His Song,"" ""The First Time Ever I Saw Your Face,"" ""Feel Like Makin' Love"" and ""The Closer I Get To You.""",0.27,0.45666666666666667
987,"Classically trained, Flack earned a full scholarship at age 15 to Howard University, then taught music in D.C.-area junior high schools and performed in jazz clubs. She was discovered in the late 1960s by jazz musician Les McCann, who later wrote that ""her voice touched, tapped, trapped, and kicked every emotion I've ever known."" With her soft soprano voice, Flack's performances were measured and reflective, turning up-tempo songs into warm, soulful ballads.",0.08875,0.33
988,"Signed to Atlantic Records, her debut album, ""First Take"" — a blend of gospel, soul, flamenco and jazz – was released in 1969. One track was a love song by English folk artist Ewan MacColl — music Flack had taught during her years as an educator.",0.25,0.3111111111111111
989,"""The First Time Ever I Saw Your Face"" would make her a star, when her cover of the song, used in the Clint Eastwood film ""Play Misty for Me,"" was released in 1972 as a single and spent six weeks at No. 1. It won her a Grammy for record of the year. The following year she became the first artist to win consecutive Grammys for best record with ""Killing Me Softly With His Song.""",0.2785714285714286,0.2663690476190476
990,"Flack had a hit in the 1980s with the Peabo Bryson duet ""Tonight, I Celebrate My Love,"" and in the 1990s with the Maxi Priest duet ""Set the Night to Music."" In the mid-'90s, the Fugees won a Grammy for their cover of ""Killing Me Softly.""",0.19999999999999998,0.31666666666666665
991,"In 2015,  Flack talked with the Guardian about the cover of ""Killing Me Softly"": "" I love hip-hop. In fact I love music, period. Lauryn Hill recorded 'Killing Me Softly' [with the Fugees] and did an excellent job. She's a  genius musician and so is Wyclef Jean who co-produced it. I'm not going  to hold on to that song with my heart and bleed to death while someone  else covers it; I'm a music lover who has enough experience and common  sense to know that it's good they recorded it and had a hit.""",0.35714285714285715,0.5928571428571429
992,"Overall, Flack won five Grammys and eight more nominations, and received a lifetime achievement Grammy in 2020. She also devoted extensive time to the Roberta Flack School of Music in New York.",0.1590909090909091,0.32196969696969696
993,"On Nov. 22, 1963, Secret Service Agent Clint Hill (Jan. 4, 1932-Feb. 21, 2025) was accompanying the presidential motorcade when shots were fired in Dealey Plaza, striking President John F. Kennedy and Texas Governor John Connolly. Images from that day show Hill jumping atop the presidential limousine to protect first lady Jacqueline Kennedy, who had begun climbing out of the open-top vehicle.",0.11666666666666665,0.6777777777777777
994,"Hill, assigned to the first lady, was riding on the left running board of the follow-up car when he jumped off, and pulled himself onto the trunk of the limousine as the driver accelerated. He forced Mrs. Kennedy back into her seat as the limousine sped off to Parkland Memorial Hospital.",-0.012500000000000011,0.13333333333333333
995,"Haunted by memories of the assassination, Hill, who'd joined the Secret Service in 1958, retired early, and in a 1975 interview with ""60 Minutes,"" told Mike Wallace he blamed himself for JFK's death, saying that if only he'd reacted ""five-tenths of a second faster,"" the president would be alive. ""And I'll live with that to my grave.""",-0.010606060606060614,0.48333333333333334
996,"Twenty years later, in a follow-up interview for ""60 Minutes,"" and in a book, ""Five Days in November,"" Hill shared his sense of failure in protecting the president that led him, in 1990, to return to Dallas. ""I walked the area of Dealey Plaza, I went up into the School Book Depository, I went up to the sixth floor, and I did everything I could to examine exactly the situation: the angles, the weather, all the conditions that existed that day. I came away with the conclusion that on that particular day, all the advantages had gone to the shooter — we didn't have any — and that I had done everything I could to try to prevent the assassination from happening. But I still feel today a sense of failure and responsibility because that was our job: to keep the president safe, to protect him at all costs. And on that particular day, we were unable to do that.""",-0.006250000000000019,0.3145833333333333
997,"The sense of failure fueled a depression that he said damaged his relationships with his family and friends and contributed to the demise of his marriage. ""I drank heavily and I smoked a lot,"" he said. ""It was the only thing that would relieve the pain and the anguish that I had, thinking about what had happened in Dallas in 1963. A friend of mine was a doctor, came to me and said, 'Look, Clint, if you don't change what you're doing, you're going to die. You have a choice to make: live or die.' And I chose to live. And so, it was those words from that doctor that made me realize life was too precious to give up on.""",0.04267676767676767,0.6333333333333333
998,"Hill co-authored several books, wrote a 2005 memoir, ""Between You and Me,"" and became a public speaker about his experiences. He also remarried.",0.0,0.03333333333333333
999,"In his follow-up conversation with ""60 Minutes,"" Hill read a letter that had been written to him by a viewer following his 1975 interview: ""It is a day I shall never forget, nor shall I forget the people so deeply involved in the events of that day. And as I watched you on '60 Minutes,' I wanted to reach out and wrap you in my arms to offer some comfort. But no one who suffered that tremendous loss that day can even feel comfort, and I know you feel that.""",0.1111111111111111,0.5
1000,"Author Tom Robbins (July 22, 1932-Feb. 9, 2025) was a literary prankster whose screwball novels included ""Even Cowgirls Get the Blues,"" ""Another Roadside Attraction,"" ""Still Life with Woodpecker,"" ""Jitterbug Perfume,"" and ""Half Asleep in Frog Pajamas.""",-0.033333333333333326,0.13333333333333333
1001,"A dropout from Washington and Lee University (Tom Wolfe was a classmate), Robbins joined the Air Force for a tad, and moved to the Pacific Northwest in the early 1960s. He was writing for the Seattle Times when a Doubleday editor advanced him $2,500 for what became ""Another Roadside Attraction"" (published in 1971). It became a hit in paperback, and was followed by ""Even Cowgirls Get the Blues,"" featuring Sissy Hankshaw, a young lady with ridiculously enormous thumbs who becomes a proficient hitchhiker. It sold more than 1 million copies.",0.22000000000000003,0.5399999999999999
1002,"Labeled ""the perennial flower child and wild blooming Peter Pan of American letters"" by People magazine, Robbins produced farcical works that captured the wide-open spirit of the 1960s. He understood the era, having lived it so fully — dropping acid, hitchhiking coast to coast, and traveling from Tanzania to the Himalayas. He published eight novels, a novella, and a 2014 memoir (""Tibetan Peach Pie: A True Account of an Imaginative Life""). His last novel was 2003's ""Villa Incognito.""",0.10833333333333332,0.3694444444444445
1003,"""Faulkner had his inbred Southern gothic freak show, Hemingway his European battlefields and cafes, Melville his New England with its tall ships,"" he wrote in ""Tibetan Peach Pie."" ""I had, it finally dawned on me, a cultural phenomenon such as the world had not quite seen before, has not seen since; a psychic upheaval, a paradigm shift, a widespread if ultimately unsustainable egalitarian leap in consciousness. And it was all very up close and personal.""",0.04848484848484849,0.406060606060606
1004,"In the 1990s, when the FBI sought clues to the identity of the Unabomber, they happened upon Robbins' 1980 novel ""Still Life with Woodpecker,"" whose plot features an outlaw bomber. Robbins alleged that the agency sent two agents, both attractive women, to interview him. ""The FBI is not stupid!"" he liked to say. ""They knew my weakness!""",0.4875,0.7250000000000001
1005,"Beyond his frequent appearances on the New York stage, Tony Award-nominated actor Tony Roberts (Oct. 22, 1939-Feb. 7, 2025) was familiar from acting in several Woody Allen films, including ""Annie Hall.""",0.12227272727272727,0.25090909090909086
1006,"He made his first Broadway appearance in ""Something About a Soldier,"" in 1962. When his then-girlfriend got the position of understudy to Elizabeth Ashley in ""Barefoot in the Park,"" she convinced producers to hire Roberts as the understudy to Robert Redford's understudy. Then came a fateful Broadway Show League softball game: ""The guy I was understudying got up at the plate and hit a single, but he tried to stretch it into a double, slid into second base, and then was holding onto his ankle in great pain. His broken ankle was my big break,"" he told Broadway World in 2015. ""I played Redford's role for two weeks and when he left the cast sometime later, I replaced him.""",-0.056493506493506505,0.2906926406926407
1007,"Roberts earned a Tony nomination for the musical ""How Now, Dow Jones,"" and a second for the Woody Allen-scripted ""Play It Again, Sam."" Other stage credits included ""Take Her, She's Mine,"" ""Never Too Late,"" ""The Last Analysis,"" ""Don't Drink the Water,"" ""How Now, Dow Jones,"" ""Promises, Promises,"" ""Sugar"" (an adaptation of the film ""Some Like It Hot""), ""Absurd Person Singular,"" ""They're Playing Our Song,"" ""Doubles,"" ""Arsenic and Old Lace,"" ""Jerome Robbins' Broadway,"" ""The Seagull,"" ""The Sisters Rosensweig,"" ""Victor/Victoria,"" ""Cabaret,"" ""The Tale of the Allergist's Wife,"" ""Xanadu,"" and ""The Royal Family.""",-0.07187500000000001,0.38645833333333335
1008,"He joined Allen and Diane Keaton in the film version of ""Play It Again, Sam"" (directed by Herbert Ross), and went on to appear in ""Annie Hall,"" ""Stardust Memories,"" ""A Midsummer Night's Sex Comedy,"" ""Hannah and Her Sisters,"" and ""Radio Days.""",0.0,0.0
1009,"Other film credits include ""Serpico,"" ""The Taking of Pelham One Two Three,"" ""Just Tell Me What You Want,"" ""Amityville 3-D,"" and ""Seize the Day.""",-0.125,0.375
1010,"He recounted his long career in a 2015 autobiography, ""Do You Know Me?""",-0.05,0.4
1011,"The poster designs of graphic artist David Edward Byrd (April 4, 1941-Feb. 3, 2025), for artists like The Who, Jimi Hendrix, Jefferson Airplane, Traffic, Ravi Shankar, The Grateful Dead, The Rolling Stones, Lou Reed, David Bowie, Prince and Van Halen, perfectly captured the psychedelic era of the 1960s and '70s. Byrd also created ovation-worthy posters for Broadway, for the musicals ""Jesus Christ Superstar,"" ""Follies,"" ""Godspell"" and ""Little Shop of Horrors.""",0.153125,0.575
1012,"One admirer described Byrd's work as ""kind of like Art Nouveau on acid."" Born in Tennessee and raised in Florida, Byrd studied at the Boston Museum School and Carnegie-Mellon University in Pittsburgh. He later taught at the Pratt Institute and the School of Visual Arts in New York City.",0.18409090909090908,0.3386363636363636
1013,"In 1968 he was asked to create a poster for Bill Graham's Fillmore East in New York's East Village. This led to a series of graphics for concerts, tours, and record albums. He won a Grammy for the packaging of the London Philharmonic Orchestra's version of The Who's ""Tommy.""",0.13636363636363635,0.45454545454545453
1014,"The ""Follies"" poster was inspired by an evocative portrait of Marlene Dietrich, painted in bright colors with a crack through her face. It led to numerous Broadway assignments. He also designed the movie poster for the 1975 film version of Nathanael West's ""The Day of the Locust.""",0.35000000000000003,0.6499999999999999
1015,"Beginning in the 1980s, he served as the art director for The Advocate. He published an autobiography, ""Poster Child,"" in 2023.",0.0,0.0
1016,"In a 2016 interview for Carnegie Mellon University, Byrd said, ""When you created a rock poster, the subject matter was neither here nor there. It had to be wild, it had to be mysterious, it had to have fantastic colors, and it had to be difficult to read. I wanted to establish a look that really punched you in the face.""",0.005555555555555564,0.638888888888889
1017,"One of the most accomplished men's figure skaters in history, Dick Button (July 18, 1929-Jan. 30, 2025) was also familiar as a broadcaster, covering skating and Olympic events for more than four decades.",0.39375,0.5
1018,"In 1946, at age 16, he was the youngest U.S. men's champion, and two years later he won gold at the St. Moritz Olympics — the first American to win the men's event. The winner of five consecutive world championships (1948-1952), Button performed the first double axel in any competition.",0.21666666666666667,0.17777777777777778
1019,"In 1952, Button (then a student at Harvard, where he earned a law degree) won a second gold at the Oslo Games, with the first triple jump in competition. He also invented the flying camel spin. He gave up his eligibility as an amateur to perform in the Ice Capades.",0.0,0.19444444444444442
1020,"After the 1961 world championships were canceled following a plane crash that killed the entire U.S. figure skating team, Button persuaded ABC Sports executive Roone Arledge to televise the 1962 event on ""Wide World of Sports."" Button joined the network as a commentator, bringing figure skating to a mainstream TV audience as an Emmy-winning sports analyst.",-0.07500000000000001,0.28125
1021,"Button later ran professional skating events, including the World Professional Figure Skating Championships, and the Challenge of Champions. His company, Candid Productions, helped to produce programs such as ""Battle of the Network Stars"" and ""The Superstars.""",0.16,0.3
1022,"In a 2014 interview with The New York Times, Button said he never tired of talking about skating: ""Skating encourages you to learn about so many art forms: dance, performance, athleticism, history, choreography, even haute couture. How could anyone tire of it?""",0.2787878787878788,0.5515151515151515
1023,"He didn't tire of describing his own legacy: ""I was a skater with a lot of hair who too frequently wore sassy jackets,"" he said.",0.35,0.65
1024,"She was the archetypal Sixties rock chick; a pop star at 17; Mick Jagger's muse at 19; and by 24, a junkie on the streets. But Marianne Faithfull (Dec. 29, 1946-Jan. 30, 2025), who burst out of the '60s British Invasion with the hit ""As Tears Go By,"" launched a second act in the late 1970s. Her lithe voice, later weathered from surviving sex, drugs, and rock 'n' roll, was brought forth in such albums as ""Broken English,"" ""Dangerous Acquaintances,"" and ""Easy Come, Easy Go.""",-0.043333333333333314,0.4066666666666666
1025,"The daughter of an eccentric British professor and an Austrian baroness, Faithfull was just out of convent school, and was performing as a folk singer, when she was discovered at a party by the manager of the Rolling Stones. Jagger and Keith Richards wrote her breakthrough hit, ""As Tears Go By.""",0.0,0.25
1026,"Just as her career exploded, at 18, she married a London art dealer and had a baby. ""I was very overenthusiastically eager for life,"" she told ""Sunday Morning"" in 2009. ""I wanted to just bite into it and swallow it whole.""",0.21666666666666667,0.3166666666666667
1027,"She then left her marriage for Jagger. They became one of Swinging London's most photographed couples. Then, in February 1967, British police barged into a Rolling Stones party at Richards' home. The police found drugs, and Marianne naked in a fur rug. Though charges were later dropped, Faithfull's image was disgraced. She felt she'd let her parents down: ""I think that's the worst feeling in the world,"" she told Anthony Mason.",-0.09365079365079365,0.31269841269841275
1028,"She played up the ""bad girl"" image by acting in the film ""Girl on a Motorcycle."" But she miscarried Jagger's child after eight months, and while on a trip to Australia with Jagger, she swallowed 150 sleeping pills. She spent six days in a coma. Faithfull recovered, but her relationship with Jagger did not.",-0.22499999999999995,0.19166666666666665
1029,"She fell into heroin addiction. She said, ""It's certainly not what I was dreaming of when I was 8 or 10 – I'm going to grow up and become a junkie and live on the street!"" she said. She would lose custody of her son, Nicholas, and the damage began to show in her singing voice. But in 1979, she pulled herself together to release a raw and daring comeback album, ""Broken English."" ""I became myself,"" she said, ""and it was not a person people thought I was. It was more intelligent, stronger, ravaged in its own way, but very quite interesting.""",0.20325424575424575,0.5132967032967033
1030,"It would be several more years before she freed herself of addiction, and in 2008 recorded ""Easy Come, Easy Go,"" with Sean Lennon, Rufus Wainwright, Nick Cave, Cat Power, and Keith Richards. She also returned to acting, in ""Paris, Je T'aime,"" ""Marie Antoinette,"" and ""Faces in the Crowd.""",0.2733333333333333,0.4333333333333334
1031,"Faithfull said she appreciated the long, hard road she'd traveled: ""I think I've been very unconscious for a long time, and only now have I begun to get it. As long as I got it before I croaked, I think that's the main thing.""",0.015625,0.434375
1032,"The works of the Pulitzer Prize-winning cartoonist and humorist Jules Feiffer (Jan. 26, 1929-Jan. 17, 2025) included a long-running comic strip, plays, screenplays and children's books in which he chronicled childhood, urban angst, politics, sexism, war, and other topics. To each he brought a sharp wit and acute observations of the personal and political quandaries that colored 20th century life.",0.075,0.365625
1033,"As Feiffer explained to the Chicago Tribune in 2002, his work dealt with ""communication and the breakdown thereof, between men and women, parents and children, a government and its citizens, and the individual not dealing so well with authority.""",0.0,0.4
1034,"After attending the Pratt Institute in New York City, Feiffer drew his first comic strip, ""Clifford,"" from the late 1940s until he was drafted in 1951. After leaving the Army, he returned to cartooning, and joined The Village Voice beginning in 1956. Feiffer became a fixture of the New York City alternative weekly newspaper. His satirical strip, ""Feiffer,"" ran there for more than four decades.",0.1621212121212121,0.47373737373737373
1035,"He also wrote novels, plays and screenplays, to convey ideas, he told Time magazine, that he felt he couldn't address ""in six panels of a cartoon."" His book ""Passionella"" became the basis of the musical ""The Apple Tree."" He won an Obie Award for 1967's ""Little Murders,"" and wrote ""The White House Murder Case,"" ""A Think Piece,"" ""Knock Knock,"" ""Grown Ups,"" and ""A Bad Friend."" He wrote ""Carnal Knowledge"" as both a play and a film, directed by Mike Nichols. He also scripted Robert Altman's film based on the ""Popeye"" comic strip.",-0.12749999999999997,0.3333333333333333
1036,"One of his most enduring works was his illustrations for ""The Phantom Tollbooth,"" published in 1961. The adventure story of a bored child who is transformed upon entering a magic tollbooth, it was written by Feiffer's friend, Norton Juster. ""Norton would read me what he had written,"" Feiffer told ""Sunday Morning"" in 2012, ""and in order to avoid doing the work I was supposed to doing, I began sketching characters for the 'Phantom Tollbooth.' And as it evolved, it just seemed like a natural act, that if this book was going to be Illustrated, why not by me?""",0.15,0.725
1037,"In six undistinguished seasons as a catcher in the majors, Bob Uecker (Jan. 26, 1934-Jan. 16, 2025) played for four teams, with a career batting average of .200. But for a half-century as a play-by-play announcer, the Milwaukee native was a mascot for his city, and for the sport at which he never quite excelled, his enthusiasm and humor earning him the nickname ""Mr. Baseball.""",-0.15,0.39999999999999997
1038,"Hired by the Milwaukee Brewers as a scout, Uecker demonstrated his lack of ability in that department. But then, the team's owner moved him to the broadcast booth, where Uecker stayed for 54 years.",0.0,0.0
1039,"A favorite Uecker line? ""'Juuuuust a bit outside.' That's where my wife put me a lotta times!""",0.25,0.525
1040,"His dry wit fueled his second career as an actor, comedian, commercial pitchman, and perennial guest on Johnny Carson's ""Tonight Show."" He notably played announcer Harry Doyle in the ""Major League"" movies.",0.09916666666666667,0.32
1041,"In 2024, Uecker told ""Sunday Morning"" he shared a bond with players on the field: ""I played the game. So, I know how hard it is. I know how tough it is. ... The game celebrations, when we win, that's a big part of it, man, to be able to walk into that clubhouse and be with 'em.""",-0.025793650793650796,0.4714285714285714
1042,"Writer, director and painter David Lynch (Jan. 20, 1946-Jan. 15, 2025) was a remarkable cinematic visionary, whose films ""Blue Velvet,"" ""Mulholland Drive,"" ""Lost Highway,"" and the TV series ""Twin Peaks"" were highly stylized dream states, evoking lost innocence, eroticism, and the roiling mysteries that exist underneath placid, peaceful exteriors. His films' interior logic would invariably prompt more questions than answers, but the imagery and sonic sensations he mastered would generate a tremendous devotion from his fellow filmmakers and audiences.",0.21166666666666667,0.53625
1043,"A Montana native, Lynch studied at the American Film Institute and turned his thesis project into his first feature, ""Eraserhead,"" a black-and-white experimental film about parenthood. Its exceptional photography and sound design made it a cult favorite. On the basis of ""Eraserhead,"" Lynch was hired by Mel Brooks' production company to write and direct his first Hollywood feature, ""The Elephant Man."" Lynch earned two Oscar nominations.",0.2833333333333333,0.48333333333333334
1044,"He turned down George Lucas' offer to direct the third ""Star Wars"" film, ""Return of the Jedi,"" and instead tackled Frank Herbert's ""Dune."" A visual feast, the film was a critical failure. But his relationship with producer Dino de Laurentiis got him his next major film, ""Blue Velvet,"" an idiosyncratic murder mystery starring Kyle MacLachlan, Isabella Rossellini and Dennis Hopper.",-0.034413580246913586,0.2654320987654321
1045,"Lynch's subsequent films, for the most part, were similarly dream-like in their narrative and presentation: ""Wild at Heart,"" ""Lost Highway,"" ""Mulholland Drive,"" ""Inland Empire."" But his biggest imprint on the popular zeitgeist was with the 1990 TV series ""Twin Peaks,"" about the investigation into a teenage girl's murder. A wonderfully moody drama, it blended the form of TV soap operas with the paranormal, all in the deceptively tranquil setting of a Pacific Northwest logging town. Though only on ABC for two seasons, it spawned a feature film spinoff, ""Twin Peaks: Fire Walk With Me,"" and a follow-up series on Showtime, in 2017.",0.275,0.53125
1046,"Despite being the director of some dark movies, Lynch called himself a ""bliss ninny."" A longtime practitioner of transcendental meditation (or TM), in 2005 he began the David Lynch Foundation for Consciousness-Based Education and World Peace. One of its goals: to teach students how to meditate.",-0.15,0.4
1047,"Lynch told ""Sunday Morning"" in 2016 that he vividly remembers his very first experience with TM: ""I started meditation on July 1, 1973, on a sunny Saturday morning at 11 o'clock. I remember it as if it was yesterday. And it was so beautiful. I've been meditating twice a day for over 41 years and never missed a meditation.",0.43333333333333335,0.7277777777777779
1048,"""People see things like stress, traumatic stress, tension, anxiety, sorrow, depression, hate, anger and fear start to lift away,"" Lynch said. ""So, it's like pure gold coming in from within, and garbage going on.""",-0.4285714285714286,0.5333333333333333
1049,"In the 1960s, Sam Moore (Oct. 12, 1935-Jan. 10, 2025) was one half of soul music's most explosive duo, Sam & Dave, who were known as ""double dynamite"" and ""the sultans of sweat."" Their string of 10 straight Top 20 R&B hits included two soul masterpieces, ""Hold On, I'm Comin',"" ""and ""Soul Man.""",0.2066666666666667,0.31333333333333335
1050,"Moore developed his pleading tenor voice while singing in church (he initially wanted to become a preacher). In 1957, he was set to travel to Chicago to replace the great Sam Cooke in a gospel group, The Soul Stirrers. But then, he told ""Sunday Morning"" in 2014, he attended a Jackie Wilson concert: ""He was singing and winking and blinking and gyrating the body. ... I saw men screaming, women, and I said, I want to do that!"" laughed Moore. He ended up hiding from the gospel group, who left for Chicago without him. ""They had to, because they couldn't find me!"" he laughed.",0.4166666666666667,0.24166666666666667
1051,"Moore met Dave Prater at a Miami nightclub, and their routine came together by accident. The two didn't even rehearse. ""It was all spontaneous. … We used the stage in the nightclubs like a pulpit. I preached. You would hear people from the audience go, 'Say it, Sam. Tell the truth, Sam.'""",0.6,0.9
1052,"Producer Jerry Wexler later caught their act, signed the duo to Atlantic Records, then sent them to Memphis, where Stax Records paired Sam & Dave with two young songwriters, Dave Porter and Isaac Hayes. The team turned out such hits as ""Soul Man,"" ""You Got Me Hummin,'"" ""Said I Wasn't Gonna Tell Nobody,"" ""When Something Is Wrong with My Baby,"" ""I Thank You,"" ""Everybody Got to Believe in Somebody,"" and ""Soul Sister Brown Sugar.""",-0.1,0.45
1053,"Moore's relationship with Prater was tumultuous, and never recovered after Prater shot and wounded his own wife in a domestic dispute in 1968. Moore recalled that he told Prater, ""'I'll sing, I'll even record with you. But I'll never talk to you again. Never. And I didn't for 12-and-a-half years. Didn't."" (Prater died in a car accident in 1988.)",0.3,0.55
1054,"Moore continued to tour, and in 2006 released the album ""Overnight Sensational,"" in which he performed alongside such artists as Bruce Springsteen, Jon Bon Jovi, Mariah Carey, Sting, Billy Preston and Eric Clapton. He also recorded a tribute to George Jones with the country band Nu-Blu.",0.3333333333333333,0.5833333333333333
1055,In 1992 Moore and (posthumously) Prater were inducted into the Rock & Roll Hall of Fame.,0.0,0.0
1056,"He told ""Sunday Morning"" that he had always been uncomfortable being called the original ""Soul Man."" ""But I know this: at the end of the night, before I leave the stage, I better do 'Soul Man.' Gotta do it. Do I get tired? Ya, but you know what? When they go into it and I look up and see them jumpin' up and down, it all leaves.""",-0.03611111111111112,0.6477777777777778
1057,"David Morgan is senior producer for CBSNews.com and the Emmy Award-winning ""CBS News Sunday Morning."" He writes about film, music and the arts. He is author of the books ""Monty Python Speaks"" and ""Knowing the Score,"" and editor of ""Sundancing,"" about the Sundance Film Festival.",0.0,0.0
1058,By                                              Kerry Breen,0.0,0.0
1059,"March 7, 2025 / 11:17 AM EST          / CBS News",0.0,0.0
1060,"An unmanned spaceplane sent into Earth's orbit in late 2023 returned on Friday, landing at California's Vandenberg Space Force Base overnight, the U.S. Space Force said on Friday.",-0.55,0.8
1061,"The X-37B Orbital Test Vehicle-7 was launched into space by SpaceX's Falcon Heavy for a classified, long-duration military mission for the U.S. Space Force on Dec. 29, 2023, CBS News previously reported. It was in high Earth orbit, or about 20,000 miles above the planet's surface, for 434 days. The test vehicle had no crew.",-0.06133333333333333,0.2813333333333333
1062,"The U.S. Space Force said in a news release that the craft had ""accomplished a range of test and experimentation objectives intended to demonstrate the X-37B's robust maneuver capability while helping characterize the space domain through the testing of space domain awareness technology experiments"" while in orbit. One of those objectives included testing a new process called aerobraking, which saw the craft safely change orbit while using minimal fuel, the Space Force said on social media last month.",0.1282828282828283,0.3646464646464647
1063,"An X-37B onboard camera, used to ensure the health and safety of the vehicle, captures an image of Earth while conducting experiments in HEO in 2024.The X-37B executed a series of first-of-kind maneuvers, called aerobraking, to safely change its orbit using minimal fuel. pic.twitter.com/ccisgl493P",0.2,0.55
1064,"Another set of experiments tested ""space domain awareness technology,"" which helped improve the Space Force's knowledge of the space environment, according to the news release. With space an ""increasingly congested and contested environment,"" knowledge of surrounding environments is ""to the benefit of all users,"" the Space Force said.",0.0,0.0
1065,"The craft landed successfully at Vandenberg Space Force Base at 2:22 a.m. ET, or 11:22 p.m. local time. The landing tested the craft's ability to recover across multiple sites, the Space Force said.",-0.012500000000000011,0.4875
1066,"Photos shared online show the vehicle on the ground at the base, with Space Force members standing nearby. The base has a three-mile long runway specifically built for B-37 craft, CBS News previously reported.",-0.4541666666666667,0.6416666666666666
1067,"The X-37B Orbital Test Vehicle-7 (OTV-7), the U.S. Space Force’s dynamic unmanned spaceplane, successfully deorbited and landed at Vandenberg Space Force Base, California, on Mar. 7, 2025 at 02:22 a.m. EST. #X37B #USSF pic.twitter.com/L7pgNAVhMg",-0.01666666666666668,0.7055555555555556
1068,"X-37B program director Lt. Col. Blaine Stewart said the craft's successful operations ""have written an exciting new chapter"" and mark a ""significant milestone in the ongoing development of the U.S. Space Force's dynamic mission capability.""",0.3122727272727273,0.6492424242424242
1069,"The Space Force has access to two X-37B craft. The crafts, built by Boeing, are designed to help test avionics and advanced sensors, evaluate reusable spacecraft components and provide a platform for experiments that can be analyzed on Earth. The space planes feature delta wings, heat shield tiles and a compat payload bay, and are powered by an extendable solar array that allows for extremely long flights.",0.17500000000000002,0.5
1070,William Harwood                          contributed to this report.,0.0,0.0
1071,"Kerry Breen is a news editor at CBSNews.com. A graduate of New York University's Arthur L. Carter School of Journalism, she previously worked at NBC News' TODAY Digital. She covers current events, breaking news and issues including substance use.",-0.007575757575757576,0.2553030303030303
1072,© 2025 CBS Interactive Inc. All Rights Reserved.,0.0,0.0
1073,By                                      Sarah Metz,0.0,0.0
1074,"Updated on:  March 6, 2025 / 8:35 PM EST          / CBS News",0.0,0.0
1075,"Butterflies, known for their beauty and vital role in pollination, are vanishing from U.S. landscapes at an alarming rate. A comprehensive study, published Thursday in the journal Science, found that 22% of butterflies in the United States disappeared between 2000 and 2020.",0.0,0.5
1076,The new research offers a stark warning about the potential future of these cherished insects.,0.007272727272727269,0.4359090909090909
1077,"""Losing one out of every five butterflies over 20 years should be a big wake-up call to people,"" said Dr. Eliza Grames, an assistant professor of biological sciences at Binghamton University and co-author of the study. ""These declines are not stopping.""",0.0,0.1
1078,"While butterflies are the most extensively monitored insect group in the U.S., most past studies have been limited by geography or focused on specific species, a news release on the study said. The researchers behind the Science study used data from more than 12.6 million butterflies spanning 342 individual species, drawing from 76,000 surveys across 35 nationwide monitoring programs.",0.0865079365079365,0.38346560846560845
1079,"Funded by the U.S. Geological Survey, the study was the first to integrate such a vast dataset, its authors said. The findings revealed that 33% of butterfly species have experienced significant population declines over the past two decades, with 107 out of the 342 species examined losing more than half of their population — including 22 species that declined by more than 90%. Meanwhile, only 3% of species showed population increases.",0.20083333333333334,0.6025
1080,"One of the most striking examples is the monarch butterfly. In December 2024, the U.S. Fish and Wildlife Service proposed listing the monarch under the Endangered Species Act, saying the species' eastern population has declined by about 80% and the western population has dropped by more than 95% since the 1980s.",0.375,0.5
1081,The species was already designated an endangered species by the International Union for the Conservation of Nature in 2022.,0.0,0.0
1082,"Ultimately, the butterfly decline is part of a larger global trend of insect population loss, with insects declining by about 1-2% annually, the study's authors said.",0.0,0.5
1083,"Butterflies play an essential role in ecosystems, pollinating flowers, crops, and other plants. Their decline could have far-reaching impacts on plant reproduction and the health of ecosystems.",-0.0625,0.3375
1084,"According to the Science study, habitat loss, climate change, and pesticide use are driving their declines. Rising temperatures and changing climates threaten butterfly populations by disrupting breeding cycles, reducing food sources, and increasing habitat stress. Insecticides have been identified as leading causes of butterfly decline, which can be tackled with policy intervention such as restricting harmful insecticides, promoting integrated pest management and encouraging diversified cropping, according to the study.",0.0,0.5
1085,"Despite the declines, individuals can take steps to help butterfly populations recover, Grames said.",0.0,0.0
1086,"""One of the really positive messages about insect conservation is that the things we do in our own backyards actually make a difference,"" she said.",0.27575757575757576,0.5484848484848485
1087,"She recommends allowing a portion of yards to grow wild with native plants, reducing pesticide use, and creating habitat spaces like small brush piles for insects. ""Even simple actions — like leaving a strip of wildflowers or planting species that support pollinators — can provide crucial resources for butterflies and other insects.""",-0.05500000000000001,0.5064285714285715
1088,"On a larger scale, experts say conservation efforts, including habitat preservation and climate adaptation strategies, are also essential to protecting vulnerable species and ensuring butterfly populations remain resilient in the face of ongoing environmental changes.",-0.16666666666666666,0.43333333333333335
1089,© 2025 CBS Interactive Inc. All Rights Reserved.,0.0,0.0
1090,By                                              Kaia Hubbard,0.0,0.0
1091,"March 9, 2025 / 12:48 PM EDT          / CBS News",0.0,0.0
1092,"Washington — Department of Homeland Security Secretary Kristi Noem said Sunday that she plans to use the ""broad and extensive"" authorities of her role to follow through on President Trump's promises.",0.03125,0.32291666666666663
1093,"""I plan to use every single one of them to make sure that we're following the law, that we are following the procedures in place to keep people safe, and that we're making sure we're following through on what President Trump has promised — that he's going to make America safe again,"" Noem said on ""Face the Nation with Margaret Brennan.""",0.24107142857142858,0.41150793650793654
1094,"The comments came as DHS has been administering polygraph tests to its personnel to determine who may be leaking information to the media about its ongoing immigration raids, an agency spokesperson confirmed to CBS News Saturday.",0.4,1.0
1095,"Noem said on Sunday that the tests will continue, while pledging that the leakers will be prosecuted — and could face up to 10 years in federal prison.",0.0,0.0
1096,"""Anyone who is leaking information outside of how something is planned for the safety of those law enforcement officers needs to be held accountable for that,"" Noem said.",0.0,0.05
1097,"Noem, who was confirmed and sworn in as DHS secretary in late January, touted the administration's work on the border so far, saying ""we've seen incredible progress"" since Mr. Trump took office. She noted that the progress can be built upon, including by working with the Mexican government to ""make sure we not only have the enforcement mission at the border, but south of the border, and make sure we're going after these cartels.""",0.2625,0.7847222222222223
1098,"The DHS secretary argued that due to the Trump administration's tariffs, imposed last week and later delayed on Canada and Mexico, ""we're seeing them wanting to be better partners with us to keep our people safe.""",0.175,0.28833333333333333
1099,"Noem stressed that the tariffs are about stopping fentanyl from entering the country, saying Mr. Trump is committed to making the country safer.",0.0,0.0
1100,"""The president obviously wants a strong economy, obviously wants better trade deals as well, but this is about fentanyl and what we can do to stop the cartels from partnering with Chinese officials laundering money and bringing a poison into our country that is specifically designed to kill the next generation,"" Noem said.",0.2222222222222222,0.23888888888888885
1101,"Noem also announced Sunday that Todd Lyons will be serving as acting director of Immigration and Customs Enforcement, who she said has a long history with border czar Tom Homan. Madison Sheahan will serve deputy secretary, she said.",-0.025,0.2
1102,"Amid the administration's effort to crackdown on illegal immigration and pledge to conduct the largest deportation operation in American history, illegal border crossings fell to a 25-year low last month. Asked whether she plans to keep the 6,000 military personnel at the southern border, Noem said they'll remain ""until that border is completely secure, and we see all time record lows of encounters.""",-0.08750000000000001,0.25833333333333336
1103,"""Our border patrol is doing fantastic work, but we're going to keep them there until the whole world gets the message that this isn't Joe Biden's world anymore,"" Noem said. ""This is President Donald Trump's country where we have a border, where we have laws and it applies equally to everybody.""",0.20000000000000004,0.5166666666666667
1104,"Still, the administration faces a capacity issue, with a limited number of beds for detainees. Noem said there is a plan to use a military facility at Fort Bliss in Texas for detentions, while urging that the administration needs Congress to approve more funding for the operations.",0.10952380952380952,0.24761904761904763
1105,"""We have just weeks before we are out of the funds to continue the operations that we have,"" Noem said.",0.0,0.0
1106,"Kaia Hubbard is a politics reporter for CBS News Digital, based in Washington, D.C.",0.0,0.0
1107,© 2025 CBS Interactive Inc. All Rights Reserved.,0.0,0.0
1108,By                                              William Harwood,0.0,0.0
1109,"Updated on:  March 6, 2025 / 8:30 PM EST          / CBS News",0.0,0.0
1110,"A second commercially-built moon lander, this one built by Houston-based Intuitive Machines, landed near the moon's south pole Thursday, but telemetry indicated it ended up on its side.",0.05,0.2
1111,"The lander is ""alive,"" Intuitive Machines CEO Steve Altemus said, but it's not yet known what mission objectives can still be met.",0.1,0.4
1112,"""We don't believe we're in the correct attitude (orientation) on the surface of the moon yet again,"" Altemus disclosed. ""I don't have all the data yet to say exactly what the attitude of the vehicle is. We're collecting photos now and downlinking those, and we're going to get a picture from the Lunar Reconnaissance Orbiter camera from above, from orbit, and we'll confirm that over the coming days as we get that data down.""",0.03148148148148147,0.21296296296296294
1113,"The touchdown came one year after Intuitive's first moon lander, named Odysseus, landed on the moon while still moving sideways. A landing leg broke and the spacecraft tipped over on its side, limiting the mission's scientific return. Intuitive's stock fell 20% in the wake of the latest landing problem.",0.375,0.6166666666666667
1114,"Known as Athena, the IM-2 spacecraft from Intuitive Machines was launched eight days ago by a SpaceX Falcon 9 rocket. Sharing the ride to space were three other spacecraft: a moon-bound NASA orbiter known as the Lunar Trailblazer, a commercial deep space asteroid prospecting probe named Odin, and a privately-built space tug designed to work in Earth orbit.",-0.041666666666666664,0.25833333333333336
1115,"NASA lost contact with its Lunar Trailblazer satellite shortly after launch, and AstroForge ran into problems commanding its Odin prospector probe. Both payloads are likely lost, officials say.",0.0,0.65
1116,"Athena carried a set of sophisticated instruments, two small rovers, experimental cellular communications gear and a rocket-powered ""hopper"" designed to bounce from site to site near the lander. The lander apparently touched down 100 miles or so from the moon's south pole around 12:30 p.m. EST.",0.057407407407407386,0.4731481481481481
1117,The exact timing and the lander's exact location were not immediately known as company flight controllers worked to evaluate confusing telemetry from the spacecraft.,0.06666666666666667,0.3
1118,"But they eventually confirmed the spacecraft's main engine had shut down, its solar cells were generating power and the lander's flight computer was in contact with company flight controllers, acknowledging commands as they were received.",0.13703703703703704,0.5407407407407407
1119,"Altemus, a former NASA shuttle engineer and senior manager at the Johnson Space Center, said the most reliable information came from the lander's inertial measurement unit, or IMU, which indicated Athena was resting on its side.",0.13333333333333333,0.19999999999999998
1120,"""We think that's the case,"" he said. ""I would like to get a picture, though, to know the orientation of exactly where the antennas are pointed, where the engine bell is pointed, where are the solar panels so that we can figure out a power profile.""",0.25,0.25
1121,"""With the payloads, we can talk to them and command them on and off. So if we can figure out the orientation correctly with imagery, we can then develop a power profile (that will) result in a series of priorities in the science and technology list that would allow us to capture some mission objectives.""",0.0,0.0
1122,But time is short. The solar-powered Athena will only be able to operate for about 10 days before the sun sets and darkness sweeps over the landing site at the end of the lunar day.,0.16666666666666666,0.6416666666666667
1123,"""When we get that full assessment, we will then work closely with NASA science and technology groups to identify science objectives that are the highest priority,"" Altemus said. ""And then we'll figure out what the mission profile will look. It will be off-nominal because we're not getting everything that we had asked for in terms of power generation, communications, et cetera.""",0.35,0.55
1124,"The lander braked into orbit Monday, five days after launch from the Kennedy Space Center. Thursday morning, while flying over the far side of the moon, Athena's main engine fired, starting a process to lower the far side of its orbit from about 62 miles to a little more than 6 miles.",0.08273809523809524,0.5047619047619047
1125,"During the coast down to lower altitude, the lander presumably used its cameras and lasers in a terrain relative navigation system to constantly monitor altitude and velocity, keeping the spacecraft on course toward the landing site.",-0.051851851851851864,0.2074074074074074
1126,"As it neared the target, the main engine fired again in a maneuver called powered descent initiation, designed to sharply reduce its initial 4,000-mph velocity. Once the braking maneuver was complete, Athena was programmed to flip upright into a vertical, tail-down orientation for the final phase of the descent, scanning the surface ahead for hazards.",0.028333333333333332,0.4966666666666667
1127,The lander was expected to descend at a sedate 2.2 mph for the final drop to the surface in lunar highlands known as the Mons Mouton region. But the spacecraft autonomously maneuvered to find a safer landing area after evaluating the surface ahead. The details of the final phases of the descent are not yet known.,0.07500000000000001,0.7749999999999999
1128,"NASA is targeting the south polar region for astronaut landings, in large part because data from orbiting satellites indicate ice may be present in permanently shadowed craters that never see the light of the sun and are among the coldest spots in the solar system.",0.13273809523809524,0.34464285714285714
1129,The water molecules presumably were delivered over billions of years by comet impacts and interactions between moon dust and the electrically charged solar wind.,0.0,0.0
1130,"The innovative ""Grace"" hopper was designed to jump into one of those dark craters about a quarter of a mile from Athena for in situ measurements, radioing its observations back to the lander using 4G/LTE cellular network equipment provided by Nokia.",0.11666666666666665,0.4666666666666666
1131,"Other instruments on the lander were expected to look for the chemical traces of water and other compounds, along with taking measurements of soil temperature and composition. Two small rovers were on board to explore the landing site and to test innovative mobility systems.",-0.019999999999999997,0.51
1132,"Altemus said it may still be possible to deploy the hopper and the rovers, but that will depend on the lander's orientation.",0.0,1.0
1133,Athena's arrival is the second of three to reach the moon this year.,0.0,0.0
1134,"A lander built by Austin-based Firefly Aerospace successfully touched down on the moon early Sunday, March 2. The commercially-developed Blue Ghost lander is equipped with 10 NASA-sponsored instruments designed to collect data needed for the Artemis program.",0.1736111111111111,0.40972222222222227
1135,NASA agreed to pay Firefly Aerospace $101 million for delivery of the agency-sponsored science instruments and technology demonstrations to the moon's surface. The instruments cost NASA another $44 million.,0.0,0.0
1136,"Athena's instruments and technology demonstrations also were funded by NASA. The agency paid the company $62.5 million to deliver a powerful drill and mass spectrometer, known collectively as Prime-1, to the moon's surface.",0.3,1.0
1137,"NASA's ""tipping point"" technology development program paid $15 million for Nokia's cellular communications integration and another $41 million went to Intuitive Machines to help finance the ""Grace"" hopper.",0.0,0.0
1138,Another $89 million paid for a lunar satellite built by Lockheed Martin that was launched on the same Falcon 9 rocket as Athena. But the Lunar Trailblazer satellite dropped out of contact with Earth shortly after launch and has not been heard from since.,0.0,0.2125
1139,Blue Ghost and Athena were both funded in large part by NASA's Commercial Lunar Payload Services (CLPS) program. The CLPS initiative is aimed at encouraging private industry to launch agency payloads to the moon to collect needed science and engineering data before Artemis astronauts begin work on the surface later this decade.,0.04285714285714286,0.18071428571428572
1140,"In the meantime, a Japanese lander known as Resilience was launched in January atop the same Falcon 9 rocket that boosted the Blue Ghost into space. Built by Tokyo-based ispace, Resilience took a longer, low-energy route to the moon and will not arrive until early June.",0.025,0.13125
1141,Miles Doran                          contributed to this report.,0.0,0.0
1142,"Bill Harwood has been covering the U.S. space program full-time since 1984, first as Cape Canaveral bureau chief for United Press International and now as a consultant for CBS News.",0.125,0.16666666666666666
1143,© 2025 CBS Interactive Inc. All Rights Reserved.,0.0,0.0
1144,By                                      Kiki Intarasuwan,0.0,0.0
1145,"March 9, 2025 / 5:31 PM EDT          / CBS News",0.0,0.0
1146,"Prince Frederik of Luxembourg has died at the age of 22 from POLG mitochondrial disease, a rare genetic disorder that he was born with, his family announced.",0.3,0.9
1147,"Frederik de Nassau died in Paris on March 1, a day after internationally recognized Rare Disease Day, which takes place on the last day of February, Prince Robert of Luxembourg said in a statement posted to the POLG Foundation website. Prince Frederik founded the organization in 2021 to help raise awareness about the condition.",0.09999999999999999,0.32222222222222224
1148,"Prince Robert; his wife, Princess Julie of Nassau; and Prince Frederik's siblings, Alexander and Charlotte, were all able to say goodbye to him on his last day, the patriarch said. One of the last things Frederik asked him was, ""Papa, are you proud of me?"" according to Prince Robert.",0.325,0.4395833333333333
1149,"""He had barely been able to speak for several days, so the clarity of these words was as surprising as the weight of the moment was profound,"" Prince Robert wrote. ""The answer was very easy, and he had heard it oh so many times…. but at this time, he needed reassurance that he had contributed all that he possibly could in his short and beautiful existence and that he could now finally move on.""",0.29515151515151516,0.6386363636363636
1150,"The young prince was remembered as a joyful person with ""indomitable lust for life."" He was learning Italian and was a big fan of the U.S. adaptation of ""The Office,"" which he has seen over 10 times in its entirety, Prince Robert said.",0.025,0.35000000000000003
1151,"POLG is the name for a gene that provides instructions for making the active piece, called the alpha subunit, of a protein called polymerase gamma, according to the National Library of Medicine.",-0.13333333333333333,0.6
1152,"There are multiple POLG-related diseases and conditions, including Alpers-Huttenlocher syndrome, Ataxia neuropathy spectrum and Childhood myocerebrohepatopathy spectrum.",0.0,0.0
1153,"Frederik was born with POLG disease, but he wasn't diagnosed until he was 14 years old, his father said.",0.1,0.2
1154,"According to the POLG Foundation, the mitochondrial disorder Frederik had ""robs the body's cells of energy,"" and can cause a variety of symptoms, including progressive dysfunction and failure of multiple organs.",-0.15833333333333335,0.15
1155,"""One might compare it to having a faulty battery that never fully recharges, is in a constant state of depletion and eventually loses power,"" the PoLG Foundation said on its website.",-0.15,0.21666666666666667
1156,"Experts estimate that about 2% of the population carry POLG mutations. However, the total number of people with POLG-related diseases is unclear. One study of adults in Australia with POLG mutations found that 10% of them had POLG-related diseases.",0.0,0.75
1157,© 2025 CBS Interactive Inc. All Rights Reserved.,0.0,0.0
1158,"December 18, 2024 / 8:32 PM EST          / CBS News",0.0,0.0
1159,What started out as a college romance ended in murder and mystery.,0.0,0.0
1160,"1994 – Scott Peterson and Laci Rocha met in 1994 while both were attending college at California Polytechnic State University. They married two years later. In 2002, Laci became pregnant. The two lived in Modesto, California and planned to raise their unborn son Conner there.",0.19444444444444442,0.25
1161,"December 24, 2002 – Scott Peterson says that on Christmas Eve morning, he left his pregnant wife alone to go fishing about 90 miles away at the Berkeley Marina. He says that Laci planned to walk the couple's dog, McKenzie, and mop the kitchen floor. When Scott returned home hours later, he says he found McKenzie there alone, still wearing a leash – but no sign of Laci. That evening, Laci's stepfather called the police to report her missing.",0.033333333333333326,0.1375
1162,"Family, friends, and volunteers launched a huge search for Laci Peterson.",0.4000000000000001,0.9
1163,"Scott Peterson was interviewed by police in the early hours of Christmas Day.  Now-retired Modesto Police Detective Jon Buehler says Scott didn't seem as interested as one would expect. ""Oftentimes, a victim who's left behind is firing tons of questions at us … And we didn't get any of that from him,"" Buehler told ""48 Hours.""",-0.025000000000000012,0.31
1164,"December 30, 2002 – Less than a week after Laci Peterson went missing, Modesto detectives raced over to investigate an intriguing lead: a Fresno massage therapist named Amber Frey revealed that she had been dating Scott Peterson for over a month. She told police that Peterson had lied to her and said he was single.",-0.03452380952380952,0.18273809523809526
1165,"Former Detective Buehler notes, ""Her recall was fantastic. It was almost like it was a script from a Hallmark TV show or something."" Amber Frey recalled every detail of their romantic dates, down to what they were wearing. Hoping for clues that might lead them to the missing woman, detectives ask Frey to record phone calls between her and Scott Peterson, and she agrees.",0.008888888888888885,0.3477777777777778
1166,"January 24, 2003 – In an explosive press conference one month after Laci Peterson goes missing, Amber Frey publicly reveals her affair with Scott Peterson. ""I am very sorry for Laci's family and the pain that this has caused them,"" she said. ""And I pray for her safe return, as well.""",-0.08750000000000002,0.4041666666666667
1167,"Prior to Frey going public, Peterson had told her in a recorded call that he was in Paris when he was really in Modesto while the search for Laci was still on.  Eventually Scott admitted to her, ""I've lied to you that I've been traveling."" Those recorded calls would later become part of a damning case against Peterson.",0.05,0.06666666666666667
1168,"April 13 and 14, 2003 – Two bodies are found on the shores of the San Francisco Bay. They are later identified as Laci Peterson and her unborn child. The two bodies were found about a mile apart.",0.0,0.0
1169,"April 18, 2003 – Authorities caught up with Scott Peterson at a golf course in San Diego and arrested him. Authorities found a wad of cash, his brother's ID card, and multiple cell phones inside the vehicle. Days later, Peterson pleaded not guilty to two counts of capital murder.",0.08333333333333333,0.3333333333333333
1170,"June 1, 2004 – Scott Peterson's trial begins in San Mateo County, California. Because of massive publicity the trial was moved from Modesto to Redwood City, in San Mateo County. The decision was made because the judge decided it would be difficult for Peterson to get a fair trial too close to home, where emotions were running high.",0.09,0.86
1171,"August 10, 2004 – In what many consider a major turning point of the trial, Amber Frey took the stand for the first time to tell the jury about her relationship with Scott Peterson, a secretly married man, and about all the lies he told her. Frey painted a picture of a dishonest man who could tell falsehoods with ease, hurting his credibility.",0.1525,0.41666666666666663
1172,Jurors heard the lies for themselves in those recorded phone calls Frey made.,0.0,0.0
1173,"November 12, 2004 – Scott Peterson was found guilty of first-degree murder for the death of his wife Laci and second-degree murder for the death of his unborn son Conner. Crowds outside cheer.",-0.25,0.525
1174,"March 16, 2005 – Four months after his conviction, Scott Peterson is sentenced to death.  At a press conference, Juror No. 7, Richelle Nice, [pictured center] called Peterson a ""jerk"" and commented ""San Quentin is your new home,"" referring to the prison where he would serve his sentence. Nice was nicknamed ""Strawberry Shortcake"" during the trial because of her hair color.",0.3090909090909091,0.6386363636363637
1175,"August 24, 2020 – After two appeals, Scott Peterson's death sentence was overturned by the California Supreme Court after deciding that the original trial judge made a mistake when jurors were being picked for trial. The result of that mistake, Peterson's supporters say, was that the jury was stacked with pro death penalty jurors. Peterson, shown here in 2018, will now receive a new trial for only the sentence phase.",0.17045454545454544,0.7348484848484849
1176,The court upheld his murder convictions.,0.0,0.0
1177,"October 14, 2020 – The California Supreme Court orders a lower court to reexamine Peterson's murder convictions and decide if he should get an entire new trial. Scott Peterson's supporters say it all comes down to the actions of that juror once nicknamed ""Strawberry Shortcake"" – Richelle Nice, pictured here in 2005.",0.1452020202020202,0.592108585858586
1178,"During jury selection, prospective jurors filled out a questionnaire asking if they had in the past been in a lawsuit and if they had been crime victims.  Nice checked no.  ""It's pretty clear… that she lied to us straight to our face about her own situation,"" Peterson's current attorney Pat Harris told ""48 Hours.""  In fact, Nice was involved in two domestic disputes in the past. But prosecutors say when Nice filled out that questionnaire she didn't lie, she just didn't think her past experiences were relevant to the questions and didn't see herself as a victim. Now a lower court will consider if Peterson will get a complete retrial.  Richelle Nice declined to speak with ""48 Hours.""",0.23088235294117646,0.6352941176470589
1179,"March 7, 2021 – CBS News' Jonathan Vigliotti interviewed Scott Peterson's sister-in-law Janey Peterson in her ""war room"" of evidence she claims proves his innocence. She claims witnesses saw Laci walking in the neighborhood near the Peterson home after the time Scott said he left for the fishing trip. If that's true, Scott couldn't have killed Laci.",0.11000000000000001,0.21000000000000002
1180,"Scott Peterson's attorney explains, ""there's been a lot of criticism because we didn't call some witnesses who saw Laci that day,"" and that the thought process at the time was that ""a number of the witnesses who saw her didn't have great   – memories or had contra    – were contradicting each other.""",0.3375,0.5625
1181,"Retired detective Jon Buehler says there are no witnesses who saw Laci alive that morning.  He says there were other young women in the neighborhood who were pregnant and looked similar to Laci, and that ""it would be real easy for somebody to mistakenly see one of those three girls as being Laci.""  Still, Janey Peterson insists that Scott is innocent.",0.22261904761904763,0.5392857142857144
1182,"Perhaps more important to a new defense case is what Janey Peterson believes actually happened to Laci. She points to a burglary she believes happened on the same day Laci disappeared, right across the street from the Peterson home. Scott Peterson's supporters theorize that Laci confronted the burglars and that ended badly.  But police quickly arrested the burglars – Steven Todd and Donald Pearce   – pictured here in a 2003 Modesto Police Department press release.",0.11942640692640696,0.48524080086580085
1183,"April 27, 2021 – Scott Peterson appeared in court remotely for a status hearing on a new death penalty trial.",0.018181818181818174,0.32727272727272727
1184,"Dec. 8, 2021: Scott Peterson was resentenced to life in prison without the possibility of parole for the deaths of his wife and unborn child.",0.0,0.0
1185,"2024: The Los Angeles Innocence Project  took up Peterson's fight for a new trial.  Since then, a California judge has granted his defense team access to previously undisclosed evidence as well as permission to do additional DNA testing.",-0.015151515151515152,0.3106060606060606
1186,"Peterson and his supporters maintain the wrong man is in prison for Laci and Conner's deaths.  According to Detective Buehler, ""Well, I guess it's possible. But you know, there's still people that believe the Earth is flat too.""",-0.17500000000000002,0.6749999999999999
1187,By                                              Tracy Smith,0.0,0.0
1188,"Updated on:  March 9, 2025 / 10:29 AM EDT          / CBS News",0.0,0.0
1189,"John Mulaney is a comedy superstar finding the funny in the familiar.  At 42, he already has five highly-rated specials to his name … three primetime Emmys … and a reputation as one of the best stand-up guys in the game.",0.30625,0.55
1190,"""Now, I don't know if you've been following the news but I've been keeping my ears open, and it seems like everyone everywhere is super-mad about everything all the time.""",0.0,0.3
1191,"But for his new job, the stand-up is sitting down. Mulaney is hosting a talk show on Netflix, complete with a couch and celebrity guests. And the whole thing is live, in part because he likes it better that way. ""It feels like there's more at stake,"" he said. ""I love that. It's the best.""",0.32413019079685745,0.43815937149270484
1192,"I asked, ""Explain that feeling – it's like coming up against a cliff and kind of dangling over it?""",0.6,0.9
1193,"""No,"" he replied. ""It's dangling over it all the time.""",0.0,0.0
1194,"It began as an experiment during the Netflix Comedy Festival last year, called ""Everybody's in L.A.,"" talking about ""L.A. things,"" like earthquakes and coyotes. Now the show is back with a broader focus, and a new name, ""Everybody's Live With John Mulaney."" It will go live every Wednesday night, starting this week. ""It's a fun feeling to know that hopefully a lot of people are watching,"" he said, ""and it's live, globally, with no delays, and you could really damage your career!""",0.10954545454545453,0.25212121212121213
1195,"To watch a teaser for ""Everybody's Live With John Mulaney,"" click on the video player below:",0.13636363636363635,0.5
1196,"And he knows all about live TV. For Mulaney, ""Saturday Night Live"" is home turf. He started as a writer there in 2008, and helped create some of the show's biggest characters, like Bill Hader's Stefon. Mulaney would often change the script at the last second to throw Hader off, like during this Halloween skit:",0.06818181818181818,0.26666666666666666
1197,"Stefon: ""Have you heard of Blacula, the Black Dracula? Well, they have a Jewish Dracula.""Seth Meyers: ""Oh, what's his name?""Stefon: ""Sidney Applebaum!""",-0.08333333333333333,0.21666666666666667
1198,"Seems like this was the thing John Mulaney was born to do. Raised in Chicago, Mulaney says he grew up feeling that comedy was his destiny. Asked if he has a memory of when he realized that he was funny, Mulaney said, ""Always interesting in these things, 'cause you don't want to sound egotistical, but I don't remember a time when I didn't think I was funny.""",0.35,0.725
1199,"Not long after graduating from Georgetown, he joined ""SNL,"" and a career was launched. He made his mark in New York, but he's fascinated with Southern California, where he now lives year-round.",0.05378787878787878,0.28484848484848485
1200,"He took us record shopping at one of his favorite places, the legendary Amoeba Music in Hollywood.",0.75,1.0
1201,"I asked, ""When you come out to places like this, do people come up to you? Or do they leave you alone?""",0.0,0.0
1202,"""A little bit,"" he said. ""My joke is that I'm like Louis Farrakhan: I mean a lot to a small group of people.""",-0.25,0.5291666666666667
1203,"Truth is, Mulaney is a lot bigger than he'll admit. In his most recent special, ""Baby J,"" he played to a sold-out crowd and focused on his drug addiction, and recovery. He describes a 2020 intervention on his behalf staged by friends like Seth Meyers and Fred Armisen: ""Let me just call this out now, I don't mean to be weird, it was a star-studded intervention.""",0.007440476190476201,0.5848214285714285
1204,"It's funny now, of course: Mulaney says he's been clean for more than four years.",0.37222222222222223,0.7333333333333334
1205,"Asked if sobriety is something he thinks about every day, Mulaney replied, ""Well, that's a good question. I don't think about cocaine, opioids, and benzodiazeprine every day. I'll acknowledge that I understand the vigilance I need. I do not think about it every day. I just don't. I do think about the ways that I can lead my life to perhaps never feel the kind of strain that got me there. So, yeah, sobriety maybe being, like, a bigger term than just abstaining from the chemicals, I definitely think about it every day.""",0.32499999999999996,0.625
1206,"Mulaney credits his wife, actress Olivia Munn, with helping him navigate his recovery. You might remember her from Aaron Sorkin's ""The Newsroom,"" or ""X-Men: Apocalypse,"" in which she played Psylocke. But she's a bit of a superhero in real life as well; she was diagnosed with breast cancer in 2023, and has shared her whole journey online, from the initial test to a double mastectomy. Other women have since credited her with saving their lives.",0.05500000000000001,0.21500000000000002
1207,"Mulaney said, ""There's this lifetime risk assessment test that is really the only reason her cancer was discovered. And seeing so many women publicly and privately come to her that [say] they discovered how high their risk was from that, it's astonishing.""",0.19428571428571426,0.525952380952381
1208,"She's also mom to their two young children, Malcom and Mei. ""I have this feeling a lot of times, I go, 'I can't believe I know this person, let alone am married to her,'"" he said.",0.175,0.325
1209,"Fatherhood has given him not only new material, but also a whole new outlook on life.",0.11818181818181818,0.5772727272727273
1210,"From his November 2024 monologue on ""Saturday Night Live"":",0.13636363636363635,0.5
1211,"""My wife and I just welcomed a baby girl into our family. … My wife takes care of the five-week-old, and I take the two-year-old out. And that's not fair. That's not an equal distribution of labor at all. Saying, 'You have a five-week-old, I'll take a two-year-old,' that's like saying, 'I'll transport this convict across state lines. You hold a potato.'""",-0.175,0.575
1212,"John Mulaney has made a good life making people laugh. Now, as a husband and father of two, he says he has something to live for.",0.37878787878787873,0.4000000000000001
1213,"Asked how fatherhood has changed how he looks at the world, Mulaney replied, ""I'm in the world now that I'm a father. My head was my only home before that. When my son was born, the first thought I had was, I went, 'Oh, there you are.' And when my daughter was born, I had this – not to sound 'woo-woo' or anything – but when she was born, I went, 'Oh!' My thought was like, 'Oh, we've met before. I've collided with you some other time.' So, it's like these people came in that just, I don't know, make me like the world a lot more.""",0.225,0.5216666666666667
1214,Online exclusive – watch an extended interview with John Mulaney:,0.0,0.0
1215,For more info:,0.5,0.5
1216,Story produced by John D'Amelio. Editor: Lauren Barnello.,0.0,0.0
1217,"Tracy Smith is an award-winning correspondent for ""CBS News Sunday Morning"" and ""48 Hours,"" who joined CBS News in 2000. Smith has covered a wide range of subjects, producing revealing interviews with news-making artists to moving, in-depth reporting.",-0.1,0.4
1218,© 2025 CBS Interactive Inc. All Rights Reserved.,0.0,0.0
1219,By                                              Analisa Novak,0.0,0.0
1220,"March 10, 2025 / 12:14 PM EDT          / CBS News",0.0,0.0
1221,"Robert De Niro is playing two rival crime bosses in his latest film, describing it as a technical challenge",0.25,0.5
1222,"The veteran actor explained that the dual role, where he portrays both Frank and Vito in ""The Alto Knights,"" required precise positioning and careful coordination with cameras on dollies moving around the set.",0.10000000000000002,0.6
1223,"""It's a technical thing where you have to be in a certain spot,"" De Niro said.",0.10714285714285714,0.3357142857142857
1224,"To make the rapid-fire dialogue between his characters work, he enlisted another actor to read opposite him during filming.",0.0,0.0
1225,"""When I would do Frank, he would do Vito. When I would do Vito, he would do Frank,"" De Niro explained. ""I couldn't just do it with nothing. I had to have another actor, a person who understood that world.""",0.0,0.0
1226,"The film reportedly went through several casting iterations, with De Niro confirming there ""was talk"" of pairing him with Al Pacino at one point.",0.0,0.0
1227,"""I didn't want it to be just a gimmick,"" De Niro said about the eventual decision to have him play both roles. ""But I thought there is something interesting about it.""",0.5,0.5
1228,"When discussing his approach to character preparation, De Niro noted that requirements vary by role. For his recent political series, ""Zero Day,"" he relied heavily on existing footage of politicians.",-0.06666666666666667,0.2833333333333333
1229,"""There's so much out there about politicians and presidents and senators and Congress people that you see these interviews every day,"" he said. ""See them in all kinds of uncomfortable situations, this and that, how they react.""",-0.15,0.6
1230,"De Niro, whose father was Italian and Irish while his mother had Dutch, French and German heritage, also acknowledged he ""identifies more with Italians"" when playing mob characters.",0.1,0.1
1231,"The film includes a memorable scene featuring dogs in mink coats, which De Niro revealed was his idea.",0.5,1.0
1232,"""Frank walks in the park with the dog, why would the dogs not have some kind of mink coat, you know, protection?"" he said.",0.6,0.9
1233,"""The Alto Knights,"" which is out next Friday, joins De Niro's extensive filmography of crime dramas, which includes ""The Irishman,"" ""The Godfather Part II,"" and ""Goodfellas.""",0.0,0.16666666666666666
1234,"Analisa Novak is a content producer for CBS News and the Emmy Award-winning ""CBS Mornings."" Based in Chicago, she specializes in covering live events and exclusive interviews for the show. Analisa is a United States Army veteran and holds a master's degree in strategic communication from Quinnipiac University.",0.06818181818181818,0.25
1235,© 2025 CBS Interactive Inc. All Rights Reserved.,0.0,0.0
1236,By                                              Lucia Suarez Sang,0.0,0.0
1237,"March 9, 2025 / 2:16 PM EDT          / CBS News",0.0,0.0
1238,"A 16-year-old girl who was reported missing last month was killed, dismembered and left in a dumpster by a couple in Florida who kidnapped her after luring her via a social media app, police said.",-0.07333333333333333,0.03666666666666667
1239,St. Petersburg police detectives said the remains of 16-year-old Miranda Corsette were left in a dumpster after she was first reported missing on Feb. 24.,0.016666666666666663,0.12777777777777777
1240,"The suspect, 35-year-old Steven Gress, allegedly lured the teenager through an online dating app before they met in person on Feb. 14, police said.",-0.1,0.1
1241,"""After meeting him the first time, [Corsette] went home and then the next day she returned to his home,"" police said in a social media post.",0.09444444444444444,0.13333333333333333
1242,"According to police, the teen is believed to have stayed with Gress and his domestic partner, 37-year-old Michelle Brandes, at the home. Corsette's grandmother reported her missing to the Guilford Police Department on Feb. 24.",-0.06666666666666667,0.05000000000000001
1243,Gilford police said they had previous encounters with Corsette before her death as she would frequently run away from home. She lived with her grandmother and was the mother of an 11-month-old baby.,-0.033333333333333326,0.23333333333333334
1244,"""The grandmother is her primary caregiver at this time. She said she normally comes home, so she doesn't report her missing every time she leaves,"" Commander Mary Farrand, the acting police chief for the city of Gulfport, said at a press conference. ""She just didn't come back in a timely manner this time.""",0.07,0.24
1245,"On Feb. 20, Gress, Corsette and Brandes allegedly got into an argument over missing jewelry and the teenager was beaten, police said during the press conference.",-0.15000000000000002,0.07500000000000001
1246,"""So, from the 20th through the 24th, she was beaten and tortured because they could not find this piece of jewelry,"" St. Petersburg Police Chief Anthony Holloway said.",0.0,0.0
1247,The police department said they believe Corsette was killed between Feb. 20 and Feb. 24.,-0.2,0.0
1248,"Investigators allege that Gress then took her body to a home in Largo, Florida, which was owned by Brandes' mother. Physical evidence shows that Corsette was dismembered there, police said.",0.0,0.14285714285714285
1249,The 35-year-old then allegedly drove the remains to Hillsborough County and placed them in a dumpster there.,-0.1,0.1
1250,"""Detectives located the dumpster and are working to find the body,"" the department's statement said.",0.0,0.0
1251,Police said they received a tip about Corsette's disappearance and death on March 7. Brandes turned herself in to police on Saturday morning and is facing a first degree murder charge.,0.25,0.3333333333333333
1252,"Gress, who was arrested on March 5 for unrelated charges, was charged with first-degree murder and kidnapping.",0.0,0.0
1253,"""This is a horrific crime,"" Holloway said. ""We want to ensure that we bring justice to Miranda.""",-1.0,1.0
1254,"Lucia Suarez Sang is an associate managing editor at CBSNews.com. Previously, Lucia was the director of digital content at FOX61 News in Connecticut and has previously written for outlets including FoxNews.com, Fox News Latino and the Rutland Herald.",-0.1111111111111111,0.1111111111111111
1255,© 2025 CBS Interactive Inc. All Rights Reserved.,0.0,0.0
1256,"March 10, 2025 / 7:49 AM EDT          / CBS/AP",0.0,0.0
1257,"An explosives-filled trailer that Australian politicians earlier described as an antisemitic terrorism plot and a foiled mass casualty event was staged by criminals in a complicated hoax and was never meant to be detonated, police said Monday.",-0.16666666666666666,0.5
1258,Law enforcement agencies investigating January's discovery of the trailer on the outskirts of Sydney divulged in a news conference that its placement was concocted by criminals who meant to derive personal gain from tipping off authorities to its presence — a bizarre twist in a saga that followed a monthslong wave of antisemitic crimes in Australia.,0.2,0.44999999999999996
1259,"The cluster of attacks targeting places where Jewish people live, work and study, including a firebombing of a synagogue and a daycare center and several instances of antisemitic vandalism, were committed by ""a very small group, and potentially one individual behind all those matters,"" Deputy Police Commissioner for the state of New South Wales David Hudson told reporters on Monday.",-0.06136363636363637,0.40828282828282825
1260,Authorities in January made the unusual claim that none of the 12 they had then arrested in relation to the spate of crimes in Australia's largest cities Sydney and Melbourne was driven by antisemitic ideology and were instead criminals for hire. Hudson said 14 more arrested Monday were not motivated by hate either.,-0.03333333333333336,0.7999999999999999
1261,"But he added he has no doubt that antisemitism in Australia — which has dominated news media and the political sphere following the recent spate of crimes — has experienced ""an escalation over the past 18 months"" since the Oct. 7, 2023, Hamas-led terrorist attack on Israel that triggered the war in Gaza.",0.11000000000000001,0.32
1262,Preliminary data released by the Executive Council of Australian Jewry just a few months after that attack showed a total of 662 antisemitic incidents across Australia were reported during October and November 2023.,-0.06666666666666667,0.2833333333333333
1263,"""By comparison, there were 495 anti-Jewish incidents reported in Australia for the entire 12 months to 30 September 2023,"" the council said at the time.",0.0,0.625
1264,"In response to the rise in such incidents, Australia enacted new laws in January 2024 explicitly banning the performance of the Nazi salute in public and the display or sale of Nazi hate symbols such as the swastika. The new laws also made the act of glorifying or praising acts of terrorism a criminal offense.",-0.13246753246753248,0.4893939393939394
1265,"But a number of incidents now appear to have been part of the elaborate criminal hoax, and not, in fact, rooted in antisemitism.",0.04999999999999999,0.775
1266,"The revelation — leaked to the public before law enforcement planned to announce it — that a trailer was found in January outside Sydney, packed with explosives used in the mining industry and containing a list of purported Jewish targets, prompted state and national leaders to say it represented an escalation in potential extremist violence.",0.0,0.2791666666666667
1267,"But investigators said Monday that they ""almost immediately"" believed the trailer's appearance was ""part of a fabricated terrorist plot, essentially a criminal con job,"" but kept their suspicions a secret, according to Australian federal police deputy commissioner Krissy Barrett.",-0.2,0.5
1268,"The trailer was easily found and the explosives were visibly displayed. ""Also, there was no detonator,"" Barrett said, adding that it was ""never going to cause a mass casualty event.""",0.43333333333333335,0.8333333333333334
1269,"Instead, those who staged the caravan planned to then inform the authorities of an impending attack against Jewish Australians, said Barrett. Why investigators believed they had done so was not simple.",0.0,0.17857142857142858
1270,"Barrett and Hudson, speaking on behalf of a joint law enforcement effort assembled to arrest the perpetrators of antisemitic crimes, said they believed those who faked the trailer plot meant to attract attention from authorities, divert police resources, create fear and leverage the situation for personal gain. That might have included attempts to use information about an attack to bargain with police for lesser sentences in other criminal proceedings.",-0.11499999999999999,0.34500000000000003
1271,"""We believe the person pulling the strings wanted changes to their criminal status but maintained a distance from their scheme and hired alleged local criminals,"" Barrett said. That person remains at large, she added.",-0.07142857142857142,0.26964285714285713
1272,"Authorities have said since January that they believe overseas interests are orchestrating the crimes, although they haven't been more specific. They also haven't divulged which local criminal groups might have been hired to undertake the attacks, which have included hateful graffiti.",0.024999999999999994,0.29375
1273,"It wasn't the only time this has happened, Barrett added. ""Too many offenders working in a criminal gig economy are accepting these tasks for money,"" she said.",0.033333333333333326,0.6833333333333332
1274,The 14 people arrested Monday face charges in relation to the more than a dozen attacks investigators believe were orchestrated.,0.5,0.5
1275,"The strange twist caps a summer where antisemitic crimes roiled Sydney and Melbourne, home to 85% of Australia's Jewish population. One person has been physically hurt — a worshipper who suffered burns in the fire that was set at a Melbourne synagogue in December.",-0.016666666666666666,0.0976190476190476
1276,"There was ""some comfort to be taken by the Jewish community,"" in the fact that the worst episodes were not ideological acts of hated, Hudson said. But the crimes have had ""a chilling effect on the Jewish community"" and provoked unwarranted suspicion of other groups, Barrett added.",-0.42083333333333334,0.49583333333333335
1277,"The high-profile attacks are not the only ones police are investigating. Nearly 200 more people have been charged since October 2023 in the state of New South Wales, where Sydney is located, with crimes linked to antisemitism, police told The Associated Press in February.",0.18409090909090908,0.5886363636363636
1278,"© 2025 CBS Interactive Inc. All Rights Reserved. This material may not be published, broadcast, rewritten, or redistributed. The Associated Press contributed to this report.",0.0,0.0
1279,By                                              Melissa Quinn,0.0,0.0
1280,"Updated on:  March 10, 2025 / 10:45 AM EDT          / CBS News",0.0,0.0
1281,"Washington — The Supreme Court on Monday agreed to take up a challenge to state and local laws that ban so-called ""conversion therapy"" for LGBTQ children.",0.0,0.0
1282,"The dispute before the court arose out of a Colorado law that prohibits licensed mental health professionals from engaging in conversion therapy on children who may be questioning their sexual orientation or gender identity. More than 20 states and the District of Columbia have similar laws on the books. The case will be heard in the Supreme Court's next term, which begins in October. A decision is expected by the end of June 2026.",0.17142857142857143,0.4333333333333333
1283,"Colorado enacted the Minor Conversion Therapy Law in 2019 following what the state said was a growing mental health crisis among young people in the state and ""mounting evidence"" that conversion therapy is tied to increased depression, anxiety and suicidal ideation.",-0.012500000000000004,0.225
1284,"The law prohibits ""any practice or treatment [upon minors] … that attempts or purports to change an individual's sexual orientation or gender identity, including efforts to change behaviors or gender expressions or to eliminate or reduce sexual or romantic attraction or feelings toward individuals of the same sex.""",0.2,0.5383333333333333
1285,"The state joined more than a dozen others in disciplining mental health professionals who practice conversion therapy on minors. Those who are found to engage in this practice face a range of punishments, from fines to a letter of admonition to having their license revoked.",0.2,0.35
1286,"The challenge to Colorado's law was brought by Kaley Chiles, a professional counselor who is licensed by the state and uses talk therapy in her practice. A practicing Christian, Chiles works with adults and young people, and many of her clients are also Christian.",0.13999999999999999,0.2
1287,"According to court papers, some of Chiles' clients seek Christian-based counseling ""to reduce or eliminate unwanted sexual attractions, change sexual behaviors, or grow in the experience of harmony with [their] physical body.""",0.3333333333333333,0.6031746031746031
1288,Chiles' sued the state of Colorado in September 2022 and sought to block enforcement of the state's restriction on conversion therapy. She argued that the measure violates her free speech rights under the First Amendment and censors her conversations with clients based on viewpoint.,0.325,0.5666666666666667
1289,"A federal district court declined to block the law, finding that it regulates professional conduct that incidentally involves speech. The court also found that conversion therapy is ""ineffective and harms minors.""",0.1,0.1
1290,"Chiles' appealed to the U.S. Court of Appeals for the 10th Circuit, which upheld the lower court's decision. The 10th Circuit said that the restriction on conversion therapy implicates speech solely as to the practice of mental health treatment, which can be licensed by the state. The appeals court also concluded that Colorado's law advances its interests in protecting minors and the integrity of the mental health profession.",-0.1,0.2
1291,"In a filing with the Supreme Court, lawyers for Chiles argued that she does not seek to ""cure"" her clients of same-sex attractions or change their sexual orientation. Instead, they said she aims to help her clients ""with their stated desires and objectives in counseling, which sometimes includes clients seeking to reduce or eliminate unwanted sexual attractions, change sexual behaviors, or grow in the experience of harmony with one's physical body.""",0.375,0.6607142857142857
1292,"""Colorado disagrees with Chiles's beliefs on gender and sexuality. So much so that the State puts itself in Chiles's counseling room, forbidding her from discussing the values she and her clients share,"" her lawyers wrote in a Supreme Court filing. She is represented by the Alliance Defending Freedom, a conservative legal group.",0.2,0.2
1293,"But Colorado officials said that the First Amendment allows states to regulate professional conduct to protect patients from ""substandard treatment,""even when that rule ""incidentally"" burdens speech. They argued that efforts to change a young person's sexual orientation or gender identity are ""unsafe and ineffective.""",0.2375,0.4166666666666667
1294,"""A professional's treatment of her patients and clients is fundamentally different, for First Amendment purposes, from laypersons' interactions with each other,"" Colorado officials wrote in a filing. ""Unlike laypersons, those who choose to practice as health professionals are required, among various other responsibilities, to provide treatment to their patients consistent with their field's standard of care.""",0.04375,0.31666666666666665
1295,"The state argued that Chiles' claim undercut the ability of states to protect patients and clients from ""harmful professional conduct.""",0.1,0.1
1296,"The Supreme Court has been asked before to jump into the debate over conversion therapy, but had previously declined to intervene. In 2023, the court turned away a First Amendment challenge to a Washington state law that prohibits licensed therapists from performing conversion therapy on patients under the age of 18.",0.04166666666666667,0.25
1297,"Justices Clarence Thomas, Samuel Alito and Brett Kavanaugh said then that they would have taken up the appeal from a licensed licensed marriage and family counselor in the state.",0.0,0.0
1298,"Melissa Quinn is a politics reporter for CBSNews.com. She has written for outlets including the Washington Examiner, Daily Signal and Alexandria Times. Melissa covers U.S. politics, with a focus on the Supreme Court and federal courts.",0.0,0.0
1299,© 2025 CBS Interactive Inc. All Rights Reserved.,0.0,0.0
1300,By                                              Scott MacFarlane,0.0,0.0
1301,"March 9, 2025 / 8:00 PM EDT          / CBS News",0.0,0.0
1302,"While President Trump spoke with reporters about federal job cuts and signed executive orders in the Oval Office last Tuesday, a notable — and unannounced — visit was underway at Mr. Trump's golf course in West Palm Beach, Florida. It wasn't publicized. But it could impact one of the highest-profile criminal trials in America this year.",0.033333333333333326,0.37222222222222223
1303,"According to court filings reviewed by CBS News, defense attorneys for Ryan Routh were given access to tour the Trump golf course on Feb. 25 to prepare Routh's defense in the alleged assassination attempt against Mr. Trump during a Sept. 15 golf outing. A court filing submitted by Justice Department prosecutors this week said, ""We took the lead in setting up arrangements for this visit even though the prosecution team obviously does not control the course, which is private property.""",-0.03333333333333333,0.325
1304,"In a March 3 court filing, prosecutors added, ""As we told defense counsel, their request to inspect the firearm in this manner was highly unusual in the experience of the FBI, but nonetheless we made it happen.""",0.2,1.0
1305,"Prosecutors have also helped provide transport of the rifle allegedly wielded by Routh near Trump's September golf outing.	According to the Justice Department's submissions to a federal judge in Miami, ""To accommodate a defense request, the prosecution team ensured that the firearm, scope, magazine, ammunition, and antiballistic plates were transported from the FBI's lab in Quantico, Virginia, to the FBI Field Office in Miramar, Florida, so the defense could inspect it, with purported consultants in tow, in South Florida after the golf course visit.""",0.0,0.25
1306,"Prosecutors say Routh methodically plotted to kill Trump for weeks, before aiming a rifle through the shrubbery as Trump played golf on Sept. 15 at the Trump West Palm Beach country club. Before Trump came into view, Routh was allegedly spotted by a Secret Service agent. Federal authorities accuse Routh of aiming his rifle at the agent, who opened fire, causing Routh to drop his weapon and flee without firing a shot. Prosecutors say he left behind a note describing his intentions.",-0.225,0.375
1307,"A White House spokeswoman declined comment when asked about the defense attorney visit to the president's Florida golf property. FBI, Justice Department officials and Routh's federal public defense attorneys also did not comment.",0.0,0.03333333333333333
1308,"The federal criminal case against Routh, which gathered widespread attention when it was filed in September, has attracted little attention  in the months since. His alleged attempt on Mr. Trump's life was partly overshadowed by the dramatic first assassination attempt last July in Butler, Pennsylvania. Routh's trial is scheduled for September 2025.",-0.1451388888888889,0.3583333333333334
1309,"A CBS News review found Routh's legal case has also given rise to another federal investigation. According to charging documents filed in North Carolina, federal investigators searched the apartment of Routh's son six days after the alleged assassination attempt in September. The court filings said an electronic device discovered in Oran Routh's apartment had ""hundreds of child pornography images.""",0.05,0.15000000000000002
1310,"Prosecutors said the initial search of Oran Routh's home was unrelated to the child pornography evidence, but the investigation ultimately revealed multiple devices with suspected child exploitative images.",-0.075,0.325
1311,"On Jan. 8, Oren Routh signed a plea agreement in which he acknowledged ""that the material which contained an image of child pornography charged in the Second Superseding Indictment herein involved a prepubescent minor and minor who had not attained 12 years of age.""",-0.03333333333333333,0.13333333333333333
1312,"He is scheduled to be sentenced May 14 at the federal courthouse in Greensboro, North Carolina.",0.0,0.0
1313,Both Oran Routh and his father are being held in pretrial detention pending the resolution of their cases.,0.0,0.0
1314,"Though the two criminal cases are separate, court filings reviewed by CBS News show correspondence between Ryan Routh and his son are part of the evidence that has been collected and noted in Ryan Routh's assassination attempt case in Florida.",-0.4,0.55
1315,"If convicted, Ryan Routh faces a maximum penalty of life in prison. According to court records, Routh was convicted of felonies in North Carolina in December 2002 and March 2010.",0.0,0.0
1316,"Ryan Routh's trial is scheduled for Sept. 8, nearly a year to the day after the alleged assassination attempt. The presiding judge is Judge Aileen Cannon, who was appointed to the bench by  Mr. Trump in 2020. Last year, Cannon dismissed Trump's classified documents federal criminal case.",-0.1,0.2791666666666667
1317,"Scott MacFarlane is CBS News' Justice correspondent. He has covered Washington for two decades, earning 20 Emmy and Edward R. Murrow awards. His reporting has resulted directly in the passage of five new laws.",0.11818181818181818,0.42727272727272725
1318,© 2025 CBS Interactive Inc. All Rights Reserved.,0.0,0.0
1319,By                                              Kati Weis,0.0,0.0
1320,"March 10, 2025 / 10:13 AM EDT          / CBS News",0.0,0.0
1321,"Despite a major federal investment to help egg and poultry producers bounce back from bird flu losses, finding eggs at a reasonable price — or any eggs at all — remains a tough task for shoppers across the U.S.",-0.03159722222222222,0.4833333333333334
1322,"In January, egg prices rose 15.2%, and economists say they expect prices to continue to rise this year.",0.6,0.95
1323,"The increase is due to the limited number of hens laying eggs right now. There are fewer hens because of federal bird flu control measures. They require farmers to kill their chickens if they discover a bird flu case in a flock — a process known as ""culling"" — to try to prevent the viral disease from spreading.",0.029761904761904757,0.3511904761904761
1324,"When farmers cull their flocks to prevent the spread of a disease like the bird flu, they are eligible for public money to help them replace the flocks.",0.0,0.06666666666666667
1325,"Since 2020, the Department of Agriculture has paid $1.1 billion to hundreds of egg producers who had to cull their flocks to stop bird flu from spreading, according to a CBS News analysis of federal data.",0.0,0.0
1326,"Now, the USDA says it will send $400 million more to farmers who need new chickens. The agency also says it will pay $500 million for biosecurity measures and $100 million ""for vaccine research, action to reduce regulatory burdens, and exploring temporary import options.""",0.24545454545454545,0.35151515151515156
1327,"Frank Singleton, a spokesperson for Wayne-Sanderson Farms — the third largest poultry producer in the nation — is glad the USDA is helping.",0.25,0.5
1328,"He says his company has 23 plants and 2,000 partner farms in seven states, employing 26,000 people across the Southeast and processing 21 million broiler chickens a week for sale of their meat into the consumer market.",0.0,0.0
1329,"Wayne-Sanderson Farms received more than $600,000 from the USDA's bird flu assistance program to replace three flocks the company culled after discovering bird flu cases in 2023 and 2024.",0.5,0.5
1330,Singleton says the checks are an important investment to help the farms his company sponsors get back on track.,0.2,0.5
1331,"""It's a partnership with the farmers, and the consumer, and our company, to make sure we can continue to feed America,"" he says. ""It would be very difficult to get a farmer to take a risk like that without a farm partner like Wayne-Sanderson Farms. So that's where we step in. We make sure that we do our part, our due diligence, help them get back up to speed, and work to make sure those funds are available to them.""",0.16071428571428573,0.6345238095238095
1332,The process of culling is arduous. Singleton says his company sprays a foam agent over the affected chickens to kill them quickly.,-0.008333333333333331,0.675
1333,"""Different farms and different companies have different methods,"" he said. ""We use a humane method to euthanize all the birds. It's all supervised by regulatory folks and our teams.""",0.0,0.6
1334,"""Ours is an approved, USDA-approved method where a foaming agent used, and it's very quick,"" Singleton continued. ""So, those birds have to be disposed of. The house itself has to be cleaned up and sanitized. So it's a long process, and it takes awhile for the farmer to get back up and running. So we work with them directly to make sure that happens.""",0.19666666666666668,0.4677777777777778
1335,Singleton says there are several proactive measures his company is taking to protect farms from exposure in the first place.,0.125,0.16666666666666666
1336,"Biosecurity measures are so tight for Wayne-Sanderson Farms, our CBS News cameras were not allowed inside a farm or facility.",-0.17857142857142858,0.2857142857142857
1337,"""It just takes one vector to infect a flock so, from the time people come to the farm, using disinfectant sprays, wearing coveralls, wearing personal protective gear, goggles, those kinds of things — limiting the type of people, the number of people,"" Singleton explained. ""We make sure our people have the equipment, they have the chemicals, the disinfectants, and they have the knowledge. ... It's very critical. Every individual has to do their part to make sure that this doesn't happen.""",0.2,0.6955555555555556
1338,His company supports a recent proposal from other egg and poultry industry leaders to allow broiler eggs — eggs typically used to hatch chicks — to be used in consumer products amid the national shortage of traditional eggs.,-0.07291666666666666,0.46875
1339,"After a law change in 2009 that stipulated that eggs must be refrigerated sooner if sold into the consumer market, broiler egg producers were no longer able to send excess broiler eggs to consumer companies needing them for things like cakes and pies, because broiler eggs are typically stored at a higher temperature during the first 48 hours prior to shipment.",0.16666666666666669,0.39166666666666666
1340,"Singleton says his company throws out 560,000 broiler eggs a week — about 2% of the total 26 million broiler eggs Wayne-Sanderson Farms produces.",0.0,0.75
1341,"If the Food and Drug Administration were to allow the broiler eggs to be used in consumer products, Singleton says, it would be a win-win.",0.0,0.0
1342,"""We certainly want to do our part to help feed the country and (solve) a need where a need is there; certainly (that) would help us from a waste standpoint and just from employees having to work on that particular aspect of it,"" Singleton said. ""So, it's really just a cost savings and an efficiency savings and putting food back into the marketplace for consumers.""",0.09920634920634919,0.2793650793650793
1343,"In a statement to CBS News, the Food and Drug Administration says it is still considering the proposal.",0.0,0.0
1344,Another company currently able to fill the need is a small independent farm in the northern Alabama city of Madison called Southard Farms.,0.08333333333333333,0.3833333333333333
1345,"It has been in co-owner Keith Southard's family for five generations. Southard turned the farm into a pasture-raised poultry, egg and pork production operation in 2019 and never dreamed his business would be booming so soon.",0.0,0.0
1346,"He says over the last month, his phone has been ringing off the hook with restaurants seeking eggs.",0.0,0.06666666666666667
1347,"""It's been it's been crazy. It's been busy. My phone rings constantly,"" Southard said. ""Huge, huge opportunity for growth, and people are searching now ... not just to find eggs but something different — to find good eggs, fresh, local, that they don't just depend on a store to provide them; they know where it's coming from.""",0.14444444444444446,0.5592592592592592
1348,Southard's father grows grows crops on the farm and they in turn use the crops as feed for his chickens.,0.0,0.0
1349,He has 900 laying hens for eggs and 700 broiler chickens — or chickens used for meat.,0.0,0.0
1350,"Right now, Southard's hens lay about 400 eggs a week. A few weeks ago, Southard signed a contract with a restaurant in Birmingham to sell it 500 dozen eggs a week. Southard says he expects his total egg production in the next few months will be just under 1,000 dozen a week to meet the demand.",-0.022857142857142864,0.29714285714285715
1351,"Unlike in traditional egg farms, where laying hens are kept in an indoor warehouse, Southard's chickens live an outdoor lifestyle, rotating regularly onto fresh grass to graze. He says the pasture-raised format keeps his chickens' immune systems stronger.",0.10909090909090909,0.4567307692307692
1352,"""No medicines needed to keep them going. So, we just use nature's benefits,"" Southard says.",0.0,0.0
1353,"However, the outdoor living could make them more susceptible to coming into contact with wild birds that could be carrying the avian (bird) flu.",0.3,0.45
1354,"""There's always that risk,"" Southard says. ""We just hope that it doesn't affect us.""",0.0,0.0
1355,"Last year, Southard had to cull his flock after chickens got hit with a bacterial infection, different than bird flu, called mycoplasma. He says the experience was devastating.",-0.3333333333333333,0.5555555555555555
1356,"""I noticed a few symptoms, and then within three days, we went from a normal amount of eggs per day to almost zero, and it was very similar symptoms to the avian flu, so (we) immediately took the hens to the state lab for testing ... and once we got the results in, there really wasn't any answer but to just cull the flock and start over,"" Southard recalled.",0.0375,0.3675
1357,He said he and his farmhand had to personally kill each chicken by cutting their throats to make it as quick and painless for the birds as possible.,-0.17333333333333334,0.73
1358,"""Nothing I want to see again, that's for sure,"" Southard said.",0.5,0.8888888888888888
1359,"Because mycoplasma is not considered a ""highly-pathogenic"" disease, he did not qualify for the USDA's program to receive a check to help him finance the replacement of his chickens.",0.0,0.0
1360,"""We just bared through it and kept going,"" Southard says.",0.0,0.0
1361,And kept going he did.,0.0,0.0
1362,"Southard took us to Farm Burger in Huntsville, Alabama, one of the restaurants that uses his chicken meat and eggs. The staff affectionately calls out, ""The Chicken Man's here!"" upon his arrival to deliver his product in person each week.",-0.675,0.95
1363,The restaurant's co-owner and manager says Southard has been a blessing to his business because Southard has kept his prices low at a time when other restaurants in neighboring states have seen egg prices more than double in the last few months.,0.029166666666666664,0.22361111111111112
1364,Low prices for the restaurant also mean costs don't have to be passed on to customers.,-0.15625,0.49375
1365,A CBS News analysis of federal data found some farms received large checks from the USDA indemnity and reimbursement program after culling their flocks last year — one egg producer received $10 million.,0.10714285714285714,0.2476190476190476
1366,"Asked his thoughts about the taxpayer expense, Southard said, ""I think there's probably, there's definitely a question there about when USDA should get involved or not. So, I think that should be looked into to some more, because obviously we see still these big supply problems. So, I don't think we have the right answer yet, but it should be looked into some more.""",0.21428571428571427,0.4392857142857143
1367,"With supply issues and high egg costs expected at least another year, Southard says it's important to protect small farms.",-0.017999999999999995,0.5479999999999999
1368,"""Small farmers like us, family farms, play a key role, because it takes away the big consolidation that's happened and spreads out the risk where you have more farms across the state or country and more farmers,"" Southard says. ""So, if one gets hit, it's not as big of an effect on the whole supply chain.""",0.1357142857142857,0.42857142857142855
1369,Elliott Ramos and                                                                                     Grace Manthey                          contributed to this report.,0.0,0.0
1370,"Kati Weis is a Murrow Award-winning reporter for CBS News based in New Orleans, covering the Southeast. She previously worked as an investigative reporter at CBS News Colorado in their Denver newsroom.",-0.015151515151515152,0.3106060606060606
1371,© 2025 CBS Interactive Inc. All Rights Reserved.,0.0,0.0
1372,By                                      Beth Ann Malow,0.0,0.0
1373,"March 8, 2025 / 7:00 AM EST          / The Conversation",0.0,0.0
1374,Beth Ann Malow is a professor of neurology and pediatrics at Vanderbilt University.,0.0,0.0
1375,"As people in the U.S. prepare to turn their clocks ahead one hour in mid-March, I find myself bracing for the annual ritual of media stories about the disruptions to daily routines caused by switching from standard time to daylight saving time.",0.0,0.0
1376,About a third of Americans say they don't look forward to these twice-yearly time changes. An overwhelming 63% to 16% majority would like to eliminate them completely.,0.19999999999999998,0.4666666666666666
1377,"But the effects go beyond simple inconvenience. Researchers are discovering that ""springing ahead"" each March is connected with serious negative health effects.",-0.2111111111111111,0.4746031746031745
1378,"I'm a professor of neurology and pediatrics at Vanderbilt University Medical Center in Nashville, Tennessee, and the director of our sleep division. In a 2020 commentary for the journal JAMA Neurology, my co-authors and I reviewed the evidence linking the annual transition to daylight saving time to increased strokes, heart attacks and teen sleep deprivation.",-0.03333333333333333,0.03333333333333333
1379,"Based on an extensive body of research, my colleagues and I believe that the science establishing these links is strong and that the evidence makes a good case for adopting permanent standard time nationwide – as I testified at a recent Congressional hearing.",0.22666666666666666,0.38333333333333336
1380,"""Falling back"" – going from daylight saving time to standard time each November by turning the clocks back one hour – is relatively benign. While some people may feel thrown off balance and need a few weeks to recover, research hasn't linked it to serious impacts on health.",-0.08888888888888889,0.12777777777777777
1381,"Springing forward is harder on the body, however. This is because our clock time is moved an hour later; in other words, it feels like 7 a.m. even though our clocks say it is 8 a.m. So it's a permanent shift to later morning light for almost eight months – not just for the day of the change or a few weeks afterward. This is particularly notable because morning light is valuable for helping to set the body's natural rhythms: It wakes us up and improves alertness.",0.10833333333333334,0.30833333333333335
1382,"Although the exact reasons are not yet known, this may be due to light's effects on increasing levels of cortisol, a hormone that modulates the stress response or the effect of light on the amygdala, a part of the brain involved in emotions.",0.23125,0.50625
1383,"In contrast, exposure to light later into the evening delays the brain's release of melatonin, the hormone that promotes drowsiness. This can interfere with sleep and cause us to sleep less overall, and the effect can last even after most people adjust to losing an hour of sleep at the start of daylight saving time.",0.12222222222222223,0.2222222222222222
1384,"Because puberty also causes melatonin to be released later at night, meaning that teenagers have a delay in the natural signal that helps them fall asleep, adolescents are particularly susceptible to sleep problems from the extended evening light of daylight saving time. This shift in melatonin during puberty lasts into our 20s.",0.16666666666666669,0.35833333333333334
1385,"Adolescents also may be chronically sleep deprived due to school, sports and social activity schedules. For instance, many children start school around 8 a.m. or earlier. This means that during daylight saving time, many young people get up and travel to school in pitch darkness.",0.16805555555555554,0.3902777777777778
1386,"Geography can also make a difference in how daylight saving time affects people. One study showed that people living on the western edge of a time zone, who get light later in the morning and light later in the evening, got less sleep than their counterparts on the eastern edge of a time zone.",0.10555555555555557,0.24444444444444444
1387,"This study found that western edge residents had higher rates of obesity, diabetes, heart disease and breast cancer, as well as lower per capita income and higher health care costs. Other research has found that rates of certain other cancers are higher on the western edge of a time zone.",0.08928571428571429,0.3526785714285714
1388,"Scientists believe that these health problems may result from a combination of chronic sleep deprivation and ""circadian misalignment"". Circadian misalignment refers to a mismatch in timing between our biological rhythms and the outside world. In other words, the timing of daily work, school or sleep routines is based on the clock, rather than on the sun's rise and set.",-0.041666666666666664,0.14166666666666666
1389,"Congress instituted daylight saving time during World War I and again during World War II, and once again during the energy crisis of the early 1970s. The idea was that having extra light later into the afternoon would save energy by decreasing the need for electric lighting. This idea has since been proved largely inaccurate, as heating needs may increase in the morning in the winter, while air conditioning needs can also increase in the late afternoon in the summer.",0.06904761904761905,0.3547619047619048
1390,"Another pro-daylight saving argument has been that crime rates drop with more light at the end of the day. While this has been proved true, the change is very small, and the health effects appear to outweigh the lower rates of crime.",0.23125,0.5925
1391,"After World War II, it was left to state governments to set the start and end dates for daylight saving time. Because this created many railroad scheduling and safety problems, however, Congress passed the Uniform Time Act in 1966. This law set the nationwide dates of daylight saving time from the last Sunday in April until the last Sunday in October.",0.125,0.15833333333333333
1392,"In 2007, Congress amended the Uniform Time Act to expand daylight saving time from the second Sunday in March to the first Sunday in November, dates that remain in effect today.",0.125,0.16666666666666666
1393,"The law allows states and territories to opt out of daylight saving time, however. Arizona and Hawaii are on permanent standard time, along with Puerto Rico, the U.S. Virgin Islands, Northern Mariana Islands, Guam and American Samoa. Now, many other states are considering whether to stop falling back and springing ahead.",0.075,0.175
1394,The question then becomes: Should they pick permanent daylight saving time or permanent standard time?,0.0,0.0
1395,"Americans are split on whether they prefer permanent daylight saving time or permanent standard time. However, my colleagues and I believe that the health-related science for establishing permanent standard time is strong.",0.14444444444444443,0.24444444444444444
1396,"Standard time most closely approximates natural light, with the sun directly overhead at or near noon. In contrast, during daylight saving time from March until November, the natural light is shifted unnaturally by one hour later.",0.1888888888888889,0.3888888888888889
1397,"Based on abundant evidence that daylight saving time is unnatural and unhealthy, I believe we should abolish daylight saving time and adopt permanent standard time.",0.06666666666666665,0.5499999999999999
1398,This article was originally published on The Conversation.,0.375,0.75
1399,"Updated on:  March 7, 2025 / 5:05 PM EST          / CBS/AP",0.0,0.0
1400,"Federal Reserve Chair Jerome Powell said Friday that the central bank can remain patient in adjusting its benchmark interest rate, citing uncertainty around the potential impact of President Trump's economic policies.",0.06666666666666667,0.48333333333333334
1401,"Powell said the Trump administration is making policy changes in several areas, including trade, taxes, government spending, immigration and regulation, and added that the ""net effect"" of those changes are what will matter for the economy and the Fed's interest rate policies.",0.0,0.0
1402,"""While there have been recent developments in some of these areas, especially trade policy, uncertainty around the changes and their likely effects remains high,"" Powell said at a conference in New York. ""As we parse the incoming information, we are focused on separating the signal from the noise as the outlook evolves. We do not need to be in a hurry, and are well positioned to wait for greater clarity.""",0.13272727272727272,0.6240909090909091
1403,"Most economists say that Trump's plans to slap tariffs on a wide array of imports, including 25% duties on goods from Canada and Mexico that he partially delayed Thursday, will push up prices and slow growth. But many also expect that tax cuts and deregulation could boost the economy.",0.1,0.41999999999999993
1404,Powell's comments pushed some traders to pare back their forecasts for how many interest rate cuts the Fed may deliver this year. They had been banking on at least three following a stream of weaker-than-expected reports on the U.S. economy. But Powell reiterated the Fed is likely on hold for a while. That sent Treasury yields higher in the bond market.,0.075,0.4166666666666667
1405,"Rate reductions could help bring down borrowing costs for mortgages, auto loans, credit cards, and business loans.",-0.15555555555555559,0.2888888888888889
1406,"President Trump in January pressed the Fed to ease borrowing costs, saying in a speech at the annual World Economic Forum gathering in Davos, Switzerland that he planned to ""demand that interest rates drop immediately.""",0.2,0.2
1407,"In a question and answer session, Powell acknowledged that typically tariffs would cause a ""one-time"" price increase, rather than persistent inflation, and the Fed could ignore such a temporary effect. Treasury Secretary Scott Bessent on Thursday made a similar argument: ""We could get a one-time price adjustment,"" Bessent said, before adding, ""I'm not worried about inflation.""",-0.05555555555555555,0.4666666666666666
1408,"Yet Powell also said there were other considerations the Fed has to take into account when deciding whether to keep its rate unchanged, or even raise rates. For example, Powell suggested tariffs might have more than just a one-time impact ""if it turns into a series"" of tariff hikes, or ""if the increases are larger, that would matter.""",0.125,0.4583333333333333
1409,"""What really does matter is what is happening with long-term inflation expectations,"" Powell added. Powell noted that shorter-term expectations have risen, partly out of concern about tariffs, though longer-term expectations have been stable.",0.2,0.2
1410,Expectations that prices will rise can worsen inflation if they cause consumers and businesses to change their behavior in anticipation. Some companies might charge more when they expect their own costs to increase.,0.55,0.75
1411,"When Trump imposed tariffs in his last administration, Powell noted, the Fed ended up reducing its key rate, ""because growth weakened so much.""",0.06666666666666667,0.4222222222222222
1412,"Economists with Goldman Sachs and Morgan Stanley this week forecast that inflation is likely to edge up in 2025, citing the potential impact of tariffs and other Trump administration policies.",-0.041666666666666664,0.7916666666666666
1413,"""Larger tariffs are also likely to hit GDP harder through their tax-like effect on disposable income and consumer spending and their effect on financial conditions and uncertainty for businesses,"" Goldman analysts wrote in a report.",-0.025,0.375
1414,"The cost of food, shelter and other items remains a top economic issue around the U.S., with the soaring cost of eggs becoming a national talking point. A recent CBS News poll found that 77% of Americans say their incomes aren't keeping up with the pace of inflation.",0.205,0.43499999999999994
1415,"Powell said the economy remains mostly healthy despite ""elevated uncertainty."" He characterized Friday's jobs report, which showed employers added 151,000 jobs and the unemployment rate ticked up to 4.1%, as in line with the ""solid"" gains of the past six months.",0.08333333333333333,0.2833333333333333
1416,"He also noted that there were signs consumer spending has slowed compared with the healthy gains in the second half of last year, and said surveys of consumers and businesses ""point to heightened uncertainty about the economic outlook."" Further complicating matters, he acknowledged that measures of consumer sentiment ""have not been a good predictor"" of consumer spending in recent years.",0.15416666666666667,0.28541666666666665
1417,"The Fed's own beige book, a collection of anecdotes from hundreds of businesses, mentioned uncertainty 47 times in its latest edition released Wednesday, up from just 17 times in January. The Fed publishes the beige book eight times a year.",0.55,0.95
1418,Powell spoke at a conference organized by the University of Chicago's Booth School of Business.,0.0,0.0
1419,"President Donald Trump's on-again, off-again tariff policy and rapid-fire layoffs of government workers has created a spike in uncertainty among businesses and caused a sharp drop in consumer confidence. Many economists have marked down their estimates for the economy's growth to as low as 1% at an annual rate in the first three months of this year, down from 2.3% in last year's final quarter.",0.04598765432098765,0.45864197530864204
1420,"Yet as Fed governor Christopher Waller noted Thursday, there are ""good news"" cuts and ""bad news"" cuts. ""Bad news"" cuts occur if the Fed reduces rates out of concern that the economy is slowing, while ""good news"" reductions are those that reflect a sense by the Fed that inflation is returning to its target of 2%.",5.551115123125783e-17,0.6333333333333333
1421,"Waller added that he still believes it will be possible for the Fed to engineer ""good news"" rate cuts later this year, though he dismissed the potential for a cut at the Fed's next meeting this month.",0.13999999999999999,0.52
1422,"After cutting its key rate three times last year to about 4.3%, Powell indicated in January that the Fed would pause any further cuts amid signs that inflation has remained stuck above its target. The central bank's preferred inflation gauge shows that prices rose 2.5% in January compared with a year ago. Excluding the volatile food and energy categories, core prices rose 2.6%, the smallest increase since June.",0.075,0.5895833333333333
1423,"© 2025 CBS Interactive Inc. All Rights Reserved. This material may not be published, broadcast, rewritten, or redistributed. The Associated Press contributed to this report.",0.0,0.0
1424,"March 7, 2025 / 2:55 PM EST          / CBS/AP",0.0,0.0
1425,"The Department of Homeland Security said Friday it is ending the collective bargaining agreement with the union representing thousands of frontline workers with the Transportation Security Administration, a decision the TSA union called an ""unprovoked attack.""",0.0,0.0
1426,"In announcing the decision, DHS criticized the union — which represents worker responsible for screening airline passengers — claiming TSA employs more people working full-time on union issues than those ""performing screening functions at 86% of our airports.""",0.35,0.525
1427,"""This action will ensure Americans will have more effective and modernized workforces across the nation's transportation networks,"" Homeland Security said in a statement. ""TSA is renewing its commitment to providing a quick and secure travel process for Americans.""",0.3866666666666666,0.5
1428,"The decision to end collective bargaining was criticized by the Association of Flight Attendants, a union representing flight attendants, and Democratic lawmakers, with both claiming that the action will make flying less safe. DHS's decision comes after the agency last year pushed to boost TSA workers' pay, which has historically lagged that of other government employees.",0.051388888888888894,0.18472222222222223
1429,"In May 2024, the TSA administrator at the time, David Pekoske, signed the collective bargaining agreement and credited pay increases that went into effect in 2023 for helping to improve employee retention and morale, areas where TSA has had challenges.",0.0,0.0
1430,"""Attempting to negate [TSA workers'] legally binding collective bargaining agreement now makes zero sense – it will only reduce morale and hamper the workforce,"" said Rep. Bennie G. Thompson, a Democrat from Mississippi and ranking member of the Committee on Homeland Security, in a statement on Friday.",0.1,0.6
1431,"In the announcement, DHS said poor performers were being allowed to stay on the job and that the agreement was hindering the ability of the organization ""to safeguard our transportation systems and keep Americans safe"" — an assessment that faced immediate pushback from Thompson and the union.",0.04999999999999999,0.55
1432,"The decision is ""terrible for aviation security and everyone who depends on safe travel,"" the Association of Flight Attendants said. The group added, ""This will take us back to the days of security at the lowest price with the highest costs for our country.""",-0.16666666666666666,0.5
1433,"The American Federation of Government Employees, the union representing the TSA workers, said in a statement that the order would strip collective bargaining rights from roughly 47,000 transportation security officers, or TSOs. Those are people responsible for staffing airports around the country and checking to make sure that hundreds of thousands of passengers a day do not carry any weapons or explosives into the secure areas of airports.",0.2,0.4877777777777778
1434,"The union said Homeland Security Secretary Kristi Noem and President Donald Trump's administration were violating the right of staffers to join a union. It also said that the reasons the Republican administration had given for the decision — specifically the criticisms of union activity — were ""completely fabricated.""",0.14285714285714285,0.6428571428571428
1435,"Instead, the union said, the decision was retaliation for its wider efforts challenging a range of decisions taken by the Trump administration that have affected federal workers.",0.5,1.0
1436,"AFGE represents roughly 800,000 federal government workers in Washington, D.C., and across the country, and it has been pushing back on many of the administration's actions such as firing probationary employees and cuts to the U.S. Agency for International Development, or USAID.",0.08,0.27999999999999997
1437,"""Our union has been out in front challenging this administration's unlawful actions targeting federal workers, both in the legal courts and in the court of public opinion,"" the union said. ""Now our TSA officers are paying the price with this clearly retaliatory action.""",0.18,0.35
1438,The decision to end the collective bargaining agreement comes after Trump's administration pushed out Pekoske the day Trump was sworn into office. The TSA does not currently have an administrator or a deputy administrator.,0.0,0.4
1439,"In a note to staff, acting TSA Administrator Adam Stahl said Noem made the decision to rescind officers' collective bargaining rights to align with the Trump administration's ""vision of maximizing government productivity and efficiency and ensuring that our workforce can respond swiftly and effectively to evolving threats.""",0.3,0.4
1440,"""By removing the constraints of collective bargaining, TSOs will be able to operate with greater flexibility and responsiveness, ensuring the highest level of security and efficiency in protecting the American public,"" Stahl wrote. ""This determination is made with the TSO in mind, ensuring employee inclusivity and restoring meritocracy to the workforce.""",0.25,0.29791666666666666
1441,"Stahl said the agency ""will establish alternative procedures"" to address employee concerns and grievances ""in a fair and transparent manner.""",0.7,0.9
1442,"Rep. Thompson criticized the Homeland Security press release, saying the department was using ""flat out wrong anti-union talking points."" He said the real aim was ""diminishing"" the workforce so ""they can transform it in the mold of Project 2025.""",-0.10833333333333334,0.44166666666666665
1443,"""Attempting to negate their legally binding collective bargaining agreement now makes zero sense — it will only reduce morale and hamper the workforce,"" Thompson said. ""Since the Biden Administration provided pay increases and a new collective bargaining contract to the workforce, TSA's attrition rates have plummeted.""",0.11212121212121212,0.5515151515151515
1444,Project 2025 was the conservative governing blueprint that Trump insisted during the 2024 campaign was not part of his agenda. Project 2025 calls for immediately ending the TSA union and eventually privatizing the entire agency.,0.0,0.625
1445,"The TSA was created after the terrorist attacks of Sept. 11, 2001, when hijackers smuggled knives and box cutters through security to use as weapons as they commandeered four airplanes and slammed them into the Pentagon, the World Trade Center towers and a Pennsylvania field. The TSA's mandate when it was created in November 2001 was to prevent a similar attack in the future.",-0.03333333333333333,0.20833333333333334
1446,"Air travel since then has undergone a massive overhaul, with passengers and their luggage going through extensive screening at the airport and passenger information generally uploaded to TSA in advance of travel to facilitate screening. Increasingly, the agency has also been using facial recognition technology to scan passengers at checkpoints, leading to criticism by some members of Congress.",0.012500000000000004,0.4583333333333333
1447,"© 2025 CBS Interactive Inc. All Rights Reserved. This material may not be published, broadcast, rewritten, or redistributed. The Associated Press contributed to this report.",0.0,0.0
1448,"Updated on:  March 10, 2025 / 11:41 AM EDT          / CBS/AP",0.0,0.0
1449,"A massive volcano in Guatemala is erupting and authorities have evacuated nearly 300 families while warning another 30,000 people in the area they could be at risk.",0.05,0.7
1450,"The eruption at Volcano of Fire started overnight, spewing a dark cloud of ash. There are no immediate reports of casualties.",-0.15,0.4
1451,"Guatemala's Conred disaster center said the volcano, named Fuego – Spanish for ""fire"" – was sending ""pyroclastic flows,"" a high-temperature mix of gas, ash and rock fragments, ""through the ravines of the volcanic complex.""",-0.13333333333333333,0.16666666666666666
1452,"The flow of volcanic material is weak to moderate but expected to increase, officials said.",-0.15833333333333333,0.5750000000000001
1453,"The 12,300-foot-high volcano, located about 33 miles southwest of Guatemala City, is one of the most active in Central America. It usually erupts every four to give years, but it last erupted in June 2023. More than 1,000 people were evacuated during that eruption.",0.10277777777777779,0.36111111111111116
1454,A 2018 eruption killed 194 people and left another 234 missing.,-0.13333333333333333,0.016666666666666666
1455,Guatemala has two other active volcanoes — Santiaguito in the west of the country and Pacaya in the south.,-0.12916666666666665,0.4875
1456,"© 2025 CBS Interactive Inc. All Rights Reserved. This material may not be published, broadcast, rewritten, or redistributed. The Associated Press contributed to this report.",0.0,0.0
1457,By                                              David Pogue,0.0,0.0
1458,"Updated on:  March 9, 2025 / 4:47 PM EDT          / CBS News",0.0,0.0
1459,"It might have seemed like one of the weirder headlines of 2024: Microsoft is paying $1.6 billion to restart Three Mile Island. That's the nuclear power plant in Pennsylvania whose reactor #2 had a partial meltdown in 1979. There were no injuries, and nobody died, but it set the nuclear industry back years. Only two new plants have been started since that accident.",0.009090909090909087,0.43863636363636366
1460,"""This is hallowed ground in the nuclear industry,"" said Joe Dominguez, the CEO of Constellation Energy, which owns about half of America's 54 nuclear plants (including Three Mile Island). ""This is a place where we learned and got better.""",0.16666666666666669,0.3333333333333333
1461,"He says that, as a result of the 1979 accident, there have been thousands of changes in protocols and procedures regarding nuclear power. ""The thing that people forget is that there was another reactor at the site,"" he said. ""That site, that reactor, continued to operate until 2019, when it was closed for economic reasons. Cheap natural gas, low demand, subsidization of different technologies in the business, [and] no policy supporting nuclear caused plants to start retiring.""",0.12142857142857143,0.36428571428571427
1462,"So, what is Microsoft's interest?",0.0,0.0
1463,"All  of the Big Tech companies have ambitious goals to fight the climate  crisis. That includes Google and Microsoft, which have each  pledged to reach net zero carbon emissions. They were making progress, too; each has invested billions in wind and solar energy.",0.08333333333333333,0.2833333333333333
1464,"And then, then artificial intelligence came along. AI data centers require huge amounts of electricity.  Big Tech realized that they wouldn't make their emissions goals without taking power into their own hands.",0.10000000000000002,0.75
1465,"Dominguez said, ""Microsoft is going to enjoy the benefit of the reliable, clean energy for 20 years.""",0.38333333333333336,0.6000000000000001
1466,"He says reopening the existing Three Mile Island facility would be quicker and less expensive than constructing a brand-new nuclear plant. ""At least 10 times cheaper than building a new plant,"" he said. ""And we think we could get it going in about three years, versus the last plant that was built, [which] took almost 10 years.""",-0.16606060606060605,0.33757575757575753
1467,"But if you're a tech company, what do you do if you don't have a recently-retired nuclear plant handy? You develop new ones. Only weeks after Microsoft's announcement, both Amazon and Google announced major investments in nuclear power.",0.19971590909090908,0.7136363636363636
1468,"Google is supplementing its already enormous green energy investments with a new kind of nuclear, called small modular reactors. ""These are not the nuclear power plants of yesterday, with the very large cooling towers,"" said Michael Terrell, who heads Google's decarbonization efforts. ""These are much smaller facilities. But because they're modular, you can stack them together to make bigger power plants.",0.07061688311688312,0.563961038961039
1469,"He anticipates the first advanced nuclear reactor will be online by 2030. ""And we're not going to do just one reactor, but we hope to buy from what will be a series of reactors that follow that,"" Terrell said.",0.325,0.4666666666666667
1470,"Nuclear power still isn't perfect; it still produces waste that has to be safely stored. But unlike solar and wind, nuclear power is always on, which is essential to those AI data centers.",0.325,0.45
1471,"So, Google is funding a company called Kairos Power to design and build this new generation of reactors. Kairos is building three small demonstration plants in Oak Ridge, Tennessee, on the very spot where uranium was processed for the first atomic bomb.",0.08409090909090909,0.37196969696969695
1472,"CEO Mike Laufer says that his reactors don't use fuel rods; they use fuel pebbles, about the size of golf balls – mostly graphite, with tiny kernels of uranium. And each pebble has as much power capacity as four tons of coal.",0.2333333333333333,0.39999999999999997
1473,"And how much carbon dioxide emissions, compared to coal? ""Zero,"" Laufer said.",0.2,0.2
1474,"The Kairos reactors also run at lower power and lower pressure than traditional reactors, which means lower risk.",0.0,0.75
1475,"Well, this all sounds great! But what's the catch?",1.0,0.75
1476,"""There's only one problem with small modular reactors: They don't really exist,"" said George Washington University professor Sharon Squassoni, who spent 15 years researching nuclear safety for the government. She thinks Big Tech companies might be in over their heads. ""I think they're going to find out pretty quickly that it takes way too long and it's way too expensive,"" she said. ""I think we're going to see just how strong their commitments are to clean energy futures.""",0.062121212121212126,0.5303030303030303
1477,"""So, you're saying they may have to turn to burning stuff [for power]?"" I asked.",0.0,0.0
1478,"""I'm pretty sure they will,"" Squassoni replied.",0.375,0.9444444444444444
1479,"""Do you think there's a little bit of tech-bro overconfidence therein?""",-0.1875,0.5
1480,"""Oh, completely, completely!"" she laughed.",0.4125,0.30000000000000004
1481,"Kairos' Mike Laufer admitted, ""Yes, it's really hard. I will totally agree with anyone. But we're doing it at smaller scale to start, and then building on that in the future.""",-0.07291666666666667,0.47916666666666663
1482,"Joe Dominguez's team is getting Three Mile Island ready for Microsoft, including renaming the plant the Crane Clean Energy Center. And if AI is igniting a renaissance in American nuclear, he says: full steam ahead.",0.16333333333333333,0.37000000000000005
1483,"I asked, ""Why do all new plants take so much longer and cost so much more than projected?""",0.2787878787878788,0.38484848484848483
1484,"""Honest answer? We don't build enough of them,"" Dominguez said. ""You don't want to build a unique design; you want to do kind of a cookie-cutter, one-after-another design.""",0.39375,0.825
1485,"""Is it well understood in government and the industry that if you start doing the same design over and over, we can get there faster and cheaper?""",0.0,0.125
1486,"""It's probably the best understood idea,"" Dominguez said. ""It's understood by both Republicans and Democrats, which is a hard thing to say about anything! Everybody understands that if you build a common design, you build a bunch of them.""",0.11180555555555555,0.4472222222222222
1487,"""So, you think we'll get there?""",0.0,0.0
1488,"""I do.""",0.0,0.0
1489,"Google's Michael Terrell agrees, and believes his company will make its zero-carbon goal by 2030. ""It is an incredibly ambitious goal: 24/7 carbon-free energy everywhere we operate every way around the world,"" he said. ""But it's something we're working very hard to achieve, and we hope to get there.""",-0.06458333333333335,0.7270833333333333
1490,For more info:,0.5,0.5
1491,Story produced by Mark Hudspeth. Editor: Remington Korper.,0.0,0.0
1492,See also:,0.0,0.0
1493,"David Pogue is a six-time Emmy winner for his stories on ""CBS Sunday Morning,"" where he's been a correspondent since 2002. Pogue hosts the CBS News podcast ""Unsung Science."" He's also a New York Times bestselling author, a five-time TED speaker, and host of 20 NOVA science specials on PBS. For 13 years, he wrote a New York Times tech column every week - and for 10 years, a Scientific American column every month.",0.0909090909090909,0.30303030303030304
1494,© 2025 CBS Interactive Inc. All Rights Reserved.,0.0,0.0
1495,We may receive commissions from some links to products on this page. Promotions are subject to availability and retailer terms.,-0.16666666666666666,0.3333333333333333
1496,By                                              J.R. Duren,0.0,0.0
1497,Edited By                                              Angelica Leicht,0.0,0.0
1498,"Updated on:  March 7, 2025 / 5:29 PM EST          / CBS News",0.0,0.0
1499,"Home equity levels have reached incredible highs over the past few years, with homeowners averaging $313,000 of equity currently. The main driver behind that growth? Surging home values have widened the gap between what homeowners owe on their mortgages and what their homes are worth.",0.0738095238095238,0.3976190476190476
1500,"Naturally, many homeowners are tapping their equity right now since they have more to draw from — and since rates on these types of borrowing products are lower, on average, than most other types of borrowing currently. While there are a few different home equity lending products to choose from, home equity lines of credit (HELOCs) are a popular option, as these lines of credit allow you to draw from them as needed (up to the credit limit), making them a flexible borrowing option compared to lump-sum loans.",0.19107142857142856,0.4810714285714286
1501,"If you've already taken out a HELOC and have seen your home equity levels increase further in the time since, you may be wondering if your HELOC credit limit will grow based on that uptick in home equity. Here's what to know in this case.",0.0,0.5
1502,Find out what today's top home equity borrowing rates are now.,0.5,0.5
1503,"Generally speaking, your HELOC limit won't grow automatically as your home equity increases. Lenders set your initial HELOC limit based on several factors, including your borrower profile, your home's appraised value and how much equity you have in your home.",0.0625,0.175
1504,"By weighing those factors, your lender sets a HELOC limit they feel aligns with the risk you present as a borrower. That could mean your lender approves you for the HELOC amount you requested or a limit that is higher or lower than you requested. These factors are also why your lender generally won't automatically adjust your HELOC credit limit if your home value rises. Just because your home value increases doesn't mean the risk to the lender lessens.",-0.06499999999999999,0.475
1505,"However, just because an automatic HELOC limit increase is typically not offered through your lender doesn't mean you're without options if you want a higher line of credit.",0.006944444444444438,0.5625
1506,Learn more about the HELOC rates you could qualify for here.,0.5,0.5
1507,"If you want or need a higher HELOC limit, your two main options are typically to:",0.08333333333333333,0.4444444444444444
1508,"Refinancing your HELOC may allow you to get a higher credit limit. To refinance, you'll need to go through the full application process, which includes the lender weighing your credit score, income and other factors to determine your borrowing terms.",0.15833333333333333,0.47500000000000003
1509,"The upside to refinancing your HELOC is that if you're in a better financial position and have a stronger borrowing profile than you did when you applied for your first HELOC, you could get a better rate along with a higher credit limit. However, the downside is that refinancing a HELOC comes with new closing costs, which average between 2% to 5% of the total borrowed amount.",0.18579545454545454,0.42973484848484844
1510,"Your other option for increasing your HELOC limit is to apply for a new line of credit. Taking out a new HELOC could offer you access to more credit if you need it. However, you will have to go through the full application process again, including paying a new set of closing costs — and it's typically not as easy to get approved for a second HELOC because the risk to the lender is higher since you're borrowing more money on top of your primary mortgage and first HELOC.",0.21672494172494172,0.45810023310023307
1511,"In general, a lender won't automatically increase your HELOC limit just because your equity level grows. If you find yourself in need of a higher HELOC limit, though, you may still have options. In that case, you can consider either a HELOC refinance or new HELOC to get the extra funding you need. Before you do that, though, take a moment to review your financial situation and make sure you can afford to borrow more from your home's equity. After all, withdrawing too much from your home equity could lead to serious financial trouble if you're unable to afford your payments, so it's important to borrow responsibly — even if the funds are there and accessbile.",0.08593073593073595,0.4328643578643579
1512,J.R. Duren is a content marketing writer for CBS MoneyWatch's Managing Your Money team.,0.0,0.0
1513,© 2025 CBS Interactive Inc. All Rights Reserved.,0.0,0.0
1514,"Updated on:  March 10, 2025 / 6:23 AM EDT          / CBS/AFP",0.0,0.0
1515,"The remains of an Indigenous woman murdered by a convicted serial killer three years ago have been found in a landfill in central Canada, local authorities confirmed following a monthslong search.",0.1,0.3375
1516,"Morgan Harris was one of the Indigenous women slain by Jeremy Skibicki, who is serving multiple life sentences after being convicted of four murders last year.",0.0,0.03333333333333333
1517,"Skibicki met his victims in homeless shelters, in a case seen as a symbol of the dangers faced by Indigenous women in Canada, where they disproportionately fall victim to violence, termed a ""genocide"" by a national public inquiry in 2019.",-0.037500000000000006,0.058333333333333334
1518,"Testimony at Skibicki's trial said he raped, killed and dismembered Harris and another woman, Marcedes Myran, in 2022.",-0.2,0.0
1519,"Police believed their remains were dumped at the Prairie Green Landfill site, north of Winnipeg, the capital of the province of Manitoba.",-0.2,0.3
1520,"Last month, authorities announced that the remains of two bodies had been found at the site. They confirmed late Friday that one set of remains are those of Harris.",0.03333333333333335,0.5555555555555555
1521,"Manitoba police ""have confirmed that human remains found in the Prairie Green Landfill search have been identified as those of Morgan Beatrice Harris of Long Plain First Nation,"" the province said in a statement on Friday.",0.030952380952380957,0.41507936507936516
1522,"Identification of the second set of remains will be released ""as facts are confirmed,"" it added.",0.2,0.5
1523,"The body of another of Skibicki's victims, Rebecca Contois, was found in a separate landfill and in a garbage bin, while the remains of a fourth unidentified victim in her 20s are still missing.",-0.09166666666666667,0.03333333333333333
1524,"In a social media post, Harris's daughter called the identification of her mother's remains ""a bittersweet moment.""",0.03333333333333333,0.06666666666666667
1525,"""She's coming home just like we said from the very beginning...we fought with our hearts and now her spirit can rest,"" Cambria Harris said.",0.2,0.3
1526,The families of Harris and Myran had pushed authorities in Manitoba to search for the bodies.,0.0,0.0
1527,"Manitoba's Premier Wab Kinew, the first Indigenous person to lead a Canadian province, said ""Morgan Harris we honor you,"" in a post on social media.",0.14166666666666666,0.19999999999999998
1528,"In December 2022, Winnipeg Police Chief Danny Smyth wrote an open letter to Indigenous leaders, acknowledging the ""unimaginable"" pain surrounding the case.",0.0,0.5
1529,"""The investigation involving the murders of Rebecca Contois, Marcedes Myran, Morgan Harris, and Buffalo Woman has been one of the most complex and important homicide investigations during my tenure,"" Smith wrote. ""I have heard the calls from the families, the Indigenous leadership, and the community. I understand your calls; the pain and sorrow is unimaginable.""",0.20000000000000004,0.6333333333333333
1530,Indigenous women represent about one-fifth of all women killed in gender-related homicides in the country — despite comprising just 5% of the female population.,-0.1,0.08333333333333333
1531,"A similar crisis exists in the U.S., where Native American women are disproportionately targeted in murders, sexual assaults and other acts of violence, both on reservations and in nearby towns.",0.09375,0.40208333333333335
1532,"There were more than 5,700 reports of missing Native women and girls in 2016, according to the anti-sexual assault organization RAINN, which cites statistics from the National Crime Information Center. The Bureau of Indian Affairs estimated more recently that roughly 4,200 cases of missing and murdered Indigenous people remain unsolved.",0.05714285714285714,0.2642857142857143
1533,"Last month, the remains of a woman found dead on a reservation in southwestern South Dakota were identified as a Sioux woman who went missing more than a year ago.",0.024999999999999994,0.25416666666666665
1534,"© 2025 CBS Interactive Inc. All Rights Reserved. This material may not be published, broadcast, rewritten, or redistributed. Agence France-Presse contributed to this report.",0.0,0.0
1535,By                                              Aimee Picchi,0.0,0.0
1536,Edited By                                              Alain Sherter,0.0,0.0
1537,"Updated on:  March 7, 2025 / 8:20 AM EST          / CBS News",0.0,0.0
1538,"The U.S. Department of Education could be headed for some major changes, with President Trump expected to issue an executive order directing Education Secretary Linda McMahon to start the process of dissolving the agency.",-0.018750000000000003,0.45
1539,"Although the timing of such a move is unclear, reports that is in the works are already raising questions for millions of parents, students and taxpayers about the future of the Education Department and how the services it provides will be handled if the agency is dismantled.",0.0,0.3125
1540,"In 1979, President Jimmy Carter signed a bill creating the Department of Education. The agency's key functions include:",0.0,1.0
1541,"The Department of Education is ""primarily about ensuring who can access the classroom — it's not so much about what is being talked about in the classroom,"" Peter Granville, a fellow at The Century Foundation and expert on higher education, told CBS MoneyWatch.",0.2833333333333334,0.39999999999999997
1542,"One major misconception held by many Americans is that the Education Department oversees school curriculums and learning, which are instead overseen by states and local school districts. Rather than setting public school curriculums, the Education Department's role is primarily financial, distributing billions in government money to colleges and schools and managing the federal student loan portfolio.",0.1125,0.21333333333333332
1543,"""Curriculum is handled by states and local governance — the Department of Education has historically had no role in setting curriculum,"" Granville said. ""The primary role of the Department of Education has been as a grant maker and a loan lender.""",0.13333333333333333,0.16666666666666666
1544,"For instance, the Education Department operates the Free Application for Federal Student Aid, or FAFSA, which is used by about 17 million students each year to apply for federal loans, grants and scholarships to attend college or vocational programs. The agency also manages $1.5 trillion in student loans, including repayment programs.",0.35,0.6000000000000001
1545,"Additionally, the Education Department handles Title I funding for low-income schools as well as for the Individuals with Disabilities Education Act. Here's what to know about the agency.",0.0,0.0
1546,"Mr. Trump is a vocal critic of the Education Department, describing it last month as ""a big con job"" and falsely claiming the U.S. is ranked 40th in education internationally but spends the most per pupil. (Spending on K-12 education is largely determined by local school boards and funded by property taxes.)",0.04489795918367345,0.24217687074829933
1547,"One of the president's executive orders, signed Jan. 30, directed the Education Department to investigate ""school choice programs,"" saying that parents need ""opportunities for students to attend the school that best fits their needs."" Vouchers that allow families to pay for private K-12 schools are a priority of conservatives, as such programs allow parents to use tax credits to pay for private schools, including Christian-based institutions.",0.25,0.3875
1548,"In an email earlier this month to the agency's staff entitled ""Our Department's Final Mission,"" McMahon wrote that her goal is to ""restore the rightful role of state oversight in education and to end the overreach from Washington."" That echoes language from Project 2025, the blueprint for a conservative administration written by the Heritage Foundation.",0.0,0.75
1549,"""Federal money is inevitably accompanied by rules and regulations that keep the influx of funds from having much, if any, impact on student outcomes,"" Project 2025's section on the Education Department claims. ""Eventually, policymaking and funding should take place at the state and local level, closest to the affected families.""",0.06666666666666667,0.39999999999999997
1550,"Complete elimination of the Education Department would need congressional approval and 60 votes in the Senate, which is unlikely given the current makeup.",-0.13333333333333333,0.43333333333333335
1551,"However, the Trump administration could make changes to the agency, such as by cutting staff, without closing the entire department. The Trump administration is currently making massive employment cuts at several other federal agencies, such as the Social Security Administration and Veterans Affairs Department, describing the efforts as a way to reduce federal waste.",-0.08916666666666666,0.43666666666666665
1552,"The Trump administration could change some of the department's oversight duties, such as those carried out by its Office for Civil Rights, which issues guidance on how civil rights laws should be applied. Trump has suggested a different interpretation of the office's civil rights role.",0.0,0.55
1553,"Under his administration, the department has instructed the office to prioritize complaints of antisemitism, and has opened investigations into colleges and school sports leagues for allowing transgender athletes to compete on women's teams, according to the Associated Press.",0.0,0.0
1554,"The Trump administration isn't expected to defend the Biden administration's student loan forgiveness and repayment programs, which have been tied up in court cases, experts say. Last month, the Education Department removed the online application for income-driven repayment plans, according to Business Insider.",-0.05,0.23333333333333334
1555,"The Education Department manages $1.5 trillion in student loan debt for more than 40 million borrowers. Although the Trump administration hasn't outlined how it might want to reallocate the Education Department's responsibilities, student loans could be moved to the Treasury Department, Granville noted.",0.5,0.5
1556,"""If this is going to be a smooth handoff, some other agency has to pick up what the Education Department is setting down,"" he said. ""The most logical destination is the Treasury, but I worry about the risk of disruption from any handoff.""",0.1738888888888889,0.3827777777777778
1557,"Project 2025 posits that student loans should be handled by a ""new government corporation with professional governance and management."" The blueprint calls for federal loans ""to be assigned directly to the Treasury Department, which would manage collections.""",0.11212121212121212,0.3181818181818182
1558,"Project 2025 also favors phasing out income-based repayment plans, which help borrowers lower their monthly loan payments by making them proportional to their wages and salaries, and creating a new repayment plan that would require people earning above poverty wages to pay 10% of their income toward their loans.",0.06818181818181818,0.2772727272727273
1559,"""[T]here should be no loan forgiveness,"" Project 2025 states.",0.0,0.0
1560,"The Education Department required by law to release the FAFSA on or close to Oct. 1, allowing students and their families to apply for loans and other student aid during the college application season. Families must complete the FAFSA each year a student is enrolled in a college program if they wish to qualify for loans or other aid.",-0.049999999999999996,0.3833333333333333
1561,"""Congress passed a law that created the FAFSA, and unless Congress creates a new law, the FAFSA has to continue,"" Granville said.",0.13636363636363635,0.45454545454545453
1562,"Still, it's unclear which agency would handle the FAFSA if the Department of Education is dismantled, he added.",0.0,0.0
1563,"Much of the Education Department's money for K-12 schools is funneled through large federal programs, such as Title I for low-income schools and the Individuals with Disabilities Education Act. Those programs support services for students with disabilities, smaller class sizes with additional teaching positions, and pay for social workers and other non-teaching roles in schools.",0.053769841269841266,0.3450396825396826
1564,"During his campaign, Mr. Trump called for shifting those functions to the states. He has not offered details on how the agency's core functions of sending federal money to local districts and schools would be handled.",0.0,0.0
1565,"Project 2025 suggests sending oversight of programs for kids with disabilities and low-income children first to the Department of Health and Human Services, before eventually phasing out the funding and converting it to no-strings-attached grants to states.",0.125,0.21666666666666667
1566,"There's concern that making massive changes to the Education Department could impact millions of families and students who rely on the agency for loans, grants and other support, experts say.",-0.0625,0.6875
1567,"Moving some of those tasks to states and local governments could drive up costs for many families, said Sen. Bernie Sanders, an independent from Vermont.",0.16666666666666666,0.20833333333333334
1568,"""That will mean higher local and state taxes to fill the void,"" Sanders said at a Thursday press conference organized by the Senate Democrats about the potential dismantling of the Education Department. ""In other words, shutting down the Department of Education would be a disaster for low income and working class families in every state of our country.""",-0.04900793650793651,0.45019841269841265
1569,"The American Federation of Teachers, a union that represents 1.8 million K-12 teachers, said that it planned to fight the Trump administration's efforts to dismantle the agency.",0.0,0.0
1570,"""The directive to 'return decision-making to the states' fails the smell test,"" said AFT President Randi Weingarten in a statement. ""States and districts already govern schools through locally elected school boards, as they should. They put up most of the money and control most of the decisions—from approving curriculum to deciding who graduates.""",0.125,0.325
1571,"She added, ""The Department of Education, and the laws it is supposed to execute, has one major purpose: to level the playing field and fill opportunity gaps to help every child in America succeed.""",0.0625,0.5
1572,The Associated Press                          contributed to this report.,0.0,0.0
1573,"Aimee Picchi is the associate managing editor for CBS MoneyWatch, where she covers business and personal finance. She previously worked at Bloomberg News and has written for national news outlets including USA Today and Consumer Reports.",-0.08333333333333333,0.23333333333333334
1574,© 2025 CBS Interactive Inc. All Rights Reserved.,0.0,0.0
1575,By                                              Melissa Quinn,0.0,0.0
1576,"March 10, 2025 / 9:56 AM EDT          / CBS News",0.0,0.0
1577,Washington — The Supreme Court on Monday turned away a bid by Republican-led states to block lawsuits brought by a group of Democratic-led states that seek to hold oil and gas companies accountable for their fossil fuel products' contributions to climate change.,0.0,0.0
1578,The court's decision to stay out of the dispute allows the five blue states to pursue lawsuits filed against the energy industry in their own courts. Justices Clarence Thomas and Samuel Alito dissented from the court's decision not to allow the red states to seek its intervention.,0.19999999999999998,0.3666666666666667
1579,"""Our exclusive original jurisdiction over suits between states reflects a determination by the framers and by Congress about the need 'to open and keep open the highest court of the nation' for such suits, in recognition of the 'rank and dignity of the states,"" Thomas wrote in a dissent joined by Alito. ""Yet, this court has — essentially for policy reasons — assumed a power to summarily turn away suits between states. The court today exercises that power to reject a suit involving nearly half the states in the nation, which alleges serious constitutional violations.""",-0.115625,0.5354166666666667
1580,"The novel suits were brought by California, Connecticut, Minnesota, New Jersey and Rhode Island and seek to hold energy companies liable for allegedly deceiving the public about the dangers of their fossil-fuel products.",-0.015909090909090914,0.28030303030303033
1581,"Filed between 2018 and 2023, the suits allege claims arising under state laws but broadly accuse the energy industry of knowing for decades that greenhouse gas emissions would contribute to climate change. The states claim that oil and gas companies engaged in deceptive marketing by misrepresenting the dangers of their fossil fuel products, which caused consumers to use more of them.",0.28125,0.40625
1582,"The oil and gas companies sought to move nearly all the cases to federal court, arguing that federal law governs interstate emissions, but the efforts were rejected by U.S. courts of appeals.",0.1,0.4
1583,The cases are now proceeding in state courts and are in the early stages of litigation.,0.1,0.3
1584,"Oil and gas companies separately asked the Supreme Court to shut down a lawsuit brought by the city of Honolulu that is seeking to hold the industry liable for harms caused by the effects of climate change. But the high court in January said it would not consider the appeal from the 15 companies, including Sunono and Shell, which cleared the way for the cases to move forward in Hawaii state court.",-0.03185185185185186,0.44296296296296295
1585,Alabama and 18 other Republican-led states separately went to the Supreme Court and urged it to exercise its original jurisdiction over disputes between the states. They asked the high court to block the civil suits filed by the Democratic-led states and prevent other litigation seeking similar relief in the future.,0.04750000000000001,0.4275
1586,The red states allege that the claims pending in state court seek to regulate activity outside of the blue states' borders and involve an area governed by federal law.,0.0,0.05000000000000001
1587,"They argued in a Supreme Court filing that the blue states are seeking ""massive"" penalties and relief against energy producers that are not based in their states. If the Democratic-led states succeed, they warned it would have sweeping impacts on the national energy system.",0.0,0.55
1588,"""If defendant states are right about the substance and reach of state law, their actions imperil access to affordable energy everywhere and inculpate every state and indeed every person on the planet,"" the red states wrote. ""Consequently, defendant states threaten not only our system of federalism and equal sovereignty among States, but our basic way of life.""",0.05714285714285714,0.3821428571428571
1589,But the attorneys general for the blue states told the court that their state-court actions seek to address local harms resulting from allegedly unlawful deceptive conduct by the oil and gas companies.,-0.012499999999999997,0.175
1590,They argued that Alabama and the red states have not satisfied the standard governing the Supreme Court's exercise of original jurisdiction.,0.03125,0.4375
1591,"""Accurately understood, the state enforcement actions that Alabama targets do not intrude on the sovereign prerogatives of Alabama or any other state,"" the blue states wrote. ""Even if each one of those actions succeeds, Alabama and other states will remain free to pursue their own energy policy goals.""",0.2642857142857143,0.4833333333333334
1592,"Melissa Quinn is a politics reporter for CBSNews.com. She has written for outlets including the Washington Examiner, Daily Signal and Alexandria Times. Melissa covers U.S. politics, with a focus on the Supreme Court and federal courts.",0.0,0.0
1593,© 2025 CBS Interactive Inc. All Rights Reserved.,0.0,0.0
1594,"Updated on:  March 5, 2025 / 8:48 PM EST          / CBS/AP",0.0,0.0
1595,"The blockade that Israel put in place on all humanitarian good entering Gaza amid a standoff with the U.S.- and Israeli-designated terrorist group Hamas over how to keep the ceasefire in Gaza going has sent humanitarian groups into overdrive. Organizations say they're trying to figure out how to distribute dwindling supplies to the most vulnerable of the enclave's roughly 2 million people, and there's fear the situation is only going to get worse.",0.033333333333333326,0.6
1596,"Officials in the central Gazan city of Deir al-Balah said Wednesday — three days into Israel's freeze on food, fuel, medicine and other supplies entering the decimated Hamas-controlled Palestinian territory — that Israel had also cut off electricity to two desalination plants that supply around 70% of the area's residents with fresh water.",0.05833333333333333,0.375
1597,"The aid freeze has imperiled the tenuous progress humanitarian workers say they were making to stave off famine in Gaza during the first phase of the ceasefire that Israel and Hamas agreed to in January. That first phase ended on March 1, and it's unclear what comes next as Israel pushes for an extension of phase-one, and Hamas demands a transition two a second phase.",0.125,0.16666666666666666
1598,"""Israel's decision, to block aid to over two million Palestinians in the Gaza Strip as Ramadan begins, is a reckless act of collective punishment, explicitly prohibited under international humanitarian law,"" the U.K.-based charity Oxfam said in a statement. ""Humanitarian aid is not a bargaining chip for applying pressure on parties, but a fundamental right of civilians experiencing urgent need in challenging and life-threatening circumstances.""",0.2619047619047619,0.5119047619047619
1599,"Israel says the aid blockade is aimed at pressuring Hamas to accept a proposal to extend the first phase of the ceasefire, which it says was drafted by the Trump administration. Under the proposal, Israel has demanded that Hamas hand over half of the remaining 59 hostages held in Gaza immediately, which would be a significant change in the terms initially agreed under the deal brokered by the U.S., Qatar and Egypt.",0.11458333333333334,0.34375
1600,"Israeli Prime Minister Benjamin Netanyahu said Tuesday that he was prepared to increase the pressure on Hamas, and he would not rule out cutting off electricity to all of Gaza as part of that pressure campaign.",-0.6,0.9
1601,"Human rights and humanitarian, including Oxfam, have accused Israel for months of using starvation as a weapon of war in Gaza",0.0,0.1
1602,"After more than 16 months of war, Gaza's population is entirely dependent on trucked-in food and other aid. Most residents are displaced from their homes, and many need shelter. Fuel is needed to keep hospitals, water pumps, bakeries and telecommunications — as well as trucks delivering aid — operating.",0.275,0.5
1603,"An estimated 70% of buildings in Gaza have been destroyed or damaged during the war, and there is no significant stockpile of tents or other temporary shelters in the enclave for Palestinians to rely on during the aid freeze, according to Shaina Low, communications adviser for the Norwegian Refugee Council. The aid that came in during the ceasefire's first phase was ""nowhere near enough to address all of the needs,"" she said.",0.005357142857142858,0.3976190476190476
1604,"Noting that six infants in Gaza died from hypothermia during the first phase of the ceasefire deal, Low said, ""if it was enough, we wouldn't have had infants dying from exposure because of lack of shelter materials and warm clothes and proper medical equipment to treat them.""",0.14166666666666666,0.3055555555555556
1605,"""We're trying to figure out, what do we have? What would be the best use of our supply?"" said Jonathan Crickx, chief of communication for UNICEF. ""We never sat on supplies, so it's not like there's a huge amount left to distribute.""",0.46666666666666673,0.39999999999999997
1606,"Crickx predicted a ""catastrophic result"" if the aid freeze continues.",0.0,0.0
1607,"During the ceasefire's first phase, humanitarian agencies rushed in supplies and quickly ramped up their capabilities. Aid workers set up more food kitchens, health centers and water distribution points. With more fuel coming in to power pumps, they were able to double the amount of water drawn from wells, according to the U.N. humanitarian coordination agency, or OCHA.",0.34722222222222215,0.40972222222222215
1608,"The U.N. and associated nongovernmental organizations brought in around 100,000 tents as hundreds of thousands of Palestinians tried to return to their homes to find them destroyed or too damaged to live in. But progress relied on the flow of aid continuing.",0.13636363636363635,0.5
1609,"The International Organization for Migration has 22,500 tents sitting in its warehouses in Jordan after supply trucks brought back their undelivered cargo following Israel's entry ban, Karl Baker, the agency's regional crisis coordinator, said.",0.0,0.03333333333333333
1610,"The International Rescue Committee has 14,771 pounds of medicines and medical supplies waiting to enter Gaza, the delivery of which is now ""highly uncertain,"" said Bob Kitchen, vice president of the Emergencies and Humanitarian Action Department.",0.065,0.15999999999999998
1611,"""It's imperative that aid access is now immediately resumed. With humanitarian needs sky high, more aid access is required, not less,"" Kitchen said.",0.2477777777777778,0.3688888888888889
1612,"The Medical Aid for Palestinians organization said it has trucks stuck at the border carrying medicine, mattresses and assistive devices for people with disabilities. The organization has some medicine and materials in reserve in Gaza, said MAP spokesperson  Tess Pope, but, ""we don't have stock that we can use during a long closure.""",-0.025,0.2
1613,The U.N.'s humanitarian office said Tuesday that prices of vegetables and flour had shot up in Gaza after Israel closed the border crossings.,-0.1,0.1
1614,"Sayed Mohamed al-Dairi walked through a bustling market in Gaza City just after the cutoff was announced. Prices that had just started to come down during the ceasefire had jumped back up, as sellers hiked the prices of their dwindling wares.",-0.07777777777777779,0.14444444444444446
1615,"""The traders are massacring us, the traders are not merciful to us,"" he said. ""In the morning, the price of sugar was five shekels. Ask him now, the price has become 10 shekels.""",0.0,0.0
1616,"In the central Gaza city of Deir al-Balah, 2.2 pounds of chicken that had sold for 21 shekels — around $5.76 — is now 50 shekels, or about $14. Cooking gas has soared from 90 shekels — $24.70 — for 26 pounds to the equivalent of $406.24.",-0.3,0.6
1617,"Following the Oct. 7, 2023, Hamas terrorist attack on Israel that sparked the war, Israel cut off all aid to Gaza for two weeks. That move was central to South Africa's case accusing Israel of genocide in Gaza at the International Court of Justice. That took place as Israel launched the most intense phase of its aerial bombardment campaign on Gaza, one of the most aggressive in modern history.",0.19999999999999998,0.37857142857142856
1618,"With the the fate of the ceasefire deeply uncertain and aid again frozen, Palestinians fear a repeat of that period.",0.0,0.4
1619,"""We are afraid that Netanyahu or Trump will launch a war more severe than the previous war,"" said Abeer Obeid, a Palestinian woman from northern Gaza.",-0.08888888888888886,0.5222222222222223
1620,"""The crossings are the means by which people obtain the basic necessities of life, why are they closing them,"" she asked. ""For the extension of the truce, they must find any other solution.""",-0.0625,0.25
1621,Haley Ott                          contributed to this report.,0.0,0.0
1622,"© 2025 CBS Interactive Inc. All Rights Reserved. This material may not be published, broadcast, rewritten, or redistributed. The Associated Press contributed to this report.",0.0,0.0
1623,"Updated on:  March 10, 2025 / 9:28 AM EDT          / CBS/AP",0.0,0.0
1624,"Seoul, South Korea — North Korea fired several ballistic missiles into the sea on Monday, South Korea's military said, hours after South Korean and U.S. troops kicked off their large annual combined drills, which the North views as an invasion rehearsal.",0.03809523809523809,0.1761904761904762
1625,"South Korea's Joint Chiefs of Staff said the missile firings, North Korea's fifth missile launch event this year, were detected as coming from the North's Hwanghae province but gave no further details such as how far they flew. It said South Korea bolstered its surveillance posture and is closely coordinating with the United States.",0.03333333333333333,0.6666666666666666
1626,"Earlier Monday, the South Korean and U.S. militaries began their annual joint military exercises, which are scheduled to last 11 days. The Freedom Shield command post exercise began after the South Korean and U.S. militaries paused live-fire training while Seoul investigates how two of its fighter jets mistakenly bombed a civilian area during a warm-up drill last week.",-0.025,0.18333333333333332
1627,"The drills' start drew the condemnation of nuclear-armed North Korea, which issued a government statement calling the exercises a ""dangerous provocative act"" that increases the risks of military conflict ""by means of an accidental single shot.""",-0.2571428571428571,0.4047619047619047
1628,"About 30 people were injured, two of them seriously, when two South Korean KF-16 fighter jets mistakenly fired eight MK-82 bombs on a civilian area in Pocheon, a town near the North Korean border, on Thursday. The bombing occurred while South Korean and U.S. forces were engaging in a live-fire drill ahead of the larger Freedom Shield exercise.",0.04166666666666668,0.5666666666666667
1629,"In a background briefing to domestic reporters on Monday, the South Korean air force repeated its initial assessment from last week that one of the KF-16 pilots had entered the wrong coordinates for a bombing site.",-0.125,0.26666666666666666
1630,"The unidentified pilot didn't recognize the error during a pre-takeoff check and, rushing to meet scheduled timing, failed to visually verify the target before proceeding with the bombing. The second pilot had the correct coordinates but focused only on maintaining formation with the other aircraft and dropped the bombs following the first pilot's instructions, failing to recognize they deviated from the right target, according to the content of the briefing provided to The Associated Press.",-0.011160714285714288,0.3305059523809524
1631,"Gen. Lee Youngsu, chief of staff of the South Korean air force, bowed and apologized Monday over the injuries and property damage caused by the incident, which he said ""should have never happened and must never happen again.""",0.0,0.0
1632,Both the South Korean and U.S. militaries have halted all live-fire exercises in South Korea following the mishap. South Korean military officials say live-fire training will resume after they complete the ongoing investigation on the bombing and formulate preventative steps.,0.0,0.20000000000000004
1633,The Freedom Shield exercise marks the first large-scale joint exercise since President Trump began his second term. It comes amid growing tensions with North Korea over its nuclear ambitions and its alignment with Russia in President Vladimir Putin's war on Ukraine.,0.125,0.16666666666666666
1634,"Mr. Trump, who met North Korean leader Kim Jong Un three times during his first term, has expressed his willingness to reach out to Kim again to revive diplomacy, which collapsed due to disagreements over exchanging U.S.-led sanctions against the North and the North's denuclearization steps. But Pyongyang has yet to respond to his overture and has continued its fiery rhetoric against Washington and Seoul over their joint military exercises, which Kim portrays as rehearsals for invasion.",0.008333333333333331,0.26944444444444443
1635,"In a statement issued through state media Monday, the North Korean Foreign Ministry called the Freedom Shield exercise an ""aggressive and confrontational war rehearsal"" that risks triggering ""physical conflict"" on the Korean Peninsula.",-0.0625,0.13392857142857142
1636,"The ministry reiterated Kim's state goals for a ""radical growth"" of his nuclear force to counter what he claims as growing threats posed by the U.S. and its Asian allies.",0.0,0.0
1637,"© 2025 CBS Interactive Inc. All Rights Reserved. This material may not be published, broadcast, rewritten, or redistributed. The Associated Press contributed to this report.",0.0,0.0
1638,"By                                              David Begnaud,                                             Lete Childs",0.0,0.0
1639,"March 10, 2025 / 10:14 AM EDT          / CBS News",0.0,0.0
1640,A dedicated public servant says his life proves that anything is possible.,0.09999999999999999,0.35555555555555557
1641,"Fidele Sebahizi grew up in the Democratic Republic of the Congo. In 1996, at just 14 years old, he was forced to flee from his home village following an attack.",-0.06666666666666668,0.16666666666666666
1642,"""My home village has been destroyed to ashes,"" said Sebahizi.",0.0,0.0
1643,"His ethnic group was facing persecution and when another war tore apart Congo in 2004, more people packed their belongings and left.",0.25,0.25
1644,They escaped across the border into Burundi to seek safety at a United Nations refugee camp.,0.0,0.0
1645,"""In that refugee camp, we got attacked by several heavily armed groups and we lost 166 people in a matter of two hours,"" Sebahizi said. ""Seeing my friends, my family members set on fire, alive, it was like a movie, but it was real.""",0.025,0.30000000000000004
1646,"With few belongings and nowhere to belong, Sebahizi said he's not even sure how he ended up on a plane bound for the U.S.",0.15,0.4944444444444444
1647,"""It was my first time flying,"" he said. ""So, it was crazy. So, I didn't know where I was going.""",-0.175,0.6166666666666667
1648,"Far from Congo, Sebahizi began to build a new life in southern California. He started taking English classes alongside his father. Those classes turned into college courses, all while he was welcoming a new child into the world.",0.07454545454545454,0.38181818181818183
1649,"In 2015, Sebahizi followed a brother to Abilene, Texas, and found inspiration in a community that is almost 70% white.",0.0,0.0
1650,"Sebahizi found work in a prison, where the idea for his next career move came from some of the people incarcerated.",0.0,0.0
1651,"""They started calling me a cop,"" Sebahizi said. ""They were like, 'Go outside, and be a real cop.'""",0.1,0.17500000000000002
1652,Sebahizi became the first-ever foreign-born police officer hired in Abilene.,0.0,0.0
1653,"""Given where he came from, I think he gives a broader perspective, a lot of resilience and a strong, strong work ethic,"" said Assistant Chief Joel Harris.",0.4333333333333333,0.7333333333333333
1654,"Sebahizi's ability to speak five different languages is a huge asset to the city, Harris added.",0.20000000000000004,0.75
1655,"""Not only translate for us, but actually help us to communicate and bridge that gap with the cultures, and I think it helped us build trust quite a bit with the refugee community here,"" Harris said.",0.0,0.55
1656,"While working 10-hour shifts as a police officer and raising a family, Sebahizi went on to earn a master's degree and then got a PhD, but he didn't stop there. Sebahizi, who arrived in the U.S. without speaking much English, has now written a book, called ""Creating a Life from the Ashes.""",0.0,0.0
1657,"""I believe that anybody in this country, regardless of their status, they can achieve whatever they want to achieve. If I did it as an immigrant, as an immigrant, or as a refugee, anybody else can do it too,"" said Sebahizi.",0.0,0.0
1658,"He shares that lesson with his American-born daughters, Fifa, 14 and Faith, 7.",0.0,0.0
1659,"After achieving his American dream and becoming an inspiration to others, Sebahizi now wants to return home to help create more change.",0.2875,0.36250000000000004
1660,"But before he moves back, Sebahizi said he wants to teach college.",0.1,0.05
1661,He added that he would only move with his daughters' blessings first. They told him they would go with him when they get older.,0.13888888888888887,0.5555555555555555
1662,"""My plan is to go back sometime and rebuild my village, not only my village, but the country, make it a better place and make a difference,"" Sebahizi said.",0.16666666666666666,0.5
1663,"David Begnaud is a CBS News contributor and previously served as the lead national correspondent for ""CBS Mornings,"" based in New York City.",-0.015151515151515152,0.3106060606060606
1664,© 2025 CBS Interactive Inc. All Rights Reserved.,0.0,0.0
1665,By                                              Kaia Hubbard,0.0,0.0
1666,"Updated on:  March 9, 2025 / 3:02 PM EDT          / CBS News",0.0,0.0
1667,"Washington — House Republicans unveiled a stopgap measure to keep the government funded through September on Saturday, setting up a vote next week on the measure that would avert a government shutdown. But with less than a week before the deadline, its path to passage remains unclear.",-0.08333333333333333,0.03333333333333333
1668,"The 99-page continuing resolution, or CR, would increase defense spending, along with additional funding for veterans' health care, while decreasing non-defense spending below 2024 levels. The bill also includes more funding for Immigration and Customs Enforcement. The House Rules Committee is expected to consider the measure on Monday, with a floor vote expected Tuesday.",0.10000000000000002,0.43333333333333335
1669,"President Trump applauded Republicans on social media Saturday saying ""under the circumstances"" the House and Senate have put together a ""very good funding Bill."" He said all the GOP should stay unified and vote ""yes"" next week.",0.3144444444444444,0.28222222222222226
1670,"""Democrats will do anything they can to shut down our Government, and we can't let that happen,"" he said on Truth Social.",-0.06111111111111113,0.17777777777777778
1671,"Facing a March 14 deadline to fund the government, House Republicans have been moving forward with a plan to keep spending at current levels for the next six months. But Democrats, who have stepped in to help keep the lights on several times in recent years, aren't eager to come to the GOP's aid this time around. Instead, House Speaker Mike Johnson has been looking to secure the support of a number of consistent Republican holdouts — a group of hardliners who oppose stopgap measures to fund the government on principle.",0.10833333333333334,0.25
1672,"Some of the hardliners met with President Trump at the White House on Wednesday. After the meeting, the president wrote on Truth Social that ""Conservatives will love this Bill,"" encouraging his party to get it done.",0.17777777777777778,0.2222222222222222
1673,"Rep. Chip Roy, a Texas Republican who often opposes continuing resolutions, told reporters Thursday that the president believes a continuing resolution is necessary to ""stop Democrats from playing games.""",0.0,1.0
1674,"""You're telling me as a conservative, you're going to freeze spending for six months, hold the defense hawks at bay, get everybody in a room and keep getting DOGE transparency and demonstrating all the waste, fraud and abuse that we can then use to go inform FY '26,"" Roy said. ""I'm good with that.""",0.24999999999999997,0.30000000000000004
1675,"Rep. Brian Fitzpatrick of Pennsylvania, a moderate Republican who hails from a swing district, said Sunday on ""Face the Nation with Margaret Brennan"" that he hasn't decided how he will vote on the bill, while noting more broadly that ""it remains to be seen whether the votes are there or not.""",0.1875,0.5041666666666667
1676,"Johnson, a Louisiana Republican, told reporters Thursday that he expects the resolution will have the votes for passage, outlining that he doesn't anticipate additional no votes among his conference beside Rep. Thomas Massie of Kentucky.",0.0,0.0
1677,"As for Democrats, Johnson said he's hopeful they will vote in favor of the stopgap measure, saying ""the responsible thing is to keep the government funded.""",0.2,0.55
1678,"""If it's a clean CR with minimal anomalies that are necessary, I don't know how they have an argument to vote against it,"" Johnson added.",0.0888888888888889,0.7666666666666666
1679,"Meanwhile, House Democratic leaders said Friday that they are opposed to the ""partisan"" stopgap measure, citing concerns about ""funding for healthcare, nutritional assistance and veterans benefits through the end of the current fiscal year.""",0.0,0.4
1680,"""That is not acceptable,"" they wrote in a letter to the Democratic caucus on Friday. ""House Democrats would enthusiastically support a bill that protects Social Security, Medicare, veterans health and Medicaid, but Republicans have chosen to put them on the chopping block to pay for billionaire tax cuts. We cannot back a measure that rips away life-sustaining healthcare and retirement benefits from everyday Americans as part of the Republican scheme to pay for massive tax cuts for their wealthy donors like Elon Musk. Medicaid is our redline.""",0.06666666666666667,0.5333333333333333
1681,"The House Democratic leaders — House Minority Leader Hakeem Jeffries, whip Katherine Clark and caucus chair Pete Aguilar — said in a statement after the CR's release that the measure exposes the American people ""to further pain throughout this fiscal year.""",0.0,0.25
1682,"""We are voting No,"" the leaders said.",0.0,0.0
1683,"Should the stopgap bill make it through the House, it would next head to the Senate for passage. With a 53-seat Republican majority in the upper chamber, support from at least seven Democrats would be needed to approve the measure and send it to the president's desk.",-0.09999999999999999,0.13333333333333333
1684,"Sen. Patty Murray, the top Democratic appropriator in the Senate, called the measure in a statement Saturday a ""slush fund continuing resolution that would give Donald Trump and Elon Musk more power over federal spending."" She urged lawmakers to pass a shorter-term continuing resolution and finish work on new funding bills, instead of ""turning the keys over to the Trump administration with this bill.""",0.37878787878787873,0.48484848484848486
1685,"Nikole Killion,                                                                         Jaala Brown and                                                                         Ellis Kim                          contributed to this report.",0.0,0.0
1686,"Kaia Hubbard is a politics reporter for CBS News Digital, based in Washington, D.C.",0.0,0.0
1687,© 2025 CBS Interactive Inc. All Rights Reserved.,0.0,0.0
1688,"November 7, 2024 / 10:44 PM EST          / CBS News",0.0,0.0
1689,"When Huntington Beach, Calif., detectives searched Rodney Alcala's Seattle storage locker during the murder investigation of 12-year-old Robin Samsoe in 1979, they discovered a cache of photos, many of them young women in suggestive, and even pornographic poses.",0.3,0.45
1690,"In March 2010, after a third jury in 30 years handed Alcala a death sentence, Huntington Beach police released more than 100 of those photos hoping to identify the women and some children, and learn if Alcala claimed still more victims.   Most of those who have been identified are alive and well.",0.32,0.38
1691,An unidentified woman in an image from Rodney Alcala's photo cache.,0.0,0.0
1692,Unidentified women in an image from Rodney Alcala's photo cache.,0.0,0.0
1693,An unidentified woman in an image from Rodney Alcala's photo cache.,0.0,0.0
1694,An unidentified woman in an image from Rodney Alcala's photo cache.,0.0,0.0
1695,An unidentified woman in an image from Rodney Alcala's photo cache.,0.0,0.0
1696,Unidentified women in an image from Rodney Alcala's photo cache.,0.0,0.0
1697,An unidentified woman in an image from Rodney Alcala's photo cache.,0.0,0.0
1698,An unidentified woman in an image from Rodney Alcala's photo cache.,0.0,0.0
1699,An unidentified woman in an image from Rodney Alcala's photo cache.,0.0,0.0
1700,An unidentified child in an image from Rodney Alcala's photo cache.,0.0,0.0
1701,An unidentified child in an image from Rodney Alcala's photo cache.,0.0,0.0
1702,An unidentified woman in an image from Rodney Alcala's photo cache.,0.0,0.0
1703,An unidentified woman in an image from Rodney Alcala's photo cache.,0.0,0.0
1704,An unidentified woman in an image from Rodney Alcala's photo cache.,0.0,0.0
1705,An unidentified woman in an image from Rodney Alcala's photo cache.,0.0,0.0
1706,An unidentified woman in an image from Rodney Alcala's photo cache.,0.0,0.0
1707,An unidentified woman in an image from Rodney Alcala's photo cache.,0.0,0.0
1708,An unidentified woman in an image from Rodney Alcala's photo cache.,0.0,0.0
1709,An unidentified woman in an image from Rodney Alcala's photo cache.,0.0,0.0
1710,An unidentified woman in an image from Rodney Alcala's photo cache.,0.0,0.0
1711,An unidentified woman in an image from Rodney Alcala's photo cache.,0.0,0.0
1712,An unidentified woman in an image from Rodney Alcala's photo cache.,0.0,0.0
1713,An unidentified woman in an image from Rodney Alcala's photo cache.,0.0,0.0
1714,Unidentified women in an image from Rodney Alcala's photo cache.,0.0,0.0
1715,An unidentified woman in an image from Rodney Alcala's photo cache.,0.0,0.0
1716,An unidentified woman in an image from Rodney Alcala's photo cache.,0.0,0.0
1717,An unidentified woman in an image from Rodney Alcala's photo cache.,0.0,0.0
1718,An unidentified woman in an image from Rodney Alcala's photo cache.,0.0,0.0
1719,An unidentified woman in an image from Rodney Alcala's photo cache.,0.0,0.0
1720,An unidentified child in an image from Rodney Alcala's photo cache.,0.0,0.0
1721,An unidentified woman in an image from Rodney Alcala's photo cache.,0.0,0.0
1722,An unidentified woman in an image from Rodney Alcala's photo cache.,0.0,0.0
1723,An unidentified woman in an image from Rodney Alcala's photo cache.,0.0,0.0
1724,An unidentified woman in an image from Rodney Alcala's photo cache.,0.0,0.0
1725,An unidentified woman in an image from Rodney Alcala's photo cache.,0.0,0.0
1726,An unidentified woman in an image from Rodney Alcala's photo cache.,0.0,0.0
1727,Unidentified people in an image from Rodney Alcala's photo cache.,0.0,0.0
1728,An unidentified woman in an image from Rodney Alcala's photo cache.,0.0,0.0
1729,An unidentified woman in an image from Rodney Alcala's photo cache.,0.0,0.0
1730,An unidentified woman in an image from Rodney Alcala's photo cache.,0.0,0.0
1731,An unidentified woman in an image from Rodney Alcala's photo cache.,0.0,0.0
1732,An unidentified woman in an image from Rodney Alcala's photo cache.,0.0,0.0
1733,An unidentified woman in an image from Rodney Alcala's photo cache.,0.0,0.0
1734,An unidentified woman in an image from Rodney Alcala's photo cache.,0.0,0.0
1735,An unidentified woman in an image from Rodney Alcala's photo cache.,0.0,0.0
1736,An unidentified woman in an image from Rodney Alcala's photo cache.,0.0,0.0
1737,An unidentified woman in an image from Rodney Alcala's photo cache.,0.0,0.0
1738,An unidentified woman in image from Rodney Alcala's photo cache.,0.0,0.0
1739,An unidentified woman in image from Rodney Alcala's photo cache.,0.0,0.0
1740,An unidentified woman in image from Rodney Alcala's photo cache.,0.0,0.0
1741,An unidentified woman in image from Rodney Alcala's photo cache.,0.0,0.0
1742,An unidentified person in an image from Rodney Alcala's photo cache.,0.0,0.0
1743,An unidentified woman in image from Rodney Alcala's photo cache.,0.0,0.0
1744,An unidentified woman in image from Rodney Alcala's photo cache.,0.0,0.0
1745,An unidentified woman in image from Rodney Alcala's photo cache.,0.0,0.0
1746,An unidentified woman in image from Rodney Alcala's photo cache.,0.0,0.0
1747,An unidentified woman in image from Rodney Alcala's photo cache.,0.0,0.0
1748,An unidentified woman in image from Rodney Alcala's photo cache.,0.0,0.0
1749,An unidentified woman in image from Rodney Alcala's photo cache.,0.0,0.0
1750,An unidentified child in image from Rodney Alcala's photo cache.,0.0,0.0
1751,An unidentified woman in image from Rodney Alcala's photo cache.,0.0,0.0
1752,An unidentified woman in an image from Rodney Alcala's photo cache.,0.0,0.0
1753,An unidentified woman in an image from Rodney Alcala's photo cache.,0.0,0.0
1754,An unidentified woman in an image from Rodney Alcala's photo cache.,0.0,0.0
1755,An unidentified woman in an image from Rodney Alcala's photo cache.,0.0,0.0
1756,Unidentified women in an image from Rodney Alcala's photo cache.,0.0,0.0
1757,By                                              Aliza Chasan,0.0,0.0
1758,"March 10, 2025 / 5:00 AM EDT          / CBS News",0.0,0.0
1759,Astronomy fans are in for a treat this March as the full moon will appear to turn red during a total lunar eclipse.,0.11666666666666665,0.43333333333333335
1760,"March's full moon, known as the Worm Moon, will pass into Earth's shadow on the night of March 13, or early on March 14, depending on the time zone, according to NASA. This eclipse will be visible from Earth's Western Hemisphere.",0.15,0.2833333333333334
1761,The Old Farmer's Almanac details specific moonrise times for ZIP codes across the U.S. Local forecasts also include detailed information on how clear the night sky will be in various locations.,0.09999999999999999,0.3263888888888889
1762,"A lunar eclipse happens when the sun, Earth and moon all align so that the moon passes into the Earth's shadow. During a total lunar eclipse, like the one happening this March, the entire moon will fall within the darkest part of Earth's shadow.",0.0,0.6875
1763,Each lunar eclipse is visible from half of Earth.,-0.16666666666666666,0.16666666666666666
1764,"There are also partial and penumbral eclipses, which are when the sun, Earth and moon are not perfectly aligned.",-0.3,0.65
1765,"With the moon in the shadow of the Earth, it will appear red-orange, according to NASA. Lunar eclipses are sometimes called blood moons because of the phenomenon.",0.0,0.0
1766,"During a lunar eclipse, the moon gets its red coloration because any sunlight that's not blocked by the Earth is filtered through a ""thick slice of Earth's atmosphere"" as it heads toward the moon's surface, according to NASA. The more dust or clouds in Earth's atmosphere during the total lunar eclipse, the redder the moon will appear.",0.04999999999999999,0.43125
1767,"""It's as if all the world's sunrises and sunsets are projected onto the Moon,"" NASA explains in a blog post.",0.0,0.0
1768,This is the same phenomenon that makes the sky appear blue during the day.,0.0,0.1125
1769,"The Worm Moon nickname may have come from the earthworms typically found as spring nears, according to the Old Farmer's Almanac. Other research suggests the name may date back to writings from the 1760s about worms, or beetle larvae, coming out from bark as trees thaw from the winter.",-0.04791666666666666,0.26875
1770,"There are also other names for March's full moon related to the transition from winter to spring. The first day of spring will be on March 20, just days after the Worm Moon.",0.11875,0.41458333333333336
1771,"Other names for March's full moon are the Eagle Moon, Goose Moon, Crow Comes Back Moon, Sugar Moon, Wind Strong Moon and Sore Eyes Moon.",0.1645833333333333,0.4145833333333333
1772,"If there's a bit of rain during the full moon, there may be a rare moonbow, according to the Old Farmer's Almanac. It's like a rainbow, but created by moonlight, rather than sunlight. Moonbows only happen when the full Moon is fairly low in the sky, so the phenomenon would be most apparent in the hours after sunset when the sky is dark.",0.16666666666666666,0.5277777777777778
1773,"Viewers can also look to the western sky on the night of the total lunar eclipse to catch a glimpse of Jupiter and Mars, according to NASA. Constellations may also be easier to spot than usual as Earth's shadow dims the Moon's glow.",-0.08333333333333333,0.3333333333333333
1774,"Aliza Chasan is a Digital Content Producer for ""60 Minutes"" and CBSNews.com. She has previously written for outlets including PIX11 News, The New York Daily News, Inside Edition and DNAinfo. Aliza covers trending news, often focusing on crime and politics.",-0.007575757575757576,0.1553030303030303
1775,© 2025 CBS Interactive Inc. All Rights Reserved.,0.0,0.0
