,Sentence,Polarity,Subjectivity
0,"March 20, 2025 / 9:33 AM EDT          / CBS News",0.0,0.0
1,"Tel Aviv — Israel's defense minister threatened earlier this week to open ""the gates of hell"" in Gaza if Hamas refuses to meet Prime Minister Benjamin Netanyahu's demands, and Israel has been delivering. At least 58 people were killed in a third consecutive night of airstrikes up and down the Palestinian territory, bringing the death toll to an estimated 500 people since the ceasefire was shattered with Tuesday's shock pre-dawn Israeli missile barrages, according to the enclave's Hamas-run Ministry of Health.",-0.10925925925925926,0.2814814814814815
2,"More than a dozen people were killed overnight in a strike on just one house, the home of the Mubarak family in the northern Gaza town of Beit Lahiya. They had gathered to mourn an earlier death. Survivors whisked the bodies of the dead to a hospital by ambulance and horse cart.",0.024999999999999994,0.35
3,"There were reports of fresh airstrikes early Thursday morning near Khan Younis and Rafah in the south of Gaza, near the border with Egypt.",0.15,0.4
4,"The Israel Defense Forces confirmed Tuesday that it had also resumed ground operations in central Gaza, again dividing the strip into north and south along the Netzarim corridor and blocking movement across the line. The IDF said it was also stationing a brigade of troops in the south, while airdropping fliers warning civilians to evacuate from areas around the entire Gaza border, which it warned would be turned back into combat zones.",0.1,0.46875
5,"""The world map will not change if all the people of Gaza vanish,"" read the leaflets dropped by Israeli aircraft, warning people to flee into more central areas of the strip. ""No one will feel for you, and no one will ask about you. You are left alone to face your inevitable fate. Whoever wants to save themselves before it's too late, we are to stay until Judgement Day.""",0.06666666666666667,0.4083333333333334
6,"""The IDF does not intend to harm you,"" a less-threatening post by the IDF spokesman for Arab Media said on X. ""For your safety it is forbidden to approach IDF forces in the defensive zone and in any place where they are deployed.""",0.0,0.0
7,That message followed a severe threat from Israeli Defense Minister Israel Katz to the citizens of Gaza.,0.0,0.0
8,"""Residents of Gaza, this is a final warning,"" he said in a video broadcast Wednesday afternoon. ""If all the Israeli hostages are not released and Hamas is not eliminated from Gaza Israel will act with forces you have never known before. Take the advice of the U.S. President. Return the hostages and eliminate Hamas, and other options will open up for you — including going to other places in the world for those who wish. The alternative is complete destruction and devastation.""",-0.03,0.53
9,"It appeared to be a threat of collective punishment against Gaza's civilian population for the actions of Hamas, which has long been designated a terrorist organization by Israel and the U.S.",-0.05,0.4
10,"Collective punishment is considered a war crime under the Rome Statute of the International Criminal Court, though neither the U.S. nor Israel are signatories to that treaty.",-0.2,0.275
11,"Israel's renewed bombing of Gaza has drawn fierce condemnation from most of the country's Arab neighbors, and renewed efforts by Houthi militants in Yemen to target Israel and ships in the Red Sea with missiles.",0.25,0.25
12,"The Houthis claimed Thursday that they had fired a ""hypersonic ballistic missile"" at Israel before dawn - the second claimed launch in three days. The group said it had attempted to hit Ben Gurion international airport south of Tel Aviv, and air raid alarms shattered the peace many Israelis had grown accustomed to during two months of the ceasefire at 4 a.m. across the city and central Israel.",0.125,0.1875
13,"""A missile launched from Yemen was intercepted by the IAF (Israeli Air Force) prior to crossing into Israeli territory,"" the IDF said in a statement minutes after an all-clear was given. No damage was reported.",0.0,0.0
14,"The Houthis also claimed to have targeted the USS Harry S. Truman aircraft carrier strike group and its warships in the Red Sea with drones and missiles, but the U.S. military said there were no impacts.",-0.05,0.05
15,"The U.S. has responded to the Houthis' resumption of rocket launches with strikes against the group. Overnight, the U.S. struck targets in Yemen's capital of Sanaa, according to Houthi-run Al Masirah TV. At least nine women and children were wounded in a residential neighborhood, a spokesperson for the Houthi-run Yemeni health ministry claimed in a post on X.",-0.3,0.4
16,"U.S. strikes also hit targets in southern Yemen, in a province known to have Houthi military sites and weapons warehouses.",-0.05,0.05
17,"President Trump had threatened on his Truth Social media platform that the group would ""be completely annihilated.""",0.06666666666666667,0.23333333333333334
18,"Thursday morning, U.S. Central Command (CENTCOM) said in a post on X that American ""forces continue 24/7 operations against the Iran-backed Houthis,"" sharing undated videos of U.S. fighter jets taking off from an aircraft carrier.",0.0,0.125
19,"At least 31 people have been killed in Yemen by the U.S. airstrikes, according to Yemeni media reports.",-0.25,0.2
20,"In a statement on Tuesday, CENTCOM said the Houthis had seized control of a World Food Program warehouse in the northern Yemeni city of Saada containing over 5,700,000 pounds of food and other humanitarian aid intended for civilians.",-0.125,0.375
21,"""This is another example of the Houthi's complete and reckless disregard for the people of Yemen and aggression toward the humanitarian operations that help those in need,"" CENTCOM said. ""The Houthis continue to violate international humanitarian law, as well as put aid workers and the Yemini people at risk. The Houthis care nothing for the Yemeni people.""",0.05,0.2
22,Tucker Reals                          contributed to this report.,0.0,0.0
23,"Ramy Inocencio is a CBS News foreign correspondent based in London, covering Europe and the Middle East. He joined the Network in 2019 as CBS News' Asia correspondent, based in Beijing and reporting across the Asia-Pacific, bringing two decades of experience working and traveling between Asia and the United States.",-0.0625,0.0625
24,© 2025 CBS Interactive Inc. All Rights Reserved.,0.0,0.0
25,"Updated on:  March 19, 2025 / 11:02 AM EDT          / CBS News",0.0,0.0
26,"A lunar lander has completed its two-week mission and sent spectacular sunset images as a ""final goodbye"" back to Earth.",0.19999999999999998,0.6333333333333333
27,"The Blue Ghost Mission 1 lander was launched by Firefly Aerospace in mid-January and landed on the moon on March 2. It was the first successful commercial moon landing. The lander delivered 10 NASA science and delivery payloads to the Mare Crisium basin, which is a lava-flooded region on the near side of the moon formed by an asteroid impact.",0.22000000000000003,0.35666666666666663
28,"The payloads were delivered as part of NASA's Commercial Lunar Payload Services and Artemis programs, NASA said in a news release, and were used to collect data and perform other scientific operations on the moon.",-0.0625,0.1875
29,"While making the deliveries, the Blue Ghost lander experienced one lunar day. During the course of that day, it captured several images and videos. It imaged a total solar eclipse from the surface of the moon and also took pictures of the sunset.",0.2,0.4375
30,"In a post on social media, Firefly Aerospace referred to the sunset picture as the lander's farewell.",0.03333333333333333,0.06666666666666667
31,"""Sunsets hit differently on the Moon!"" the company wrote, alongside several photos, including those of the sunset and the eclipse. ""More images below of the horizon glow that comes to life just above the Moon's surface as the sun goes down. This milestone embodies all the achievements from this historic Firefly mission. Thank you #BlueGhost for the final goodbye. Until next time!""",0.043055555555555555,0.3111111111111111
32,Sunsets hit differently on the Moon! More images below of the horizon glow that comes to life just above the Moon’s surface as the sun goes down. This milestone embodies all the achievements from this historic Firefly mission. Thank you #BlueGhost for the final goodbye. Until… pic.twitter.com/qfmETBIVDT,0.05740740740740741,0.4148148148148148
33,"During the mission, the lander transmitted 119 gigabytes of data back to Earth, NASA said. The instruments carried by the lander performed many first-of-their kind science and technology demonstrations, including starting the moon's deepest robotic planetary subsurface thermal probe and using an X-ray imager to study the interaction of solar wind and the Earth's magnetic field.",0.2,0.33999999999999997
34,"""Operating on the Moon is complex; carrying 10 payloads, more than has ever flown on a (Commercial Lunar Payload Services) delivery before, makes the mission that much more impressive,"" Joel Kearns, the deputy associate administrator for exploration at NASA's, Science Mission Directorate, said in a statement. ""Teams are eagerly analyzing their data, and we are extremely excited for the expected scientific findings that will be gained from this mission.""",0.28214285714285714,0.5071428571428571
35,"This mission set a record for the longest commercial mission, NASA said. The Commercial Lunar Payload Services is set to send more than 50 instruments to various parts of the moon, the space agency said.",0.125,0.25
36,"Kerry Breen is a news editor at CBSNews.com. A graduate of New York University's Arthur L. Carter School of Journalism, she previously worked at NBC News' TODAY Digital. She covers current events, breaking news and issues including substance use.",-0.007575757575757576,0.2553030303030303
37,© 2025 CBS Interactive Inc. All Rights Reserved.,0.0,0.0
38,"December 3, 2024 / 1:36 PM EST          / CBS News",0.0,0.0
39,"The seesaw marriage between the former ballerina and her much older husband only lasted four years, until she shot him on Sept. 27, 2020.",0.05555555555555555,0.4444444444444444
40,Ashley Byers met Doug Benefield at a dinner in Florida in August 2016 and sparks flew immediately. Ashley was 24 and a former ballerina and swimsuit model.,0.0,0.0
41,"Doug was 54 and worked as a consultant for technology companies and government contractors. The couple married 13 days later in his hometown of Charleston, South Carolina, in front of very few guests",-0.003333333333333336,0.12666666666666668
42,"Doug didn't tell Eva, his 15-year-old daughter from his previous marriage., that he and Ashley had married. Eva's mother Renee had died of an undiagnosed heart ailment nine months earlier.",0.02777777777777778,0.3055555555555555
43,"Ashley struggled to get along with Eva, right, and her friend, Sydney, who moved in with the family.",0.2857142857142857,0.5357142857142857
44,"During an argument with Ashley about Eva, Doug fired his gun into the kitchen ceiling.",0.0,0.0
45,But Doug continued to support Ashley in her dream of building a ballet company in Charleston. The American National Ballet would be a more inclusive home to dancers who were considered unconventional.,0.25,0.25
46,"While they were building the ballet company, Ashley became pregnant. She began to suffer from nausea and returned to Florida so her mother could take care of her.",0.3333333333333333,0.5
47,"A month later, in September 2017, Ashley and her mother returned to Charleston. She packed up her belongings and left a scathing note. Ashley called Doug ""possessive"" and ""controlling."" She wrote that the incident when Doug had fired a gun into the ceiling as well as other unsafe behavior had left her fearful for her life and the safety of her unborn child.",-0.2708333333333333,0.3958333333333333
48,"In October, Ashley left the ballet company and new leadership fired half of the dancers. Ashley posted on the ballet's social media pages that she was devastated, and that the new leadership destroyed all that they worked so hard to build.",-0.025378787878787886,0.2806818181818182
49,Ashley then told authorities about the gun incident. Child Protective Services investigated and interviewed Eva. Doug was evaluated by a psychologist and ultimately cleared.,0.0,1.0
50,"Ashley also claimed Doug poisoned her and his first wife, Renee. Renee's autopsy says she died of coronary artery sclerosis, a heart condition.",0.25,0.3333333333333333
51,"Ashley had no contact with Doug for the rest of her pregnancy despite his pleas to be involved. In March 2018, three weeks before her due date, she checked into the hospital and said her husband had poisoned her. Doctors performed a C-section and delivered a healthy baby girl. Doug didn't know she'd been born.",0.1875,0.4375
52,"After Ashley filed court documents to keep Doug away from her and their daughter, a judge weighed in on the case. She found ""There is not a single scintilla of credible evidence that Ms. Benefield has ever been poisoned or suffered from any illness of any poison.""",0.21785714285714286,0.45714285714285713
53,Doug and Ashley began sharing custody of their daughter when she was 6 months old.,0.1,0.2
54,"Doug and Ashley appeared to put their differences behind them, and reconciled for much of 2019. The two spent time together with their daughter",-0.10000000000000002,0.3333333333333333
55,"In August 2019, Ashley showed up to drop off their daughter; she was wearing what Doug thought was an engagement ring. Doug hired a private investigator, who said Ashley was seeing someone else. Doug filed for divorce. Ashley then accused him of physically and sexually abusing their daughter.  Doug denied the allegations and CPS found no evidence of abuse.",0.16666666666666666,0.4503968253968254
56,"In the summer of 2020, Ashley and Doug suddenly reconciled again and announced they were moving to Maryland with their daughter and Ashley's mother. On September 27, 2020, Doug was packing a U-Haul with the family's possessions.",0.0,0.5
57,That night a neighbor called 911 to report a shooting at the home. Ashley had walked to his house holding a .45 caliber gun and said Doug had attacked her and she shot him. Doug died an hour later at a local hospital.,0.0,0.0
58,"Ashley was arrested on Nov. 4, 2020 and charged with second-degree murder. She pleaded not guilty and posted bond a few weeks later.",0.016666666666666663,0.3666666666666667
59,"On July 30, 2024, Ashley Benefield was found guilty of manslaughter with a firearm in the shooting death of her estranged husband Doug Benefield.",-0.5,1.0
60,"On Dec. 3, 2024, Ashley Benefield was sentenced to 20 years in prison, to be followed by 10 years of probation.",0.0,0.0
61,We may receive commissions from some links to products on this page. Promotions are subject to availability and retailer terms.,-0.16666666666666666,0.3333333333333333
62,"March 19, 2025 / 9:48 AM EDT          / CBS News",0.0,0.0
63,"The price of gold recently hit its apex, coming in at $3,000 per ounce. As economic uncertainty and political tensions have increased, so has the interest in gold investing. Thanks to the new gold price record, some investors have jumped on board looking for short-term gains.",0.10727272727272727,0.2409090909090909
64,"However, while gold may be a solid short-term investment right now, it has typically been a long-term investment. We spoke with gold experts about how the advantages of gold can help build long-term wealth. Below, we'll break down five to consider right now.",0.04984126984126983,0.3920634920634921
65,Start protecting your investments with gold here now.,0.0,0.0
66,Not sure if a gold investment makes long-term sense for you? Here are five reasons why it could be a smart move:,-0.017857142857142863,0.7658730158730158
67,"Gold didn't just recently become a beneficial asset. It has widespread value that transcends borders and cultures. Gold has been used in various ways throughout history to the present day, from gold coins as currency to electronics to jewelry. Its versatility and limited supply continue to cement the value of gold.",-0.017857142857142856,0.2232142857142857
68,"""Gold is a borderless asset. It is not dependent on a single type of investor, so to speak, because it has a broad-based demand,"" says Alex Ebkarian, COO and co-founder of Los Angeles-based precious metals dealer, Allegiance Gold.",0.2142857142857143,0.6071428571428571
69,Start benefiting from a gold investment here now.,0.0,0.0
70,"Widespread and stubborn inflation has been pervasive over the last few years as the value of the dollar dwindles. To illustrate, $100 in February 2020 has the same buying power as $123.35 as of February 2025, according to the Bureau of Labor Statistics CPI Inflation Calculator. That represents about a 23% cumulative increase in prices over the last five years.",-0.05,0.08958333333333333
71,"As everything continues to be more expensive due to inflation, people are looking for ways to preserve value. That's where gold comes in.",-0.041666666666666664,0.525
72,"""Gold can help you build wealth in several ways due to its unique characteristics as a store of value, as a hedge against inflation and as a diversification tool/strategy,"" says Paul Williams, managing director at Solomon Global and a specialist in the supply of physical gold bars and coins. ""It has a proven track record of maintaining its purchasing power over time, particularly during periods of high inflation. Historically, as inflation has risen, gold prices have also increased and protected wealth and spending power from erosion.""",0.07208333333333333,0.2988988095238095
73,"To build long-term wealth, you want to put your money in various asset classes. While you might already have funds invested in the stock market, adding gold can provide further diversification with some unique benefits.",0.125,0.6666666666666666
74,"""Gold is a hard asset and it resists inflation nicely. It's also one of the few investments in the world that also functions as a currency and carries no counterparty risk, as long as you store it at home,"" says Brett Elliott, the director of marketing at American Precious Metals Exchange (APMEX).",0.09305555555555554,0.5069444444444444
75,"Gold investing can balance out some of the risks with stocks and bonds. Investing in gold assets can diversify your portfolio because when there is market volatility, gold typically holds its own as it historically has a low correlation with stocks and bonds.",0.10833333333333334,0.45
76,Investors have a lot of questions but not many answers right now. When will the Federal Reserve cut interest rates? How will tariffs affect the stock market and prices?,0.01785714285714285,0.5178571428571428
77,"When uncertainty abounds, many turn to gold as a safe-haven asset. Gold has often been seen as a way to ride out any economic storms and market volatility, as it holds its value. Gold investors can build long-term wealth by using gold as an anchor when facing economic headwinds.",0.3,0.3
78,"You don't necessarily need to buy gold bars and coins if you want to add gold to your portfolio. Various gold investment types are worth exploring, ranging from gold ETFs to gold IRAs and more. Like with any investment, the more you put in, the more you plant the seeds for long-term wealth.",0.3,0.5166666666666667
79,"""You can use gold to build long-term wealth by purchasing mutual fund shares in a gold and special minerals fund. Investing weekly or monthly an affordable amount continuously over a period of time can help provide long-term growth,"" says Mark Charnet, founder and CEO of American Prosperity Group, a financial planning group.",0.11904761904761905,0.19047619047619047
80,"Depending on your risk tolerance, goals and time horizon, you can choose a gold investment that aligns with your needs.",0.0,0.0
81,"Investing is one of the primary ways to build long-term wealth. Adding gold to your portfolio can help you reach your goals by maintaining its value despite inflation and market volatility. If you're interested in gold or precious metal investing, it's important to understand the risks as well.",0.38749999999999996,0.75
82,"""While gold is a strong asset for diversification, it's important to be mindful of potential risks. A recession could reduce demand and lower inflation, which might cause the price of gold to stagnate or decline. Investors should weigh this risk when considering gold as part of their portfolio,"" suggests David Weild IV, chairman at Dignity Gold, a blockchain development company.",0.27777777777777773,0.9111111111111111
83,"Before you get started, do your research and determine your goals. Look into the different types of gold investments to choose the right option for you.",0.14285714285714285,0.5678571428571428
84,© 2025 CBS Interactive Inc. All Rights Reserved.,0.0,0.0
85,"Updated on:  March 20, 2025 / 9:05 AM EDT          / CBS News",0.0,0.0
86,Police in Arizona are searching for three family members who were last seen driving together last week after visiting the Grand Canyon.,0.16666666666666666,0.37777777777777777
87,"Jiyeon Lee, 23, Taehee Kim, 69, and Junghee Kim, 64, were traveling together in a rented white 2024 BMW with the California license plate 9KHN768, the Coconino County Sheriff's Office said on social media. They were driving from the Grand Canyon area to Las Vegas.",0.17777777777777778,0.35555555555555557
88,The vehicle's GPS information showed that it had been traveling westbound on Interstate 40 around 3:30 p.m. on March 13.,0.0,0.0
89,"That same day, winter weather caused a large multi-vehicle accident on the highway's westbound lanes, the Arizona Department of Public Safety said in a news release. The crash involved 22 vehicles, including 13 passenger vehicles, the department said. There were 36 people involved in the crash in total, the department said. Two people were killed and 16 were injured, the department said.",0.0028571428571428524,0.27404761904761904
90,"The Coconino County Sheriff's Office said it was aware of the crash, but does not know if the family's vehicle was involved in the accident.",0.25,0.25
91,The sheriff's office asked that anyone who has had contact with the family or has knowledge of their whereabouts call the authorities.,0.0,0.0
92,"Kerry Breen is a news editor at CBSNews.com. A graduate of New York University's Arthur L. Carter School of Journalism, she previously worked at NBC News' TODAY Digital. She covers current events, breaking news and issues including substance use.",-0.007575757575757576,0.2553030303030303
93,© 2025 CBS Interactive Inc. All Rights Reserved.,0.0,0.0
94,"March 18, 2025 / 11:54 AM EDT          / CBS News",0.0,0.0
95,"Chinese electric vehicle maker BYD says its new cars can be charged in almost the same time it takes to refill a gas engine vehicle at the pump, giving the world's top EV seller a major advantage in a highly competitive market.",0.1431439393939394,0.35325757575757577
96,"BYD's new 1 megawatt flash chargers can power vehicles in five to eight minutes, according to the company, which plans to build 4,000 new charging stations across China.",0.13636363636363635,0.45454545454545453
97,Long charge times and so-called range anxiety around limited access to charging stations are often what holds motorists back from making the switch to electric cars. BYD says its new chargers can power vehicles for about 250 miles in five minutes.,0.0037337662337662315,0.24935064935064938
98,"""To completely solve users' anxiety over charging, our pursuit is to make the charging time for EVs as short as the refueling time for fuel vehicles,"" BYD founder Wang Chuanfu said in a statement.",0.05,0.35
99,"BYD shares soared 6% to a record high on the news Monday, raising its market value to almost $162 billion. Tesla shares, by contrast, sank 4.8%.",0.16,0.5399999999999999
100,"BYD, short for Build Your Dreams, has started pre-selling its new range of vehicles, called Han L and Tang L.",0.06818181818181818,0.37727272727272726
101,"In 2024, BYD produced 1,777,965 battery-powered EVs, compared with Tesla which produced 1,773,443 vehicles that same year.",0.0,0.125
102,"Some EV fans have soured on Elon Musk-owned Tesla, as Musk takes on a leading role in the Trump administration as the head of the Department of Government Efficiency, or DOGE. Tesla sales dropped 1.1% in 2024, marking the EV-maker's first annual sales decline in more than a decade.",0.15,0.3111111111111111
103,"Some liberal-leaning customers say they have sold their Tesla's to distance themselves from Musk, while investors have also expressed concern that Musk's political actions are hurting the brand. With the billionaire at the helm, DOGE has abruptly terminated thousands of federal workers, causing turmoil across multiple agencies.",-0.041666666666666664,0.3666666666666667
104,"Tesla executives last week sent an unsigned letter to the U.S. trade representative warning that President Trump's foreign trade policies could be harmful to domestic EV-makers. The company raised concerns over retaliatory tariffs against the U.S. that would make Tesla vehicles more expensive, and could dent overseas demand.",-0.025,0.29833333333333334
105,The Associated Press                          contributed to this report.,0.0,0.0
106,"Megan Cerullo is a New York-based reporter for CBS MoneyWatch covering small business, workplace, health care, consumer spending and personal finance topics. She regularly appears on CBS News 24/7 to discuss her reporting.",-0.02840909090909091,0.30786713286713285
107,© 2025 CBS Interactive Inc. All Rights Reserved.,0.0,0.0
108,"Updated on:  March 14, 2025 / 11:01 AM EDT          / CBS News",0.0,0.0
109,"A look back at the esteemed personalities who left us this year, who'd touched us with their innovation, creativity and humanity.",0.0,0.0
110,By CBSNews.com senior producer David Morgan. The Associated Press contributed to this gallery.,0.0,0.0
111,"A political moderate, Republican Senator Alan Simpson (Sept. 2, 1931-March 14, 2025) served three terms representing Wyoming, from 1979 to 1997, and played a key role in rallying GOP support around the party's legislative agenda.",0.0,0.6
112,"At 6-foot-7 (he was the tallest Senator up to that time) with a quick wit, Simpson was able to bridge partisan impasses, and foster relationships across the aisle at a time of increasing political acrimony. ""The word 'politics' is interesting,"" he told ""Sunday Morning"" in 2018, ""because it comes from the Greek, you know that? Poly, meaning many, and tics, meaning blood-sucking insects!""",0.3263888888888889,0.37083333333333335
113,"Simpson maintained his own views even when they crossed Republican orthodoxy. A deficit hawk, Simpson also supported abortion rights. He served on the Immigration Subcommittee and the Veterans Affairs Committee, among others.",0.6,1.0
114,"After leaving the Senate, Simpson taught about politics and the media at Harvard University and the University of Wyoming. In speeches he urged college students to become politically involved.",0.0,0.1
115,"In 2022, President Joe Biden awarded Simpson the Presidential Medal of Freedom.",0.0,0.0
116,"One of Simpson's closest friends was a Democrat, Norman Mineta, a Congressman from California who also served as Commerce Secretary under President Bill Clinton and as Transportation Secretary under President George W. Bush.",0.0,0.0
117,"The two had met as Boy Scouts when Mineta and his family were imprisoned as Japanese-Americans in the Heart Mountain War Relocation Center near Simpson's hometown of Cody, Wyo., during World War II. Simpson and Menieta bonded over playing pranks on the other Scouts, including a bully whose tent they sabotaged: ""It was raining to beat hell and we kinda channeled the water down into this guy's tent,"" Simpson told ""Sunday Morning.""",-0.07013888888888889,0.29097222222222224
118,"The two friends would not see each other until decades later, when Mineta (who had become Mayor of San Jose, Calif.), won election to Congress. ""And there we were, and we started right over just like that,"" Simpson said.",0.05357142857142857,0.30357142857142855
119,"Mineta said, ""We'd have fights in the sub-committee, the full committee, and yet we'd slap each other on the back and say, 'Come on, let's go have dinner, let's go have a drink.' And they don't do that [today]. They just don't have that kind of personal relationship.""",0.16499999999999998,0.425
120,"In 1988 Simpson and Mineta joined forces to help pass the Civil Liberties Act, signed by President Ronald Reagan, which for the very first time formally apologized to Japanese-Americans, and granted reparations to those who had been imprisoned.",0.325,0.43333333333333335
121,"Bestselling author Joseph Wambaugh (Jan. 22, 1937-Feb. 28, 2025), a former Los Angeles police officer, wrote 11 novels about crime and policing as well as non-fiction works, several of which were adapted for films and television, including ""The New Centurions,"" ""The Blue Knight,"" and ""The Choirboys,"" as well as the true-crime stories ""The Onion Field"" and ""Echoes in the Darkness."" He was also the co-creator of the anthology series ""Police Story,"" which debuted on NBC in 1973.",0.03409090909090909,0.13863636363636364
122,"Other novels included ""The Black Marble,"" ""The Glitter Dome,"" ""The Delta Star"" and ""The Secrets of Harry Bright."" He was the winner of three Edgar Awards.",0.13611111111111115,0.5361111111111111
123,"The son of a police officer, Wambaugh (a Marine veteran who originally intended to become an English teacher) drew on his own experiences as an L.A. police officer for his writing, as well as stories heard from other veterans of the force. He was a detective sergeant when his first novel, ""The New Centurions,"" was published in 1971.",0.17662337662337663,0.4161255411255412
124,"By the time ""The Onion Field"" was published, his celebrity had become so great it interfered with his police work. He quit the LAPD after 14 years on the job and began writing full-time.",0.8,0.75
125,"In a 1997 symposium at the University of California, Wambaugh said, ""Police procedurals generally tell how a cop acts on the job, and I was more interested in how the job acts on the cop, and the cop's head. So, from the very beginning that was my interest. That's what I wrote about, and that's what made my stuff different, because some of my stories, police stories, have virtually no action whatsoever. No gunplay. Nothing much happening, except what's happening inside the head of the man or woman doing the job.""",0.16428571428571428,0.38571428571428573
126,"Musician and vocalist David Johansen (Jan. 9, 1950-Feb. 28, 2025) was known both for his role in the glam-protopunk band the New York Dolls, and for his stage persona as an over-the-top pompadour-styled lounge singer who performed swing and blues-infused pop under the name Buster Poindexter.",-0.18181818181818182,0.7272727272727273
127,"While the New York Dolls didn't achieve mainstream success (internal strife and addictions tore at the founding members, who produced two albums before breaking up), it influenced other groups in the '70s, including the Ramones, the Sex Pistols, Kiss and Guns N' Roses. In 2004 Johansen reconstituted the Dolls with new players (four of its members had died by then) for England's Meltdown Festival, which led to three more albums.",0.15795454545454546,0.29734848484848486
128,"In the 1980s, Johansen, as Buster Poindexter, had a hit with ""Hot, Hot, Hot,"" and a cover of ""Hit the Road, Jack."" By 2000, he was back to recording under his own name, with the albums ""David Johansen and the Harry Smiths"" and ""Shaker.""",0.27,0.7100000000000001
129,"He also acted in the films ""Candy Mountain,"" ""Let It Ride,"" ""Freejack,"" ""Married to the Mob,"" the Bill Murray comedy ""Scrooged"" (as the Ghost of Christmas Past), and the TV series ""Oz,"" and hosted a weekly show on Sirius Satellite Radio.",0.0,0.25
130,"In a 2014 profile for Interview Magazine, Johansen said he began the Buster Poindexter character while performing a series of cabaret shows at Tramps, a Lower East Side bar. ""I used that moniker because I didn't want people to be coming in and yelling for songs that I was famous for; I could just do what I wanted,"" he said. Then, ""without any publicity or anything, it became very popular, so I started doing weekends there. It wasn't a plan or anything, it just happened.""",0.64,1.0
131,"He was insouciant about reactions to the lounge music he performed as Buster: ""Well, like a lot of stuff I do, 10 years later it becomes popular,"" he told Interview.",0.3,0.45
132,"In 1972, Soviet-era world chess grandmaster Boris Spassky (Jan. 30, 1937-Feb. 27, 2025) lost his world championship title to American Bobby Fischer in a televised tournament in Reykjavik, Iceland, that became an international sensation during the Cold War.",-0.19999999999999998,0.3333333333333333
133,"Then 29 years old, Fischer, a chess genius from Brooklyn, lost and forfeited the first two games, then beat Spassky in the third. Fischer would overcome Spassky in the 21-game tournament, becoming the first American to attain the world chess title, after the Soviet Union had dominated the game for decades. [Fischer would later forfeit the title by refusing to defend it.]",0.08125,0.26458333333333334
134,"In a 2016 interview with Sport-Express newspaper, Spassky said that when he played his third match against Fischer, he was pressured by the chairman of the Sports Committee to stop the tournament early: ""He instructed me what to do: 'File a protest against this, against that, then just fly away ...' But I resisted – I wanted to play! What a fool I was.""",0.3666666666666667,0.39999999999999997
135,"In 1974, in New York City, Spassky simultaneously played 41 competitors, ranging from chess experts to novices (including a six-year-old). Beginning each game with the move Pawn-to-King 4, Spassky won 40 matches and drew one.",-0.13181818181818183,0.42727272727272725
136,"He emigrated to France in 1976, but in 2012 he returned to Moscow.",0.0,0.0
137,"In his 2016 interview, Spassky said his years in the late 1960s and early '70s as world champion were his unhappiest, because of the responsibility he held from winning: ""You can't imagine how relieved I was when Fischer took the title off me,"" he said. ""Honestly, I don't recall that day as unhappy. On the contrary, I've thrown off a very strong burden and breathed freely.""",0.18047619047619048,0.7433333333333333
138,"Two-time Oscar-winner Gene Hackman (Sept. 1, 2023-death announced Feb. 27, 2025) was a consummate actor renowned for playing complicated figures in such classics as ""The French Connection,"" ""The Conversation"" and ""Unforgiven,"" and who also delighted superhero fans as the comical villain Lex Luthor in three ""Superman"" films.",0.27499999999999997,0.7000000000000001
139,"Hailed as one of the best actors of the era, Hackman moved easily among genres, from heart-wrenching family stories (""I Never Sang for My Father""), crime dramas (""Bonnie and Clyde,"" ""Mississippi Burning""), thrillers (""The Conversation,"" ""No Way Out""), and triumphant tales of sports (""Hoosiers""), to comedies (""Get Shorty,"" ""The Royal Tenenbaums""). Rough-hewn and flinty, a movie star without stereotypical movie-star looks, Hackman gave even his humorous roles a sinister, unforeseeable edge, the way an animal's behavior is not entirely predictable.",0.17222222222222225,0.7722222222222221
140,"""The French Connection"" would cement Hackman's position as a movie star. The film's brash, documentary-style production perfectly captured Hackman's character, a seething, sadistic NYC cop seeking to bust a ring of heroin smugglers — like Ahab on the hunt for the white whale. He won his first Academy Award, and his star power led him to both big-budget studio fare (headlining an all-star cast in the 1972 disaster film ""The Poseidon Adventure""), and small character dramas (such as ""Scarecrow,"" opposite Al Pacino).",0.1,0.39166666666666666
141,"In 1992, the year he appeared in Clint Eastwood's revised western ""Unforgiven"" (as the brutal sheriff ""Little"" Bill Daggett), he also starred on Broadway in ""Death and the Maiden"" with Glenn Close and Richard Dreyfuss, under the direction of Mike Nichols.",-0.3541666666666667,0.5
142,"Hackman was less ""method-y"" than some of his peers, though he admitted that the ways in which he would behave on-screen and off as he inhabited a character — fueled by memories of his dysfunctional family growing up and the slights he faced during his struggling early years – took their toll. Temper tantrums earned him a nickname: ""Vesuvius.""",-0.033333333333333326,0.18333333333333332
143,"When he met up with Daniel Lenihan for some scuba lessons, the two got to talking about adventure books they grew up with, and decided to try writing one — a pirate story. Picking different starting points, Hackman wrote his chapters longhand in spiral notebooks; the two would then meet up at a café to go over their work. ""I would have some pages, he would have some pages,"" Hackman told ""Sunday Morning"" in 2000. ""We would trade. And we'd read them over while we were ordering and eating, and by the end of that couple of hours, we would have critiqued each other's work, and decided where we were going to go from there.""",-0.041666666666666664,0.35833333333333334
144,"""The Wake of the Perdido Star,"" a tale of shipwrecks and piracy set in 1805, was published in 1999. It sold well, but received mixed reviews. He told ""Sunday Morning,"" ""The fact that you're being judged on your intelligence and your skill as a writer, and your skill as a storyteller, that was very tense for me — and being criticized, and finding that you're vulnerable to the critics, in a way that I hadn't experienced before.""",-0.033333333333333326,0.575
145,"He retired from the screen in 2004, and would only return as narrator on a pair of documentaries about the Marines. He turned down most interview requests, but in 2021, to mark the 50th anniversary of ""The French Connection,"" he shared with the New York Post the revelation that he'd only watched the film once. ""Filmmaking has always been risky — both physically and emotionally — but I do choose to consider that film a moment in a checkered career of hits and misses,"" he wrote in an email.",0.0601010101010101,0.5045364357864358
146,"As a child actress, Michelle Trachtenberg (Oct. 11, 1985-Feb. 26, 2025) starred in 1996's ""Harriet the Spy,"" playing Louise Fitzhugh's diminutive detective. She went on to star in two popular TV series, ""Buffy the Vampire Slayer"" and ""Gossip Girl.""",0.6,0.9
147,"Trachtenberg was 8 years old when she began playing Nona Mecklenberg on ""The Adventures of Pete & Pete,"" which ran from 1994 to 1996 on Nickelodeon. She also appeared with Matthew Broderick in the film ""Inspector Gadget.""",0.1,0.2
148,"In 2000 Trachtenberg joined the cast of ""Buffy,"" playing Dawn Summers, the younger sister of Sarah Michelle Gellar's vampire slayer. (She and Gellar had both worked together on ""All My Children"" in the mid-'90s.) Trachtenberg received a Daytime Emmy nomination in 2001 for hosting Discovery's ""Truth or Scare.""",0.0,0.0
149,"On ""Gossip Girl,"" Trachtenberg played the scheming Georgina Sparks. ""It's definitely a lot more fun than playing the good girl,"" she told Seventeen magazine in 2009. ""I never understood why some actors don't want to play villains or evil characters.""",0.1,0.5599999999999999
150,"Her other TV credits included ""Six Feet Under,"" ""The Circuit,"" ""Mercy,"" ""Love Bites,"" ""Weeds,"" ""NCIS: Los Angeles,"" ""Criminal Minds,"" and ""Sleepy Hollow."" Movie roles included ""Euro Trip,"" ""Ice Princess,"" ""Beautiful Ohio,"" ""17 Again,"" ""Black Christmas,"" ""Mysterious Skin,"" ""Sister Cities,"" and ""Killing Kennedy,"" in which she played Marina Oswald, wife of the president's assassin.",0.07976190476190477,0.5726190476190477
151,"Grammy-winning singer and pianist Roberta Flack (Feb. 10, 1937-Feb. 24, 2025) was one of the top recording artists of the 1970s, with such hits as ""Killing Me Softly With His Song,"" ""The First Time Ever I Saw Your Face,"" ""Feel Like Makin' Love"" and ""The Closer I Get To You.""",0.27,0.45666666666666667
152,"Classically trained, Flack earned a full scholarship at age 15 to Howard University, then taught music in D.C.-area junior high schools and performed in jazz clubs. She was discovered in the late 1960s by jazz musician Les McCann, who later wrote that ""her voice touched, tapped, trapped, and kicked every emotion I've ever known."" With her soft soprano voice, Flack's performances were measured and reflective, turning up-tempo songs into warm, soulful ballads.",0.08875,0.33
153,"Signed to Atlantic Records, her debut album, ""First Take"" — a blend of gospel, soul, flamenco and jazz – was released in 1969. One track was a love song by English folk artist Ewan MacColl — music Flack had taught during her years as an educator.",0.25,0.3111111111111111
154,"""The First Time Ever I Saw Your Face"" would make her a star, when her cover of the song, used in the Clint Eastwood film ""Play Misty for Me,"" was released in 1972 as a single and spent six weeks at No. 1. It won her a Grammy for record of the year. The following year she became the first artist to win consecutive Grammys for best record with ""Killing Me Softly With His Song.""",0.2785714285714286,0.2663690476190476
155,"Flack had a hit in the 1980s with the Peabo Bryson duet ""Tonight, I Celebrate My Love,"" and in the 1990s with the Maxi Priest duet ""Set the Night to Music."" In the mid-'90s, the Fugees won a Grammy for their cover of ""Killing Me Softly.""",0.19999999999999998,0.31666666666666665
156,"In 2015,  Flack talked with the Guardian about the cover of ""Killing Me Softly"": "" I love hip-hop. In fact I love music, period. Lauryn Hill recorded 'Killing Me Softly' [with the Fugees] and did an excellent job. She's a  genius musician and so is Wyclef Jean who co-produced it. I'm not going  to hold on to that song with my heart and bleed to death while someone  else covers it; I'm a music lover who has enough experience and common  sense to know that it's good they recorded it and had a hit.""",0.35714285714285715,0.5928571428571429
157,"Overall, Flack won five Grammys and eight more nominations, and received a lifetime achievement Grammy in 2020. She also devoted extensive time to the Roberta Flack School of Music in New York.",0.1590909090909091,0.32196969696969696
158,"On Nov. 22, 1963, Secret Service Agent Clint Hill (Jan. 4, 1932-Feb. 21, 2025) was accompanying the presidential motorcade when shots were fired in Dealey Plaza, striking President John F. Kennedy and Texas Governor John Connolly. Images from that day show Hill jumping atop the presidential limousine to protect first lady Jacqueline Kennedy, who had begun climbing out of the open-top vehicle.",0.11666666666666665,0.6777777777777777
159,"Hill, assigned to the first lady, was riding on the left running board of the follow-up car when he jumped off, and pulled himself onto the trunk of the limousine as the driver accelerated. He forced Mrs. Kennedy back into her seat as the limousine sped off to Parkland Memorial Hospital.",-0.012500000000000011,0.13333333333333333
160,"Haunted by memories of the assassination, Hill, who'd joined the Secret Service in 1958, retired early, and in a 1975 interview with ""60 Minutes,"" told Mike Wallace he blamed himself for JFK's death, saying that if only he'd reacted ""five-tenths of a second faster,"" the president would be alive. ""And I'll live with that to my grave.""",-0.010606060606060614,0.48333333333333334
161,"Twenty years later, in a follow-up interview for ""60 Minutes,"" and in a book, ""Five Days in November,"" Hill shared his sense of failure in protecting the president that led him, in 1990, to return to Dallas. ""I walked the area of Dealey Plaza, I went up into the School Book Depository, I went up to the sixth floor, and I did everything I could to examine exactly the situation: the angles, the weather, all the conditions that existed that day. I came away with the conclusion that on that particular day, all the advantages had gone to the shooter — we didn't have any — and that I had done everything I could to try to prevent the assassination from happening. But I still feel today a sense of failure and responsibility because that was our job: to keep the president safe, to protect him at all costs. And on that particular day, we were unable to do that.""",-0.006250000000000019,0.3145833333333333
162,"The sense of failure fueled a depression that he said damaged his relationships with his family and friends and contributed to the demise of his marriage. ""I drank heavily and I smoked a lot,"" he said. ""It was the only thing that would relieve the pain and the anguish that I had, thinking about what had happened in Dallas in 1963. A friend of mine was a doctor, came to me and said, 'Look, Clint, if you don't change what you're doing, you're going to die. You have a choice to make: live or die.' And I chose to live. And so, it was those words from that doctor that made me realize life was too precious to give up on.""",0.04267676767676767,0.6333333333333333
163,"Hill co-authored several books, wrote a 2005 memoir, ""Between You and Me,"" and became a public speaker about his experiences. He also remarried.",0.0,0.03333333333333333
164,"In his follow-up conversation with ""60 Minutes,"" Hill read a letter that had been written to him by a viewer following his 1975 interview: ""It is a day I shall never forget, nor shall I forget the people so deeply involved in the events of that day. And as I watched you on '60 Minutes,' I wanted to reach out and wrap you in my arms to offer some comfort. But no one who suffered that tremendous loss that day can even feel comfort, and I know you feel that.""",0.1111111111111111,0.5
165,"Author Tom Robbins (July 22, 1932-Feb. 9, 2025) was a literary prankster whose screwball novels included ""Even Cowgirls Get the Blues,"" ""Another Roadside Attraction,"" ""Still Life with Woodpecker,"" ""Jitterbug Perfume,"" and ""Half Asleep in Frog Pajamas.""",-0.033333333333333326,0.13333333333333333
166,"A dropout from Washington and Lee University (Tom Wolfe was a classmate), Robbins joined the Air Force for a tad, and moved to the Pacific Northwest in the early 1960s. He was writing for the Seattle Times when a Doubleday editor advanced him $2,500 for what became ""Another Roadside Attraction"" (published in 1971). It became a hit in paperback, and was followed by ""Even Cowgirls Get the Blues,"" featuring Sissy Hankshaw, a young lady with ridiculously enormous thumbs who becomes a proficient hitchhiker. It sold more than 1 million copies.",0.22000000000000003,0.5399999999999999
167,"Labeled ""the perennial flower child and wild blooming Peter Pan of American letters"" by People magazine, Robbins produced farcical works that captured the wide-open spirit of the 1960s. He understood the era, having lived it so fully — dropping acid, hitchhiking coast to coast, and traveling from Tanzania to the Himalayas. He published eight novels, a novella, and a 2014 memoir (""Tibetan Peach Pie: A True Account of an Imaginative Life""). His last novel was 2003's ""Villa Incognito.""",0.10833333333333332,0.3694444444444445
168,"""Faulkner had his inbred Southern gothic freak show, Hemingway his European battlefields and cafes, Melville his New England with its tall ships,"" he wrote in ""Tibetan Peach Pie."" ""I had, it finally dawned on me, a cultural phenomenon such as the world had not quite seen before, has not seen since; a psychic upheaval, a paradigm shift, a widespread if ultimately unsustainable egalitarian leap in consciousness. And it was all very up close and personal.""",0.04848484848484849,0.406060606060606
169,"In the 1990s, when the FBI sought clues to the identity of the Unabomber, they happened upon Robbins' 1980 novel ""Still Life with Woodpecker,"" whose plot features an outlaw bomber. Robbins alleged that the agency sent two agents, both attractive women, to interview him. ""The FBI is not stupid!"" he liked to say. ""They knew my weakness!""",0.4875,0.7250000000000001
170,"Beyond his frequent appearances on the New York stage, Tony Award-nominated actor Tony Roberts (Oct. 22, 1939-Feb. 7, 2025) was familiar from acting in several Woody Allen films, including ""Annie Hall.""",0.12227272727272727,0.25090909090909086
171,"He made his first Broadway appearance in ""Something About a Soldier,"" in 1962. When his then-girlfriend got the position of understudy to Elizabeth Ashley in ""Barefoot in the Park,"" she convinced producers to hire Roberts as the understudy to Robert Redford's understudy. Then came a fateful Broadway Show League softball game: ""The guy I was understudying got up at the plate and hit a single, but he tried to stretch it into a double, slid into second base, and then was holding onto his ankle in great pain. His broken ankle was my big break,"" he told Broadway World in 2015. ""I played Redford's role for two weeks and when he left the cast sometime later, I replaced him.""",-0.056493506493506505,0.2906926406926407
172,"Roberts earned a Tony nomination for the musical ""How Now, Dow Jones,"" and a second for the Woody Allen-scripted ""Play It Again, Sam."" Other stage credits included ""Take Her, She's Mine,"" ""Never Too Late,"" ""The Last Analysis,"" ""Don't Drink the Water,"" ""How Now, Dow Jones,"" ""Promises, Promises,"" ""Sugar"" (an adaptation of the film ""Some Like It Hot""), ""Absurd Person Singular,"" ""They're Playing Our Song,"" ""Doubles,"" ""Arsenic and Old Lace,"" ""Jerome Robbins' Broadway,"" ""The Seagull,"" ""The Sisters Rosensweig,"" ""Victor/Victoria,"" ""Cabaret,"" ""The Tale of the Allergist's Wife,"" ""Xanadu,"" and ""The Royal Family.""",-0.07187500000000001,0.38645833333333335
173,"He joined Allen and Diane Keaton in the film version of ""Play It Again, Sam"" (directed by Herbert Ross), and went on to appear in ""Annie Hall,"" ""Stardust Memories,"" ""A Midsummer Night's Sex Comedy,"" ""Hannah and Her Sisters,"" and ""Radio Days.""",0.0,0.0
174,"Other film credits include ""Serpico,"" ""The Taking of Pelham One Two Three,"" ""Just Tell Me What You Want,"" ""Amityville 3-D,"" and ""Seize the Day.""",-0.125,0.375
175,"He recounted his long career in a 2015 autobiography, ""Do You Know Me?""",-0.05,0.4
176,"The poster designs of graphic artist David Edward Byrd (April 4, 1941-Feb. 3, 2025), for artists like The Who, Jimi Hendrix, Jefferson Airplane, Traffic, Ravi Shankar, The Grateful Dead, The Rolling Stones, Lou Reed, David Bowie, Prince and Van Halen, perfectly captured the psychedelic era of the 1960s and '70s. Byrd also created ovation-worthy posters for Broadway, for the musicals ""Jesus Christ Superstar,"" ""Follies,"" ""Godspell"" and ""Little Shop of Horrors.""",0.153125,0.575
177,"One admirer described Byrd's work as ""kind of like Art Nouveau on acid.""  Born in Tennessee and raised in Florida, Byrd studied at the Boston Museum School and Carnegie-Mellon University in Pittsburgh. He later taught at the Pratt Institute and the School of Visual Arts in New York City.",0.18409090909090908,0.3386363636363636
178,"In 1968 he was asked to create a poster for Bill Graham's Fillmore East in New York's East Village. This led to a series of graphics for concerts, tours, and record albums. He won a Grammy for the packaging of the London Philharmonic Orchestra's version of The Who's ""Tommy.""",0.13636363636363635,0.45454545454545453
179,"The ""Follies"" poster was inspired by an evocative portrait of Marlene Dietrich, painted in bright colors with a crack through her face. It led to numerous Broadway assignments. He also designed the movie poster for the 1975 film version of Nathanael West's ""The Day of the Locust.""",0.35000000000000003,0.6499999999999999
180,"Beginning in the 1980s, he served as the art director for The Advocate. He published an autobiography, ""Poster Child,"" in 2023.",0.0,0.0
181,"In a 2016 interview for Carnegie Mellon University, Byrd said, ""When you created a rock poster, the subject matter was neither here nor there. It had to be wild, it had to be mysterious, it had to have fantastic colors, and it had to be difficult to read. I wanted to establish a look that really punched you in the face.""",0.005555555555555564,0.638888888888889
182,"One of the most accomplished men's figure skaters in history, Dick Button (July 18, 1929-Jan. 30, 2025) was also familiar as a broadcaster, covering skating and Olympic events for more than four decades.",0.39375,0.5
183,"In 1946, at age 16, he was the youngest U.S. men's champion, and two years later he won gold at the St. Moritz Olympics — the first American to win the men's event. The winner of five consecutive world championships (1948-1952), Button performed the first double axel in any competition.",0.21666666666666667,0.17777777777777778
184,"In 1952, Button (then a student at Harvard, where he earned a law degree) won a second gold at the Oslo Games, with the first triple jump in competition. He also invented the flying camel spin. He gave up his eligibility as an amateur to perform in the Ice Capades.",0.0,0.19444444444444442
185,"After the 1961 world championships were canceled following a plane crash that killed the entire U.S. figure skating team, Button persuaded ABC Sports executive Roone Arledge to televise the 1962 event on ""Wide World of Sports."" Button joined the network as a commentator, bringing figure skating to a mainstream TV audience as an Emmy-winning sports analyst.",-0.07500000000000001,0.28125
186,"Button later ran professional skating events, including the World Professional Figure Skating Championships, and the Challenge of Champions. His company, Candid Productions, helped to produce programs such as ""Battle of the Network Stars"" and ""The Superstars.""",0.16,0.3
187,"In a 2014 interview with The New York Times, Button said he never tired of talking about skating: ""Skating encourages you to learn about so many art forms: dance, performance, athleticism, history, choreography, even haute couture. How could anyone tire of it?""",0.2787878787878788,0.5515151515151515
188,"He didn't tire of describing his own legacy: ""I was a skater with a lot of hair who too frequently wore sassy jackets,"" he said.",0.35,0.65
189,"She was the archetypal Sixties rock chick; a pop star at 17; Mick Jagger's muse at 19; and by 24, a junkie on the streets. But Marianne Faithfull (Dec. 29, 1946-Jan. 30, 2025), who burst out of the '60s British Invasion with the hit ""As Tears Go By,"" launched a second act in the late 1970s. Her lithe voice, later weathered from surviving sex, drugs, and rock 'n' roll, was brought forth in such albums as ""Broken English,"" ""Dangerous Acquaintances,"" and ""Easy Come, Easy Go.""",-0.043333333333333314,0.4066666666666666
190,"The daughter of an eccentric British professor and an Austrian baroness, Faithfull was just out of convent school, and was performing as a folk singer, when she was discovered at a party by the manager of the Rolling Stones. Jagger and Keith Richards wrote her breakthrough hit, ""As Tears Go By.""",0.0,0.25
191,"Just as her career exploded, at 18, she married a London art dealer and had a baby. ""I was very overenthusiastically eager for life,"" she told ""Sunday Morning"" in 2009. ""I wanted to just bite into it and swallow it whole.""",0.21666666666666667,0.3166666666666667
192,"She then left her marriage for Jagger. They became one of Swinging London's most photographed couples. Then, in February 1967, British police barged into a Rolling Stones party at Richards' home. The police found drugs, and Marianne naked in a fur rug. Though charges were later dropped, Faithfull's image was disgraced. She felt she'd let her parents down: ""I think that's the worst feeling in the world,"" she told Anthony Mason.",-0.09365079365079365,0.31269841269841275
193,"She played up the ""bad girl"" image by acting in the film ""Girl on a Motorcycle."" But she miscarried Jagger's child after eight months, and while on a trip to Australia with Jagger, she swallowed 150 sleeping pills. She spent six days in a coma. Faithfull recovered, but her relationship with Jagger did not.",-0.22499999999999995,0.19166666666666665
194,"She fell into heroin addiction. She said, ""It's certainly not what I was dreaming of when I was 8 or 10 – I'm going to grow up and become a junkie and live on the street!"" she said. She would lose custody of her son, Nicholas, and the damage began to show in her singing voice. But in 1979, she pulled herself together to release a raw and daring comeback album, ""Broken English."" ""I became myself,"" she said, ""and it was not a person people thought I was. It was more intelligent, stronger, ravaged in its own way, but very quite interesting.""",0.20325424575424575,0.5132967032967033
195,"It would be several more years before she freed herself of addiction, and in 2008 recorded ""Easy Come, Easy Go,"" with Sean Lennon, Rufus Wainwright, Nick Cave, Cat Power, and Keith Richards. She also returned to acting, in ""Paris, Je T'aime,"" ""Marie Antoinette,"" and ""Faces in the Crowd.""",0.2733333333333333,0.4333333333333334
196,"Faithfull said she appreciated the long, hard road she'd traveled: ""I think I've been very unconscious for a long time, and only now have I begun to get it. As long as I got it before I croaked, I think that's the main thing.""",0.015625,0.434375
197,"The works of the Pulitzer Prize-winning cartoonist and humorist Jules Feiffer (Jan. 26, 1929-Jan. 17, 2025) included a long-running comic strip, plays, screenplays and children's books in which he chronicled childhood, urban angst, politics, sexism, war, and other topics. To each he brought a sharp wit and acute observations of the personal and political quandaries that colored 20th century life.",0.075,0.365625
198,"As Feiffer explained to the Chicago Tribune in 2002, his work dealt with ""communication and the breakdown thereof, between men and women, parents and children, a government and its citizens, and the individual not dealing so well with authority.""",0.0,0.4
199,"After attending the Pratt Institute in New York City, Feiffer drew his first comic strip, ""Clifford,"" from the late 1940s until he was drafted in 1951. After leaving the Army, he returned to cartooning, and joined The Village Voice beginning in 1956. Feiffer became a fixture of the New York City alternative weekly newspaper. His satirical strip, ""Feiffer,"" ran there for more than four decades.",0.1621212121212121,0.47373737373737373
200,"He also wrote novels, plays and screenplays, to convey ideas, he told Time magazine, that he felt he couldn't address ""in six panels of a cartoon."" His book ""Passionella"" became the basis of the musical ""The Apple Tree."" He won an Obie Award for 1967's ""Little Murders,"" and wrote ""The White House Murder Case,"" ""A Think Piece,"" ""Knock Knock,"" ""Grown Ups,"" and ""A Bad Friend."" He wrote ""Carnal Knowledge"" as both a play and a film, directed by Mike Nichols. He also scripted Robert Altman's film based on the ""Popeye"" comic strip.",-0.12749999999999997,0.3333333333333333
201,"One of his most enduring works was his illustrations for ""The Phantom Tollbooth,"" published in 1961. The adventure story of a bored child who is transformed upon entering a magic tollbooth, it was written by Feiffer's friend, Norton Juster. ""Norton would read me what he had written,"" Feiffer told ""Sunday Morning"" in 2012, ""and in order to avoid doing the work I was supposed to doing, I began sketching characters for the 'Phantom Tollbooth.' And as it evolved, it just seemed like a natural act, that if this book was going to be Illustrated, why not by me?""",0.15,0.725
202,"In six undistinguished seasons as a catcher in the majors, Bob Uecker (Jan. 26, 1934-Jan. 16, 2025) played for four teams, with a career batting average of .200. But for a half-century as a play-by-play announcer, the Milwaukee native was a mascot for his city, and for the sport at which he never quite excelled, his enthusiasm and humor earning him the nickname ""Mr. Baseball.""",-0.15,0.39999999999999997
203,"Hired by the Milwaukee Brewers as a scout, Uecker demonstrated his lack of ability in that department. But then, the team's owner moved him to the broadcast booth, where Uecker stayed for 54 years.",0.0,0.0
204,"A favorite Uecker line? ""'Juuuuust a bit outside.' That's where my wife put me a lotta times!""",0.25,0.525
205,"His dry wit fueled his second career as an actor, comedian, commercial pitchman, and perennial guest on Johnny Carson's ""Tonight Show."" He notably played announcer Harry Doyle in the ""Major League"" movies.",0.09916666666666667,0.32
206,"In 2024, Uecker told ""Sunday Morning"" he shared a bond with players on the field: ""I played the game. So, I know how hard it is. I know how tough it is. ... The game celebrations, when we win, that's a big part of it, man, to be able to walk into that clubhouse and be with 'em.""",-0.025793650793650796,0.4714285714285714
207,"Writer, director and painter David Lynch (Jan. 20, 1946-Jan. 15, 2025) was a remarkable cinematic visionary, whose films ""Blue Velvet,"" ""Mulholland Drive,"" ""Lost Highway,"" and the TV series ""Twin Peaks"" were highly stylized dream states, evoking lost innocence, eroticism, and the roiling mysteries that exist underneath placid, peaceful exteriors. His films' interior logic would invariably prompt more questions than answers, but the imagery and sonic sensations he mastered would generate a tremendous devotion from his fellow filmmakers and audiences.",0.21166666666666667,0.53625
208,"A Montana native, Lynch studied at the American Film Institute and turned his thesis project into his first feature, ""Eraserhead,"" a black-and-white experimental film about parenthood. Its exceptional photography and sound design made it a cult favorite. On the basis of ""Eraserhead,"" Lynch was hired by Mel Brooks' production company to write and direct his first Hollywood feature, ""The Elephant Man."" Lynch earned two Oscar nominations.",0.2833333333333333,0.48333333333333334
209,"He turned down George Lucas' offer to direct the third ""Star Wars"" film, ""Return of the Jedi,"" and instead tackled Frank Herbert's ""Dune."" A visual feast, the film was a critical failure. But his relationship with producer Dino de Laurentiis got him his next major film, ""Blue Velvet,"" an idiosyncratic murder mystery starring Kyle MacLachlan, Isabella Rossellini and Dennis Hopper.",-0.034413580246913586,0.2654320987654321
210,"Lynch's subsequent films, for the most part, were similarly dream-like in their narrative and presentation: ""Wild at Heart,"" ""Lost Highway,"" ""Mulholland Drive,"" ""Inland Empire."" But his biggest imprint on the popular zeitgeist was with the 1990 TV series ""Twin Peaks,"" about the investigation into a teenage girl's murder. A wonderfully moody drama, it blended the form of TV soap operas with the paranormal, all in the deceptively tranquil setting of a Pacific Northwest logging town. Though only on ABC for two seasons, it spawned a feature film spinoff, ""Twin Peaks: Fire Walk With Me,"" and a follow-up series on Showtime, in 2017.",0.275,0.53125
211,"Despite being the director of some dark movies, Lynch called himself a ""bliss ninny."" A longtime practitioner of transcendental meditation (or TM), in 2005 he began the David Lynch Foundation for Consciousness-Based Education and World Peace. One of its goals: to teach students how to meditate.",-0.15,0.4
212,"Lynch told ""Sunday Morning"" in 2016 that he vividly remembers his very first experience with TM: ""I started meditation on July 1, 1973, on a sunny Saturday morning at 11 o'clock. I remember it as if it was yesterday. And it was so beautiful. I've been meditating twice a day for over 41 years and never missed a meditation.",0.43333333333333335,0.7277777777777779
213,"""People see things like stress, traumatic stress, tension, anxiety, sorrow, depression, hate, anger and fear start to lift away,"" Lynch said. ""So, it's like pure gold coming in from within, and garbage going on.""",-0.4285714285714286,0.5333333333333333
214,"In the 1960s, Sam Moore (Oct. 12, 1935-Jan. 10, 2025) was one half of soul music's most explosive duo, Sam & Dave, who were known as ""double dynamite"" and ""the sultans of sweat."" Their string of 10 straight Top 20 R&B hits included two soul masterpieces, ""Hold On, I'm Comin',"" ""and ""Soul Man.""",0.2066666666666667,0.31333333333333335
215,"Moore developed his pleading tenor voice while singing in church (he initially wanted to become a preacher). In 1957, he was set to travel to Chicago to replace the great Sam Cooke in a gospel group, The Soul Stirrers. But then, he told ""Sunday Morning"" in 2014, he attended a Jackie Wilson concert: ""He was singing and winking and blinking and gyrating the body. ... I saw men screaming, women, and I said, I want to do that!"" laughed Moore. He ended up hiding from the gospel group, who left for Chicago without him. ""They had to, because they couldn't find me!"" he laughed.",0.4166666666666667,0.24166666666666667
216,"Moore met Dave Prater at a Miami nightclub, and their routine came together by accident. The two didn't even rehearse. ""It was all spontaneous. … We used the stage in the nightclubs like a pulpit. I preached. You would hear people from the audience go, 'Say it, Sam. Tell the truth, Sam.'""",0.6,0.9
217,"Producer Jerry Wexler later caught their act, signed the duo to Atlantic Records, then sent them to Memphis, where Stax Records paired Sam & Dave with two young songwriters, Dave Porter and Isaac Hayes. The team turned out such hits as ""Soul Man,"" ""You Got Me Hummin,'"" ""Said I Wasn't Gonna Tell Nobody,"" ""When Something Is Wrong with My Baby,"" ""I Thank You,"" ""Everybody Got to Believe in Somebody,"" and ""Soul Sister Brown Sugar.""",-0.1,0.45
218,"Moore's relationship with Prater was tumultuous, and never recovered after Prater shot and wounded his own wife in a domestic dispute in 1968. Moore recalled that he told Prater, ""'I'll sing, I'll even record with you. But I'll never talk to you again. Never. And I didn't for 12-and-a-half years. Didn't."" (Prater died in a car accident in 1988.)",0.3,0.55
219,"Moore continued to tour, and in 2006 released the album ""Overnight Sensational,"" in which he performed alongside such artists as Bruce Springsteen, Jon Bon Jovi, Mariah Carey, Sting, Billy Preston and Eric Clapton. He also recorded a tribute to George Jones with the country band Nu-Blu.",0.3333333333333333,0.5833333333333333
220,In 1992 Moore and (posthumously) Prater were inducted into the Rock & Roll Hall of Fame.,0.0,0.0
221,"He told ""Sunday Morning"" that he had always been uncomfortable being called the original ""Soul Man."" ""But I know this: at the end of the night, before I leave the stage, I better do 'Soul Man.' Gotta do it. Do I get tired? Ya, but you know what? When they go into it and I look up and see them jumpin' up and down, it all leaves.""",-0.03611111111111112,0.6477777777777778
222,"David Morgan is senior producer for CBSNews.com and the Emmy Award-winning ""CBS News Sunday Morning."" He writes about film, music and the arts. He is author of the books ""Monty Python Speaks"" and ""Knowing the Score,"" and editor of ""Sundancing,"" about the Sundance Film Festival.",0.0,0.0
223,"December 1, 2024 / 1:58 AM EST          / CBS News",0.0,0.0
224,"Cayley Mandadi, 19, was a typical Texas teenager navigating life through school, sports and boys. Friends say she had a big heart and was ""full of love."" Her mother says Cayley was a happy person who was trusting, warm and always smiling.",0.34722222222222227,0.5583333333333333
225,"Mandadi was a sophomore studying communications at Trinity University, a small liberal arts college in San Antonio, Texas. In the fall of 2017, friends say Mandadi finally felt like she was fitting in at school. She joined a sorority and was a member of the Trinity cheerleading team.",0.08333333333333333,0.6333333333333333
226,"Mandadi dated Trinity student and football player Jett Birchum her freshman year. But the relationship was on again, off again.",0.0,0.0
227,"There was another man in  Mandadi's life – 22-year-old Mark Howerton. Growing up, Howerton had been a star high school baseball player. Howerton was not a student at Trinity, but often visited his friends on campus. That's how he met Mandadi. By October 2017 their friendship turned into a romantic relationship.",0.08,0.52
228,"Howerton and  Mandadi's relationship quickly turned rocky. According to campus police, a few weeks before her death, Howerton tore apart Mandadi's dorm room. After having an argument, Howerton reportedly threw her clothes in the trees, cracked a sliding glass door and later smashed her laptop. The Trinity University Police Department was called to the scene and Howerton was banned from campus.",0.04444444444444443,0.19999999999999998
229,"The last weekend of October 2017 Mandadi and  Howerton attended the Mala Luna Music Festival in San Antonio. The couple took MDMA, a drug known as Molly or ecstasy. This photo was taken at the music festival.",0.0,0.06666666666666667
230,"According to Howerton, on Sunday, Oct. 29, 2017, the couple left Mala Luna sometime after 4 p.m. They got in an argument after seeing Mandadi's ex-boyfriend, Jett Birchum, at the festival.",0.0,0.0
231,"Howerton said they continued to argue in the car, but eventually stopped at a parking lot to have ""rough"" make-up sex. Howerton would later tell police that sometime after having sex, Mandadi stopped breathing. At some point he brought her to the emergency room.",-0.05,0.2
232,"When Howerton arrived at the emergency room,  Mandadi was in the passenger seat of his car, nearly naked and unconscious. A paramedic testified that she saw ""multiple bruises"" on Mandadi's legs and immediately started CPR.",0.0,0.2
233,"While doctors tried to save Mandadi's life, officers on the scene interviewed Mark Howerton about what happened that night. They took this photo of his hands,",0.0,0.0
234,"Three months after Mandadi's death, her autopsy report was released. It showed that she died from blunt force trauma to the face and head, and labeled her death a homicide. Several weeks later, Howerton was arrested and charged with murder and sexual assault. He pleaded not guilty and was released on bail.",0.1875,0.45833333333333337
235,"In December 2019, Howerton went on trial in San Antonio for the murder of Mandadi.",0.0,0.0
236,"""This is a case where, there's more than meets the eye and things aren't what they seem,"" John Hunter, Howerton's defense attorney, told ""48 Hours.""",0.5,0.5
237,"During the trial, Birchum, told the jury what he witnessed at the Mala Luna Music Festival. He testified that he saw Howerton and Mandadi ""having an intense conversation"" and Mandadi ""trying to create space"" and ""get away."" He said he then witnessed Howerton, ""reach out his right arm and hook it around her shoulder and pull her in closer. And then turn and walk away.""",0.24285714285714285,0.7678571428571428
238,"During cross-examination, Hunter grilled Birchum about what he says he saw that day. Birchum originally told police that he saw Howerton pick Mandadi up and put her in his car as they were leaving the festival. On the stand, Birchum admitted to misleading police about this, testifying that he didn't actually see Howerton put Mandadi in his car.",0.1875,0.425
239,"The defense presents a different theory of how Mandadi sustained her injuries that day. They argue Mandadi's bruises were at the hands of the medical staff and not Howerton. They say the cause was from the organ donation process and when medical professionals desperately tried to revive Mandadi seven times, they broke one of her ribs and bruised her body.",-0.15,0.4
240,"After 10 hours of deliberations over two days, the jury notified the judge that they were unable to come to a decision. A mistrial was declared.",-0.5,0.5
241,"While prosecutors planned to retry Howerton, Cayley's mother Alison Steele (pictured) and stepfather Lawrence Baitland decided the jury needed more information about what happened inside Howerton's car.",0.5,0.5
242,Steele and Baitland focused on an autopsy photo showing a bruise in the shape of a small dot above Cayley's right ear and another larger bruise above Cayley's left ear.,0.0059523809523809494,0.2726190476190476
243,"Steele says they believe Cayley's fatal injury took place when Howerton ""reached from his driver's seat, hit her in the left ear and drove her head into the window and onto the lock button of the car.""",0.0,0.0
244,"Steele and Baitland went to a used car lot where Steele posed in a car like the Mercedes Howerton drove the night Cayley was killed. This is one of the many photos Baitland took of Steele posing in the car. He told ""48 Hours"" he ""photographed her head in different positions while … holding the autopsy images, trying to see if they match up with the door and it's a near perfect match.""",0.27999999999999997,0.5
245,"Emboldened by the photos he took, Lawrence Baitland, a NASA engineer, constructed a 3D model of  Mandadi's head. He layered in photos of Cayley and the autopsy photo showing that dot above Cayley's right ear.",0.14285714285714285,0.31785714285714284
246,"""So this gave me the confidence to go to the next step, which was to seek out the killer's car,"" Baitland said.",0.0,0.0
247,Bailtland tracked down Howerton's Mercedes. He convinced the owner to sell him the car.,-0.15555555555555559,0.2888888888888889
248,Baitland and Steele then hired a private investigator who produced a reenactment video of what they believe happened in the car with actors similar in size to Mandadi and Howerton. This is a still frame of that video.,0.0,0.3875
249,Howerton is seen attending court at the start of his second trial in May of 2023.,0.0,0.0
250,"The prosecution decided not to enter Steele and Baitland's reenactment video into evidence, concerned that the defense cross-examination about it might undermine the case.",0.0,0.0
251,"The jury did not find Howerton guilty of murder, but rather aggravated assault causing serious bodily injury. He was sentenced to the maximum 20 years in prison. He is eligible for parole in May of 2033",-0.27777777777777773,0.5888888888888889
252,"Alison Steele turned her grief into action. In September 2019, she was able to get the CLEAR Alert Bill passed. Now in the state of Texas when someone between the ages of 18-64 goes missing, an emergency text will go out to the community. Steele wants                   ""Cayley's story to be used to help other people.""",-0.03214285714285715,0.2619047619047619
253,"Taylor Clement will never forget her best friend. She told ""48 Hours"" that she had always planned to have Mandadi as her maid of honor in her wedding someday, and the godmother to her future children. She said this photo of them ""smiling at prom is [her] absolute favorite.""",0.425,0.58125
254,"March 20, 2025 / 7:39 AM EDT          / CBS/AP",0.0,0.0
255,"Orlando, Fla. — A maintenance technician alleged on Wednesday that he raised safety issues with the operators of a central Florida amusement ride before a 14-year-old boy fell to his death but his concerns were never addressed.",-0.05,0.175
256,Austin Campbell-Alexander said in the state whistleblower lawsuit that the Orlando Free Fall ride at Icon Park had sensors that were modified to accommodate people whose height or weight were outside safety limits. He also alleged that overheated cylinders prevented seats from securing properly and that the drop ride's metal structure had cracks in its joints. Campbell-Alexander also said he and his colleagues weren't given any training on ride maintenance or patron safety.,0.07500000000000001,0.2625
257,"""He brought these concerns to his manager and the owner of the ride, and basically they didn't do what they should have done,"" Greg Schmitz, one of his attorneys, said in a phone interview.",0.0,0.0
258,"Trevor Arnold, an attorney for the ride operators, said in an email that Campbell-Alexander's claims were in direct conflict with statements he provided after the accident.",0.1,0.4
259,"""Our clients promptly investigated the tragic accident that resulted in the death of Tyre Sampson. Upon discovering that Mr. Campbell-Alexander adjusted the sensors that resulted in the accident, he was suspended and relieved of any further involvement or access to any rides,"" Arnold said. ""Upon learning of Mr. Campbell-Alexander's and other employees' conduct, we proactively notified investigating authorities.""",-0.2916666666666667,0.5416666666666666
260,"CBS Orlando affiliate WKMG-TV reports that Arnold was among attorneys who provided the station with a statement adding that, ""Mr. Campbell-Alexander's claims are in direct conflict with statements he provided following the accident, which will no doubt be demonstrated in Court.""",0.05,0.25
261,"Tyre Sampson fell 70 feet to his death on March 24, 2022. A football standout who was 6 foot, 2 inches tall and weighed 380 pounds, he was visiting Orlando on spring break from the St. Louis area.",0.0,0.0
262,"Sampson went with friends to the amusement park on International Drive in the heart of the region's tourism district, and they rode the Orlando Free Fall, which placed 30 riders in seats attached to a tower. Each passenger was secured with a shoulder harness before the ride lifted them up the tower and then dropped them 430 feet.",0.2,0.4
263,"Because of Sampson's size, the harness didn't lock properly and he was ejected from his seat when the ride braked, authorities said.",0.0,0.1
264,"Campbell-Alexander wasn't present during the accident, but he has suffered depression and anxiety since then, Schmitz said.",0.0,0.0
265,"He said that after Sampson's death, he was asked to backfill blank maintenance logs showing that tasks had been performed in the weeks before the accident. Campbell-Alexander refused and was put on paid administrative leave for a year and not permitted to return to the property, the lawsuit said.",0.0,0.0
266,"After Sampson's family reached a settlement with the ride's operators, Campbell-Alexander was fired. His attorneys said it was retaliation for the safety concerns he had flagged. Sampson's family also won a $310 million verdict against the attraction's Austrian builder last year.",0.0,0.06666666666666667
267,"The lawsuit filed in state court in Orlando said Campbell-Alexander is seeking more than $50,000. Schmitz said it should include back pay, compensatory damages and punitive damages.",0.25,0.25
268,"""It was just very traumatic from his perspective, working there,"" Schmitz said.",0.2,0.3
269,The ride has since been dismantled.,0.0,0.0
270,"© 2025 CBS Interactive Inc. All Rights Reserved. This material may not be published, broadcast, rewritten, or redistributed. The Associated Press contributed to this report.",0.0,0.0
271,"March 19, 2025 / 8:51 PM EDT          / CBS News",0.0,0.0
272,"Los Angeles — Red Lobster is running advertisements with retired NBA power forward Blake Griffin, hoping it can help drive struggling profits forward.",0.0,0.0
273,It's part of a full-court press to get customers back in the door and make one of the nation's oldest casual dining chains relevant again.,-0.03333333333333336,0.5888888888888889
274,"""A lot of people, their early experiences with seafood were at a Red Lobster,"" said Red Lobster CEO Damola Adamolekun, who is leading the transformation.",0.03333333333333333,0.09999999999999999
275,"Adamolekun took over last September, shortly after the chain closed several dozen locations and filed for bankruptcy, along with TGI Friday's, Buca di Beppo and about a dozen other restaurant brands in 2024. There are now 544 Red Lobster locations across the U.S. and Canada.",-0.0375,0.14027777777777778
276,"At age 36, the Nigerian-born, Ivy League grad is the youngest CEO in Red Lobster's nearly 60-year history, and he's now taking on its toughest challenge.",0.05,0.2
277,"""You know, crisis, it forces you to move quickly, make decisions, and you can't stew too long on like, am I ready or am I not,"" Adamolekun said. ""…I think there's always a way to make something work, you just need to find the solution.""",0.16111111111111112,0.4666666666666666
278,The former investment banker immediately made waves by eliminating Red Lobster's iconic endless shrimp deal.,0.09375,0.3125
279,"""It's an expensive product,"" Adamolekun said. ""The way they were doing it was unmanaged.""",-0.5,0.7
280,"He also trimmed down the menu while introducing new items.   Five years ago, the COVID-19 pandemic caused a seismic shift in casual dining. According to the foodservice data company Technomic, full-service chain restaurants saw a 28.6% drop in sales, compared to just a 1.9% drop for fast food places.",-0.07979797979797983,0.5525252525252525
281,"These days, inflation is still preventing many Americans from dining out, while restaurants are navigating rising food costs.",0.5,0.5
282,Adamolekun admits some of these increased costs are being passed on to Red Lobster's customers.,0.0,0.0
283,"""Your entire cost structure is gonna move up somewhat, and prices in the country will go up somewhat, but I don't want to be higher than overall inflation,"" Adamolekun said.",0.08333333333333333,0.375
284,"Red Lobster is no longer in bankruptcy, and an industry survey last month from the National Restaurant Association shows that about eight in 10 restaurant operators expect sales in 2025 to be the same or higher as last year.",0.05,0.15166666666666667
285,"""What people, especially young people, need in addition to great food is a great atmosphere,"" Adamolekun said. ""The place you can come in, feel good, it looks nice. So if you don't live up to what they expect, they won't come back. They'll go somewhere else, or they'll eat at home.""",0.4623376623376623,0.6285714285714287
286,"Elise Preston is a CBS News correspondent based in Los Angeles. She reports for all broadcasts and platforms, including the ""CBS Evening News,"" ""CBS Mornings,"" ""CBS Saturday Morning"" and ""CBS Weekend News.""",0.0,0.0
287,© 2025 CBS Interactive Inc. All Rights Reserved.,0.0,0.0
288,"March 20, 2025 / 4:37 AM EDT          / CBS/AP",0.0,0.0
289,"Albuquerque, N.M. — A now 13-year-old boy charged with murder in an apparently deliberate hit-and-run that targeted a bicyclist on his way to work was ordered Wednesday to remain in custody, as authorities in Albuquerque announced the search was over for another teen wanted in connection with the case.",0.025,0.175
290,The boy ordered to remain in custody is believed to be the driver of the car involved in the May 2024 hit-and-run that killed 63-year-old physicist Scott Dwight Habermehl while he was biking to his job at Sandia National Laboratories in Albuquerque. He was 12 years old at the time.,-0.05,0.1
291,Authorities say there were two other boys in the car that morning - one who had just turned 11 and another who was 15 at the time.,-0.125,0.375
292,"The two older boys have been charged with an open count of murder, conspiracy to commit murder, leaving the scene of an accident involving great bodily harm or death and unlawful possession of a handgun by a person, police said in a statement.",0.24166666666666667,0.42083333333333334
293,"The district attorney's office confirmed Wednesday that the youngest boy will also face a murder charge. A little over a week after the fatal crash, police had arrested him on an unrelated felony warrant, according to law enforcement.",0.10625000000000001,0.75
294,Video of the crash was recorded from inside the car and circulated on social media. It was reported to authorities by people including a middle school principal after a student flagged it.,0.016666666666666666,0.03333333333333333
295,"Deputy District Attorney Bridget McKenney played the video Wednesday at a children's court hearing for the 13-year-old. The video shows the car accelerating as the flashing tail light of a bicycle becomes visible. A voice believed to be the older teen says, ""Just bump him, brah.""",0.18888888888888888,0.3444444444444444
296,"She also shared photos of the vehicle, the right side of its windshield shattered, its hood dented and the bumper damaged.",0.2857142857142857,0.5357142857142857
297,"""I don't know a better word than callous behavior for what we've seen,"" McKenney told the court. ""You can hear the impact of the victim slamming into the windshield. You can see them turn the camera as they speed off watching the victim hit the ground.""",0.11666666666666665,0.20000000000000004
298,She said Habermehl was left dying on the roadside while the boys swapped vehicles and went on with their lives.,0.0,0.0
299,"Michael Rosenfield, a publicly appointed attorney for the 13-year-old defendant, entered a denial to the charges on his behalf.",0.0,0.06666666666666667
300,The attorney told the judge that the boy had been put on probation in December for an unrelated case and had been following the requirements and doing well. Rosenfield suggested there were conditions of supervision that would allow the teen to be released from custody.,0.0,0.05
301,"Judge Catherine Begaye disagreed, finding that the child is a danger to others.",0.0,0.0
302,The Associated Press doesn't typically name people under 18 accused of a crime.,-0.16666666666666666,0.5
303,"As for the now 16-year-old, authorities earlier this week urged the boy to turn himself in. Detectives conducted surveillance and arrested him without incident on Wednesday, said Gilbert Gallegos, a spokesperson with the Albuquerque Police Department.",0.0,0.5
304,"According to his obituary, Habermehl got a PhD in physics in 1994 and worked for 30 years as an engineer at Sandia National Laboratories in Albuquerque. He left behind a wife and two sons.",-0.2,0.35
305,"""He travelled to South America to challenge one of their tallest peaks and came back to tell the tale,"" his obituary says. ""In his later years, he took delight in riding his horse in the spaces around their home in Corrales. He was a consummate outdoorsman and cared deeply for the wild spaces of the world.""",0.21000000000000002,0.36
306,A similar case involving teenage boys who allegedly recorded themselves deliberately hitting a bicyclist who ended up dying happened in Las Vegas in 2023. One of those teens was found unfit to stand trial.,-0.03333333333333333,0.16666666666666666
307,"© 2025 CBS Interactive Inc. All Rights Reserved. This material may not be published, broadcast, rewritten, or redistributed. The Associated Press contributed to this report.",0.0,0.0
308,"March 19, 2025 / 2:57 PM EDT          / CBS/AFP",0.0,0.0
309,"Construction work near one of Greece's most notorious prisons in Thessaloniki has unearthed the remains of dozens of people executed during the Greek Civil War era, relatives and officials said Wednesday. The grisly find included the discovery of footwear, including the remnants of a woman's shoe.",0.19999999999999998,0.3
310,"So far, 33 skeletons have been found near Eptapyrgio prison northeast of the city, a former Byzantine-era fortress later known as Yedi Kule under Ottoman rule, city officials said in a statement.",0.05,0.35
311,The Greek civil war lasted from 1946 to 1949 but executions of political prisoners held for alleged affiliation to the Greek communist party (KKE) continued for years thereafter.,-0.025,0.05
312,"It is estimated that over 150,000 people lost their lives during the conflict, while around 800,000 people were displaced. CBS News journalist George Polk, who had depicted the right-wing Greek government as corrupt, was among those killed during the war.",-0.2333333333333333,0.3333333333333333
313,"""We are here today with very mixed feelings. We are happy because, even after 80 years of delay, we found the skeletons of the people who lost their lives for their ideas and for the country,"" said the local mayor of Sykies municipality, Simos Daniilidis.",0.26666666666666666,0.44166666666666665
314,"But he added that they were ""saddened, embittered, and angry"" because of the killings, which he termed ""inhumane, horrific, inconceivable things for today's Greek civilization.""",-0.6,0.725
315,"One of the victims is believed to be a woman ""after traces of a woman's shoe were found,"" officials said. Several shoes worn by young adults were also unearthed, said the officials, who posted images of the footwear.",0.05,0.2
316,"The first remains were discovered in December during work on a city park. At the time, local officials ruled that the skeletons were of no archaeological interest, but Daniilidis, ""believing that there is enormous historical and political interest,"" requested that archaeologists excavate the wider area of the park.",0.041666666666666664,0.22222222222222224
317,"""In the dark years of the civil war, the area was used for the execution of political prisoners, or the relocation of their bodies, as it was very near the prison and was uninhabited at the time,"" Sykies municipality said in a statement.",-0.006666666666666664,0.34
318,Many of the victims are believed to have been killed for links with the KKE. A party delegation was present Wednesday to lay flowers at the site.,0.09999999999999999,0.16666666666666666
319,"With assistance from archaeologists, the excavation has uncovered clothes, jewelry and bullets.",0.0,0.0
320,"""Thirty-three skeletons were discovered in four clusters. The skeletons are not in very good condition due to the soil and conditions. They are very fragile,"" said archaeologist Stavroula Tsevrini.",0.26166666666666666,0.6016666666666667
321,The findings have been handed over to the police and efforts have already begun to identify the skeletons through DNA tests.,0.0,0.0
322,The municipality has put out a call for relatives and descendants of civil war victims to step forward to speed up the identification process.,0.0,0.0
323,The KKE party is compiling a list of executed political prisoners for publication.,0.0,0.1
324,"""During the civil war in this region, approximately 400 people held in Yedi Kule as political prisoners were executed,"" said Spyros Kouzinopoulos, a journalist who has written a book on the issue, drawing on police archives.",-0.2,0.35
325,"""The executed were buried in mass graves without their relatives knowing where each one was buried. Here the area is full of remains,"" he told AFP.",0.35,0.55
326,Miltiadis Parathyras said his uncle Rigas was executed at the location in March 1951.,0.0,0.0
327,"""He was a captain in the (communist) Democratic Army, arrested in 1949 and held in prison for about two years. He was executed at the age of 24 along with five others in March 1951,"" he said.",0.0,0.0
328,"""We don't know where he is buried. Where did they throw him?""",0.0,0.0
329,"In a statement, the city said efforts to find other mass graves would continue ""so that all the skeletons of the people who lost their lives in this way during the dark years of the Civil War and were not given the honors traditionally attributed to the dead are found.""",-0.11875000000000001,0.48124999999999996
330,"© 2025 CBS Interactive Inc. All Rights Reserved. This material may not be published, broadcast, rewritten, or redistributed. Agence France-Presse contributed to this report.",0.0,0.0
331,"March 19, 2025 / 6:12 PM EDT          / CBS News",0.0,0.0
332,"A top official for the U.S. Agency for International Development said he's handing control of the depleted agency to an official with the Department of Government Efficiency, or DOGE.",0.25,0.25
333,"Pete Marocco, the USAID acting deputy administrator who executed the dismantling of the U.S. foreign aid agency, sent an internal email to a number of colleagues Tuesday notifying them that the agency is now ""under control, accountable and stable.""",-0.041666666666666664,0.041666666666666664
334,"In his email, which was obtained from multiple sources by CBS News, Marocco said he'd return to his post as director of the State Department's Foreign Assistance bureau and that he is now handing over Secretary of State and Acting USAID Administrator Marco Rubio's authority over the foreign aid agency to DOGE official Jeremy Lewin. According to the Associated Press, Lewin has worked on the DOGE cost-slashing efforts led by Elon Musk at USAID and other federal agencies.",-0.075,0.125
335,Marocco also said phase 3 of the 90-day review on all U.S. foreign aid is underway. The review was ordered by President Trump in an executive action signed on his first day in office.,0.075,0.18611111111111112
336,"In a separate statement provided to CBS News by the State Department, Marocco said of USAID that his team found ""crisis-level issues"" that were ""far worse than we anticipated."" He added that ""we identified tens of billions of dollars that were haphazardly pushed through 27 different payment systems to an 'industrial aid complex' that no longer served our national interests.""",-0.24,0.68
337,"Marocco identified roughly 1,000 programs at USAID that were deemed to be essential, a State Department spokesperson said.",-0.05,0.35
338,"In his email, Marocco also said was appointing ""Ken Jackson to perform the duties of USAID Deputy Administrator for Management and Resources"" and to be the agency's CFO.",0.0,0.0
339,"DOGE had announced via X on Monday night that Kenneth Jackson is also now the acting president of the U.S. Institute of Peace by the institute's board, which includes ex officio members Secretary of State Marco Rubio and Defense Secretary Pete Hegseth.",0.0,0.0
340,"Rubio will continue to be USAID's acting administrator, and the two political appointees will be deputy administrators.",0.0,0.05
341,"Congress founded the U.S. Institute of Peace in 1984 to help prevent violent conflicts and broker peace deals. Its stated mission is to project U.S. influence and support partner countries in regions ""destabilized by China and other U.S. adversaries,"" USIP's website says.",-0.4625,0.6875
342,"Last Friday, the USIP said that several members of DOGE arrived unannounced and accompanied by two FBI agents. The institute's outside counsel informed them that USIP is a non-executive branch agency that is private and independent, and the DOGE representatives then left.",0.0,0.10277777777777779
343,"They returned Monday, and George Moose, who was USIP's president and CEO, said, ""DOGE has broken into our building."" White House press aide Anna Kelly wrote on X that by then, Moose had already been removed, and Jackson had taken over and was ""accessing the agency he now runs.""",-0.2,0.2
344,Kelly also said the institute had failed to comply with an executive order signed by Mr. Trump in February reducing the USIP to its statutory minimum.,-0.5,0.3
345,"The institute asked a court Tuesday for a restraining order to keep the Trump administration from taking it over while a legal challenge to President Trump's actions targeting USIP moves forward, but its request was denied Wednesday.",0.2,0.2
346,The Institute of Peace is the latest organization to come under scrutiny by the Trump administration and DOGE as part of the president's initiative to scale down the size of the federal government. Many of these actions have since been challenged in the federal courts as unlawful.,0.2814814814814815,0.562962962962963
347,A federal judge on Tuesday found that Elon Musk and DOGE likely violated the Constitution when they unilaterally acted to shut down USAID.,-0.21851851851851853,0.662962962962963
348,"Margaret Brennan,                                                                                     Melissa Quinn,                                                                                     Jacob Rosen and                                                                                     Fin Daniel Gómez                          contributed to this report.",0.0,0.0
349,"Camilla Schick is a British journalist in D.C. and CBS News' Foreign Affairs Producer, covering U.S. foreign relations, the State Department and national security.",-0.08333333333333333,0.08333333333333333
350,© 2025 CBS Interactive Inc. All Rights Reserved.,0.0,0.0
351,"March 19, 2025 / 12:18 PM EDT          / CBS News",0.0,0.0
352,"Tony award-winner Annaleigh Ashford is opening up about her new role in the true crime drama ""Happy Face,"" the series' meaningful approach and how she prepared to play a serial killer's daughter.",0.4465909090909091,0.6511363636363636
353,"""While it's always nerve-wracking to play people who are living and exist in the world, I felt like it was really important to share her story and her point of view,"" Ashford said in an interview with ""CBS Mornings"" about Melissa G. Moore. The Paramount+ series is inspired by Moore's story. She discovered as a teenager that her father, Keith Jesperson, was a serial killer known as the ""Happy Face"" killer.",0.6000000000000001,1.0
354,"""It's her life story, she has been a really important advocate for people in the true crime space – not just for families of perpetrators but also for the families of the victims of perpetrators.""",0.375,0.825
355,"Jesperson confessed to killing eight women between 1990 and 1995. Moore's father is played by Dennis Quaid in the series. The show doesn't show any violence, but instead viewers hear about what happened.",0.0,0.0
356,"""You hear Dennis' character talk about the crimes that he's committed and in some way I think that's more terrifying,"" Ashford said.",-0.25,0.75
357,"In ""Happy Face,"" Ashford's character keeps letters that her father sent her from prison.",0.8,1.0
358,Ashford had an opportunity to read the real letters from Moore's father in her preparation for the show.,0.2,0.30000000000000004
359,"""It felt like I was peeking into a part of her psyche and a part of her life that I actually didn't need to as an actor. … She (Moore) didn't read a lot of them,"" Ashford explained.",0.0,0.1
360,"After reading some, Ashford said she didn't feel the need to continue.",0.0,0.0
361,"""I felt a little uncomfortable … you know and it's something I can kind of fill in the gaps with my imagination,"" she said.",-0.029166666666666674,0.7999999999999999
362,"Those letters, which were used in helping to write the series, are now gone after the showrunner's home burned in the Altadena fires.",0.0,0.0
363,"""When Melissa found out, it was a moment of reflection and a realization that she never really knew what to do with them,"" Ashford said.",-0.1,0.2
364,Ashford credits Moore — who is an executive producer and makes a cameo in the pilot — for her help on the show to be mindful of victims and their families while telling the story.,0.0,0.0
365,"""She really helped us keep from retraumatizing the victims who are involved in this crime and the victims family and that is something that is important in these true crime shows,"" Ashford said. ""We often forget that families of the victims are retraumatized by the telling of the stories.""",0.3166666666666667,0.6166666666666667
366,Moore's father remains in jail serving multiple life sentences.,-0.05,0.0
367,Kelsie Hoffman is a push and platform editor on CBS News' Growth and Engagement team. She previously worked on Hearst Television's National Desk and as a local TV reporter in Pennsylvania and Virginia.,-0.08333333333333333,0.08333333333333333
368,© 2025 CBS Interactive Inc. All Rights Reserved.,0.0,0.0
369,"March 18, 2025 / 12:53 PM EDT          / CBS News",0.0,0.0
370,"More than 3 million deaths are reported to the Social Security Administration each year. Among them, a small portion — less than 10,000 — are erroneous and need to be corrected, according to the agency.",-0.07666666666666666,0.32666666666666666
371,"""Our records are highly accurate,"" the SSA stated Monday in a blog post following up on an update released Sunday by the SSA on its death record. Of the millions of death reports received by Social Security each year, less than one-third of 1% are incorrect and need to be fixed, it stated.",0.07333333333333333,0.21333333333333332
372,"Still, a person wrongly reported as deceased ""can be devastating to the individual, spouse and dependent children,"" as benefits are stopped and the process of restoring them can be long and challenging, according to SSA.",-0.21000000000000002,0.74
373,The agency's statements come nearly a month after the new SSA head contradicted claims that tens of millions of dead people over the age of 100 were receiving checks.,0.012121212121212116,0.41818181818181815
374,"Instead, those individuals ""are people in our records with a Social Security number who do not have a date of death associated with their record,"" said Lee Dudek, the new acting Social Security Administration commissioner who was placed in the role by President Trump, in a Feb. 19 statement. ""These individuals are not necessarily receiving benefits,"" he said.",0.040606060606060604,0.31757575757575757
375,"The clarification came after Mr. Trump's adviser, billionaire Elon Musk, claimed on social media and in press briefings that people as old as 300 years were improperly and routinely getting benefits.",0.06666666666666667,0.13333333333333333
376,"That said, the opposite does occur: In rare cases, people are mistakenly reported to the agency as dead.",0.033333333333333326,0.43333333333333335
377,"A recent story in the Seattle Times relayed one instance involving an 82-year-old man who'd been inaccurately declared dead and had his Social Security and Medicare canceled, resulting in a nearly three-week effort to resurrect himself.",-0.01666666666666667,0.2791666666666667
378,"Deaths are reported to Social Security primarily by states, but also by funeral homes, family members, financial institutions and federal agencies. If one suspects they have been incorrectly listed as deceased on their Social Security record, SSA advises that they contact their nearest Social Security office as soon as possible and bring at least one current form of ID.",0.025,0.3125
379,"Funeral homes generally inform SSA of someone's death, so family members don't typically need to do so.",-0.05833333333333332,0.5
380,"If for some reason a funeral home is not involved, the SSA should be called and given the name, Social Security number, date of birth and date of death for the person who died.",0.03333333333333333,0.06666666666666667
381,Call +1 800-772-1213 or call TTY +1 800-325-0778 if you're deaf or hard of hearing.,-0.2916666666666667,0.5416666666666666
382,"The agency should be available for assistance in most U.S. time zones Monday through Friday, 8 a.m. to 7 p.m., in English, Spanish and other languages.",0.155,0.255
383,"Those living outside the U.S. can report the death of a U.S. citizen to the nearest U.S. embassy or consulate, or contact a Federal Benefits Unit.",0.0,0.05
384,"A spouse may get a one-time death benefit of $255. If there is not a spouse, some children could be eligible, including those who are:",0.0,0.0
385,"A spouse who doesn't live in the same home as the deceased may still be eligible for the lump sum payment, if they qualify for benefits based on the record of the person who died, according to the SSA's website.",0.06818181818181818,0.3125
386,You must apply for the lump sum payment within 2 years of the family member's death. Certain family members may be eligible for monthly survivor benefit payments and possibly Medicare.,0.10714285714285714,0.7857142857142857
387,"Kate Gibson is a reporter for CBS MoneyWatch in New York, where she covers business and consumer finance.",0.13636363636363635,0.45454545454545453
388,© 2025 CBS Interactive Inc. All Rights Reserved.,0.0,0.0
389,"March 19, 2025 / 12:41 PM EDT          / CBS News",0.0,0.0
390,"Comedian Whitney Cummings, co-creator of the Emmy-winning sitcom ""Two Broke Girls"" and star of the autobiographical series ""Whitney,"" has launched the second year of her ""Big Baby"" tour after recently welcoming her first child.",0.05,0.13666666666666666
391,"Cummings, who began her standup career in 2004 and has released six comedy specials, is focusing her new material on the experiences of motherhood and everyday life.",-0.03181818181818183,0.5272727272727272
392,"The 40-year-old comedian jokes about being labeled with a ""geriatric pregnancy"" by her doctor.",0.0,0.0
393,"""They start calling it geriatric at 35,"" Cummings said. ""I'm grateful that I did this at 40 years old. If I had a kid even a year sooner, I would have sold it for Taylor Swift tickets.""",0.1,0.2
394,"Cummings froze her eggs at 33, but ended up conceived naturally. She is co-parenting with her child's father, though they are not a couple.",0.1,0.4
395,"""Let's start co-parenting from the beginning so the kid will never know anything different,"" she explained about their arrangement.",0.0,0.6
396,"Cummings' comedy has long been known for its fresh, intelligent approach to taboo subjects. She said she believes discussing intimate topics helps ""release shame"" and prevents bad choices made under its influence.",0.11000000000000003,0.6133333333333333
397,"""I didn't want to talk about having postpartum depression,"" she admitted. ""I was like, I don't want to talk about this, which means I have to talk about this.""",0.0,0.0
398,The comedian also reflected on how parenthood shifted her perspective.,0.0,0.0
399,"""Once I had a child, I was like, oh, I like myself when I only think about myself like 30 minutes a day.""",0.0,1.0
400,"Cummings' ""Big Baby"" tour continues through its second year with dates across the country.",0.0,0.05
401,"Analisa Novak is a content producer for CBS News and the Emmy Award-winning ""CBS Mornings."" Based in Chicago, she specializes in covering live events and exclusive interviews for the show. Analisa is a United States Army veteran and holds a master's degree in strategic communication from Quinnipiac University.",0.06818181818181818,0.25
402,© 2025 CBS Interactive Inc. All Rights Reserved.,0.0,0.0
403,"Updated on:  March 20, 2025 / 7:24 AM EDT          / CBS/AP",0.0,0.0
404,"Scientists are homing in on the nature of a mysterious force called dark energy, and nothing short of the fate of the universe hangs in the balance.",-0.049999999999999996,0.5666666666666667
405,The force is enormous - it makes up nearly 70% of the universe. And it is powerful - it is pushing all the stars and galaxies away from each other at an ever faster rate.,0.06875,0.66875
406,"And now scientists are getting a little closer to understanding how it behaves. The big question is whether this dark energy is a constant force, an idea first introduced by Albert Einstein in his theory of relativity, or whether the force is weakening, a surprising wrinkle tentatively proposed last year.",0.0875,0.3190476190476191
407,"Results presented at a meeting of the American Physical Society Wednesday bolster the case that the force is weakening, though scientists are not yet certain and they still haven't worked out what this means for the rest of their understanding of the universe.",0.07142857142857142,0.23809523809523805
408,The updated findings come from an international research collaboration that is creating a three-dimensional map to see how galaxies have spread and clustered over 11 billion years of the universe's history. Carefully tracking how galaxies move helps scientists learn about the forces that are moving them around.,-0.05,0.5
409,"Called the Dark Energy Spectroscopic Instrument (DESI), the collaboration released its first analysis of 6 million galaxies and quasars last year and has now added more data, bringing the count to nearly 15 million. Their updated results, taken with other measurements - exploding stars, leftover light from the young universe and distortions in galaxy shape - support the idea presented last year that dark energy may be waning.",0.0925,0.3641666666666667
410,"""It's moving from a really surprising finding to almost a moment where we have to throw out how we've thought about cosmology and start over,"" said Bhuvnesh Jain, a cosmologist with the University of Pennsylvania who was not involved with the research.",0.7,0.5
411,"Alexie Leauthaud-Harnett, a spokesperson for the DESI collaboration, called the new observations ""deeply intriguing.""",0.2181818181818182,0.42727272727272725
412,"""It is exciting to think that we may be on the cusp of a major discovery about dark energy and the fundamental nature of our universe,"" she said in a statement.",0.07083333333333333,0.5666666666666668
413,It's not time to completely rule out the idea that dark energy is constant because the new results are still shy of the gold standard level of statistical proof physics requires. The collaboration aims to map around 50 million galaxies and quasars by the end of its survey in 2026.,-0.06893939393939394,0.347979797979798
414,"""We want to see several different collaborations having similar measurements"" at that gold standard to be sure that dark energy is weakening, said cosmologist Kris Pardo with the University of Southern California who was not involved with the new research.",0.06079545454545454,0.3429292929292929
415,"If dark energy is constant, scientists say our universe may continue to expand forever, growing ever colder, lonelier and still.",-0.075,0.3666666666666667
416,"If dark energy ebbs with time, which now seems plausible, the universe could one day stop expanding and then eventually collapse on itself in what's called the ""Big Crunch."" It might not seem like the cheeriest fate, but it offers some closure, said cosmologist and study collaborator Mustapha Ishak-Boushaki of the University of Texas at Dallas.",0.11249999999999999,0.25
417,"""Now, there is the possibility that everything comes to an end,"" he said. ""Would we consider that a good or bad thing? I don't know.""",5.551115123125783e-17,0.6333333333333333
418,"Other efforts around the globe have an eye on dark energy and aim to release their own data in the coming years, including the European Space Agency's Euclid mission and the Vera C. Rubin Observatory in Chile.",0.08124999999999999,0.44375
419,"Launched in 2023, the ESA's $1.5 billion Euclid space telescope is equipped with a near-perfect 3-feet 11-inch-wide primary mirror and two instruments: a 600 megapixel visible light camera and a 64-megapixel infrared imaging spectrometer. The telescope's field of view is roughly twice the size of the full moon.",0.2625,0.5375000000000001
420,"It will take Euclid six years to complete its map of the sky, generating on the order of 100 gigabytes of compressed data per day, or an estimated, difficult-to-imagine 70,000 terabytes over the course of the mission.",0.1,0.4
421,William Harwood                          contributed to this report.,0.0,0.0
422,"© 2025 CBS Interactive Inc. All Rights Reserved. This material may not be published, broadcast, rewritten, or redistributed. The Associated Press contributed to this report.",0.0,0.0
423,We may receive commissions from some links to products on this page. Promotions are subject to availability and retailer terms.,-0.16666666666666666,0.3333333333333333
424,"March 19, 2025 / 1:37 PM EDT          / CBS News",0.0,0.0
425,"If you are facing lawsuits from creditors or debt collectors and have recently noticed that your paycheck is smaller than usual, you might be facing an issue with wage garnishment. This process occurs after a creditor or debt collector gets legal permission to take a portion of your earnings to repay an outstanding debt — and, unfortunately, millions of Americans have faced this type of issue. Having a portion of your paycheck taken before it hits your bank account can be a major problem for your budget, though, especially if you're already struggling to make ends meet.",0.0015625000000000014,0.571875
426,"Luckily, wage garnishment typically doesn't happen overnight. In most cases, creditors must first sue you, win a judgment and then obtain a court order to garnish your wages. However, certain debts — like unpaid taxes, child support and student loans — can result in garnishment without a court order. Regardless of how it started, though, having a portion of your paycheck puts most people in a difficult financial position. Fortunately, there are legal steps you can take to reduce the impact or even stop the garnishment completely.",0.21776556776556777,0.4875457875457876
427,"That said, if a debt collector is garnishing your paycheck, you need to act quickly. The longer you wait, the more money will be taken from your earnings, so make sure to take some or all of the steps outlined below if you're dealing with this type of issue.",0.4444444444444444,0.6296296296296297
428,Learn more about your debt relief options today.,0.5,0.5
429,"If your wages are being garnished by a debt collector, here are the steps you should take to address the situation and potentially find relief from the issue:",0.0,1.0
430,"Before doing anything else, confirm the garnishment is legitimate. Federal law requires that you receive a garnishment notice before your wages are withheld, so review this document carefully to verify the debt is yours and that the creditor followed proper legal procedures. After all, different types of debt have different garnishment limits and requirements — so it's important to ensure that the legal requirements are being followed.",0.09999999999999999,0.5285714285714286
431,Start tackling your collection debt now.,0.0,0.0
432,"Some debt collectors engage in illegal practices during the garnishment process. If a debt collector failed to properly notify you, has garnished more than legally allowed, or used harassment or threats, they may have violated the Fair Debt Collection Practices Act (FDCPA). So, be sure you understand your protections under the FDCPA and document any potential violations, as you might be entitled to damages and legal fees.",0.1222222222222222,0.5098765432098766
433,"Federal law limits how much of your paycheck can be garnished. In most cases, creditors can take only 25% of your disposable income or the amount by which your weekly income exceeds 30 times the federal minimum wage, whichever is less. Some states offer even stronger protections. Certain types of income — like Social Security, disability benefits, veterans' benefits and child support you receive — are typically exempt from garnishment.",0.08775510204081634,0.4149659863945578
434,"You have the right to object to a garnishment by filing what's often called a ""claim of exemption"" with the court that issued the garnishment order. This is particularly important if the garnishment causes severe financial hardship or if you believe your income qualifies for an exemption based on the legal protections outlined above. Courts can modify or terminate garnishments if they would prevent you from supporting yourself or your dependents, so filing an objection or exemption claim can pay off if you feel there's a valid reason to do so.",0.18928571428571428,0.34761904761904755
435,"You can still negotiate with the creditor even after the wage garnishment has begun, and in many cases, it can be worth it to contact them directly to discuss a lump-sum settlement for less than what's owed or a payment plan that might work better for your situation. Many creditors prefer a reliable payment arrangement over the administrative hassle of garnishment, so that can work in your favor. Just be prepared to provide details about your financial situation and make a reasonable offer that you can sustain.",0.24166666666666667,0.3333333333333333
436,"If you need to wipe out the debt completely and can't afford any other approaches, filing for bankruptcy immediately stops wage garnishment through what's called an ""automatic stay."" Chapter 7 bankruptcy might eliminate the debt while Chapter 13 creates a structured repayment plan. Bankruptcy has serious long-term consequences for your credit and financial options, though, so it's important to consult with a bankruptcy attorney to understand if this drastic step makes sense for your situation.",0.008333333333333349,0.4883333333333333
437,"Wage garnishment is a serious but often manageable financial challenge. By understanding your rights, taking proactive steps to address the situation and making smart financial decisions moving forward, you can minimize the impact on your life and use this difficult experience as a stepping stone toward greater financial stability.",-0.017006802721088437,0.401360544217687
438,"And, as you face this challenge, just remember that you're not alone. Millions of other Americans have faced garnishment and successfully navigated their way through it. So, try to focus on the aspects of the situation you can control and keep in mind that this is a temporary challenge — one that will eventually pass with the right approach and a bit of persistence.",0.30357142857142855,0.6202380952380953
439,"Angelica Leicht is senior editor for Managing Your Money, where she writes and edits articles on a range of personal finance topics. Angelica previously held editing roles at The Simple Dollar, Interest, HousingWire and other financial publications.",-0.05833333333333333,0.23976190476190476
440,© 2025 CBS Interactive Inc. All Rights Reserved.,0.0,0.0
441,"March 19, 2025 / 11:56 PM EDT          / AP",0.0,0.0
442,A jury has convicted a failed political candidate of numerous federal charges in connection with a series of drive-by shootings at the homes of state and local lawmakers in Albuquerque in the aftermath of the 2020 election.,-0.125,0.225
443,"Former Republican candidate Solomon Peña had pleaded not guilty to 13 charges including conspiracy, weapons-related charges and interference with federally protected activities in connection with the shootings in December 2022 and January 2023 on the homes of four Democratic officials, including the current state House speaker.",0.08333333333333333,0.4666666666666666
444,The attacks took place as threats and acts of intimidation against election workers and public officials surged across the country after President Trump and his allies called into question the outcome of the 2020 presidential election.,0.0,0.06666666666666667
445,"Prosecutors allege that Peña resorted to violence in the belief that a ""rigged"" election had robbed him of victory in his bid to serve in the state Legislature.",0.0,0.0
446,"The shootings targeted the homes of officials including two county commissioners after their certification of the 2022 election, in which Peña lost by nearly 50 percentage points. No one was injured, but in one case bullets passed through the bedroom of a state senator's 10-year-old daughter.",0.1,0.4
447,Defense attorneys say Peña was not involved in the shootings and that prosecutors were relying on the testimony of two men who bear responsibility and accepted plea agreements in exchange for leniency.,0.0,0.0
448,Peña faces a possible sentence of life in prison. His legal team plans to appeal.,0.1,0.6
449,"""The verdict this evening is a travesty,"" attorney Nicholas Hart said in a statement. ""The evidence showed that Mr. Peña had nothing to do with these shootings. Solomon Pena was prosecuted because of his political beliefs, and because he advocated that the 2020 election was stolen and rigged.""",0.0,0.1
450,"Jurors listened to more than a week of testimony from elected officials who were targeted, investigators and Peña's co-conspirators. Demetrio Trujillo and son Jose Trujillo previously pleaded guilty to federal charges in connection with the shootings.",-0.055555555555555546,0.5555555555555555
451,Peña was arrested in January 2023 and held since then in state and then federal custody. The weapons charges included allegations that Peña fired a machine gun in relation to a crime of violence.,0.0,0.0
452,A sentencing hearing has not been scheduled.,0.0,0.0
453,"© 2025 The Associated Press. All Rights Reserved. This material may not be published, broadcast, rewritten, or redistributed.",0.0,0.0
454,"Updated on:  March 19, 2025 / 9:04 PM EDT          / CBS News",0.0,0.0
455,"The Federal Reserve held its benchmark interest rate steady on Wednesday, with Chair Jerome Powell saying there is ""high uncertainty"" about the potential impact of the Trump administration's trade and other economic policies.",0.08033333333333334,0.523
456,"""Uncertainty around the economic outlook has increased,"" the Fed stated in its announcement. ""The committee would be prepared to adjust the stance of monetary policy as appropriate if risks emerge that could impede the attainment of the committee's goals.""",0.35,0.35
457,"The Fed now expects the economy to grow more slowly this year than it did three months ago, with unemployment around the U.S. projected to hit 4.4%, up from 4.1% in February, according to economic projections also released Wednesday. The central bank forecasts inflation to edge up to 2.7%, up from from its current level of 2.5%.",0.07999999999999999,0.35
458,"Policymakers now expect the nation's gross domestic product  — the total output of goods and services — to expand 1.7% this year, down from their December forecast of 2.1%. In 2024, GDP grew 2.8%.",-0.038888888888888896,0.2847222222222222
459,"""Inflation has started to move up,"" Powell said at a news conference. ""We think partly in response to tariffs. And there may be a delay in further progress over the course of this year.""",0.0,0.5
460,"Powell's base case in that any increase in inflation stemming from tariffs would be ""transitionary,"" but later said it would be difficult to separate how much price hikes stem from tariffs as opposed to other factors.",-0.24500000000000002,0.515
461,"Economists have warned that the Trump administration's aggressive trade policies, including steep tariffs on Canada and Mexico scheduled to take effect April 2, could boost inflation and weigh on economic activity.",0.2,0.2
462,"""Acknowledging the likely direction of travel in terms of policy from the Trump administration, FOMC participants revised up their projections for inflation while revising down their projections for GDP,"" Stephen Brown, deputy chief North America economist with Capital Economics, said in a report.",-0.07777777777777779,0.6444444444444445
463,"Chances of a recession ""were extremely low — if you go back two months. It has moved up, but it's not high,"" Powell told reporters.",-0.02666666666666667,0.27999999999999997
464,"Investors had signaled virtually no chance of the Federal Open Market Committee (FOMC), the central bank's rate-setting panel, lowering interest rates this month. But President Trump's aggressive trade policies, which have triggered concerns about economic growth, have also amplified uncertainty for financial markets.",0.05,0.2375
465,"""What holds the FOMC back from continuing to push interest rates lower at this moment is uncertainty about the Trump administration's economic policies,"" Carl Weinberg, chief economist at High Frequency Economics, wrote Wednesday in a research note ahead of the Fed's decision.",0.12,0.24666666666666667
466,The Fed said it will maintain the federal funds rate at its current range of 4.25% to 4.5%.,0.0,0.4
467,"The central bank's so-called dot plot, used by the Fed to indicate its outlook for where interest rates are headed, indicates the year-end 2025 median projection for the federal funds rate at 3.88%, signaling 50 basis points in cuts this year.",0.0,0.25
468,"Most economists expect the Fed to lower interest rates two or three times this year, although that hinges on inflation continuing to move closer to the central bank's 2% annual target.",0.25,0.375
469,"Stocks added to modest gains after the FOMC decision and as Powell spoke, with benchmark indexes all gaining about 1% or more.",0.3,0.7
470,The Associated Press                          contributed to this report.,0.0,0.0
471,"Kate Gibson is a reporter for CBS MoneyWatch in New York, where she covers business and consumer finance.",0.13636363636363635,0.45454545454545453
472,© 2025 CBS Interactive Inc. All Rights Reserved.,0.0,0.0
473,"Updated on:  March 19, 2025 / 11:27 AM EDT          / CBS News",0.0,0.0
474,"The Trump administration and Israel approached the governments of Sudan and Somalia, and have also been interested in Syria, as potential places to resettle Palestinians from Gaza, according to three sources familiar with the effort.",0.20833333333333334,0.6666666666666666
475,The idea of Palestinian resettlement in another country is one of several options the Trump team is chewing over as part of the U.S. president's larger goal of ending Israel's war with Hamas in Gaza and rebuilding the devastated Palestinian enclave.,0.0,0.25
476,"""Nobody is expelling any Palestinians,"" President Trump said Wednesday, when the Irish Prime Minister was asked during the two leaders' Oval Office meeting by a Voice of America reporter about the president's controversial remarks in February when he suggested taking ownership of Gaza to rebuild it.",0.275,0.475
477,"Mr. Trump made the remarks during a Feb. 4 press conference alongside Israeli Prime Minister Benjamin Netanyahu, saying Gaza could be the ""Riviera of the Middle East.""",0.0,0.0
478,""" We should go to other countries of interest with humanitarian hearts, and there are many of them that want to do this, and build various domains that will ultimately be occupied by the 1.8 million Palestinians living in Gaza, ending the death and destruction,"" Mr. Trump said.",0.09375,0.59375
479,"A combination of Israeli and U.S. officials communicated to Sudan and Somalia, two diplomatic sources confirmed to CBS News. Senior far-right Israeli government officials have already been calling for Palestinians to migrate from the enclave. Mr. Trump's remarks have only emboldened Israel to reach out to other countries to explore opportunities for Palestinian resettlement, one source said.",0.09166666666666667,0.7916666666666666
480,"Three sources familiar with Mr. Trump's idea of resettling Gazans to another country told CBS News that his administration and Israel have also been interested in Syria. One source familiar with the Trump administration's Middle East policy said that the administration has attempted outreach to Syria's new interim government via a third-party interlocutor. Another source from the region told CBS News that Syria's government had been approached, but it was unclear whether there had been any response from Syria to the outreach.",0.22727272727272724,0.39090909090909093
481,A senior Syrian official told CBS News that they are unaware of any outreach to their government by Israel or the U.S. about resettlement of Gazans.,0.0,0.5
482,"Dahir Hassan, Somalia's ambassador to the U.S., told CBS News that ""neither the U.S. administration nor Israeli authorities have approached the Somali government regarding any proposed relocation of Palestinians to Somalia."" Hassan also cited concern that ""the dissemination of such unverified information risks fueling recruitment propaganda for extremist groups like ISIS and Al-Shabaab, potentially exacerbating security challenges in the region.""",-0.03333333333333333,0.5333333333333333
483,The Sudanese government has not responded to a CBS News' request for comment.,0.0,0.0
484,"Syria's fledgling interim government is just three months old, after toppling Bashar al-Assad and his brutal regime which held an iron fist over the Syrian people for decades. The Arab northeast African nation of Sudan is currently embroiled in civil war and a refugee crisis while suffering pockets of famine. Tens of thousands of Sudanese refugees have sought asylum in Israel over the last two decades, only to be detained in the country's desert-based detention centers or left to live without any formal status. The East African country of Somalia is a fragile, formerly failed state where the militant Islamist group Al-Shabaab continues to wage a deadly insurgency.",-0.1115530303030303,0.36388888888888893
485,"Since his Feb. 4 news conference, Mr. Trump has suggested Palestinians would have a choice on whether to leave but also indicated that their departure from Gaza could be permanent. In a Fox News interview several days later he said, ""We'll build beautiful communities, safe communities, could be five, six, could be two. But we'll build safe communities a little bit away from where they (the Palestinians) are."" In the same interview, he said that Palestinians wouldn't have the right to return to Gaza under his plan because the enclave ""is not habitable"" and won't be for years to come.",0.2435267857142857,0.3950892857142857
486,"The United Nations reported in January that over 90% of housing units in Gaza are either damaged or destroyed and 1.9 million Gazan civilians have been displaced. Gaza's health ministry says more than 48,000 Palestinians have been killed in the war between Israel and Hamas, which began after the Oct. 7, 2023, terrorist attack in which Hamas killed around 1,200 Israelis and took roughly 250 more hostage.",0.1,0.27999999999999997
487,"Multiple Arab governments, the United Nations and some Democratic lawmakers, quickly denounced Mr. Trump's idea of emptying out Gaza with some defining the idea as ethnic cleansing. Instead, Arab leaders endorsed an alternative Egyptian post-war construction plan for Gaza last week, but the Trump administration and Israel were both quick to reject it, again citing that the Gaza Strip is uninhabitable.",0.16666666666666666,0.26666666666666666
488,"Former President Joe Biden's administration had been sending U.S. officials on a regular basis to meet with the new Syrian government in Damascus in the lead-up to Mr. Trump's inauguration when the visits stopped.  Syria's new leader Ahmed al-Sharaa, formerly known as Abu Mohammad al-Jolani, was quick to condemn Mr. Trump's remarks in February, saying that the U.S. president's plan ""is a serious crime that will ultimately fail"". It is unclear what the Trump administration's overall policy toward the new Syrian government will be.",-0.0090909090909091,0.29072261072261074
489,"""The Trump administration should engage directly with the new government in Damascus, particularly after the agreement between Damascus and the SDF (the U.S.-allied Syrian Democratic Forces). And to ensure that Iran never again gains a foothold in Syria, for the true, enduring defeat of ISIS, and to conduct a full withdrawal of U.S. forces in the right way unlike what unfolded in Afghanistan,"" Mouaz Moustafa, executive director of the Washington-based advocacy and humanitarian organization Syrian Emergency Task Force, told CBS News.",0.23145743145743145,0.48726551226551224
490,"Israel has conducted widespread airstrikes in Syria since December, on what it described as Assad regime weapons sites, and seized territory in the buffer zone between both countries. This past week, Israel struck inside a Damascus suburb, saying it was taking out the headquarters of the Islamic Jihad, an Iran-backed militant group that has a substantial foothold in Gaza and the occupied West Bank.",-0.25,0.25
491,"A State Department spokesperson deferred to the Israeli government, and told CBS News that Middle East special envoy Steve Witkoff ""continues to work tirelessly towards either an extension of Phase One (of the Israel-Hamas ceasefire agreement) or an advance to Phase Two with these principles in mind"".",0.17857142857142858,0.2857142857142857
492,"The State Department also referred to remarks by Witkoff from a February Fox News interview in which he said, ""We need to explore new policy prescriptions that ultimately end up in a better life for Gazans and Palestinians.""",0.21212121212121213,0.6515151515151515
493,"Witkoff also suggested in the same Fox interview that Gaza's entire Palestinian population could go to other Middle East-based Arab nations and other countries beyond the region: ""I think that the president's solution is: how do we address where two million people can go? And I think the obvious answers are: in some respects, Egypt, in some respects, Jordan; but in some respects other countries who have called us up and voluntarily said this is a humanitarian effort, we want to help you"".",-0.05357142857142857,0.3392857142857143
494,"Asked by ""Face the Nation"" moderator Margaret Brennan on Sunday about whether the Trump administration is talking to other countries about relocation of two million Palestinians in Gaza, Witkoff said again ""I think we're exploring, Margaret, all alternatives and options that lead to a better life for Gazans. And, by the way, for the people of Israel. So we're exploring all of those things.""",0.1875,0.4375
495,"Millions of displaced Palestinians already live in surrounding Arab countries as refugees, including in Jordan, Syria, Lebanon and Egypt. Far-right Israeli ministers have increasingly called for moving Palestinians in Gaza and also in the West Bank off their land as part of the extreme view it would fulfill a Biblical claim by Jews to the land, and increase Israel's security.",0.005681818181818177,0.75
496,"The Israeli government, the White House and its National Security Council all declined to respond to multiple CBS News requests for comment.",0.0,0.0
497,"Trump's son-in-law and former advisor Jared Kushner first suggested that Gaza's ""waterfront property could be very valuable, if people would focus on building up livelihoods"" during an on-camera discussion at Harvard University in February 2024.",0.15,0.2111111111111111
498,"The Associated Press was the first to report Friday that the U.S. and Israel had contacted Sudan, Somalia, and also Somaliland, about resettling Palestinians from Gaza.",0.25,0.3333333333333333
499,"Correction: This story has been edited to accurately reflect the number of Israelis taken hostage on Oct. 7, 2023.",0.4000000000000001,0.6333333333333334
500,Emmet Lyons                          contributed to this report.,0.0,0.0
501,"Camilla Schick is a British journalist in D.C. and CBS News' Foreign Affairs Producer, covering U.S. foreign relations, the State Department and national security.",-0.08333333333333333,0.08333333333333333
502,© 2025 CBS Interactive Inc. All Rights Reserved.,0.0,0.0
503,"March 19, 2025 / 10:11 PM EDT          / CBS News",0.0,0.0
504,"A Georgetown University researcher has been detained by immigration authorities, sources with the Department of Homeland Security confirmed Wednesday amid the Trump administration's crackdown on activists across college campuses.",0.4,1.0
505,"Badar Khan Suri, an Indian national, is a postdoctoral associate who was studying and teaching on a student visa.",0.0,0.0
506,"According to a statement from Georgetown University spokesperson, Suri obtained his visa in order ""to continue his doctoral research on peacebuilding in Iraq and Afghanistan.""",0.0,0.0
507,"""We are not aware of him engaging in any illegal activity, and we have not received a reason for his detention,"" the school spokesperson told CBS News. ""We support our community members' rights to free and open inquiry, deliberation and debate, even if the underlying ideas may be difficult, controversial or objectionable. We expect the legal system to adjudicate this case fairly.""",0.125,0.6444444444444445
508,"In its own statement, a spokesperson for DHS told CBS News that Suri was a ""foreign exchange student at Georgetown University actively spreading Hamas propaganda and promoting antisemitism on social media.""",0.05500000000000001,0.37833333333333335
509,"The DHS spokesperson claimed that Suri had ""close connections to a known or suspected terrorist, who is a senior adviser to Hamas.""",0.0,0.0
510,"Secretary of State Marco Rubio issued a determination on March 15 that ""Suri's activities and presence in the United States rendered him deportable"" under the Immigration and Nationality Act, the spokesperson added. It was unclear exactly how and when Suri was detained.",0.25,0.25
511,"According to ICE's online detention locator, Suri was being held at an ICE detention facility at Alexandria International Airport in Louisiana.",0.0,0.0
512,A writ of habeas corpus — a lawsuit challenging Suri's detention — was filed on his behalf on March 18. CBS News has reached out to his attorney.,0.5,1.0
513,"This follows the controversial March 8 New York City arrest by ICE agents of Mahmoud Khalil, a Columbia University student and green card holder who was involved in the 2024 pro-Palestinian campus protests.",0.10909090909090909,0.42613636363636365
514,"The 30-year-old Khalil, an Algerian national who was born in Syria to Palestinian parents, is also being held in Louisiana detention facility. Khalil was arrested in front of his wife, who was eight-months pregnant at the time.",0.3333333333333333,0.5
515,"In a statement to CBS News last week, DHS alleged Khalil's arrest was ""in support of President Trump's executive orders prohibiting anti-Semitism,"" alleging the former student ""led activities aligned to Hamas,"" but without providing evidence of the claim or detailing any alleged criminal charges against him.",-0.10833333333333334,0.13611111111111113
516,"A federal judge ruled Wednesday that Khalil's case can be heard in New Jersey, rather than New York or Louisiana. Khalil was briefly held at a detention facility in New Jersey before being moved to Louisiana.",0.10227272727272727,0.42424242424242425
517,"Nicole Sganga is CBS News' homeland security and justice correspondent based in Washington, D.C., reporting across all shows and platforms including the ""CBS Evening News,"" ""CBS Mornings,"" ""CBS Saturday Morning"" and ""CBS Weekend News.""",0.0,0.0
518,© 2025 CBS Interactive Inc. All Rights Reserved.,0.0,0.0
519,"March 19, 2025 / 9:25 AM EDT          / CBS News",0.0,0.0
520,"In busy times, it can feel good when a friend cancels plans last-minute or you have a weekend free of any social commitments — but experts warn Americans' growing tendency toward being anti-social can lead to loneliness, which can actually hurt our health.",0.24666666666666667,0.3733333333333334
521,"Former U.S. Surgeon General Dr. Vivek Murthy called loneliness a public health epidemic, writing in a 2023 report that about half of U.S. adults say they've experienced it.",0.13666666666666666,0.32666666666666666
522,"He suggested people combat ""widespread pain and unhappiness"" by cultivating community.",0.0,0.0
523,"""Community is a powerful source of life satisfaction and life expectancy,"" Murthy wrote in an essay published in January. ""It's where we know each other, help each other, and find purpose in contributing to each other's lives.""",-0.018750000000000003,0.53125
524,He's not the only one bringing attention to social isolation.,0.016666666666666666,0.5333333333333333
525,"Derek Thompson, staff writer for The Atlantic and author of ""The Anti-Social Century,"" recently told ""CBS Mornings Plus"" that data shows Americans are spending more time alone year after year, decade after decade.",0.25,0.375
526,"""There's actually never been a period in recorded history when Americans have spent so little time doing face-to-face socializing and so much time being alone,"" he said.",-0.02187499999999999,0.22499999999999998
527,"In terms of mental health, people who experience prolonged loneliness are at increased risk of anxiety and depression. It can also affect mood and energy levels, Maggie Tipton, corporate director of psychological services at behavioral healthcare nonprofit Caron who has a doctorate in clinical psychology, told CBS News.",-0.03333333333333333,0.10000000000000002
528,"It can also impact our physical health, including sleep, our immune system and more, Tipton added.",0.25,0.3214285714285714
529,"Psychiatrist Dr. Sue Varma previously told ""CBS Mornings"" that loneliness is ""a medical problem"" that should be taken ""very seriously.""",-0.19999999999999998,0.3444444444444445
530,"""It's the equivalent of having somebody smoke 15 cigarettes per day, and we know that it affects our mind and our body,"" she said. ""It increases our risk by 30% for heart disease, for stroke, 50% for dementia, and 60% for premature mortality.""",0.0,0.0
531,"According to Murthy's report, Americans spent about 20 minutes a day in person with friends in 2020, down from 60 minutes daily nearly two decades earlier.",-0.031111111111111117,0.2577777777777778
532,"In addition to the COVID-19 pandemic isolating people from their classmates, co-workers, friends and family, other factors have also contributed to less socializing.",-0.14583333333333331,0.22083333333333333
533,Tipton points to digital communication — though a good way to stay connected to long-distance loved ones — as an interrupter for real interaction.,0.39999999999999997,0.42500000000000004
534,"""Even if you spend time with someone else — two people sitting at a table, they could be talking to each other, but they're looking at their phones,"" she said.",-0.125,0.375
535,"Thompson added we make a lot of decisions based on convenience and technology, which has bought us ""more alone time than ever.""",0.5,0.5
536,"More people are living alone, too. Census data shows the number of single-person households has doubled over the last 60 years.",0.25,0.2833333333333333
537,"Research shows that Americans who have become less engaged with worship houses, community organizations and even their own family members in recent decades have steadily reported an increase in feelings of loneliness, according to Murthy's report.",0.15,0.45416666666666666
538,"But there is a difference between loneliness and aloneness or ""me time,"" Thompson said.",0.0,0.0
539,"""Sometimes being in a state of quiet by yourself is a lovely thing, but chronic loneliness, being alone day after day, being alone more year after year, that's a real problem that tends to correlate with much less happiness and with serious problems,"" he said.",0.19999999999999998,0.40238095238095234
540,"While experts say it's important for people to find quiet in their lives to recharge, be mindful of how you spend it.",0.2,0.6666666666666666
541,"""One thing that our devices, our phones, our screens do is they make our alone time more crowded. Because when we're alone, what do we do? We pull out our phones and we spend time in the minds and crowds of other people, which are often very anxious, often very angry, often very negative and emotional,"" Thompson said.",-0.165,0.6741666666666667
542,"If you've been out of practice with social interactions, it can be overwhelming to flex that muscle again — but there are ways to ease in.",0.26666666666666666,0.5333333333333333
543,"Start small: Even quick interactions with a barista or passerby can help people feel more connected, Tipton said, adding that these allow you to practice small talk with low risk. ""You can build up from there,"" she said.",0.06666666666666665,0.41999999999999993
544,"Make a plan: Schedule socialization ""as if it was a medical appointment,"" Varma said. ""Your life depends on it, because the quality of our life depends on the quality of our relationships,"" she said.",0.0,0.0
545,"Don't get in your head: Social interactions can sometimes feel awkward, leaving us worried about what others think of us. But Tipton urges people not to get in your head. ""Most of the time people didn't notice,"" she said. ""Let's just let ourselves off the hook a little bit.""",-0.06354166666666666,0.5166666666666666
546,"Assess your circles: If stressful friend drama is what's keeping you from hanging out with others, it may be time to reassess your friendships. Tipton suggests being mindful of whether your interactions with certain people help fuel you or leave you feeling depleted.",0.21428571428571427,0.5714285714285714
547,"Talk to a professional: If you're someone who really is struggling to combat loneliness, Tipton suggests seeking additional support for more help.",0.26666666666666666,0.26666666666666666
548,The Associated Press                          contributed to this report.,0.0,0.0
549,"Sara Moniuszko is a health and lifestyle reporter at CBSNews.com. Previously, she wrote for USA Today, where she was selected to help launch the newspaper's wellness vertical. She now covers breaking and trending news for CBS News' HealthWatch.",-0.16666666666666666,0.16666666666666666
550,© 2025 CBS Interactive Inc. All Rights Reserved.,0.0,0.0
551,"Updated on:  March 18, 2025 / 8:36 PM EDT          / CBS News",0.0,0.0
552,Plaintiffs suing the Trump administration over use of a war authority to deport alleged gang members warned that failing to block the president from its use would mean anyone could be treated as an enemy alien.,-0.22083333333333333,0.5125000000000001
553,"The lawyers for Venezuelan migrants suing the government said Tuesday in an appellate court filing: ""The implications of the government's position are staggering. If the President can designate any group as enemy aliens under the Act, and that designation is unreviewable, then there is no limit on who can be sent to a Salvadoran prison, or any limit on how long they will remain there.""",-0.05,0.4
554,"Those subject to the 1798 Alien Enemies Act can be summarily arrested, detained and deported, without the due process protections outlined in U.S. immigration law, including opportunities to see a judge and request asylum. Instead, they may be treated as enemy aliens and processed under America's wartime laws. President Trump invoked the act Saturday, and used it to send two planes carrying alleged Tren de Aragua gang members to a prison in El Salvador.",-0.16041666666666665,0.38958333333333334
555,"In a hearing Saturday, D.C. U.S. Chief District Judge James Boasberg blocked their deportation, prompting an immediate Justice Department appeal.",0.0,0.0
556,"On Tuesday, an Immigration and Customs Enforcement officer provided new details about the Trump administration's deportation flights of alleged gang members, but continued to argue the government had a right to reject a judge's order directing the planes to return to the U.S., even if they were already in the air.",0.10735930735930736,0.3634199134199134
557,"According to a sworn declaration by Robert Cerna, the acting field office director of ICE's enforcement and removal operations, the two planes ""departed U.S. territory and airspace before 7:25 p.m."" on Saturday — 40 minutes after D.C. District Chief Judge James Boasberg verbally ordered the planes to be returned to the U.S. during a hearing Saturday evening.",0.0,0.0
558,"The government reiterated Tuesday that because the planes were over international waters and airspace by the time the judge ordered them to turn around, Boasberg no longer had jurisdiction over the migrants.",0.0,0.0
559,"Attorneys for the Trump administration had also argued in a hearing on Monday that Boasberg did not have authority to redirect the planes because the judge had not put his order demanding the planes to return to the U.S. in writing. The judge responded that his order applied to the planes, regardless of where they were in the air.",0.0,0.0
560,"Cerna said the government's invocation of the Alien Enemies Act to justify the removal of alleged Tren de Aragua members was signed Friday evening, a day before the flights were publicly announced on Saturday by the White House.",-0.0875,0.22916666666666666
561,"His testimony is part of a court-mandated series of responses to Boasberg, who was frustrated by the government's lack of details on the flights and deportation operations during the hearing on Monday. The rest of the answers Boasberg requested are likely to remain private because of ""operational issues,"" a Justice Department attorney told the court, declining to provide the court with this information publicly.",-0.175,0.41041666666666665
562,"Those details are likely to include whether additional planes have left the U.S. with alleged Tren de Aragua gang members, a timeline showing when the flights took off from the U.S. and landed in El Salvador and a count of remaining members of the gang in U.S. custody.",-0.03333333333333333,0.3666666666666667
563,"Cerna's sworn testimony did not provide all of this information, though he noted that 54 members of Tren de Aragua are in detention in the U.S., and approximately 172 are on the non-detained docket, which means they are not being detained by the government as their immigration proceedings continue. There are also approximately 32 are in criminal custody who have active detainers — that is, ICE has asked that they be held for up to 48 hours after they're scheduled to be released.",-0.33333333333333337,0.5875
564,"Despite Boasberg's ruling, 261 people were deported to El Salvador Saturday, 137 of whom were removed under the Alien Enemies Act over alleged gang ties, a senior administration official said.",-0.175,0.425
565,The federal civil lawsuit against Mr. Trump and other administration officials was filed by five Venezuelan men in immigration custody in Texas and New York local jails.,0.0037878787878787845,0.27651515151515155
566,Boasberg's ruling prevents the deportations of the plaintiffs and migrants for 14 days.,0.0,0.0
567,"Jake Rosen is a reporter covering the Department of Justice. He was previously a campaign digital reporter covering President Trump's 2024 campaign and also served as an associate producer for ""Face the Nation with Margaret Brennan,"" where he worked with Brennan for two years on the broadcast. Rosen has been a producer for several CBS News podcasts, including ""The Takeout,"" ""The Debrief"" and ""Agent of Betrayal: The Double Life of Robert Hanssen.""",-0.041666666666666664,0.041666666666666664
568,© 2025 CBS Interactive Inc. All Rights Reserved.,0.0,0.0
569,"Updated on:  March 20, 2025 / 8:31 AM EDT          / CBS/AP",0.0,0.0
570,"A commuter plane that crashed on sea ice off Alaska, killing all 10 people on board, was half a ton overweight for a trip into icy conditions, the National Transportation Safety Board said in a preliminary report released Wednesday.",-0.13333333333333333,0.13333333333333333
571,"Citing the Cessna operator's log for the flight, the NTSB said in the report that baggage and cargo collectively weighed about 709 pounds, contributing to the small plane's overall takeoff weight of about 9,776 pounds. The overall weight was roughly 969 pounds over the maximum takeoff gross weight for a flight into areas where forecasters expect icing conditions, and roughly 714 pounds over the maximum weight for any flight, according to the report.",-0.075,0.20000000000000004
572,"The weight is just a ""data point"" in the ongoing investigation, cautioned Clint Johnson, who leads the NTSB's Alaska region. A final report including probable causes can take a year or more after a crash.",0.25,0.75
573,"The pilot in the Feb 6. Bering Air crash, 34-year-old Chad Antill of Nome, and nine passengers on board the plane died from their injuries. It was one of Alaska's deadliest plane crashes this century and the third major U.S. aviation mishap in an eight-day stretch. A commercial jetliner and an Army helicopter collided over the Potomac River on Jan. 29, killing 67 people. A medical transportation plane crashed in Philadelphia on Jan. 31, killing all six on board and another person on the ground.",0.015625,0.125
574,"NTSB issues the preliminary report for its ongoing investigation of the Feb. 6 crash of a Textron Aviation (Cessna) 208B airplane near Nome, Alaska. Download the report PDF: https://t.co/UVnFPeHHdv",0.1,0.4
575,"After the crash, investigators told CBS News transportation correspondent Kris Van Cleave that the aircraft was not equipped with voice or data recorders, because that is not a requirement. After recovering the victims' remains, authorities said they would search for other components of the plane that store data which could help them better understand what led the plane to go down.",0.07314814814814814,0.387962962962963
576,"Small airplanes like the Cessna Caravan in this crash are the workhorses of Alaska, where most of the state's 200-plus villages are beyond the road system and only accessible by air or boat. Residents rely on the commuter planes like people living in the Lower 48 depend on cars, using them to get to medical appointments and meetings, to go shopping, to visit relatives or to attend away high school sports games.",0.13083333333333333,0.4691666666666667
577,"The single-engine turboprop plane was flying that afternoon from the community of Unalakleet to Nome, a trip of about 150 miles, when authorities lost contact less than an hour after takeoff, David Olson, director of operations for Bering Air, said at the time. The Cessna Caravan went missing about 30 miles from its destination.",-0.18333333333333335,0.058333333333333334
578,"Johnson said it remains to be determined whether the overweight conditions were a factor in the accident. Icing conditions were forecast along the route, and it was snowing, with some freezing rain in Nome, he said. Officials are trying to determine what information was relayed to the pilot, what information he had when he left and whether ice conditions existed at the crash location, he said.",0.0,0.0
579,An email seeking comment sent to Bering Air was not immediately returned.,0.0,0.0
580,"Weather is often a factor in remote Alaska, and while flying is commonplace to most Alaskans, it can be a dangerous endeavor, said Whitney Power Wilson, an aviation accident litigation lawyer and pilot in Anchorage.",-0.06666666666666665,0.5333333333333333
581,"""Icing should be concern for all pilots, but especially for pilots of smaller aircraft and pilots who frequently operate in conditions conducive to icing,"" she said. ""The weight of an aircraft, the fact that icing is something that we're dealing with, those considerations have to be taken seriously because the consequences can be so tragic.""",-0.19666666666666666,0.6433333333333333
582,"Investigators also looked at the plane's altitude. It was flying in an area where moderate icing was possible between 2,000 feet and 8,000 feet and where the weather could be hazardous to light aircraft, NTSB chairperson Jennifer Homendy said at a news conference in Nome last month.",0.2,0.6733333333333333
583,"Contact was lost shortly after air traffic control told the pilot the runway in Nome would be closed for about 15 minutes for deicing, the report says.",-0.05,0.2
584,"""The controller added that if the pilot wanted to 'slow down a little bit' to prevent the flight from arriving before the runway reopened, that would be fine, and the pilot acknowledged,"" the report states.",-0.05659722222222223,0.4222222222222222
585,The pilot handbook also indicates an air speed of 95 knots must be maintained to fly in icing conditions if de-icing equipment is fully functional.,0.8,0.9
586,"About three minutes after the pilot was told to descend to 4,000 feet at his discretion, the autopilot disengaged at 99 knots, then dropped within seconds to 70 knots and was at about 3,100 feet, the report says. The final satellite tracking data came less than one minute later, at 3:20 p.m., at an altitude of 200 feet.",-0.05555555555555555,0.35555555555555557
587,"The anti-icing system on the wings and tail of the 5-year-old turbo-propeller airplane was designed to prevent ice from accumulating, the report says.",0.0,0.0
588,"The operator said the quantity of deicing fluid was checked during each preflight inspection. The pilot is responsible for ensuring there is a sufficient quantity onboard, but there is no requirement to record when it's added to the airplane. A worker at the Unalakleet airport told the pilot that the fluid was available, but the pilot told her the tank was full, according to the report.",0.19,0.33999999999999997
589,"The U.S. Coast Guard has said it was unaware of any distress signals from the plane. After an extensive search, the wreckage was found the following day on a drifting ice floe. The pilot and all nine passengers had been killed.",-0.05,0.2333333333333333
590,"© 2025 CBS Interactive Inc. All Rights Reserved. This material may not be published, broadcast, rewritten, or redistributed. The Associated Press contributed to this report.",0.0,0.0
591,We may receive commissions from some links to products on this page. Promotions are subject to availability and retailer terms.,-0.16666666666666666,0.3333333333333333
592,"March 19, 2025 / 4:37 PM EDT          / CBS News",0.0,0.0
593,"No matter how much money you borrow or the funding source you choose, your approach should always be a strategic one. This applies to everything from personal loans to credit cards to larger loans like mortgages. When borrowing from your accumulated home equity, however, it's even more important to approach the process cautiously. When you use a home equity line of credit (HELOC), for example, you could easily lose your home back to the lender if you become unable to make the monthly payments as agreed upon. So it's critical that you know what you can and can't afford before getting started.",0.11481481481481483,0.5148148148148148
594,"Fortunately, this calculation is easier to complete now that HELOC interest rates have been steadily declining. Down around two percentage points just in the last six months, a HELOC offers homeowners a cost-effective way to potentially borrow a large sum of money right now. But with rates consistently falling on this product and uncertainty over the larger rate climate still a concern, interested borrowers will need to know how to carefully navigate the HELOC borrowing process now. Below, we'll detail a few important important HELOC dos and don'ts to know as rates keep falling.",0.13194444444444445,0.5168650793650793
595,Start by seeing how low of a HELOC interest rate you could qualify for here.,0.0,0.3
596,Here are four critical HELOC dos and don'ts to know right now that rates are declining again:,0.14285714285714285,0.6678571428571429
597,"Today's lower HELOC interest rates won't mean much if you apply for a line of credit with a subpar credit score. So make sure you've done all you can to boost your credit score in advance. That means reviewing your credit report for errors, paying down debt as much as you can now, and improving your debt-to-income ratio to make yourself as attractive as possible as a borrower. By doing so in advance of an application, you can make better use of your time and improve your chances of securing a low-rate HELOC.",0.21649305555555556,0.5956597222222222
598,Review your current HELOC options online now.,0.0,0.4
599,"Waiting for HELOC rates to decline further isn't necessary. With a variable rate subject to change based on market conditions (it changes monthly for borrowers) your HELOC rate will adjust independently should rates rise or fall in the future. Waiting for an optimal time to act, then, isn't necessary as it would be with a fixed-rate home equity loan, for example. So, if you know you want to use a HELOC and can qualify for a low rate, it makes sense to start sooner rather than later.",-0.020833333333333332,0.4229166666666666
600,"A consistently declining interest rate, as exciting as it is, shouldn't cloud your financial judgment. Remember that HELOCs use your home as collateral so you'll want to be completely prepared to make your repayments. Consider using this decline in rates, then, as a smart time to calculate your future repayment costs against a series of different, realistic rate scenarios to determine your exact ability to pay. If unsure, consider a home equity loan instead, which has a slightly higher rate that will remain fixed until refinanced.",0.1482683982683983,0.37283549783549785
601,"It's understandable if you'd prefer to refrain from borrowing your home equity. But most alternatives are simply not as cost-effective right now. A HELOC is better than a personal loan for most, considering that the latter has an interest rate many points higher. Credit card rates, meantime, are near record highs. And home equity loans, while employing fixed interest rates, are a bit more expensive right now. So, while it may be worth exploring alternatives, it doesn't make financial sense to use most other options as a HELOC continues to become more affordable.",0.22086466165413532,0.3949248120300752
602,"A HELOC has timely advantages for borrowers right now, but to truly take advantage, interested homeowners will need to know the appropriate dos and don'ts tied to the lending product. By understanding these items and strategically applying them to their unique home equity borrowing scenario, they can better ensure that future repayments are affordable and that the funds will be used in an appropriate and valuable way.",0.3443877551020408,0.5229591836734694
603,Matt Richardson is the senior managing editor for the Managing Your Money section for CBSNews.com. He writes and edits content about personal finance ranging from savings to investing to insurance.,0.0,0.3
604,© 2025 CBS Interactive Inc. All Rights Reserved.,0.0,0.0
605,"March 19, 2025 / 7:53 PM EDT          / CBS News",0.0,0.0
606,"Asheville, North Carolina — Katy Paige Rosenberg, a freshman at the University of North Carolina Asheville, recently realized what too much scrolling on her phone was doing to her.",0.1,0.225
607,She estimates she was probably spending about nine hours a day on her phone.,0.0,0.0
608,"""I was just kind of constantly on it,"" Rosenberg said. ""…I wasn't able to focus, because I would have to take out my phone every couple of minutes.""",0.3666666666666667,0.6194444444444445
609,"Stories like hers are familiar, but now it is possible to see the science behind it, according to Dr. Brent Nelson, a psychiatrist and the chief medical information officer for Southern California-based Newport Healthcare, which operates mental health treatment centers for teens nationwide.",-0.02083333333333334,0.4000000000000001
610,"""Smartphones have wide-reaching changes all over the brain,"" Nelson explains.",0.0,0.0
611,He showed CBS News MRI images from a 2021 study in Korea that showed major increases in brain activity — the negative effects of smartphone addiction.,-0.11875,0.45
612,"""This is showing where the brain is working extra hard compared to a non-addicted brain when asked to do actually, a pretty simple task,"" Nelson said.",-0.010416666666666671,0.49970238095238095
613,"In the study, the MRI images of addicted smartphone users' brains were so colorful, meaning so active, it made them less attentive and more easily distracted — what is now informally called ""brain rot.""",0.13333333333333333,0.5571428571428572
614,"""Let's take school for example,"" Nelson said of how brain rot can manifest. ""You're sitting in class and you're trying to focus. They're going to be looking around, not attending to what the teacher is trying to teach them.""",0.0,0.0
615,Nelson says emerging research points to even greater risks.,0.5,0.5
616,"""We're just starting to see these changes, and we know they're connected to behavioral changes, depression, anxiety,"" Nelson said. ""The dangers are hiding in there.""",0.0,0.1
617,Rosenberg agrees with that assessment.,0.0,0.0
618,"""Social media had really influenced me in a lot of ways,"" Rosenberg said. ""TikTok would kind of push these videos of people popping an edible before school. And I was like, 'If I do this, maybe I'll be cool.' And I started self-medicating.""",0.2958333333333333,0.4541666666666667
619,"To deal with that, last year, she checked into a treatment facility. She believes that if she had not gone to treatment, ""I don't think I'd be here. It was really bad.""",-0.3499999999999999,0.36666666666666664
620,"Rosenberg had to give up her phone in treatment. There, the Gen Zer found other outlets, from drawing to playing guitar, that helped rewire her brain. The key, perhaps, were analog antidotes, reminiscent of another generation.",-0.041666666666666664,0.625
621,"Says Nelson: ""Playing in the dirt, drinking from the hose, sort of the Gen X kind of mentality, is shown to actually allow folks to recover, to feel better, to make it easier to kind of go about their day.""",0.42500000000000004,0.6
622,Meg Oliver is a correspondent for CBS News based in New York City. Oliver is a veteran journalist with more than two decades of reporting and anchoring experience.,0.21212121212121213,0.3181818181818182
623,© 2025 CBS Interactive Inc. All Rights Reserved.,0.0,0.0
624,"Updated on:  March 19, 2025 / 1:51 PM EDT          / CBS News",0.0,0.0
625,"Washington — The Trump administration on Tuesday evening released tens of thousands of pages of government documents related to the 1963 assassination of President John F. Kennedy, weeks after President Trump ordered government agencies to make their JFK files public.",0.0,0.23333333333333334
626,"The documents, totaling some 80,000 pages, had been released before, with sections redacted for national security purposes. The declassified versions did not appear to contain significant new revelations about the assassination, based on an initial review by CBS News. But the unveiling of key portions of the records was cheered by researchers and academics who had long argued that the details in certain reports by the CIA and FBI should have been disclosed years ago.",0.1126082251082251,0.5501623376623376
627,"""This is the most positive news on the release of JFK files since the 1990s,"" said Jefferson Morley, an investigative journalist and vice president of the Mary Ferrell Foundation, which hosts a repository of JFK-related documents. He called the release an ""encouraging start"" while noting that other troves of documents still remain under wraps.",0.20075757575757577,0.47348484848484845
628,"The records were uploaded by the National Archives and Records Administration, the agency responsible for housing the government's collection of files related to the assassination. The Archives said Tuesday that ""all records previously withheld for classification"" have been released, but not all are available online yet.",0.10833333333333334,0.37916666666666665
629,"Shortly after taking office in January, the president took executive action to establish a process to declassify and release any remaining documents related to Kennedy's killing, as well as the assassinations of Robert F. Kennedy and Martin Luther King Jr. The order instructed the director of national intelligence and attorney general to present the president with a plan for the ""full and complete release of records relating to the assassination of President John F. Kennedy.""",0.08571428571428572,0.32142857142857145
630,"The records are unredacted versions of documents that have been released in redacted form in the past. Agencies like the CIA and FBI have argued over the years that the release of the information would harm national security, even decades after the fact.",-0.25,0.25
631,"According to Morley, roughly 3,500 documents in the government's official collection of JFK files contained redactions before the latest release. There were 1,123 documents of varying lengths unveiled Tuesday, meaning about a third of the remaining redacted documents have been released in full. About 75% of those records were produced by the CIA. More than 500 IRS records have been withheld from public release entirely.",0.17857142857142858,0.4345238095238096
632,"""These new records shed new light on the events leading to JFK's assassination, including his mistrust of the CIA, the surveillance of Oswald in Mexico City, and propaganda operations involving Oswald before and after JFK was killed,"" Morley said in a statement referring to Lee Harvey Oswald, Kennedy's assassin. Oswald sought a visa to return to the Soviet Union in October 1963 while in Mexico City, and technical details of the CIA's surveillance operations were revealed for the first time in Tuesday's release.",0.08896103896103898,0.3060606060606061
633,"Another notable document released in full is a memo prepared by Kennedy adviser Arthur Schlesinger Jr. about a potential reorganization of the CIA after the disastrous Bay of Pigs invasion of Cuba in 1961. The previously redacted section details the number of undercover CIA personnel stationed overseas, with Schlesinger expressing concern that covert CIA activities were encroaching on the State Department.",-0.003333333333333327,0.6033333333333333
634,"Various investigations into the JFK assassination over the years — some as recently as the 1990s — swept up classified information that dealt with intelligence gathering methods and friendly foreign governments but were not directly linked to the assassination. Portions of documents, and some entire records, had remained classified for decades to protect sources and methods.",0.03333333333333333,0.39999999999999997
635,"David Barrett, a professor of political science at Villanova University who studies the Kennedy presidency, told CBS News that ""non-scholars who dive into these documents are going to be baffled as to what most of them have to do with the Kennedy or other assassinations."" For scholars like him, however, he said it is ""certainly the most useful release of documents that has occurred because of the redactions being removed.""",0.23154761904761909,0.3410714285714285
636,"""Now I know who or what is being referred to. So a memorandum on CIA relations with the Miami newspapers, for example, and details on three CIA officers doing technical collection of intelligence in Cuba — I've never really had those details before,"" he said.",-0.05,0.15000000000000002
637,"Larry Sabato, the director of the University of Virginia Center for Politics and author of ""The Kennedy Half-Century,"" told the Associated Press that his team is going through the released files in search of a ""long, long list"" of sensitive documents that were previously heavily redacted. He believes some of those passages may concern Cuba or ""what the CIA did or didn't do relevant to Lee Harvey Oswald.""",0.016666666666666663,0.5333333333333333
638,"Last month, the FBI said it had discovered roughly 2,400 records related to the assassination during a search stemming from Mr. Trump's executive action. Those records did not appear in Tuesday's release, according to Morley.",0.0,0.24166666666666667
639,"The documents have been uploaded to a portal maintained by the National Archives, which can be found here. The Archives maintains the government's trove of records known as the President John F. Kennedy Assassination Records Collection.",0.0,0.0
640,"Not all of the files are available online yet, however. Some are available ""in person, via hard copy or on analog media formats"" at the National Archives at College Park, Maryland. The Office of the Director of National Intelligence said the records that are only available in person are being digitized and will be uploaded to the Archives in the coming days. Director of National Intelligence Tulsi Gabbard will post updates on social media, and the records will also be on the White House website.",0.13452380952380952,0.4011904761904762
641,"Additional documents remain under court seal, including some for reasons of grand jury secrecy. The IRS-related documents must be unsealed before release, and the Archives and Justice Department are working on making these available.",0.45,0.7
642,"The Mary Ferrell Foundation runs its own JFK documents repository on its website, which has deeper search functions for exploring the trove of records. The group typically adds new documents shortly after they are released by the Archives.",0.14242424242424243,0.5636363636363636
643,"Mr. Trump campaigned on declassifying and releasing records related to the JFK assassination, in part due to his political alliance with Robert F. Kennedy Jr., who has long called for more transparency about the assassinations that killed his uncle and father.",0.020833333333333332,0.29583333333333334
644,"In 1992, Congress passed a law requiring the government to release all of its records about the assassination by October 2017, while giving the president the authority to withhold records for national security reasons. In his first term, Mr. Trump unveiled thousands of documents, but some of their contents were kept under wraps after lobbying by the CIA and FBI. Other records were withheld altogether.",0.0625,0.35416666666666663
645,"Over the course of 2021 and 2022, President Biden likewise released thousands of records but kept key portions redacted, frustrating researchers and observers who had called for their full release for years.",-0.01666666666666668,0.8166666666666668
646,"Kennedy was shot in the head on Nov. 22, 1963, at the age of 46 while riding in a convertible in Dallas, Texas. Oswald, a former Marine and communist activist who had lived in the Soviet Union, was soon arrested for the killing. But Oswald was also shot and killed in the basement of the Dallas police headquarters two days later.",-0.06666666666666667,0.0
647,"An investigation led by Chief Justice Earl Warren concluded that Oswald acted alone in shooting Kennedy, but the probe has been widely criticized by academics and historians in the 62 years since the assassination.",-0.1,0.4
648,"Oswald had been on the government's radar before the assassination, a fact that the CIA withheld from the Warren Commission. Oswald defected to the Soviet Union in 1959, and returned to the U.S. in 1962. A self-described Marxist, he worked with a pro-Fidel Castro activist group and had contact with Soviet and Cuban consulates in the months leading up to Kennedy's death.",0.0,0.0
649,"In October 1963, the CIA intercepted a phone call he made to the Soviet Embassy in Mexico City, and the documents released Tuesday detail some technical aspects of the CIA's surveillance of Oswald and Cuban and Soviet officials.",0.0,0.1
650,The Associated Press and                                                                         Andres Triay                          contributed to this report.,0.0,0.0
651,"Stefan Becket is a managing editor of politics for CBSNews.com. Stefan has covered national politics for more than a decade and helps oversee a team covering the White House, Congress, the Supreme Court, immigration and federal law enforcement.",0.25,0.25
652,© 2025 CBS Interactive Inc. All Rights Reserved.,0.0,0.0
653,"March 20, 2025 / 5:00 AM EDT          / CBS News",0.0,0.0
654,"The Northern Hemisphere is welcoming Spring 2025 on March 20, also known as the vernal equinox. The jump into spring has come with celebrations and traditions of rebirth around the world for centuries.",0.0,0.0
655,Here's what to know about the first day of spring.,0.25,0.3333333333333333
656,"The first day of spring, or the vernal equinox, is determined by where the Earth is in its orbit around the sun. On this day, the Earth's axis is not tilted toward or away from the sun, causing roughly an equal amount of sunlight and dark hours at all latitudes, the National Weather Service explains.",0.03333333333333333,0.3277777777777778
657,"This year's first day of spring in the Northern Hemisphere occurs precisely at 5:01 a.m. EST on March 20, according to NASA. The date and time of the equinox varies slightly from year to year.",0.16111111111111112,0.43333333333333335
658,"The Earth is not tilted toward or away from the sun on the first day of fall as well, also called the autumnal equinox. On both equinoxes, the sun is exactly above the equator.",0.125,0.21666666666666667
659,"Once the Earth hits its vernal equinox, the Northern Hemisphere moves into spring and the Southern Hemisphere moves into fall.",0.0,0.0
660,"The Earth sits at 23.5° on its axis, which is also what causes the seasons, the National Weather Service explains. When the Earth tilts toward the sun, the hemisphere closest to the sun gets more light hours during the day and vice versa. The longer the daylight lasts, the warmer the weather gets, but it's on a lag due to the time it takes the ground and water to heat up.",0.25833333333333336,0.525
661,The start of spring is celebrated in a variety of ways around the world. Here are a few examples:,0.07499999999999998,0.425
662,"In Japan, the vernal equinox, or Shunbun no Hi, is a public holiday to show appreciation for nature and welcome the start of cherry blossom season. The country also recognizes a seven-day period around the equinox called Higan, during which people pay respects to their ancestors, the Ministry of Foreign Affairs of Japan says on its website.",0.225,0.36388888888888893
663,"In Mexico, one of the traditions is to visit the Pyramid of the Sun in Teotihuacán, according to the Smithsonian Science Education Center.",-0.1,0.1
664,"Holi, the annual Hindu festival of colors, is another example of a celebration of spring, but it occurs on the last full moon in the Hindu month of Falgun, rather than being tied to the equinox. This year, Holi was held on March 13-14.",0.175,0.30833333333333335
665,"Nowruz, meaning ""new day,"" is a new year and spring equinox celebration in Iran and other countries in Central Asia and elsewhere. Dating back to the Persian empire, ""it is an ancient celebration of life, rebirth, and the triumph of light over darkness,"" the United Nations says.",0.09128787878787879,0.3723484848484849
666,"The myth that you can balance an egg on the vernal equinox is not rooted in science. According to the Astronomical Society of the Pacific, the equinox has nothing to do with getting an egg to stand on its own.",0.6,1.0
667,The good news is you can balance an egg any time of the year.,0.7,0.6000000000000001
668,"The equinoxes occur when the sun is right above the equator, making day and night equally long. The solstices occur on the longest and shortest day of the year, respectively.",0.05892857142857143,0.2839285714285714
669,"In the Northern Hemisphere, the summer solstice is when the North Pole tilts toward the sun and the winter solstice is when the South Pole tilts toward the sun.",0.0,0.0
670,Both the equinoxes and solstices determine the start of a new season.,0.13636363636363635,0.45454545454545453
671,"The summer solstice begins on Friday, June 20, 2025, in the Northern Hemisphere. This will be the longest day of the year, thanks to the Earth's tilt.",0.2,0.2
672,Amanda Cappelli is a digital producer at CBS News & Stations.,0.0,0.0
673,© 2025 CBS Interactive Inc. All Rights Reserved.,0.0,0.0
674,"December 18, 2024 / 8:32 PM EST          / CBS News",0.0,0.0
675,What started out as a college romance ended in murder and mystery.,0.0,0.0
676,"1994 – Scott Peterson and Laci Rocha met in 1994 while both were attending college at California Polytechnic State University. They married two years later. In 2002, Laci became pregnant. The two lived in Modesto, California and planned to raise their unborn son Conner there.",0.19444444444444442,0.25
677,"December 24, 2002 – Scott Peterson says that on Christmas Eve morning, he left his pregnant wife alone to go fishing about 90 miles away at the Berkeley Marina. He says that Laci planned to walk the couple's dog, McKenzie, and mop the kitchen floor. When Scott returned home hours later, he says he found McKenzie there alone, still wearing a leash – but no sign of Laci. That evening, Laci's stepfather called the police to report her missing.",0.033333333333333326,0.1375
678,"Family, friends, and volunteers launched a huge search for Laci Peterson.",0.4000000000000001,0.9
679,"Scott Peterson was interviewed by police in the early hours of Christmas Day.  Now-retired Modesto Police Detective Jon Buehler says Scott didn't seem as interested as one would expect. ""Oftentimes, a victim who's left behind is firing tons of questions at us … And we didn't get any of that from him,"" Buehler told ""48 Hours.""",-0.025000000000000012,0.31
680,"December 30, 2002 – Less than a week after Laci Peterson went missing, Modesto detectives raced over to investigate an intriguing lead: a Fresno massage therapist named Amber Frey revealed that she had been dating Scott Peterson for over a month. She told police that Peterson had lied to her and said he was single.",-0.03452380952380952,0.18273809523809526
681,"Former Detective Buehler notes, ""Her recall was fantastic. It was almost like it was a script from a Hallmark TV show or something."" Amber Frey recalled every detail of their romantic dates, down to what they were wearing. Hoping for clues that might lead them to the missing woman, detectives ask Frey to record phone calls between her and Scott Peterson, and she agrees.",0.008888888888888885,0.3477777777777778
682,"January 24, 2003 – In an explosive press conference one month after Laci Peterson goes missing, Amber Frey publicly reveals her affair with Scott Peterson. ""I am very sorry for Laci's family and the pain that this has caused them,"" she said. ""And I pray for her safe return, as well.""",-0.08750000000000002,0.4041666666666667
683,"Prior to Frey going public, Peterson had told her in a recorded call that he was in Paris when he was really in Modesto while the search for Laci was still on.  Eventually Scott admitted to her, ""I've lied to you that I've been traveling."" Those recorded calls would later become part of a damning case against Peterson.",0.05,0.06666666666666667
684,"April 13 and 14, 2003 – Two bodies are found on the shores of the San Francisco Bay. They are later identified as Laci Peterson and her unborn child. The two bodies were found about a mile apart.",0.0,0.0
685,"April 18, 2003 – Authorities caught up with Scott Peterson at a golf course in San Diego and arrested him. Authorities found a wad of cash, his brother's ID card, and multiple cell phones inside the vehicle. Days later, Peterson pleaded not guilty to two counts of capital murder.",0.08333333333333333,0.3333333333333333
686,"June 1, 2004 – Scott Peterson's trial begins in San Mateo County, California. Because of massive publicity the trial was moved from Modesto to Redwood City, in San Mateo County. The decision was made because the judge decided it would be difficult for Peterson to get a fair trial too close to home, where emotions were running high.",0.09,0.86
687,"August 10, 2004 – In what many consider a major turning point of the trial, Amber Frey took the stand for the first time to tell the jury about her relationship with Scott Peterson, a secretly married man, and about all the lies he told her. Frey painted a picture of a dishonest man who could tell falsehoods with ease, hurting his credibility.",0.1525,0.41666666666666663
688,Jurors heard the lies for themselves in those recorded phone calls Frey made.,0.0,0.0
689,"November 12, 2004 – Scott Peterson was found guilty of first-degree murder for the death of his wife Laci and second-degree murder for the death of his unborn son Conner. Crowds outside cheer.",-0.25,0.525
690,"March 16, 2005 – Four months after his conviction, Scott Peterson is sentenced to death.  At a press conference, Juror No. 7, Richelle Nice, [pictured center] called Peterson a ""jerk"" and commented ""San Quentin is your new home,"" referring to the prison where he would serve his sentence. Nice was nicknamed ""Strawberry Shortcake"" during the trial because of her hair color.",0.3090909090909091,0.6386363636363637
691,"August 24, 2020 – After two appeals, Scott Peterson's death sentence was overturned by the California Supreme Court after deciding that the original trial judge made a mistake when jurors were being picked for trial. The result of that mistake, Peterson's supporters say, was that the jury was stacked with pro death penalty jurors. Peterson, shown here in 2018, will now receive a new trial for only the sentence phase.",0.17045454545454544,0.7348484848484849
692,The court upheld his murder convictions.,0.0,0.0
693,"October 14, 2020 – The California Supreme Court orders a lower court to reexamine Peterson's murder convictions and decide if he should get an entire new trial. Scott Peterson's supporters say it all comes down to the actions of that juror once nicknamed ""Strawberry Shortcake"" – Richelle Nice, pictured here in 2005.",0.1452020202020202,0.592108585858586
694,"During jury selection, prospective jurors filled out a questionnaire asking if they had in the past been in a lawsuit and if they had been crime victims.  Nice checked no.  ""It's pretty clear… that she lied to us straight to our face about her own situation,"" Peterson's current attorney Pat Harris told ""48 Hours.""  In fact, Nice was involved in two domestic disputes in the past. But prosecutors say when Nice filled out that questionnaire she didn't lie, she just didn't think her past experiences were relevant to the questions and didn't see herself as a victim. Now a lower court will consider if Peterson will get a complete retrial.  Richelle Nice declined to speak with ""48 Hours.""",0.23088235294117646,0.6352941176470589
695,"March 7, 2021 – CBS News' Jonathan Vigliotti interviewed Scott Peterson's sister-in-law Janey Peterson in her ""war room"" of evidence she claims proves his innocence. She claims witnesses saw Laci walking in the neighborhood near the Peterson home after the time Scott said he left for the fishing trip. If that's true, Scott couldn't have killed Laci.",0.11000000000000001,0.21000000000000002
696,"Scott Peterson's attorney explains, ""there's been a lot of criticism because we didn't call some witnesses who saw Laci that day,"" and that the thought process at the time was that ""a number of the witnesses who saw her didn't have great   – memories or had contra    – were contradicting each other.""",0.3375,0.5625
697,"Retired detective Jon Buehler says there are no witnesses who saw Laci alive that morning.  He says there were other young women in the neighborhood who were pregnant and looked similar to Laci, and that ""it would be real easy for somebody to mistakenly see one of those three girls as being Laci.""  Still, Janey Peterson insists that Scott is innocent.",0.22261904761904763,0.5392857142857144
698,"Perhaps more important to a new defense case is what Janey Peterson believes actually happened to Laci. She points to a burglary she believes happened on the same day Laci disappeared, right across the street from the Peterson home. Scott Peterson's supporters theorize that Laci confronted the burglars and that ended badly.  But police quickly arrested the burglars – Steven Todd and Donald Pearce   – pictured here in a 2003 Modesto Police Department press release.",0.11942640692640696,0.48524080086580085
699,"April 27, 2021 – Scott Peterson appeared in court remotely for a status hearing on a new death penalty trial.",0.018181818181818174,0.32727272727272727
700,"Dec. 8, 2021: Scott Peterson was resentenced to life in prison without the possibility of parole for the deaths of his wife and unborn child.",0.0,0.0
701,"2024: The Los Angeles Innocence Project  took up Peterson's fight for a new trial.  Since then, a California judge has granted his defense team access to previously undisclosed evidence as well as permission to do additional DNA testing.",-0.015151515151515152,0.3106060606060606
702,"Peterson and his supporters maintain the wrong man is in prison for Laci and Conner's deaths.  According to Detective Buehler, ""Well, I guess it's possible. But you know, there's still people that believe the Earth is flat too.""",-0.17500000000000002,0.6749999999999999
703,"Updated on:  March 19, 2025 / 7:16 PM EDT          / CBS News",0.0,0.0
704,"Search efforts pressed on into their second week for Sudiksha Konanki, a college student at the University of Pittsburgh who went missing in early March during a trip to the Dominican Republic resort town Punta Cana.",-0.03333333333333333,0.11666666666666665
705,Details surrounding Konanki's disappearance have begun to emerge as the international investigation continues. Here's what we know so far about her case.,0.05,0.5
706,"Konanki, 20, is from Chantilly, Virginia, a Washington, D.C., suburb, and attends college in Pittsburgh. She has permanent residency in the United States as well as citizenship in India. She arrived in the Dominican Republic for spring break on March 3 and was vacationing with a group of friends, five other women, according to investigators and her parents.",-0.125,0.375
707,"She has been missing since Thursday, March 6, after surveillance video showed her, three of her friends and two other American men walk toward the beach area outside the Riu República hotel. The video was from around 4:15 a.m., investigators in the Dominican Republic said.",-0.08125,0.11875
708,"Power outages at the hotel may have prompted guests to move outdoors around that time, the hotel said in a statement. An earlier surveillance video showed Konanki and one of her friends hugging at the hotel bar.",0.0,0.5
709,"One of the men in the group walking to the beach has been identified as 22-year-old Joshua Riibe, an American college student. In the footage, Konanki and Riibe are seen walking with their arms around each other.",-0.0625,0.1875
710,"Video shows the other four individuals later returning to the hotel, but Konanki and Riibe stayed behind on the beach, a police source said. The last sighting of Konanki and Riibe in the water happened around 4:50 a.m., according to Loudon County Sheriff Mike Chapman, whose office in Virginia is involved in the investigation.",-0.13125,0.28541666666666665
711,"Riibe told police he and Konanki were swept into the ocean by a large wave and both struggled against rough seas. He said he believed Konanki got out of the water but was not certain, according to a person with direct knowledge of Riibe's statements to U.S. investigators.",0.026785714285714284,0.44999999999999996
712,He is presumed to be the last person who saw Konanki alive.,0.05,0.23333333333333334
713,"Konanki's disappearance is so far being investigated as a missing persons case, not a criminal investigation.",0.03333333333333333,0.5333333333333333
714,"The Dominican Republic's attorney general said investigators were exploring whether Konanki drowned, but not ruling out the possibility of foul play.",-0.024999999999999994,0.3
715,"Chapman said ""it's hard to say"" whether there are indications Konanki's disappearance was anything other than an accident.",-0.20833333333333334,0.4583333333333333
716,"""We know that at about 4:50 a.m. was the last sighting that we had of them in the water. We don't know what happened after that,"" Chapman said in a ""CBS Mornings"" interview. ""And we also don't know what happened between the time that [Riibe] claimed to have come out of the water and the time that he actually left the beach, so it's really hard to say. It'd be speculative on my part to assume or presume anything at this point.""",-0.09722222222222222,0.20277777777777775
717,"The Loudoun County Sheriff's Office told CBS News that Konanki's family has requested that she be declared deceased, expressed gratitude to investigators for their work and expressed a desire for closure following her disappearance in the Dominican Republic.",0.0,0.1
718,"The family provided the request in writing to the sheriff's office, according to spokesperson Thomas Julia. Julia said the family made a similar request to Dominican authorities.",0.0,0.4
719,Konanki's family did not immediately respond to a request for comment. CBS News has learned that their written request referenced Riibe's cooperation with investigators and a lack of evidence collected to date that would suggest foul play was involved in Konanki's disappearance.,0.0,0.0
720,Chapman said the family has expressed their belief that she drowned.,-0.1,0.1
721,"""While a final decision to make such a declaration rests with authorities in the Dominican Republic, we will support the Konanki family in every way possible as we continue to review the evidence and information made available to us in the course of this investigation,"" he said.",0.1,0.725
722,"Riibe had been confined to a hotel in Punta Cana for more than a week as he faced questioning during the investigation, with officers escorting him anywhere he went. A judge in the Dominican Republic ruled on March 18 that Riibe should be freed from police surveillance.",0.5,0.5
723,"The law firm representing Riibe, Guzmán Ariza, had pushed in legal documents for his freedom, given the absence of any criminal charge, which led to the hearing. In court, Riibe argued to the judge that he was detained inappropriately.",-0.10312500000000001,0.28750000000000003
724,"""I really want to go home and see my family,"" Riibe said. ""I understand I'm here to help but it's been 10 days.""",0.2,0.2
725,"His attorneys said earlier that authorities confiscated Riibe's passport as he faced questioning, including direct interrogation by Dominican Attorney General Yeni Berenice Reynoso. The judge's ruling did not include an immediate decision on the issue of returning Riibe's passport, and when he would be able to travel back to the U.S. was initially unclear.",0.10833333333333334,0.33749999999999997
726,"An attorney representing the college student said on Wednesday, March 19, Riibe had obtained a new passport from the U.S. consulate and was on his way home with his father. The attorney said the hearing the day before concluded the release of Riibe was ordered and the La Altagracia Prosecutor's Office then informed him that it was willing to return his passport.",0.19318181818181818,0.6022727272727273
727,"""Although grateful for the decision of the Prosecutor's Office, Joshua decided, for privacy reasons, to request a new one at the United States Consulate, which was urgently issued to him,"" Riibe's attorney said.",0.13636363636363635,0.45454545454545453
728,"Riibe and his parents, Tina and Albert Riibe, extended ""deep sorrow and solidarity"" with Konanski's family in a statement released through his attorney.",0.0,0.4
729,"""Above all, we wish to contribute to the search efforts and understand the anguish and uncertainty they are going through and we share the hope that Sudiksha will be found as soon as possible,"" the statement said. ""Joshua Riibe is deeply dismayed by her disappearance and has fully cooperated in the search and clarification of the facts from the very beginning.""",0.05,0.45
730,"Chapman told ""CBS Mornings"" that Riibe was ""very forthcoming"" with sheriff's detectives who traveled to the Dominican Republic to speak to him, and did not ""seem to hesitate on answering any of the questions that we threw his way.""",0.2,0.3
731,"Chapman noted there was ""nothing that would really make us feel as though there was anything untrue coming from Joshua.""",0.2,0.2
732,"Originally from Iowa, Riibe is a college senior at St. Cloud State University in Minnesota, where he is pursuing a degree in land surveying.",0.375,0.75
733,"His family in their statement described him as ""a beloved son, brother, and friend, known for his kind nature, sense of humor, and commitment to his community.""",0.6499999999999999,0.95
734,"They also shared concerns about the ""irregular conditions"" of his detainment in Punta Cana, where, they said, he had been ""subjected to extensive questioning without the presence of official translators or legal counsel until Wednesday, March 12."" The family retained a lawyer ""to initiate legal actions ensuring his safety and the protection of his rights throughout this process,"" according to the statement.",0.13333333333333333,0.24444444444444446
735,"More than 300 police and other officials, with support from the FBI, are searching the air, sea and land to locate her, Dominican President Luis Abinader said. The Dominican Republic National Police said they have assembled a new ""high-level commission"" to oversee the case, and Interpol has issued a global police alert at the request of investigators.",0.1278409090909091,0.33238636363636365
736,"""We are concerned,"" Abinader said at a news conference on March 10. ""All government agencies are searching … because the latest information we have from one of them, from the last person who was with the young woman, what he says according to the reports is that a wave, while on the beach, crashed into them.""",0.19999999999999998,0.45555555555555555
737,"Dominican Republic National Police said in a statement March 11 that they were ""re-interviewing targeted individuals who were in the victim's proximity at the time of her disappearance."" Investigators said the individuals included ""hotel employees where Konanki and her companions were staying, with the goal of gathering information to corroborate her movements, interactions, and any relevant details for the investigation.""",0.1625,0.47500000000000003
738,"Anna Schecter,                                                                         The Associated Press and                                                                                     Manuel Bojorquez                          contributed to this report.",0.0,0.0
739,"Emily Mae Czachor is a news editor at CBSNews.com. She typically covers breaking news, extreme weather and issues involving social and criminal justice. Emily Mae previously wrote for outlets like the Los Angeles Times, BuzzFeed and Newsweek.",-0.16499999999999998,0.45666666666666667
740,© 2025 CBS Interactive Inc. All Rights Reserved.,0.0,0.0
741,"Updated on:  March 18, 2025 / 10:25 AM EDT          / AP",0.0,0.0
742,Google owner Alphabet will buy cybersecurity firm Wiz for $32 billion — in a deal set to boost the tech giant's in-house cloud computing amid burgeoning artificial intelligence growth.,-0.26666666666666666,0.7999999999999999
743,"If closed, the cash transaction, announced Tuesday, would become Google's most expensive acquisition in the company's 25-year history. Wiz rejected a reported $23 billion buyout proposal from Alphabet last July.",-0.024999999999999994,0.3416666666666666
744,The purchase gives Google new momentum in its efforts to compete in the cloud-computing business by offering more security for its services.,0.3181818181818182,0.4772727272727273
745,"""Wiz and Google Cloud are both fueled by the belief that cloud security needs to be easier, more accessible, more intelligent, and democratized, so more organizations can adopt and use cloud and AI securely,"" Wiz CEO Assaf Rappaport said in a blog post.",0.5125,0.5625
746,"The company says Wiz will join Google Cloud — and that this deal represents a company investment ""to accelerate two large and growing trends in the AI era: improved cloud security and the ability to use multiple clouds.""",0.10714285714285714,0.21428571428571427
747,"Together, Google CEO Sundar Pichai said in a statement, Google Cloud and Wiz ""will turbocharge improved cloud security and the ability to use multiple clouds.""",0.0,0.0
748,"Assaf Rappaport, Co-Founder & CEO, added that the deal will ""bolster our mission to improve security and prevent breaches by providing additional resources and deep AI expertise.""",0.0,0.4
749,"Wiz, based in New York, was founded in 2020, makes security tools designed to shield the information stored in remote data centers from intruders.",0.018181818181818174,0.32727272727272727
750,"The proposed buyout will get a close look from antitrust regulators. While many expect the Trump administration to be more friendly to business deals, it has also shown skepticism of big tech.",0.34375,0.4
751,"Also, the new Federal Trade Commission Chair Andrew Ferguson has vowed to maintain a tough review process for mergers and acquisitions.",-0.12626262626262627,0.6439393939393939
752,"© 2025 The Associated Press. All Rights Reserved. This material may not be published, broadcast, rewritten, or redistributed.",0.0,0.0
753,"Updated on:  March 20, 2025 / 9:37 AM EDT          / CBS News",0.0,0.0
754,"The United States this year fell to its lowest-ever place on the World Happiness Report, an annual survey released on International Day of Happiness that highlights the positive effects benevolence and social connections have on people's life satisfaction.",0.33212121212121215,0.20242424242424245
755,"Finland remained the happiest nation for the eighth year in a row, while Mexico and Costa Rico ranked among the top 10 for the first time since the report was first published in 2012.",0.3333333333333333,0.38888888888888884
756,"This year's report, released by Gallup and its partners, ranks 147 countries by their happiness levels — based on a population's average assessment of their quality of life from 2022 to 2024.",0.27499999999999997,0.3
757,"Researchers found that the belief in the kindness of others, as well as actively caring about and sharing with others, has strong effects on happiness, according to the report.",0.3333333333333333,0.5111111111111111
758,"""Happiness isn't just about wealth or growth — it's about trust, connection and knowing people have your back,"" Jon Clifton, the CEO of Gallup, said in a statement.",0.35,0.1
759,"The U.S. ranked 24th in the world, one place lower than its 2024 ranking. America previously peaked at 11th place in 2012.",-0.16666666666666666,0.16666666666666666
760,One factor highlighted in the report was the increasing number of people who eat alone.,0.0,0.0
761,"""In 2023, roughly 1 in 4 Americans reported eating all of their meals alone the previous day — an increase of 53% since 2003,"" the report said. ""Dining alone has become more prevalent for every age group, but especially for young people.""",0.06666666666666668,0.4933333333333333
762,"Data reviewed for the report indicates major differences in the rates of meal-sharing around the world, with sharing meals having a positive effect on wellbeing.",0.14488636363636365,0.5227272727272727
763,"Another factor contributing to America's drop in the rankings, as well as the rankings of some European countries, was ""the rise in political polarization and votes against 'the system,'"" the report said.",0.0,0.05
764,"""The country-wide evolution of happiness and trust is highly associated with the rise in the likelihood of voting for anti-system parties in Western Europe and the United States,"" the authors wrote.",0.2866666666666667,0.24666666666666667
765,A key reason for the rise in Mexico and Costa Rica's rankings appeared to be family household size.,0.0,1.0
766,"""Latin American societies, characterized by larger household sizes and strong family bonds, offer valuable lessons for other societies that seek higher and sustainable wellbeing,"" the report said.",0.11166666666666666,0.4216666666666667
767,"The report compared Mexico to European countries, explaining that even though it is poorer, ""larger households imply a potential advantage to build positive social interactions within the household, which could partially counterbalance the differences in income with Europe.""",0.02676767676767677,0.402020202020202
768,"In Europe, 23% of households were single-person, while in Mexico, only 11% were single-person, according to data cited in the report.",0.0,1.0
769,"""In both Mexico and Europe, the highest average life satisfaction is reported by people who live in households with four to five members,"" the authors wrote. ""We also observe an inverted U-shaped relationship. Average life satisfaction is lower for people in single-person households as well as households with six or seven members.""",-0.05454545454545454,0.4333333333333333
770,"The Gallup World Poll asked people in 2019 if they thought others would return a lost wallet, and found that ""people are much too pessimistic about the benevolence of others.""",0.2,0.2
771,"""When wallets were dropped in the street by researchers, the proportion of returned wallets was far higher than people expected,"" the report said.",0.08333333333333333,0.6333333333333333
772,The belief that others would return the lost wallets also contributed to a country's ranking.,0.0,0.0
773,"The Nordic nations, including Denmark, Finland, Norway and Sweden, ranked in the top 10 countries and were among the top places for expected and actual return of lost wallets, the report said.",0.225,0.375
774,"""The wallet data are so convincing because they confirm that people are much happier living where they think people care about each other,"" John F. Helliwell, an economist at the University of British Columbia and a founding editor of the World Happiness Report, said in a statement.",0.255,0.355
775,"Additionally, the researchers found that globally, benevolent acts were 10% more frequent in 2024 than in 2017-2019.",0.19999999999999998,0.26666666666666666
776,"Nicole Brown Chau is a deputy managing editor for CBSNews.com. She has previously reported on local New York City news, politics and crime.",-0.010101010101010102,0.20707070707070707
777,© 2025 CBS Interactive Inc. All Rights Reserved.,0.0,0.0
778,"Updated on:  March 20, 2025 / 8:52 AM EDT          / CBS Minnesota",0.0,0.0
779,"Minnesota Senate Republicans on Thursday will make a motion to expel their colleague Sen. Justin Eichorn following a federal criminal charge accusing him of soliciting sex from someone he thought was 17, but turned out to be an undercover officer.",-0.2,0.325
780,"Eichorn, a Republican from Grand Rapids, is charged with attempted coercion or enticement of a minor. Prosecutors said he answered an online ad that was part of an operation targeting sex trafficking by Bloomington police and other law enforcement.",0.10833333333333334,0.525
781,"The fallout at the state Capitol was swift following his arrest. Senate Republicans called on him to resign, as did other lawmakers across party lines in both chambers. The GOP caucus reiterated that call on Wednesday afternoon.",-0.05833333333333333,0.15833333333333333
782,"But on Wednesday night, Senate GOP Leader Mark Johnson said they wouldn't wait for his resignation to act and that they would make a motion to remove him from the chamber during the Senate's floor session Thursday.",0.0,0.0
783,"""There is no question that these charges merit expulsion,"" Johnson said in a statement. ""We owe it to the public to hold our members to the highest standards, and this violation of the public trust is so severe we must act. It is my hope that this quick resolution gives Senator Eichorn time to focus on his family.""",0.1111111111111111,0.2111111111111111
784,Republicans will need Democrats to join them to clear the two-thirds vote hurdle in order to expel someone. That means 45 members will need to vote yes; Republicans have 33 members and Democrats have 34 members.,0.10000000000000002,0.3833333333333333
785,"The GOP has previously tried to expel Sen. Nicole Mitchell, DFL-Woodbury, who is charged with felony burglary in state court for allegedly breaking into her stepmother's home last April. She has pleaded not guilty and will stand trial in June and she has resisted calls to step aside.",-0.004166666666666666,0.3333333333333333
786,Those efforts didn't advance to a final vote due to procedural setbacks.,-0.0625,0.6875
787,"It is unclear how Democrats will vote on such a motion Thursday. DFL Senate Majority Leader Erin Murphy called the allegations against Eichorn ""deeply disturbing"" but she stopped short of calling for his resignation.",-0.16666666666666666,0.5333333333333333
788,"According to court documents, he texted the number posted in an online ad placed by law enforcement and inquired about sex acts and the cost. Days after initial contact, police arrested him Monday during an arranged meeting between Eichorn and a purported teenager, during which officers found $130 cash and a condom in his car.",0.0,0.0
789,"The criminal complaint said Eichorn in one text exchange was alerted of the person's supposed age and replied ""It's [sic] says age of consent is 16.""",-0.35,0.375
790,"If Eichorn resigns or is expelled, the balance of power in the chamber would remain unchanged — Democrats will still have their one-seat majority.",0.0,0.0
791,This story will be updated.,0.0,0.0
792,"Caroline Cummings is an Emmy-winning reporter with a passion for covering politics, public policy and government. She is thrilled to join the WCCO team.",0.3,0.3833333333333333
793,© 2025 CBS Broadcasting Inc. All Rights Reserved.,0.0,0.0
794,"March 19, 2025 / 5:04 PM EDT          / CBS News",0.0,0.0
795,"The Defense Department removed and then restored a webpage recognizing the military career of sports legend Jackie Robinson amid a purge of diversity, equity, and inclusion content from across the department's social media and websites.",-0.03333333333333334,0.08333333333333334
796,"The URL for a story on Robinson in the Defense Department's ""Sports Heroes Who Served"" series on Wednesday morning redirected to a URL that included DEI in front of the rest of the address – deisports-heroes-who-served-baseball-great-jackie-robinson – and said ""Page Not Found."" As of Wednesday afternoon, it was restored.",0.0,0.0
797,"The removal and restoration comes after a Pentagon memo on February 26 directed a digital refresh of all Defense Department web pages to remove ""all DoD news and feature articles, photos, and videos that promote Diversity, Equity, and Inclusion (DEI).""",0.0,0.0
798,"An archived version via the WayBack Machine of the story on Robinson shows the article highlighted that he was drafted during World War II in 1942 and assigned to a segregated Army cavalry unit at Fort Riley in Kansas and then joined the 761st ""Black Panthers"" tank battalion at what was then Fort Hood, Texas. At Fort Hood, now Fort Cavazos, he faced a court martial for refusing to move to the back of an Army bus but was later acquitted. He served until 1944.",-0.041666666666666664,0.10833333333333334
799,Robinson became the first Black American to play in Major League Baseball when he played for the Brooklyn Dodgers in 1947 and then later went on to have a storied 10-year career.,0.029166666666666667,0.2533333333333333
800,"Pentagon Press Secretary John Ullyot on Wednesday addressed growing backlash to the removals of pages about Robinson, the Navajo Code Talkers, Tuskegee Airmen, Marines at Iwo Jima in a statement that said, ""Everyone at the Defense Department loves Jackie Robinson, as well as the Navajo Code Talkers, the Tuskegee airmen, the Marines at Iwo Jima and so many others — we salute them for their strong and in many cases heroic service to our country, full stop.""",0.4966666666666667,0.6366666666666667
801,"But he added, ""We do not view or highlight them through the prism of immutable characteristics, such as race, ethnicity, or sex. We do so only by recognizing their patriotism and dedication to the warfighting mission like every other American who has worn the uniform.""",-0.03125,0.46875
802,"The role of Jackie Robinson's race in his personal story and heroism is important given what he had to overcome during Jim Crow America to serve in the Army and later integrate baseball. As the bio on the Defense Department webpage notes, the Brooklyn Dodgers club president told him ""he'd have to be willing to withstand the inevitable racial abuse that would be directed at him because there were no Black players in Major League Baseball.""",0.1136904761904762,0.569047619047619
803,"The Pentagon had removed and then earlier this week restored a webpage honoring Major General Charles Calvin Rogers who is the highest-ranking Black recipient of the U.S. military's highest award for valor, the Medal of Honor.",-0.03083333333333333,0.4066666666666666
804,"Ulloyt said in a statement to CBS News that pages would be restored ""in the rare cases that content is removed — either deliberately or by mistake — that is out of the clearly outlined scope of the directive, we instruct the components and they correct the content so it recognizes our heroes for their dedicated service alongside their fellow Americans, period.""",0.2,0.6416666666666666
805,"The guidance, however, is unclear. For instance, the page for Major General Rogers that was restored still highlights that Rogers is the highest-ranking Black Medal of Honor recipient.",-0.018055555555555547,0.4777777777777778
806,"Earlier this year, the Defense Department faced backlash after the Air Force briefly removed videos of the Tuskegee Airmen from basic military training to review them for compliance with President Trump's anti-DEI executive order.",-0.025,0.26458333333333334
807,"Defense Secretary Pete Hegseth in a tweet agreed with Alabama Republican Sen. Katie Britt that the removal was ""malicious compliance"" with the executive order and that the Tuskegee Airmen's service should be recognized.",0.0,0.0
808,"The Air Force quickly restored the videos after the review to focus on the ""documented historic legacy and decorated valor with which these units and Airmen fought for our Nation in World War II.""",0.16666666666666666,0.25
809,Eleanor Watson is a CBS News multi-platform reporter and producer covering the Pentagon.,0.0,0.0
810,© 2025 CBS Interactive Inc. All Rights Reserved.,0.0,0.0
811,"March 19, 2025 / 5:09 PM EDT          / CBS News",0.0,0.0
812,"President Trump's trade policies and aggressive rhetoric threatens to hurt the American tourism sector by discouraging foreign travelers from visiting the U.S., according to a recent analysis.",-0.041666666666666664,0.125
813,"The White House's escalating trade war with Canada, China, Mexico and the European Union, combined with other factors, could weigh heavily on foreign tourism in the U.S. this year, the report from Tourism Economics found. Canada accounts for the sharpest projected decline in travelers to the U.S., with the firm forecasting a 15% drop in the number of visits from the U.S.' northern neighbor in 2025.",-0.09,0.18
814,"Overall, international travel from all foreign countries to the U.S. is expected to drop by just over 5%, according to the report. Factoring in diminished spending by Americans traveling domestically this year, overall travel spending in the U.S. could drop up to $64 billion in 2025, according to Tourism Economics, a unit of investment advisory firm Oxford Economics.",-0.07083333333333335,0.15416666666666667
815,"""The negative effects of an expanded trade war scenario will reach U.S. hotel room demand in 2025,"" Tourism Economics said in the report. ""Domestic travel will be negatively affected by slower income growth and higher prices while international travel to the U.S. will be hit by a trifecta of slower economies, a stronger dollar and antipathy towards the U.S.""",-0.06999999999999999,0.27999999999999997
816,"The group's forecast assumes the U.S. moves ahead with an additional 25% tariff on imports from Canada and Mexico, a 25% tariff on steel and aluminum from all countries, and additional levies on Europe, Taiwan and other nations, along with retaliatory trade restrictions.",-0.125,0.375
817,"President Trump has affirmed that the tariffs on Canada and Mexico, which were paused earlier this month, are set to take effect on April 2. That same day, the U.S. has also vowed to impose matching tariffs on other countries equal to their levies on American imports.",-0.025,0.25
818,"In February, air travel from Canada to the U.S. fell a modest 2%, presumably because fliers had already booked and paid for their trips before tensions between the two nations surged, Tourism Economics said. But cross-border trips from Canada by car fell 24% the same month, the group found.",0.05,0.5125
819,"Canadians made more than 20 million visits to the U.S. in 2024, accounting for $20.5 billion in spending, according to the U.S. Travel Association.",0.5,0.5
820,"Instead of heading south, more Canadians are likely to travel within the country or head to locales in the Caribbean and Latin America, Tourism Economics President Adam Sacks told CBS MoneyWatch.",0.25,0.75
821,"In a speech last month, former Canadian Prime Minister Justin Trudeau urged residents to ""choose Canada"" and travel domestically. ""It might mean changing your summer vacation plans to stay here in Canada and explore the many national and provincial parks, historical sites and tourist destinations our great country has to offer,"" he said.",0.16458333333333333,0.33402777777777776
822,"Other factors are dampening travel to the U.S., according to Tourism Economics. That includes the U.S. threatening 200% tariffs on European wine and Mr. Trump's fierce criticism of the EU's trade policies, along with the White House's handling of Russia's war on Ukraine, Sacks said.",-0.041666666666666664,0.125
823,"""You get the perception that the U.S. is sympathetic to Russia in a conflict where they are the clear aggressor, and Western Europe is advocating for Ukraine,"" he said. ""So there are three different levels, including recent tensions around handling Ukraine, that could affect European sentiment toward the U.S. and therefore their interest in traveling to the U.S.""",0.09999999999999999,0.37222222222222223
824,"Americans contribute substantially to domestic tourism, and they, too, are expected to pull back on travel spending this year amid signs of slowing economic growth. Citing the potential hit from U.S. tariffs, the Federal Reserve on Wednesday lowered its outlook for economic growth this year to 1.7%, while forecasting a rise in inflation.",0.05000000000000001,0.31666666666666665
825,"U.S. airlines including Delta, Southwest and United have all recently cut their 2025 earnings forecasts because of lower consumer demand stemming from rising economic uncertainty.",0.1,0.225
826,"""With weaker job and income growth and greater uncertainty, households and businesses will pull back on travel spending,"" Tourism Economics said. ""Tariffs are expected to raise the prices paid by U.S. consumers, having a negative impact to lower-income households in particular and applying further pressure on performance at hotels in lower tier chain scales.""",0.04444444444444445,0.35555555555555557
827,"Tourism Economics projects a 1.4% overall decline in domestic U.S. travel, which it attributed to weaker economic growth and consumers' reduced purchasing power.",0.06666666666666667,0.10000000000000002
828,"""Whatever one might think of these policies, their merits and longer term goals, the immediate effects are categorically negative,"" Sacks said of the Trump administration's tariffs.",-0.3,0.4
829,"Megan Cerullo is a New York-based reporter for CBS MoneyWatch covering small business, workplace, health care, consumer spending and personal finance topics. She regularly appears on CBS News 24/7 to discuss her reporting.",-0.02840909090909091,0.30786713286713285
830,© 2025 CBS Interactive Inc. All Rights Reserved.,0.0,0.0
831,"Updated on:  March 19, 2025 / 2:08 PM EDT          / CBS News",0.0,0.0
832,Ben & Jerry's says its parent company Unilever unlawfully fired its CEO David Stever over disputes involving the brand's social mission and taking a stance on polarizing political issues.,0.016666666666666666,0.08333333333333334
833,"In an amended complaint filed in the Southern District of New York late Tuesday, the ice cream brand known for its outspoken views on human rights and the environment, said that UK-based Unilever's dismissal of Stever violated a merger agreement which prevents the unilateral removal of Ben & Jerry's CEO.",-0.1606060606060606,0.34242424242424246
834,"The 2000 agreement stipulates that the CEO's removal can only occur ""after good faith consultation with, and the participation in the discussion of, an advisory committee of the Company Board,"" according to the Vermont-based company's complaint. The independent board, it says, was established for communicating the brand's social mission and brand identity.",0.08666666666666666,0.3983333333333333
835,"Ben & Jerry's independent board and Unilever have consistently clashed over the brand's public stance on social matters. In 2022, Ben & Jerry's sued Unilever for stopping the company from halting sales of its products in the occupied West Bank. A federal judge later rejected the request.",0.056666666666666664,0.10166666666666666
836,"""For over four decades, the company has pursued its unique Social MIssion via its public, progressive stances on issues such as migrant justice, LGBTQ+ rights, Black Lives Matter, GMO labeling, and a variety of other economic and social causes affecting historically marginalized communities,"" the complaint states. ""Unilever has repeatedly halted Ben & Jerry's social mission in direct contravention of the settlement agreement.""",0.015277777777777777,0.28125000000000006
837,"Stever, the ousted CEO, had been a 34-year veteran of the company, starting his career in 1988 as a tour guide, according to Ben & Jerry's website. Before assuming the role of CEO, he served as the company's chief marketing officer for 12 years. His appointment to the top post marked the first time a staff member had been promoted to CEO from within the company.",0.16999999999999998,0.30666666666666664
838,"Ben & Jerry's initial lawsuit, filed in November 2024, accused Unilever of blocking it from speaking out in support of Palestinian refugees, thereby engaging in ""inappropriate muzzling."" According to the complaint, Unilever threatened ""Ben & Jerry's personnel should the company speak out regarding issues that Unilever prefers to censor.""",0.03333333333333335,0.3
839,"On March 3, Unilever took steps to remove and replace Stever as CEO. The lawsuit alleges that rather than  performance issues, Unilever's ""motive for removing Mr. Stever is his commitment to Ben & Jerry's social mission and essential brand integrity and his willingness to collaborate in good faith with the independent board.""",0.18333333333333332,0.2729166666666667
840,Neither Unilever nor Ben & Jerry's responded to CBS MoneyWatch's requests for comment.,0.0,0.0
841,"Megan Cerullo is a New York-based reporter for CBS MoneyWatch covering small business, workplace, health care, consumer spending and personal finance topics. She regularly appears on CBS News 24/7 to discuss her reporting.",-0.02840909090909091,0.30786713286713285
842,© 2025 CBS Interactive Inc. All Rights Reserved.,0.0,0.0
843,"November 7, 2024 / 10:44 PM EST          / CBS News",0.0,0.0
844,"When Huntington Beach, Calif., detectives searched Rodney Alcala's Seattle storage locker during the murder investigation of 12-year-old Robin Samsoe in 1979, they discovered a cache of photos, many of them young women in suggestive, and even pornographic poses.",0.3,0.45
845,"In March 2010, after a third jury in 30 years handed Alcala a death sentence, Huntington Beach police released more than 100 of those photos hoping to identify the women and some children, and learn if Alcala claimed still more victims.   Most of those who have been identified are alive and well.",0.32,0.38
846,An unidentified woman in an image from Rodney Alcala's photo cache.,0.0,0.0
847,Unidentified women in an image from Rodney Alcala's photo cache.,0.0,0.0
848,An unidentified woman in an image from Rodney Alcala's photo cache.,0.0,0.0
849,An unidentified woman in an image from Rodney Alcala's photo cache.,0.0,0.0
850,An unidentified woman in an image from Rodney Alcala's photo cache.,0.0,0.0
851,Unidentified women in an image from Rodney Alcala's photo cache.,0.0,0.0
852,An unidentified woman in an image from Rodney Alcala's photo cache.,0.0,0.0
853,An unidentified woman in an image from Rodney Alcala's photo cache.,0.0,0.0
854,An unidentified woman in an image from Rodney Alcala's photo cache.,0.0,0.0
855,An unidentified child in an image from Rodney Alcala's photo cache.,0.0,0.0
856,An unidentified child in an image from Rodney Alcala's photo cache.,0.0,0.0
857,An unidentified woman in an image from Rodney Alcala's photo cache.,0.0,0.0
858,An unidentified woman in an image from Rodney Alcala's photo cache.,0.0,0.0
859,An unidentified woman in an image from Rodney Alcala's photo cache.,0.0,0.0
860,An unidentified woman in an image from Rodney Alcala's photo cache.,0.0,0.0
861,An unidentified woman in an image from Rodney Alcala's photo cache.,0.0,0.0
862,An unidentified woman in an image from Rodney Alcala's photo cache.,0.0,0.0
863,An unidentified woman in an image from Rodney Alcala's photo cache.,0.0,0.0
864,An unidentified woman in an image from Rodney Alcala's photo cache.,0.0,0.0
865,An unidentified woman in an image from Rodney Alcala's photo cache.,0.0,0.0
866,An unidentified woman in an image from Rodney Alcala's photo cache.,0.0,0.0
867,An unidentified woman in an image from Rodney Alcala's photo cache.,0.0,0.0
868,An unidentified woman in an image from Rodney Alcala's photo cache.,0.0,0.0
869,Unidentified women in an image from Rodney Alcala's photo cache.,0.0,0.0
870,An unidentified woman in an image from Rodney Alcala's photo cache.,0.0,0.0
871,An unidentified woman in an image from Rodney Alcala's photo cache.,0.0,0.0
872,An unidentified woman in an image from Rodney Alcala's photo cache.,0.0,0.0
873,An unidentified woman in an image from Rodney Alcala's photo cache.,0.0,0.0
874,An unidentified woman in an image from Rodney Alcala's photo cache.,0.0,0.0
875,An unidentified child in an image from Rodney Alcala's photo cache.,0.0,0.0
876,An unidentified woman in an image from Rodney Alcala's photo cache.,0.0,0.0
877,An unidentified woman in an image from Rodney Alcala's photo cache.,0.0,0.0
878,An unidentified woman in an image from Rodney Alcala's photo cache.,0.0,0.0
879,An unidentified woman in an image from Rodney Alcala's photo cache.,0.0,0.0
880,An unidentified woman in an image from Rodney Alcala's photo cache.,0.0,0.0
881,An unidentified woman in an image from Rodney Alcala's photo cache.,0.0,0.0
882,Unidentified people in an image from Rodney Alcala's photo cache.,0.0,0.0
883,An unidentified woman in an image from Rodney Alcala's photo cache.,0.0,0.0
884,An unidentified woman in an image from Rodney Alcala's photo cache.,0.0,0.0
885,An unidentified woman in an image from Rodney Alcala's photo cache.,0.0,0.0
886,An unidentified woman in an image from Rodney Alcala's photo cache.,0.0,0.0
887,An unidentified woman in an image from Rodney Alcala's photo cache.,0.0,0.0
888,An unidentified woman in an image from Rodney Alcala's photo cache.,0.0,0.0
889,An unidentified woman in an image from Rodney Alcala's photo cache.,0.0,0.0
890,An unidentified woman in an image from Rodney Alcala's photo cache.,0.0,0.0
891,An unidentified woman in an image from Rodney Alcala's photo cache.,0.0,0.0
892,An unidentified woman in an image from Rodney Alcala's photo cache.,0.0,0.0
893,An unidentified woman in image from Rodney Alcala's photo cache.,0.0,0.0
894,An unidentified woman in image from Rodney Alcala's photo cache.,0.0,0.0
895,An unidentified woman in image from Rodney Alcala's photo cache.,0.0,0.0
896,An unidentified woman in image from Rodney Alcala's photo cache.,0.0,0.0
897,An unidentified person in an image from Rodney Alcala's photo cache.,0.0,0.0
898,An unidentified woman in image from Rodney Alcala's photo cache.,0.0,0.0
899,An unidentified woman in image from Rodney Alcala's photo cache.,0.0,0.0
900,An unidentified woman in image from Rodney Alcala's photo cache.,0.0,0.0
901,An unidentified woman in image from Rodney Alcala's photo cache.,0.0,0.0
902,An unidentified woman in image from Rodney Alcala's photo cache.,0.0,0.0
903,An unidentified woman in image from Rodney Alcala's photo cache.,0.0,0.0
904,An unidentified woman in image from Rodney Alcala's photo cache.,0.0,0.0
905,An unidentified child in image from Rodney Alcala's photo cache.,0.0,0.0
906,An unidentified woman in image from Rodney Alcala's photo cache.,0.0,0.0
907,An unidentified woman in an image from Rodney Alcala's photo cache.,0.0,0.0
908,An unidentified woman in an image from Rodney Alcala's photo cache.,0.0,0.0
909,An unidentified woman in an image from Rodney Alcala's photo cache.,0.0,0.0
910,An unidentified woman in an image from Rodney Alcala's photo cache.,0.0,0.0
911,Unidentified women in an image from Rodney Alcala's photo cache.,0.0,0.0
912,"Updated on:  March 19, 2025 / 4:42 PM EDT          / CBS News",0.0,0.0
913,"Google says it uncovered thousands of illegitimate listings, including for fake businesses, on Google Maps and has announced a lawsuit against the alleged scammers behind the fraud.",-0.3333333333333333,0.6
914,"The lawsuit, announced Wednesday, claims a man working within a wider network, created and sold fake business profiles on Google Maps.",-0.5,1.0
915,An initial alert came from a Texas business that flagged an unlicensed locksmith impersonating them on Google Maps. That was just the tip of the iceberg.,0.0,0.0
916,"The claim sparked an investigation that led Google to uncover and eliminate more than 10,000 illegitimate listings, the company said. The scams ranged from outright fake businesses to legitimate accounts that had been hacked or hijacked.",0.0,0.75
917,"""Once we're alerted to the actual fraud, we take extreme efforts to identify similar fraudulent listings,"" Halimah DeLaine Prado, Google's general counsel, said on ""CBS Mornings Plus"" Wednesday.",-0.018749999999999996,0.5
918,"Google found many of the scams were concentrated in what they call ""duress verticals"" – services people need in urgent or stressful situations, like locksmiths or towing companies.",0.5,0.5
919,"""Scammers are becoming increasingly sophisticated,"" DeLaine Prado said.",0.475,0.925
920,"Google's investigation also uncovered that these alleged scammers aren't working alone. They collaborate with agents around the world and leverage social media to increase their reach. One example in the lawsuit shows an alleged scammer posted in multiple Facebook groups to advertise ""5 star reviews"" that can bypass Google's guidelines.",-0.04166666666666667,0.06666666666666668
921,DeLaine Prado listed several distinctive tactics the Google Maps' scammers used.,0.0,0.0
922,"First, the bait and switch. This is when someone searches for a local service but instead of reaching a licensed professional, they fall for a fake listing.",-0.037500000000000006,0.35833333333333334
923,"Other times, consumers call a real company but that number is intercepted and routed through a ""lead generation service,"" which sends the call to the scammers.",0.037500000000000006,0.3375
924,"Either way, the consumer gets connected with a completely different company than the one they thought they were reaching out to.",0.0,0.6
925,"Then, the scam service arrives and often demands a significantly higher price than the original quote. Google says because the scam targets people in ""duress verticals"" the customer is typically in a vulnerable situation, which these bad actors exploit.",-0.14374999999999996,0.6041666666666666
926,"As always, if something seems off, stop what you're doing and try to verify the legitimacy of the company.",0.0,0.0
927,"""Pause, take a moment,"" DeLaine Prado advised. She said users should check the company's URL and phone number to make sure they match the business as advertised.",0.5,0.8888888888888888
928,"Another red flag to beware of is if the company asks for more information than necessary, like your social security number just to join a mailing list.",0.13333333333333333,0.39166666666666666
929,DeLaine Prado also warned consumers to be on alert if they're being asked to pay for services in an unconventional way like paying through gift cards or a wire transfer.,0.0,0.0
930,"Fake business listings are prohibited on Google Maps and the company says it uses a range of tools, from automated programming to analysts, to identify fraud on the platform.",-0.5,1.0
931,"""Online business profiles are incredibly valuable to businesses, as well as consumers,"" DeLaine Prado said. ""Small and medium businesses use those listings for 'word of mouth,' discoverability.""",0.325,0.65
932,"But it's not just listings. Google's lawsuit also outlines how the network of alleged scammers sold fraudulent positive reviews to businesses as a way to suppress real, bad reviews on the platform.",-0.29090909090909095,0.5484848484848485
933,"""Consumers use the reviews under those listings to actually make decisions based on what service to use or not to use,"" DeLaine Prado said. ""A fake profile and a fake review undermines the trust that you have in that ecosystem.""",-0.3333333333333333,0.7000000000000001
934,"This lawsuit is not Google's first swipe at scammers. The company told CBS News it removed or blocked about 12 million fake business profiles in 2023, about a million more than in the year prior.",0.0625,0.4583333333333333
935,Google told CBS News it plans to donate any damages it wins in this case to organizations working to fight scams.,0.3,0.2
936,"Kara Fellows is a member of the CBS News Confirmed team, focused on exposing misinformation.",0.4,1.0
937,© 2025 CBS Interactive Inc. All Rights Reserved.,0.0,0.0
938,"Updated on:  March 19, 2025 / 9:00 PM EDT          / CBS News",0.0,0.0
939,"Tel Aviv — For a second night in a row, Israel's military launched airstrikes across the Gaza Strip, killing at least 13 more people by early Wednesday after more than 400 were killed the previous day, according to health officials in the Hamas-run Palestinian territory.",0.04166666666666666,0.24583333333333335
940,"Israel's military said it had targeted a Hamas military site in the enclave's southern al-Mawasi humanitarian zone, near the border with Egypt. At least two civilians were among those killed Wednesday, according to the Red Crescent.",-0.08571428571428573,0.14285714285714285
941,"Separately, the United Nations agency UNOPS, which helps implement humanitarian, development and peacebuilding projects around the world, said Wednesday that one of its staffers had apparently been killed in a blast in the central Gaza city of Deir al-Balah.",-0.05000000000000001,0.19999999999999998
942,"""Reports are coming in that a UNOPS colleague has been killed in a detonation in Deir al Balah. It is understood that UNOPS accommodation was hit at approximately 11:30 a.m. this morning,"" the agency said.",-0.30000000000000004,0.3
943,"The statement from UNOPS came a couple hours after Israel's military issued a statement denying reports that it had struck ""a U.N. compound"" in Deir al-Balah, and adding a call for ""media outlets to act with caution regarding unverified reports.""",-0.1,0.1
944,"The mounting deaths come after Israel definitively ended a two-month ceasefire with Hamas before dawn Tuesday, resuming full-scale military operations in Gaza and threatening to ramp up its assault further. Prime Minister Benjamin Netanyahu, in a national address Tuesday night, vowed more strikes to force Hamas to release all of the remaining 59 hostages held in Gaza, about two dozen of whom are still believed to be alive.",0.125,0.375
945,"On Wednesday, Israel said it launched a ""limited ground operation"" in northern Gaza to retake part of a corridor that bisects it, The Associated Press reported.",-0.07142857142857142,0.14285714285714285
946,"Even before Israel resumed military operations it had halted all humanitarian aid deliveries to Gaza, drawing warnings from aid agencies and the United Nations that civilians would suffer unduly for the impasse in talks aimed at extending the ceasefire.",-0.1,0.1
947,"Dr. Marc Perlmutter, an American surgeon who has been volunteering at the al-Aqsa hospital in Deir al-Balah, northern Gaza, told CBS News on Tuesday that the facility was struggling to cope with the influx of new patients wounded by Israel's attacks, and that young Palestinians were among those with the worst injuries.",-0.19090909090909092,0.4636363636363636
948,"""The level of bodily damage that these children get in particular is insane. My surgeries there consisted of 4- and 5- and 6-year-old kids with significant nerve injuries, and I've had to borrow nerves from both of their legs to graft nerves in their arms,"" he told CBS News in a phone interview. ""Israel has no trouble bombing hospital grounds. Fifty feet from me is a mosque that was thoroughly destroyed. There's no inhibition on their part to focus on population centers.""",-0.07166666666666668,0.5016666666666667
949,Perlmutter said given the complete lack of medical supplies – he doesn't even have soap to wash his hands – made it impossible to properly treat some of the children coming in with grave injuries.,-0.14166666666666666,0.375
950,"Speaking of one boy, he said ""it would be a blessing if this kid passed, because of the amount of pain and the amount of destruction in his body – and our ability to deal with it in this setting is impossibly limited – and there's no place to transfer him to. There's no level-one trauma center. They're all overwhelmed.""",-0.08571428571428572,0.12142857142857143
951,"Black plumes rose along Israel's border fence with Gaza on Tuesday as the tired but unrelenting mother of Israeli hostage Matan Zangauker, holding a smoke canister up to the sky, angrily protested Netanyahu's resumption of military operations.",-0.11333333333333333,0.6366666666666666
952,"""Don't let the prime minister and the members of his government sacrifice the lives of my son Matan and of all the other living hostages just to remain in power,"" shouted Zangauker, a prominent leader of the protests that happen every week. ""We will not give up on you, we will not allow a return to fighting.""",0.1875,0.6875
953,"Hamas terrorists kidnapped her 25-year-old son from Kibbutz Nir Oz during the unprecedented massacre on Oct. 7, 2023.",0.6,0.9
954,"Demonstrations, led by hostages' families, have exploded across Israel since the strikes in Gaza resumed, with thousands rallying regularly outside Israel's legislature, the Knesset, in Jerusalem and Israel's military headquarters, the Kirya, in Tel Aviv.",-0.05,0.07500000000000001
955,"""I don't think they're listening. I don't think that they're listening to the people… to the people who elected them,"" hostage supporter Carmeet Roth told CBS News at a new tent encampment outside the defense complex. She said she was ""horrified"" when Israel's military relaunched airstrikes on Gaza after nearly two months of a fragile ceasefire. Her hopes for more hostages coming out alive have fallen.",0.054545454545454536,0.35056818181818183
956,"""I think it is much less likely,"" she said, shaking her head. ""We've seen it before. I mean, it never brought them back. Only agreements and deals brought them back. That's the way to move forward.""",-0.0798611111111111,0.45902777777777776
957,"National polls consistently show a majority of Israelis – 70% in a February survey -- want the ceasefire plan agreed to by Israel and Hamas, which was negotiated by the U.S., Egypt and Qatar, to continue as originally laid out. A second phase of that plan, which should have begun on March 1, stipulated the release of more living hostages in exchange for the full withdrawal of Israel's military from Gaza.",0.22916666666666666,0.35833333333333334
958,"Israel, with support from the Trump administration, demanded a change to those terms as Phase-1 of the agreement ended, however, accusing Hamas of breaching the deal and calling for an extension of the first phase under a new plan it attributed to the White House.",0.12878787878787878,0.2626262626262626
959,"Retired General Israel Ziv knows a lot about how Israeli forces operate in the Gaza Strip. He commanded the military's Gaza division during the last major clash in the early 2000s, which, while it paled in comparison to the current war, saw heavy casualties on both sides.",-0.012499999999999999,0.3380952380952381
960,"But the 30-year veteran warned that Israel's military may have reached its limit in forcing Hamas to bend to the will of Netanyahu and his far-right government, which has vowed repeatedly to achieve its stated goal of destroying Hamas.",-0.10000000000000002,0.03333333333333333
961,"""You can go up to, let's say, 80%, 90% of destroying the Hamas,"" he said. ""But this last 10%, which is the hardest and the most problematic one, you cannot achieve militarily.""",0.049999999999999996,0.16666666666666666
962,"Ziv said only a political solution could bring a lasting peace between Israel and Hamas, and he accused Netanyahu of operating ""without enough courage to bring some political solutions to the table.""",0.0,0.34
963,Ziv said Netanyahu was stuck with a Catch-22: Vowing to free the remaining hostages safely while at the same time trying to kill the people who are holding them.,0.3,0.47500000000000003
964,"Israel Defense Forces International spokesman Nadav Shoshani insists the military is ready to increase pressure on Hamas, and that doing so would bring the remaining hostages home.",0.03333333333333333,0.19999999999999998
965,"""We're ready with a different set of plans, including more troops on the ground and a ground operation if needed,"" he told CBS News at a briefing this week. ""History shows that the military pressure could bring back hostages.""",0.12,0.34
966,Ziv disagrees with that assessment.,0.0,0.0
967,"""We know over a year now that military pressure does not bring back the hostages,"" he said. ""And in some cases, the other way - it kills them. It kills hostages.""",-0.075,0.15833333333333333
968,"""To my opinion, unfortunately, if we keep on just with those raids and attacks, I think we're going to see more hostages dead.""",-0.06666666666666667,0.6333333333333333
969,"Ramy Inocencio is a CBS News foreign correspondent based in London, covering Europe and the Middle East. He joined the Network in 2019 as CBS News' Asia correspondent, based in Beijing and reporting across the Asia-Pacific, bringing two decades of experience working and traveling between Asia and the United States.",-0.0625,0.0625
970,© 2025 CBS Interactive Inc. All Rights Reserved.,0.0,0.0
971,"Updated on:  March 19, 2025 / 8:30 PM EDT          / CBS News",0.0,0.0
972,Washington — A federal judge on Wednesday declined to block the White House Department of Government Efficiency's efforts to take over the U.S. Institute of Peace while a legal challenge to President Trump's actions targeting the nonprofit organization moves forward.,0.1,0.1
973,U.S. District Judge Beryl Howell swiftly moved to consider whether to void the removal of several board members just days after some of them received an email from the White House Presidential Personnel Office informing them that they had been terminated. She was also asked to block staff with DOGE from having access to the Institute of Peace facilities.,0.0,0.0
974,"Howell, who sits on the U.S. District Court in Washington, D.C., convened a hearing Wednesday afternoon after five of the removed board members — Ambassador John Sullivan, Judy Ansley, Joseph Falk, Kerry Kennedy and Mary Swig — filed a lawsuit Tuesday that challenged their firing and what they said was an ""unlawful assault"" on the Institute of Peace, which was established by Congress in 1984.",0.0,0.0
975,"In addition to the board members, the institute's president, George Moose, was also fired by ex officio board members, Secretary of State Marco Rubio, Defense Secretary Pete Hegseth and Vice Admiral Peter Garvin. Kenneth Jackson was then installed as the acting president of the Institute of Peace.",0.0,0.0
976,"Howell said that ""none of the requirements for removal of a board member were met"" in this case, and added that even if she did reinstate them, because of the president's control over the agency, their power during the period when they were reinstated would be ""very limited.""",-0.09285714285714286,0.18571428571428572
977,"In denying the former board members' request for relief, Howell said it is ""undisputed"" that their removals were not in accordance with federal law, but found that they had not made the required showing for a temporary restraining order.",0.0,0.0
978,"Still, Howell had harsh words for DOGE and Trump administration officials' treatment of Institute of Peace employees, including Moose.",-0.2,0.7
979,"""I am very offended by how DOGE has operated at the institute and treated American citizens trying to do a job that they were"" tasked to do, she said.",0.1,0.15
980,"The dispute over the Institute of Peace burst into public view earlier this week when DOGE team members attempted to gain access to the entity's Washington, D.C., headquarters. The institute said in a statement Saturday that several DOGE members arrived at its building ""unannounced"" on Friday and were accompanied by two FBI agents.",0.0,0.18888888888888888
981,"The officials were met by the institute's outside counsel, George Foote, who informed them of the organization's ""private and independent status as a non-executive branch agency,"" according to the statement. The DOGE representatives then left, the agency said.",0.0,0.1375
982,"But on Monday, Moose, the institute's removed president, said in a statement that DOGE had ""broken"" into the building and were able to gain access through an employee of the Institute of Peace's former security contractor, Inter-Con Security Systems, according to court filings.",0.033333333333333326,0.3416666666666666
983,"Foote, the outside counsel, told the Inter-Con employees they were trespassing and called the Washington, D.C., Metropolitan Police Department to report their entry, according to the filings.",0.0,0.05
984,"The institute board members said in their lawsuit that Inter-Con and DOGE personnel ""engaged in additional attempts to unlawfully access the USIP headquarters building, but were eventually able to enter the building, forcibly occupy it, and expel including the duly appointed USIP President, other USIP personnel, and outside counsel.""",0.21875,0.5125
985,"The board members had asked Howell to issue a temporary restraining order blocking Jackson, Trump administration officials and DOGE employees from accessing the Institute of Peace's facilities, computer systems or records. They also sought an order declaring their removal unlawful and void, and preventing their firing.",0.0,0.0
986,"During the hearing Wednesday, Howell on numerous occasions expressed dismay about the presence of law enforcement alongside DOGE staff.",0.0,0.5
987,"""The defendants have not wasted any time bringing in armed law enforcement to help them,"" she said about the alleged takeover of the building.",0.0,0.05
988,"She reiterated that she was ""offended on behalf of the American citizens who have done so much … service to this country to be treated so abominably.""",0.1,0.1
989,"During an exchange with a Justice Department lawyer, Howell questioned whether Mr. Trump could've gone to the GOP-led Congress to ask for the law establishing the Institute of Peace be changed or used his appointment power to remove and replace members of the board ""rather than taking apart the institute"" with police.",0.0,0.0
990,"What are the lawful ways to act against Institute of Peace ""without using the force of guns and threats by DOGE,"" she asked.",0.0,0.0
991,The Institute of Peace is the latest organization to come under scrutiny by the Trump administration and DOGE as part of the president's initiative to scale down the size of the federal government. Many of these actions have since been challenged in the federal courts as unlawful.,0.2814814814814815,0.562962962962963
992,"Melissa Quinn is a politics reporter for CBSNews.com. She has written for outlets including the Washington Examiner, Daily Signal and Alexandria Times. Melissa covers U.S. politics, with a focus on the Supreme Court and federal courts.",0.0,0.0
993,© 2025 CBS Interactive Inc. All Rights Reserved.,0.0,0.0
994,"Updated on:  March 20, 2025 / 8:55 AM EDT          / CBS News",0.0,0.0
995,"Washington — President Trump on Thursday will sign an executive order to begin dismantling the Department of Education, according to the White House.",0.0,0.0
996,"The signing has been in the works for weeks and will be marked by an event at the White House in which several Republican governors, including Mr. Trump's former rival Florida Gov. Ron DeSantis, are expected to attend.",0.0,0.2
997,"""President Trump's executive order to expand educational opportunities will empower parents, states, and communities to take control and improve outcomes for all students,"" White House spokesperson Harrison Fields said in a statement Wednesday.",0.125,0.125
998,"But completely eliminating the department would require congressional approval, which isn't certain.",0.15714285714285714,0.4857142857142857
999,"Dismantling the Department of Education has long been a goal for Republicans, dating back to the Reagan administration. Hours after Education Secretary Linda McMahon was confirmed by the Senate, she issued a memo with the subject line ""Our Department's Final Mission."" The memo said ""this is our opportunity to perform one final, unforgettable public service to future generations of students. I hope you will join me in ensuring that when our final mission is complete; we will be able to say that we left American education freer, stronger, and with more hope for the future.""",0.13020833333333334,0.4734375
1000,"A senior administration official said student loans, Title I, which provides financial assistance to school districts for children from low-income families, and the Individuals with Disabilities Education Act will not be changed by the executive order. It's unclear, however, which federal entity would be responsible for them if the Education Department is dissolved.",0.1,0.275
1001,"Mr. Trump has previously said student loans could be ""brought into either Treasury or Small Business Administration or Commerce.""",-0.20833333333333331,0.2833333333333333
1002,Jennifer Jacobs is a senior White House reporter at CBS News.,0.0,0.0
1003,© 2025 CBS Interactive Inc. All Rights Reserved.,0.0,0.0
1004,"Updated on:  March 18, 2025 / 9:03 PM EDT          / CBS/AP",0.0,0.0
1005,"Deir al-Balah, Gaza Strip — Israel has launched new strikes in the Gaza Strip, killing more than 400 people, according to the Palestinian territory's Hamas-run Health Ministry, and promising to wield ""increasing military force"" after talks on further hostage releases stalled, according to officials on both sides of the war. The resumption of Israel's war against Hamas on Monday came after almost two months of relative calm in Gaza under a ceasefire the U.S. helped to broker, but which Israel and Hamas could not agree on how to continue.",0.14805194805194807,0.40064935064935064
1006,"Israeli Prime Minister Benjamin Netanyahu's office said in a statement its military is ""currently attacking targets of the Hamas terrorist organization throughout the Gaza Strip, with the aim of achieving the war goals as determined by the political echelon, including the release of all our hostages — living and dead.""",-0.07500000000000001,0.25
1007,"""From now on, Israel will act against Hamas with increasing military force,"" the prime minister's office said.",-0.1,0.1
1008,"The health ministry in Gaza, a densely populated coastal enclave that has been run by the U.S.- and Israeli-designated terrorist organization Hamas for almost two decades, said at least 404 people had been killed in Israel's fresh strikes by midday on Tuesday. Video from the territory showed bodies lined up on the floors of hospitals as more casualties streamed in.",0.075,0.35
1009,The statement from Netanyahu's office said Israel was resuming strikes because of Hamas' repeated refusals to release its hostages and its rejection of all offers it received from the U.S. presidential envoy Steve Witkoff and mediators.,0.1,0.0
1010,"""If Hamas does not release all the kidnapped, the gates of hell will open in Gaza and Hamas' murderers and rapists will meet the IDF with forces they have never known before,"" Defense Minister Israel Katz said. ""We will not stop fighting until all the kidnapped return home and all the war's goals are achieved.""",0.0,0.5
1011,"Over the weekend, Witkoff warned that Hamas must release living hostages immediately ""or pay a severe price.""",0.0,0.0
1012,White House press secretary Karoline Leavitt said Monday evening that the Trump administration was consulted by the Israelis on their attacks in Gaza.,0.0,0.0
1013,"""Hamas could have released hostages to extend the ceasefire but instead chose refusal and war,"" National Security Council spokesman Brian Hughes told CBS News on Monday.",0.0,0.0
1014,"The group representing the Israeli hostages' families condemned Netanyahu's decision to resume the fighting, accusing him of a ""complete deception,"" arguing that it would endanger the remaining captives, and quickly organizing a new protest against the move.",0.1898989898989899,0.4515151515151515
1015,"""The families' greatest fear has come true — the Israeli government has chosen to give up on the abductees. We are shocked, angry and anxious about the deliberate disruption of the process to return our loved ones from Hamas captivity,"" the Hostages and Missing Families Forum said in a statement.",0.057142857142857155,0.7571428571428571
1016,"""Returning to fighting before the last abductee is returned will come at the cost of the 59 abductees who are still in Gaza and could be saved and returned,"" the group said, accusing Netanyahu's government of having ""refused to declare an end to the war in order to implement the next steps in the [ceasefire] deal and return all the abductees.""",0.0,0.03333333333333333
1017,"The forum dismissed Netanyahu's claim that the resumption of fighting was intended to secure the remaining hostages' release as ""a complete deception.""",0.25,0.5
1018,"The forum said ""families are now making their way to Jerusalem and calling on the people of Israel to stand with them"" in a protest on Tuesday. ""There is nothing more urgent than this! With each passing day, the danger to the hostages grows. Military pressure could further endanger their lives and complicate efforts to bring them home safely.""",0.25625,0.4
1019,"United Nations human rights chief Volker Turk said he was ""horrified by last night's Israeli airstrikes and shelling in Gaza, which killed hundreds, according to the Ministry of Health in the strip,"" adding that it would ""add tragedy onto tragedy.""",-0.06666666666666667,0.05555555555555556
1020,"Farhan Haq, deputy spokesperson for U.N. Secretary-General Antonio Guterres, said the U.N. chief was ""shocked by the Israeli airstrikes in Gaza, in which a meaningful number of civilians have been killed. He strongly appeals for the ceasefire to be respected, for unimpeded humanitarian assistance to be reestablished and for the remaining hostages to be released unconditionally.""",0.008333333333333331,0.5083333333333333
1021,"Egypt, which helped negotiate the ceasefire along with the U.S. and Qatar, issued a statement condemning Israel's actions, which it called ""a flagrant violation of the ceasefire agreement and a dangerous escalation that threatens to have dire consequences for the stability of the region.""",-0.6,0.9
1022,"""Egypt reiterates its complete rejection of all Israeli attacks aimed at re-igniting tension in the region and thwarting efforts aimed at calming the situation and restoring stability. It calls on the international community to intervene immediately to halt the Israeli aggression on the Gaza Strip and prevent the region from re-entering a new cycle of violence and counter-violence,"" Egypt's foreign ministry said.",0.02784090909090909,0.24488636363636362
1023,"Hamas also condemned the attacks, accusing Israel of breaching the ceasefire and putting the fate of the remaining hostages in jeopardy.",0.0,0.0
1024,"In a statement, Hamas said it would hold Netanyahu's government ""fully responsible for the repercussions of the treacherous aggression on Gaza, and for the defenseless civilians and our besieged Palestinian people, who are subjected to a brutal war and a systematic policy of starvation.""",-0.35833333333333334,0.7833333333333333
1025,"""Netanyahu and his extremist government have decided to overturn the ceasefire agreement, exposing the prisoners in Gaza to an unknown fate,"" said Hamas, adding a demand for the U.S. and its negotiating partners Egypt and Qatar to ""hold Netanyahu and the Zionist occupation fully responsible for violating and overturning the agreement.""",0.05,0.575
1026,"In a separate statement, Hamas spokesperson Abdul Latif al-Qanou said Israel's ""coordination with the U.S. administration prior to the attacks confirms the U.S. partnership in the genocide perpetrated against our people and its role in covering up Israeli war crimes.""",0.0,0.0
1027,"The new strikes come amid the Muslim holy month of Ramadan and after nearly two months of a ceasefire to pause the 17-month-long war that saw dozens of hostages released in exchange for nearly 2,000 Palestinian prisoners. The first phase of the ceasefire ended on March 1 but the pause in major fighting held until Monday.",0.1297727272727273,0.4175757575757576
1028,"Since the first phase of the ceasefire ended, the sides have not been able to agree on a way forward to a second phase aimed at releasing the nearly 60 remaining hostages and ending the war altogether. Netanyahu had repeatedly threatened to resume the war, and President Trump had also issued several warnings and ultimatums to Hamas — some contradicting the agreed-upon terms of the ceasefire —  as negotiations on a second phase of the ceasefire struggled to materialize.",0.14166666666666666,0.2263888888888889
1029,"Egypt, Qatar and the United States had been trying to mediate the next steps in the ceasefire.",0.0,0.0
1030,"Earlier in the month, Israel cut off aid into Gaza, stopping the entry of all goods and supplies into the Palestinian territory. Israel said the aid blockade was aimed at pressuring Hamas to accept a proposal drafted by the Trump administration to extend the first phase of the ceasefire. Under the proposal, Israel had demanded Hamas immediately hand over half of the remaining hostages held in Gaza, which would have been a significant change in the terms initially agreed to under the deal brokered by the U.S., Qatar and Egypt.",0.09166666666666667,0.375
1031,"On Friday, Hamas said it had accepted a proposal from mediators to release one living American-Israeli hostage and the bodies of four dual-nationals who had died in captivity. Netanyahu's office cast doubt on the offer last week, accusing the U.S. and Israeli-designated terrorist group of trying to manipulate talks underway in Qatar on the next stage of the Israel-Hamas ceasefire.",0.0,0.03333333333333333
1032,"In a separate Friday statement, Hamas official Husam Badran reaffirmed what he said was Hamas' commitment to fully implementing the ceasefire agreement in all its phases, warning that any Israeli deviation from the terms would return negotiations to square one.",0.0,0.0
1033,"The agreement had called for negotiations to begin on the ceasefire's more difficult second phase, in which the remaining hostages would be released and Israeli forces would withdraw from Gaza. Hamas is believed to have 24 living hostages and the bodies of 35 others.",0.0,0.5
1034,"The war erupted with Hamas' Oct 7, 2023, cross-border terrorist attack, which killed some 1,200 people and took 250 others hostage. Israel responded with a military offensive that killed over 48,000 Palestinians, according to local health officials, and displaced an estimated 90% of Gaza's population. The territory's Health Ministry doesn't differentiate between civilians and militants, but says over half of the dead have been women and children.",-0.14444444444444446,0.11111111111111112
1035,"While the ceasefire largely halted the fighting, Israel has left troops in Gaza throughout the past two months and continued to strike targets, claiming that Palestinians were trying to carry out attacks or approaching troops in no-go zones.   A number of strikes earlier Monday killed a total of 10 people, according to Palestinian officials.",-0.0336734693877551,0.2755102040816327
1036,"© 2025 CBS Interactive Inc. All Rights Reserved. This material may not be published, broadcast, rewritten, or redistributed. The Associated Press contributed to this report.",0.0,0.0
1037,"Updated on:  March 17, 2025 / 1:32 PM EDT          / CBS/AFP",0.0,0.0
1038,"The James Webb Space Telescope has directly observed the key chemical of carbon dioxide in planets outside of our solar system for the first time, scientists announced Monday.",0.0875,0.4458333333333333
1039,"The gas giants are not capable of hosting extraterrestrial life, but do offer clues in a lingering mystery about how distant planets form, according to a study in The Astrophysical Journal.",-0.1,0.375
1040,"The HR 8799 system, 130 light years from Earth, is only 30 million years old — just a baby compared to our solar system's 4.6 billion years. A U.S.-led team of researchers used Webb to directly detect carbon dioxide in the atmosphere of all four of the system's known planets, according to the study.",0.15,0.575
1041,"""Webb's new images of two iconic systems, HR 8799 and 51 Eridani, and their planets have stunned researchers, and provided additional information into the chemical make-up of the young gas giants,"" NASA said in a statement.",0.24545454545454545,0.4515151515151515
1042,"They used Webb's coronagraph instruments, which block the light from bright stars to get a better view of the planets revolving around them.",0.5333333333333333,0.6666666666666666
1043,"""It's like putting your thumb up in front of the sun when you're looking up at the sky,"" lead study author William Balmer, an astrophysicist at Johns Hopkins University, told AFP.",0.0,0.0
1044,"Normally, the Webb telescope only detects exoplanets by glimpsing them when they cross in front of their host star.",0.049999999999999996,0.5499999999999999
1045,"This ""transiting method"" was how Webb indirectly detected CO2 in the atmosphere of the gas giant WASP-39 in 2022.",0.0,1.0
1046,"But for this latest discovery, ""we're actually seeing the light that is emitted from the planet itself, as opposed to the fingerprint of that light from the host star,"" Balmer said.",0.325,0.6
1047,This is not easy — Balmer compared the process to using a torch to spot fireflies next to a lighthouse.,-0.10833333333333334,0.4166666666666667
1048,"While these gas giants may not be able to host life, it is possible that they had moons that could, he added.",0.25,0.8125
1049,There are missions currently under way to find out if there could be life in the vast oceans underneath the icy shells of several of Jupiter's moons.,-0.025,0.375
1050,"Carbon dioxide (CO2) is essential for life on Earth, making it a key target in the search for life elsewhere.",0.0,0.65
1051,"Because CO2 condenses into little ice particles in the deep cold of space, its presence can shed light on planetary formation.",-0.09687499999999999,0.6499999999999999
1052,"Jupiter and Saturn are believed to have first formed from a ""bottom up"" process in which a bunch of tiny, icy particles came together into a solid core which then sucked in gas to grow into giants, Balmer said.",0.0375,0.2583333333333333
1053,"So the new discovery is a ""key piece of proof"" that far-off planets can form in a similar way to those in our celestial backyard, Balmer said.",0.04545454545454545,0.6181818181818182
1054,But how common this is throughout the universe remains unclear.,-0.3,0.5
1055,"""Our hope with this kind of research is to understand our own solar system, life, and ourselves in the comparison to other exoplanetary systems, so we can contextualize our existence,"" Balmer said. ""We want to take pictures of other solar systems and see how they're similar or different when compared to ours. From there, we can try to get a sense of how weird our solar system really is—or how normal.""",0.08888888888888888,0.6111111111111112
1056,"Astronomers have now discovered nearly 6,000 exoplanets, many of them massive — and none of them known to be habitable.",0.19999999999999998,0.6333333333333333
1057,"The ""huge leap forward we need to make"" is to focus on smaller Earth-sized worlds, Balmer said.",0.20000000000000004,0.7
1058,NASA's Nancy Grace Roman space telescope will use a coronagraph to do that just after its planned launch in 2027.,0.0,0.0
1059,"Last year, the Webb telescope discovered carbon dioxide and hydrogen peroxide on the surface of Charon, Pluto's largest moon.",0.0,0.06666666666666667
1060,"Balmer hopes to use Webb to observe more four-planet systems, but added that future funding was now in question.",0.25,0.3125
1061,"Last week the Trump administration announced that NASA's chief scientist has been dismissed, indicating that more cuts were to come for the U.S. space agency.",0.25,0.2833333333333333
1062,"© 2025 CBS Interactive Inc. All Rights Reserved. This material may not be published, broadcast, rewritten, or redistributed. Agence France-Presse contributed to this report.",0.0,0.0
1063,We may receive commissions from some links to products on this page. Promotions are subject to availability and retailer terms.,-0.16666666666666666,0.3333333333333333
1064,"March 20, 2025 / 9:56 AM EDT          / CBS News",0.0,0.0
1065,"March Madness 2025 is finally here, bringing with it the heart-pounding action and unforgettable moments that make this tournament a can't-miss event. With 68 teams battling for college basketball's ultimate prize, fans everywhere are gearing up for weeks of buzzer-beaters, Cinderella stories and championship dreams.",0.225,0.775
1066,"Want to make sure you don't miss a single game? Whether you're a die-hard fan or just tuning in for the excitement, we've got you covered with everything you need to know about watching March Madness 2025, from streaming options to cable channels and game schedules — and there are even ways to watch this year's tournament for free.",0.005714285714285716,0.5406349206349207
1067,"Yes! If you're looking for ways to catch the action without spending extra money, there are several options:",0.03333333333333333,0.06666666666666667
1068,"If you're looking for ways to stream March Madness 2025 for free, multiple options are available. Paramount+ offers a free trial period, giving viewers access to games airing on CBS. With Paramount+ you'll have multiple viewing options to choose from. You can catch March Madness games on the Paramount+ Essential tier or you can watch with a Paramount+ with Showtime subscription. Get started with Paramount+ here today.",0.18571428571428572,0.32857142857142857
1069,"Many live TV streaming services, including Hulu + Live TV, YouTube TV and Sling TV, also provide free trials ranging from seven days to two weeks, allowing fans to watch games on CBS, TBS, TNT and truTV. The NCAA March Madness Live App also enables users to stream games for free, though some restrictions may apply after a certain period without a cable login. Just check the trial durations and cancel before they end to avoid unexpected charges.",0.2529220779220779,0.6464285714285714
1070,"If you've cut the cord, don't worry — there are plenty of streaming options to help keep you in the game since several platforms provide comprehensive coverage of the tournament.",-0.2,0.2
1071,"Paramount+ allows subscribers to stream all games airing on CBS. Hulu + Live TV includes CBS, TBS, TNT and truTV, ensuring access to every game. YouTube TV offers live streaming of all four networks covering the tournament, making it a reliable choice for fans who want seamless access.",0.014545454545454539,0.3
1072,"Sling TV includes TBS, TNT, and truTV in its packages, though CBS is only available with an additional antenna. DirecTV Stream also offers packages with all necessary channels for full tournament coverage, making it another solid option for viewers.",0.14166666666666666,0.5083333333333334
1073,"Most of these services also offer free trials for new users, making them great options for streaming the tournament.",0.4590909090909091,0.6261363636363637
1074,"Cable subscribers can watch March Madness 2025 on several major networks. CBS will air select games throughout the tournament, including the Final Four and the National Championship. TBS shares coverage duties with CBS, broadcasting numerous games. TNT will feature early-round matchups alongside TBS and truTV, while truTV will focus on the First Four and select early-round games. Channel numbers may vary by provider and region, so it's best to check local listings for details.",0.1875,0.3761904761904762
1075,Mark your calendars! Here's when the men's tournament games take place:,0.0,0.0
1076,Fans can visit the official NCAA March Madness page on Paramount+ for a detailed schedule and matchups.,0.4,0.75
1077,The women's tournament is set to deliver just as much excitement. Here's the schedule:,0.2,0.2
1078,Find full broadcast details and game times on the NCAA's official website.,-0.025000000000000022,0.47500000000000003
1079,"Angelica Leicht is senior editor for Managing Your Money, where she writes and edits articles on a range of personal finance topics. Angelica previously held editing roles at The Simple Dollar, Interest, HousingWire and other financial publications.",-0.05833333333333333,0.23976190476190476
1080,© 2025 CBS Interactive Inc. All Rights Reserved.,0.0,0.0
1081,"March 19, 2025 / 5:02 PM EDT          / CBS News",0.0,0.0
1082,"Nestlé USA is recalling Lean Cuisine and Stouffer's frozen meals sold by major U.S. retailers after consumer complaints of wood-like material, including ""one potential choking incident,"" the food giant said in a notice posted by the U.S. Food and Drug Administration.",0.020833333333333332,0.8333333333333334
1083,"The recall comes after consumers contacted Nestlé USA about the issue, the company said, adding that it is investigating the source of the suspect material and has taken action to address it.",0.1,0.1
1084,"Frozen meals impacted by the recall include Lean Cuisine Butternut Squash Ravioli, Lean Cuisine Spinach Artichoke Ravioli, Lean Cuisine Lemon Garlic Shrimp Stir Fry and Stouffer's Party Size Chicken Lasagna produced between September 2024 and March 2025, according to the notice published Tuesday by the FDA.",-0.6,0.95
1085,The recalled products were sold at Walmart stores in all 50 states and the District of Columbia. Kroger sold two of the recalled products — Lean Cuisine Butternut Squash Ravioli and Lean Cuisine Spinach Artichoke Ravioli — at its stores in multiple states.,0.0,0.0
1086,Here's a rundown of recalled products along with batch numbers:,0.0,0.0
1087,Lean Cuisine Butternut Squash Ravioli,0.0,0.0
1088,Batch number      Best-Before Date,0.0,0.0
1089,4261595912         October 2025,0.0,0.0
1090,4283595912         November 2025,0.0,0.0
1091,4356595912         January 2026,0.0,0.0
1092,5018595912         February 2026,0.0,0.0
1093,5038595912         March 2026,0.0,0.0
1094,Lean Cuisine Spinach Artichoke Ravioli,0.0,0.0
1095,Batch number      Best-Before Date,0.0,0.0
1096,4311595912         December 2025,0.0,0.0
1097,5002595912         February 2026,0.0,0.0
1098,5037595912         March 2026,0.0,0.0
1099,5064595912         April 2026,0.0,0.0
1100,Lean Cuisine Lemon Garlic Shrimp Stir Fry,0.0,0.0
1101,Batch number      Best-Before Date,0.0,0.0
1102,4214595511         September 2025,0.0,0.0
1103,Stouffer's Party Size Chicken Lasagna (96 ounces),-0.6,0.95
1104,Batch number      Best-Before Date,0.0,0.0
1105,4262595915       October 2025,0.0,0.0
1106,4351595915       January 2026,0.0,0.0
1107,5051595915       March 2026,0.0,0.0
1108,5052595915      March 2026,0.0,0.0
1109,Those who purchased the recalled frozen meals should not consume them but return them to the place of purchase for a replacement product or refund. Those with further questions can call Nestlé USA at 800-681-1676 Monday-Friday from 9 a.m.-6 p.m. EST.,0.0,0.5
1110,"Kate Gibson is a reporter for CBS MoneyWatch in New York, where she covers business and consumer finance.",0.13636363636363635,0.45454545454545453
1111,© 2025 CBS Interactive Inc. All Rights Reserved.,0.0,0.0
1112,"March 20, 2025 / 5:47 AM EDT          / CBS/AP",0.0,0.0
1113,"Prosecutors say they have evidence that the man charged in the stabbing deaths of four University of Idaho students bought a knife and knife sheath online in the months before the killings, newly released court documents show.",-0.2318181818181818,0.6272727272727273
1114,Prosecutors in Bryan Kohberger's trial filed a motion asking a judge to allow them to present his Amazon shopping activity as evidence during trial.,0.0,0.0
1115,"They also sought permission to show that a housemate of the victims saw a man with bushy eyebrows wearing a ski mask in the house in the early hours of Nov. 13, 2022, when the killings took place. In a court filing, prosecutors said they would present a photograph of Kohberger taken from his phone hours after the killings and let the jury decide whether he has bushy eyebrows.",0.05,0.15
1116,"Kohberger is charged with four counts of murder in the deaths of Ethan Chapin, Xana Kernodle, Madison Mogen and Kaylee Goncalves. The students were killed in the early morning at a rental home near their school's campus in Moscow, Idaho.",0.0,0.2333333333333333
1117,A judge previously entered a not-guilty plea on Kohberger's behalf. Kohberger's trial is scheduled to begin Aug. 11 and expected to last more than three months. Prosecutors have said they will seek the death penalty if he is convicted.,0.058333333333333334,0.2833333333333333
1118,"Prosecutors have said they matched ""touch DNA"" found on a knife sheath near one of the victims to DNA taken from Kohberger. A defense attorney pushed to have the DNA evidence thrown out, but Judge Steven Hippler denied that request last month.",0.05,0.23333333333333334
1119,"Court documents filed Monday said the state obtained a search warrant for Kohberger's Amazon activity pertaining to knives and accessories, his payment methods and details of items he added and removed from his cart.",0.0,0.0
1120,"Prosecutors said that search warrant was narrowly tailored to March 20 to March 30, 2022, the time they said Kohberger was known to have bought a Ka-Bar knife with sheath and sharpener from Amazon, and between Nov. 1 and Dec. 6 that year, dates falling weeks before and after the killings.",-0.2,0.4
1121,"In arguing the judge should admit the evidence, prosecutors said Kohberger's Amazon activity showing the purchase of a Ka-Bar knife and sheath before the homicides made it more probable that the Ka-Bar sheath found at the crime scene was his.",0.5,0.5
1122,Another new posting involves a map of all the times prosecutors say Kohberger's car was spotted on surveillance video near the crime scene before the murders.,0.11818181818181818,0.42727272727272725
1123,"Thousands of pages of court documents have been filed in the complicated case as attorneys on both sides attempt to set the ground rules for what will and won't be presented to jurors, but many of the court documents detailing both sides' plans for expert witnesses have been sealed.",0.0,0.75
1124,So it's not currently possible to confirm an assertion by prosecutors that Kohberger's defense team will argue that someone else could have planted the sheath.,0.0,1.0
1125,"© 2025 CBS Interactive Inc. All Rights Reserved. This material may not be published, broadcast, rewritten, or redistributed. The Associated Press contributed to this report.",0.0,0.0
1126,"Updated on:  March 20, 2025 / 6:22 AM EDT          / CBS/AP",0.0,0.0
1127,Mexico's attorney general on Wednesday reported irregularities in an investigation by state authorities into an alleged cartel killing site and training camp at a ranch in the western state of Jalisco where people searching for relatives found bones and hundreds of articles of clothing and other personal effects.,-0.034999999999999996,0.255
1128,"The ""ranch of horror,"" as some local media have dubbed it, in the town of Teuchitlan, outside Guadalajara, was found by authorities in September 2024. Six months later, a so-called search collective found charred bone fragments and personal items, raising questions about the original investigation by the Jalisco State Prosecutor's Office.",0.075,0.22000000000000003
1129,"Attorney General Alejandro Gertz Manero, whose office took over the investigation last week, said that investigators in Jalisco failed to register evidence and fingerprints and process vehicles found at the ranch, three of which were later stolen.",-0.11249999999999999,0.21666666666666667
1130,"He said local authorities didn't investigate the ownership of the ranch and failed to scientifically analyze locations at the ranch to understand if they were used as crematoriums. Investigators did not arrest local officials who have been linked to activities at the ranch, he said.",-0.11875,0.075
1131,"The extensive evidence meant that the ""truth will come out"" about the grisly discovery at a ranch in the western state of Jalisco, Gertz Manero told a news conference.",0.0,0.16666666666666666
1132,"The United Nations Human Rights Office last week called for ""thorough, independent, impartial and transparent investigations"" into the apparent crimes.",0.0125,0.16041666666666665
1133,"Gertz Manero said federal prosecutors were also not alerted about the site, as is standard procedure, and cast blame on the state prosecutor's office despite the National Guard carrying out an operation at the site carried out last year. There is still not enough information to confirm if the ranch was used to cremate bodies or train cartel members, he added.",0.0,0.18888888888888888
1134,"The Jalisco Search Warriors group last week shared images that shocked many in a country that's long accustomed to stark news of cartel warfare, forced disappearances and government corruption. The images and videos showed dozens of shoes, piles of clothing and what appeared to be human bone fragments.",-0.10714285714285714,0.380952380952381
1135,"Such collectives have long risked their lives to seek answers about what has happened to Mexico's 120,000 disappeared people in the face of rampant impunity.",-0.025,0.45
1136,Vigils and protests took place over the weekend for the victims of the alleged site.,-0.1,0.1
1137,"On Monday, a video was circulated showing masked and heavily armed men who read a statement identifying themselves as the Jalisco New Generation cartel and questioning the motivations of the searchers.",-0.03181818181818183,0.4772727272727273
1138,The Jalisco cartel was one of eight Latin American criminal organizations the U.S. government designated foreign terrorist organizations last month.,-0.13125,0.18541666666666667
1139,"Multiple mass graves have been found in recent months in Mexico. In January, at least 56 bodies were discovered in unmarked mass graves in northern Mexico, not far from the border with the United States.",-0.0875,0.4125
1140,"A mass grave discovered last December in a suburb of Guadalajara with dozens of bags of dismembered body parts contained the remains of 24 people, authorities said. That same month, Mexican authorities said they recovered a total of 31 bodies from pits in Chiapas, a state plagued by cartel violence.",0.0,0.23541666666666666
1141,Collectives searching for missing persons say that drug trafficking cartels and other organized crime gangs sometimes use ovens to incinerate their victims and leave no trace.,-0.1625,0.2125
1142,Agence France-Presse contributed to this report.,0.0,0.0
1143,"© 2025 CBS Interactive Inc. All Rights Reserved. This material may not be published, broadcast, rewritten, or redistributed. The Associated Press contributed to this report.",0.0,0.0
1144,"Updated on:  March 19, 2025 / 4:04 PM EDT          / CBS News",0.0,0.0
1145,"Washington — President Trump and Ukrainian President Volodymyr Zelenskyy spoke on the phone Wednesday morning in a call that lasted roughly an hour, according to Mr. Trump.",-0.1,0.4
1146,"""Just completed a very good telephone call with President Zelenskyy of Ukraine,"" the president wrote on Truth Social. ""It lasted approximately one hour. Much of the discussion was based on the call made yesterday with President Putin in order to align both Russia and Ukraine in terms of their requests and needs.""",0.1858333333333333,0.4116666666666667
1147,"The call comes a day after Mr. Trump's lengthy call with Russian President Vladimir Putin, in which Mr. Trump said Putin agreed to a 30-day ceasefire against Ukraine's energy and infrastructure. The commitment fell short of the full ceasefire pushed by the U.S. and agreed to by Ukraine. Hours after Mr. Trump and Putin hung up, Russia launched a series of drone strikes that struck civilian areas and damaged a hospital.",0.11666666666666665,0.2833333333333334
1148,"National security adviser Mike Waltz and Secretary of State Marco Rubio said in a joint statement that Mr. Trump ""fully briefed"" Zelenskyy on the call with Putin, and Mr. Trump and Zelenskyy ""agreed to share information closely between their defense staffs as the battlefield situation evolved."" Zelenskyy, the two said, asked for additional air defense systems, and Mr. Trump ""agreed to work with him to find what was available, particularly in Europe.""",0.2833333333333333,0.3666666666666667
1149,"Waltz and Rubio also said Mr. Trump suggested the U.S. could take ownership of and run Ukrainian's nuclear power plants. ""American ownership of those plants would be the best protection for that infrastructure and support for Ukrainian energy infrastructure,"" their statement said.",0.5,0.15
1150,"Zelenskyy, for his part, said he had a ""positive, very substantive, and frank conversation with president of the United States Donald Trump"" and ""thanked him for a good and productive start to the work of the Ukrainian and American teams in Jeddah.""",0.2818181818181818,0.3613636363636364
1151,"Zelenskyy said Tuesday night that ""only a real halt to Russia's attacks on civilian infrastructure can signal a genuine desire to end this war and bring peace closer.""",0.20000000000000004,0.6
1152,Wednesday's call is the first known conversation between Mr. Trump and Zelenskyy since their disastrous Oval Office meeting last month that resulted in U.S. officials telling Ukrainians to leave the White House early.,-0.06999999999999999,0.3
1153,"Mr. Trump has repeatedly said he believes Putin wants peace, with little evidence to support that claim, three years after Putin launched a full-scale invasion of Ukraine.",0.0062500000000000056,0.3
1154,"On Wednesday, special envoy to the Middle East Steve Witkoff said Putin is operating in ""good faith"" and the Russian leader issued an order following his call with Mr. Trump directing Russian forces not to attack Ukrainian energy infrastructure.",0.1761904761904762,0.21190476190476193
1155,Zelenskyy has expressed skepticism toward the idea that Putin wants peace.,0.2,0.1
1156,"""We are skeptical when it comes to trusting the Russians,"" Zelenskyy said Tuesday. ""There is no trust to Putin. That's why I am saying we need to understand how it will work technically so that it will not depend on their desire only. That is it.""",-0.16666666666666666,0.5333333333333333
1157,"National security adviser Mike Waltz said ""technical teams"" are heading to Saudi Arabia on Monday to try to hammer out terms of a ceasefire.",0.0,0.1
1158,"""I spoke today with my Russian counterpart Yuri Ushakov about President Trump's efforts to end the war in Ukraine,"" Waltz wrote on X. ""We agreed our technical teams would meet in Riyadh in the coming days to focus on implementing and expanding the partial ceasefire President Trump secured from Russia.""",-0.03333333333333333,0.13333333333333333
1159,"Kathryn Watson is a politics reporter for CBS News Digital, based in Washington, D.C.",0.0,0.0
1160,© 2025 CBS Interactive Inc. All Rights Reserved.,0.0,0.0
