,Sentence,Polarity,Subjectivity
0,"This material may not be published, broadcast, rewritten, or redistributed. ©2025 FOX News Network, LLC. All rights reserved. Quotes displayed in real-time or delayed by at least 15 minutes. Market data provided by Factset. Powered and implemented by FactSet Digital Solutions. Legal Statement. Mutual Fund and ETF data provided by Refinitiv Lipper.",-0.033333333333333326,0.20000000000000004
1,Trump administration seeks end to Manhattan toll program while New York officials push back. CREDIT: U.S. Department of Transportation,0.06818181818181818,0.22727272727272727
2,President Donald Trump's administration is demanding that New York City's transit authority reduce crime across the city or face big cuts to federal funding.,0.06818181818181818,0.2772727272727273
3,"Transportation Secretary Sean Duffy issued the ultimatum to the Metro Transportation Authority (MTA) in a letter on Tuesday, saying the new administration is here to ""restore order."" The federal government currently supplies the MTA with billions of dollars in funding.",0.06818181818181818,0.42727272727272725
4,"""The trend of violent crime, homelessness, and other threats to public safety on one of our nation's most prominent metro systems is unacceptable. After years of soft-on-crime policies, our Department is stepping in to restore order,"" Duffy wrote.",0.01499999999999999,0.5883333333333333
5,"""Commuters are sick and tired of feeling like they have to jeopardize their safety to get to work, go to school, or to travel around the city. We will continue to fight to ensure their federal tax dollars are going towards a crime-free commute,"" he added.",-0.5571428571428572,0.7785714285714285
6,GUARDIAN ANGELS RESUME NEW YORK CITY PATROLS AFTER SUBWAY BURNING DEATH: 'NEVER SEEN IT THIS BAD',-0.28181818181818175,0.5606060606060606
7,Transportation Sec. Sean Duffy threatened funding cuts if NYC doesn't lower crime rates. (Eduardo MunozAlvarez/VIEWpress/Samuel Corum/Sipa/Bloomberg via Getty Images),-0.1,0.6
8,"Duffy's letter requests the MTA's data on fare evasion, worker assaults, customer assaults and police patrols. It also requests an accounting of how the MTA has used federal funding to address safety and security in the city's transportation system.",0.0,0.0
9,"""I appreciate your prompt attention to this matter to avoid further consequences, up to and including redirecting or withholding funding,"" Duffy wrote.",0.0,0.5
10,HOCHUL'S CHRISTMASTIME BOAST OF SAFER SUBWAY CAME AMID STRING OF ALARMING VIOLENT ATTACKS,-0.45,0.8
11,"MTA Chief of Policy and External Relations John McCarthy argued crime is ""moving in the right direction"" in a statement responding to Duffy's letter on Tuesday.",0.14285714285714285,0.31785714285714284
12,"""Crime is down 40% compared to the same period in 2020 right before the pandemic, and so far in 2025 there are fewer daily major crimes in transit than any non-pandemic year ever,"" McCarthy said, adding that fare evasion is down 25% since COVID.",0.019586167800453504,0.3912131519274376
13,"McCarthy's statement echoes claims that MTA head Janno Lieber made in January, when he suggested that recent high-profile subway attacks have ""gotten in people’s heads"" to make them feel that the subway system is unsafe.",0.0,0.25
14,NYC authorities have sought ways to combat fare evasion across the city. (Michael Dorgan/Fox News Digital),0.0,0.0
15,CLICK HERE TO GET THE FOX NEWS APP,0.0,0.0
16,"Lieber made the comments during an appearance on the Bloomberg News' podcast ""Bloomberg Talks,"" arguing that ""the overall stats are positive"" on crime.",0.11363636363636363,0.2727272727272727
17,"""Last year, we were actually 12.5% less crime than 2019, the last year before COVID. But there's no question that some of these high-profile incidents, you know, terrible attacks, have gotten in people's heads and made the whole system feel less safe,"" Lieber said.",-0.07916666666666669,0.2833333333333333
18,"Anders Hagstrom is a reporter with Fox News Digital covering national politics and major breaking news events. Send tips to Anders.Hagstrom@Fox.com, or on Twitter: @Hagstrom_Anders.",0.03125,0.25
19,"Get the latest updates from the 2024 campaign trail, exclusive interviews and more Fox News politics content.",0.5,0.7
20,"By entering your email and clicking the Subscribe button, you agree to the Fox News Privacy Policy and Terms of Use, and        agree to receive content and promotional communications from Fox News. You understand that you can        opt-out at any time.",0.0,0.0
21,Subscribed,0.0,0.0
22,You've successfully subscribed to this newsletter!,0.9375,0.95
23,"This material may not be published, broadcast, rewritten, or redistributed. ©2025 FOX News Network, LLC. All rights reserved. Quotes displayed in real-time or delayed by at least 15 minutes. Market data provided by        Factset. Powered and implemented by        FactSet Digital Solutions.        Legal Statement. Mutual Fund and ETF data provided by        Refinitiv Lipper.",-0.033333333333333326,0.20000000000000004
24,"This material may not be published, broadcast, rewritten, or redistributed. ©2025 FOX News Network, LLC. All rights reserved. Quotes displayed in real-time or delayed by at least 15 minutes. Market data provided by Factset. Powered and implemented by FactSet Digital Solutions. Legal Statement. Mutual Fund and ETF data provided by Refinitiv Lipper.",-0.033333333333333326,0.20000000000000004
25,Trump administration seeks end to Manhattan toll program while New York officials push back. CREDIT: U.S. Department of Transportation,0.06818181818181818,0.22727272727272727
26,President Donald Trump's administration is demanding that New York City's transit authority reduce crime across the city or face big cuts to federal funding.,0.06818181818181818,0.2772727272727273
27,"Transportation Secretary Sean Duffy issued the ultimatum to the Metro Transportation Authority (MTA) in a letter on Tuesday, saying the new administration is here to ""restore order."" The federal government currently supplies the MTA with billions of dollars in funding.",0.06818181818181818,0.42727272727272725
28,"""The trend of violent crime, homelessness, and other threats to public safety on one of our nation's most prominent metro systems is unacceptable. After years of soft-on-crime policies, our Department is stepping in to restore order,"" Duffy wrote.",0.01499999999999999,0.5883333333333333
29,"""Commuters are sick and tired of feeling like they have to jeopardize their safety to get to work, go to school, or to travel around the city. We will continue to fight to ensure their federal tax dollars are going towards a crime-free commute,"" he added.",-0.5571428571428572,0.7785714285714285
30,GUARDIAN ANGELS RESUME NEW YORK CITY PATROLS AFTER SUBWAY BURNING DEATH: 'NEVER SEEN IT THIS BAD',-0.28181818181818175,0.5606060606060606
31,Transportation Sec. Sean Duffy threatened funding cuts if NYC doesn't lower crime rates. (Eduardo MunozAlvarez/VIEWpress/Samuel Corum/Sipa/Bloomberg via Getty Images),-0.1,0.6
32,"Duffy's letter requests the MTA's data on fare evasion, worker assaults, customer assaults and police patrols. It also requests an accounting of how the MTA has used federal funding to address safety and security in the city's transportation system.",0.0,0.0
33,"""I appreciate your prompt attention to this matter to avoid further consequences, up to and including redirecting or withholding funding,"" Duffy wrote.",0.0,0.5
34,HOCHUL'S CHRISTMASTIME BOAST OF SAFER SUBWAY CAME AMID STRING OF ALARMING VIOLENT ATTACKS,-0.45,0.8
35,"MTA Chief of Policy and External Relations John McCarthy argued crime is ""moving in the right direction"" in a statement responding to Duffy's letter on Tuesday.",0.14285714285714285,0.31785714285714284
36,"""Crime is down 40% compared to the same period in 2020 right before the pandemic, and so far in 2025 there are fewer daily major crimes in transit than any non-pandemic year ever,"" McCarthy said, adding that fare evasion is down 25% since COVID.",0.019586167800453504,0.3912131519274376
37,"McCarthy's statement echoes claims that MTA head Janno Lieber made in January, when he suggested that recent high-profile subway attacks have ""gotten in people’s heads"" to make them feel that the subway system is unsafe.",0.0,0.25
38,NYC authorities have sought ways to combat fare evasion across the city. (Michael Dorgan/Fox News Digital),0.0,0.0
39,CLICK HERE TO GET THE FOX NEWS APP,0.0,0.0
40,"Lieber made the comments during an appearance on the Bloomberg News' podcast ""Bloomberg Talks,"" arguing that ""the overall stats are positive"" on crime.",0.11363636363636363,0.2727272727272727
41,"""Last year, we were actually 12.5% less crime than 2019, the last year before COVID. But there's no question that some of these high-profile incidents, you know, terrible attacks, have gotten in people's heads and made the whole system feel less safe,"" Lieber said.",-0.07916666666666669,0.2833333333333333
42,"Anders Hagstrom is a reporter with Fox News Digital covering national politics and major breaking news events. Send tips to Anders.Hagstrom@Fox.com, or on Twitter: @Hagstrom_Anders.",0.03125,0.25
43,"Get the latest updates from the 2024 campaign trail, exclusive interviews and more Fox News politics content.",0.5,0.7
44,"By entering your email and clicking the Subscribe button, you agree to the Fox News Privacy Policy and Terms of Use, and        agree to receive content and promotional communications from Fox News. You understand that you can        opt-out at any time.",0.0,0.0
45,Subscribed,0.0,0.0
46,You've successfully subscribed to this newsletter!,0.9375,0.95
47,"This material may not be published, broadcast, rewritten, or redistributed. ©2025 FOX News Network, LLC. All rights reserved. Quotes displayed in real-time or delayed by at least 15 minutes. Market data provided by        Factset. Powered and implemented by        FactSet Digital Solutions.        Legal Statement. Mutual Fund and ETF data provided by        Refinitiv Lipper.",-0.033333333333333326,0.20000000000000004
48,"This material may not be published, broadcast, rewritten, or redistributed. ©2025 FOX News Network, LLC. All rights reserved. Quotes displayed in real-time or delayed by at least 15 minutes. Market data provided by Factset. Powered and implemented by FactSet Digital Solutions. Legal Statement. Mutual Fund and ETF data provided by Refinitiv Lipper.",-0.033333333333333326,0.20000000000000004
49,"Elon Musk congratulates SpaceX team for 'excellent work' in bringing home the stranded astronauts, addresses 'domestic terrorism' against his company for his association with Trump and more on 'Hannity.'",0.5,0.5333333333333333
50,Billionaire and tech titan Elon Musk shared his congratulations to SpaceX and NASA following the rescue of two astronauts stranded at the International Space Station for roughly the past nine months.,-0.0875,0.1875
51,"""Thanks to the excellent work of the SpaceX team working with NASA, the astronauts are now safely home. And so congratulations to the SpaceX NASA teams on excellent work,"" Musk said during an exclusive interview on ""Hannity"" Tuesday.",0.675,0.675
52,"The SpaceX founder and face of the Department of Government Efficiency (DOGE) also offered a ""huge note of appreciation"" to President Donald Trump ""for prioritizing and expediting the return.""",0.4000000000000001,0.9
53,SPACEX DRAGON CAPSULE STICKS SPLASHDOWN LANDING AS NASA ASTRONAUTS RETURN HOME AFTER MONTHS STUCK IN SPACE,0.0,0.0
54,"Astronauts Butch Wilmore and Suni Williams had been on the International Space Station since June 2024. Their mission was only scheduled to last one week after the launch of Boeing's first astronaut flight. However, after the spacecraft encountered technical issues, and NASA determined it unsafe for it to arrive back to Earth with the astronauts on board, Wilmore and Williams remained stuck at the International Space Station for months.",0.03571428571428571,0.21428571428571427
55,"Wilmore, Williams, Crew-9 Commander Nick Hague and Russian cosmonaut Aleksandr Gorbunov made their return to Earth on Tuesday, with a splashdown off the coast of Florida just before 6 p.m. ET.",0.0,0.0
56,"Wilmore and Williams' return became a political issue for the Trump administration, with Musk previously telling Fox News host Sean Hannity on Feb. 18 that former President Joe Biden left the astronauts in space for ""political reasons.""",-0.03333333333333333,0.07333333333333333
57,"Shortly after taking office, Trump tasked Musk with bringing home the two astronauts, who he said had been ""abandoned"" by the Biden administration.",0.0,0.3
58,STRANDED ASTRONAUT SAYS HE BELIEVES MUSK'S CLAIMS THAT BIDEN REFUSED TO CONDUCT RESCUE MISSION,0.0,0.0
59,Trump also blasted Biden for not acting sooner.,-0.3,0.45
60,"""I have just asked Elon Musk and @SpaceX to ‘go get’ the 2 brave astronauts who have been virtually abandoned in space by the Biden Administration. They have been waiting for many months on @Space Station. Elon will soon be on his way. Hopefully, all will be safe. Good luck Elon!!!"" posted Trump at the time.",0.7,0.65
61,"In a post-landing news conference with SpaceX and NASA officials on Tuesday, Deputy Associate Administrator, NASA Space Operations Mission Directorate Joel Montalbano was asked about Trump and Musk's claims that the Biden administration didn't want to bring the Starliner crew back for political reasons.",0.0,0.05
62,"""Yeah, so I wasn't involved in any conversations with the previous administration,"" Montalbano said. ""It was clear we had a request from the current administration, and the results you saw are what we saw today with the landing of Crew-9.""",-0.022222222222222213,0.31666666666666665
63,CLICK HERE TO GET THE FOX NEWS APP,0.0,0.0
64,"Hannity pressed Musk on the politics behind the astronauts' delayed return, and Musk set the record straight on his communications with the previous Biden administration.",-0.12222222222222223,0.4222222222222223
65,"""We definitely offered to return the astronauts earlier. There's no question about that,"" Musk said.",0.0,0.5
66,"""The astronauts were only supposed to be there for eight days, and they've been there for almost ten months. So, obviously, that doesn't make any sense. SpaceX could have brought the astronauts back after a few months at most, and we made that offer to the Biden administration. It was rejected for political reasons, and that's just a fact.""",0.04285714285714286,0.31428571428571433
67,"Fox News' Jonathan Serrie, Landon Mion, Diana Stancy, Christina Shaw and Reuters contributed to this report.",0.0,0.0
68,Madeline Coggins is a Digital Production Assistant on the Fox News flash team with Fox News Digital.,0.0,0.0
69,"This material may not be published, broadcast, rewritten, or redistributed. ©2025 FOX News Network, LLC. All rights reserved. Quotes displayed in real-time or delayed by at least 15 minutes. Market data provided by        Factset. Powered and implemented by        FactSet Digital Solutions.        Legal Statement. Mutual Fund and ETF data provided by        Refinitiv Lipper.",-0.033333333333333326,0.20000000000000004
70,"This material may not be published, broadcast, rewritten, or redistributed. ©2025 FOX News Network, LLC. All rights reserved. Quotes displayed in real-time or delayed by at least 15 minutes. Market data provided by Factset. Powered and implemented by FactSet Digital Solutions. Legal Statement. Mutual Fund and ETF data provided by Refinitiv Lipper.",-0.033333333333333326,0.20000000000000004
71,"Elon Musk congratulates SpaceX team for 'excellent work' in bringing home the stranded astronauts, addresses 'domestic terrorism' against his company for his association with Trump and more on 'Hannity.'",0.5,0.5333333333333333
72,Billionaire and tech titan Elon Musk shared his congratulations to SpaceX and NASA following the rescue of two astronauts stranded at the International Space Station for roughly the past nine months.,-0.0875,0.1875
73,"""Thanks to the excellent work of the SpaceX team working with NASA, the astronauts are now safely home. And so congratulations to the SpaceX NASA teams on excellent work,"" Musk said during an exclusive interview on ""Hannity"" Tuesday.",0.675,0.675
74,"The SpaceX founder and face of the Department of Government Efficiency (DOGE) also offered a ""huge note of appreciation"" to President Donald Trump ""for prioritizing and expediting the return.""",0.4000000000000001,0.9
75,SPACEX DRAGON CAPSULE STICKS SPLASHDOWN LANDING AS NASA ASTRONAUTS RETURN HOME AFTER MONTHS STUCK IN SPACE,0.0,0.0
76,"Astronauts Butch Wilmore and Suni Williams had been on the International Space Station since June 2024. Their mission was only scheduled to last one week after the launch of Boeing's first astronaut flight. However, after the spacecraft encountered technical issues, and NASA determined it unsafe for it to arrive back to Earth with the astronauts on board, Wilmore and Williams remained stuck at the International Space Station for months.",0.03571428571428571,0.21428571428571427
77,"Wilmore, Williams, Crew-9 Commander Nick Hague and Russian cosmonaut Aleksandr Gorbunov made their return to Earth on Tuesday, with a splashdown off the coast of Florida just before 6 p.m. ET.",0.0,0.0
78,"Wilmore and Williams' return became a political issue for the Trump administration, with Musk previously telling Fox News host Sean Hannity on Feb. 18 that former President Joe Biden left the astronauts in space for ""political reasons.""",-0.03333333333333333,0.07333333333333333
79,"Shortly after taking office, Trump tasked Musk with bringing home the two astronauts, who he said had been ""abandoned"" by the Biden administration.",0.0,0.3
80,STRANDED ASTRONAUT SAYS HE BELIEVES MUSK'S CLAIMS THAT BIDEN REFUSED TO CONDUCT RESCUE MISSION,0.0,0.0
81,Trump also blasted Biden for not acting sooner.,-0.3,0.45
82,"""I have just asked Elon Musk and @SpaceX to ‘go get’ the 2 brave astronauts who have been virtually abandoned in space by the Biden Administration. They have been waiting for many months on @Space Station. Elon will soon be on his way. Hopefully, all will be safe. Good luck Elon!!!"" posted Trump at the time.",0.7,0.65
83,"In a post-landing news conference with SpaceX and NASA officials on Tuesday, Deputy Associate Administrator, NASA Space Operations Mission Directorate Joel Montalbano was asked about Trump and Musk's claims that the Biden administration didn't want to bring the Starliner crew back for political reasons.",0.0,0.05
84,"""Yeah, so I wasn't involved in any conversations with the previous administration,"" Montalbano said. ""It was clear we had a request from the current administration, and the results you saw are what we saw today with the landing of Crew-9.""",-0.022222222222222213,0.31666666666666665
85,CLICK HERE TO GET THE FOX NEWS APP,0.0,0.0
86,"Hannity pressed Musk on the politics behind the astronauts' delayed return, and Musk set the record straight on his communications with the previous Biden administration.",-0.12222222222222223,0.4222222222222223
87,"""We definitely offered to return the astronauts earlier. There's no question about that,"" Musk said.",0.0,0.5
88,"""The astronauts were only supposed to be there for eight days, and they've been there for almost ten months. So, obviously, that doesn't make any sense. SpaceX could have brought the astronauts back after a few months at most, and we made that offer to the Biden administration. It was rejected for political reasons, and that's just a fact.""",0.04285714285714286,0.31428571428571433
89,"Fox News' Jonathan Serrie, Landon Mion, Diana Stancy, Christina Shaw and Reuters contributed to this report.",0.0,0.0
90,Madeline Coggins is a Digital Production Assistant on the Fox News flash team with Fox News Digital.,0.0,0.0
91,"This material may not be published, broadcast, rewritten, or redistributed. ©2025 FOX News Network, LLC. All rights reserved. Quotes displayed in real-time or delayed by at least 15 minutes. Market data provided by        Factset. Powered and implemented by        FactSet Digital Solutions.        Legal Statement. Mutual Fund and ETF data provided by        Refinitiv Lipper.",-0.033333333333333326,0.20000000000000004
92,"This material may not be published, broadcast, rewritten, or redistributed. ©2025 FOX News Network, LLC. All rights reserved. Quotes displayed in real-time or delayed by at least 15 minutes. Market data provided by Factset. Powered and implemented by FactSet Digital Solutions. Legal Statement. Mutual Fund and ETF data provided by Refinitiv Lipper.",-0.033333333333333326,0.20000000000000004
93,Weill Cornell Medicine professor Dr. Christopher Mason joins 'Fox & Friends' to explain how nine months in space has impacted the returning astronauts' bodies.,0.0,0.0
94,U.S. astronauts Suni Williams and Butch Wilmore's next mission will be readjusting to the Earth's environment once they return Tuesday evening after being stranded at the International Space Station for nine months.,0.0,0.0
95,"""There's a lot of changes inside their body. The immune system is responding to the stress in spaceflight,"" Weill Cornell Medicine professor Dr. Christopher Mason told ""Fox & Friends"" on Tuesday.",0.0,0.0
96,"Dr. Mason was a principal investigator for NASA’s Twins Study, which studied how astronaut Scott Kelly’s body was impacted by his historic 12-month spaceflight in 2016. Kelly was studied against his identical twin brother, retired astronaut Sen. Mark Kelly, D-Ariz., who remained on Earth.",0.0,0.0
97,'ALIEN' ENCOUNTER: ISS CREW MEMBER PLAYS JOKE AS SPACEX TEAM ARRIVES,-0.25,0.75
98,NASA astronauts Suni Williams and Butch Wilmore were the flight crew on Boeing's Starliner capsule and are slated to return home on Tuesday. (NASA),0.0,0.0
99,"""We saw gene expression change, which is how genes are regulated in their body, and usually telomeres get a little bit longer in space from almost every mission we've looked at, so we'd expect some of these changes,"" Dr. Mason explained.",-0.21875,0.375
100,"Telomeres, according to the National Human Genome Research Institute, are ""region[s] of repetitive DNA sequences at the end of a chromosome.""",-0.125,0.175
101,"The astronaut duo has been stranded at the International Space Station in microgravity since June. Their mission was only scheduled to last one week after the launch of Boeing's first astronaut flight, but they were stuck in space after issues forced NASA to bring the Boeing Starliner back empty.",-0.021428571428571436,0.29999999999999993
102,"Spending time in space tends to leave astronauts temporarily taller and leaner, Mason explained.",0.0,0.0
103,"""All of it is, at least on some measures… all transient. Most of it is a response to space flight, and usually in a few weeks they're mostly back to normal. It's the first few days that are the most really dynamic when they get back to Earth,"" he added.",0.06999999999999999,0.27499999999999997
104,STRANDED ASTRONAUTS PREPARE FOR LONG-AWAITED RETURN TO EARTH,0.0,0.0
105,"Former NASA astronaut Jose M. Hernandez, who once spent 14 days in space, said the duo will need ""a lot"" of physical therapy to restrengthen their bones and muscles.",-0.03333333333333333,0.08095238095238096
106,"""I remember my first two words when I came down was, ‘Gravity sucks,’ because your body starts adapting, and you've got to recalibrate your vestibular balance system,"" he told ""Fox & Friends First"" Tuesday.",0.011111111111111106,0.3138888888888889
107,"""It's going to take a couple of months before they feel kind of normal back here on Earth.""",0.25,0.5166666666666666
108,CLICK HERE TO GET THE FOX NEWS APP,0.0,0.0
109,Fox News' Pilar Arias contributed to this report.,0.0,0.0
110,Taylor Penley is an associate editor with Fox News.,0.0,0.0
111,"This material may not be published, broadcast, rewritten, or redistributed. ©2025 FOX News Network, LLC. All rights reserved. Quotes displayed in real-time or delayed by at least 15 minutes. Market data provided by        Factset. Powered and implemented by        FactSet Digital Solutions.        Legal Statement. Mutual Fund and ETF data provided by        Refinitiv Lipper.",-0.033333333333333326,0.20000000000000004
112,Log in to comment on videos and join in on the fun.,0.3,0.2
113,Watch the live stream of Fox News and full episodes.,0.24318181818181817,0.525
114,Reduce eye strain and focus on the content that matters.,0.0,0.0
115,A SpaceX Crew Dragon capsule carrying stranded astronauts Butch Wilmore and Suni Williams lands off Florida’s Gulf Coast.,0.0,0.0
116,"©2025 FOX News Network, LLC. All rights reserved. This material may not be published, broadcast, rewritten, or redistributed. All market data delayed 20 minutes.",0.0,0.0
117,Log in to comment on videos and join in on the fun.,0.3,0.2
118,Watch the live stream of Fox News and full episodes.,0.24318181818181817,0.525
119,Reduce eye strain and focus on the content that matters.,0.0,0.0
120,"Elon Musk congratulates SpaceX team for 'excellent work' in bringing home the stranded astronauts, addresses 'domestic terrorism' against his company for his association with Trump and more on 'Hannity.'",0.5,0.5333333333333333
121,"©2025 FOX News Network, LLC. All rights reserved. This material may not be published, broadcast, rewritten, or redistributed. All market data delayed 20 minutes.",0.0,0.0
122,"This material may not be published, broadcast, rewritten, or redistributed. ©2025 FOX News Network, LLC. All rights reserved. Quotes displayed in real-time or delayed by at least 15 minutes. Market data provided by Factset. Powered and implemented by FactSet Digital Solutions. Legal Statement. Mutual Fund and ETF data provided by Refinitiv Lipper.",-0.033333333333333326,0.20000000000000004
123,Fox News' Chanley Painter reports the latest on the extradition. The 'Fox & Friends' co-hosts weigh in.,0.5,0.9
124,"An extraordinary episode in the two centuries of Mexican-American relations unfolded on Feb. 27, as aircraft of the Mexican state flew northward to various locations across the United States. They carried within them 29 of the most-wanted Mexican-cartel leaders hitherto held in their own country, and now remanded to the justice of the Americans.",0.23333333333333334,0.625
125,"Most meaningfully for the receiving nation, the aging Rafa Caro Quintero stepped off a plane to the welcome of the DEA and DOJ personnel whose colleague, Enrique ""Kiki"" Camarena, he murdered 40 years before. Arraigned the next day in a U.S. federal courtroom, Caro Quintero was shackled with Camarena’s own handcuffs.",0.48,0.58
126,"The United States has waited a long time for him, and for the many other cartel lords and killers who now come into its hands.",0.10833333333333334,0.425
127,President Claudia Sheinbaum and President Donald Trump (Getty Images),0.0,0.0
128,"The questions are why it has waited, and why it no longer waits, if only in these specific cases. Caro Quintero and the other 28 cartel leaders had been prisoners of Mexico for years, and the United States had been requesting their extradition for years. In 2022, the Biden regime even gave the Mexican government a list of desired extraditions, including Caro Quintero – but the previous year, 2021, had seen the lowest level of Mexican extraditions to the U.S. in 15 years, and things would not improve so long as Andres Manuel Lopez Obrador remained president.",-0.0488095238095238,0.29523809523809524
129,MEXICO BROKE INTERNATIONAL LAW WITH THE CARTELS AND AMERICANS SUFFER THE CONSEQUENCES,0.0,0.0
130,"The source of AMLO’s delay was no mystery: he and his ruling Morena coalition, which has nearly transformed Mexico into a leftist one-party state, have long-standing ties with narco leaders, most notably within the Sinaloa Cartel. This Mexican state-cartel synthesis, referenced directly by the White House as ""an intolerable alliance,"" effectively precluded meaningful and strategic cooperation between the two nations against its criminal cartels.",0.185,0.425
131,"What has changed? In a word: Donald Trump. The American president, who was among those who rationally believed that a workable deal could be struck with AMLO and his regime at its outset, now possesses an accurate assessment of the Mexican state’s basic nature, and is making policy accordingly.",0.10000000000000002,0.18958333333333335
132,"The well-known threatened tariffs, across-the-board implementation of which are now delayed for a second month to April 2, are one element and the most public-facing of the tools he has directed his administration to wield. The mere threat of them has manifestly exerted tremendous effect upon Mexican officialdom’s thinking.",0.07222222222222222,0.48333333333333334
133,"Despite much discussion in Mexico that the country will simply turn to China if American trade relations are disrupted, the reality is that the country’s economy will be plunged into disarray long before any Chinese remedy takes effect.",0.030000000000000006,0.19142857142857145
134,"Though the Mexican regime does not particularly care about the welfare of its people – having presided over an internal war that has seen the slaughter of hundreds of thousands of ordinary Mexicans by its own cartel allies and sometimes its own armed forces – it does care for its own position and privileges, and so an economic collapse alarms it in ways that death and cruelty among its own people does not.",0.2518518518518518,0.5592592592592592
135,"The other major tool wielded by the president against the Mexican state-cartel alliance has been alluded to, but never made explicit, in public. It is the threat of unilateral American military action within Mexico, and as reporting from the Wall Street Journal reveals, it was made explicit in a Jan. 31 conversation between Secretary of Defense Pete Hegseth and unnamed senior Mexican-military leadership, in which the latter were informed ""that if Mexico didn’t deal with the collusion between the country’s government and drug cartels, the U.S. military was prepared to take unilateral action."" The Mexicans were reportedly astonished and indignant.",-0.08854166666666667,0.22847222222222222
136,TRUMP’S DESIGNATION OF CARTELS AS TERRORISTS ENDS THE FICTION THAT MEXICO IS A TRUSTWORTHY ALLY,0.0,0.0
137,"Their astonishment is their own fault: many observers have told them for years that American patience with their cartel partnerships would eventually run out. That it had no effect is partially indicative of the ideological fever dream in which the Morena regime operates. It is also, to a larger part, rational, because no American president has ever before brought real consequences to bear.",0.17142857142857143,0.3714285714285714
138,"Their indignation, by contrast, has no defense except by reference to the perennial Mexican civic narrative that its sovereignty is forever menaced by the United States.",0.0,0.0
139,"Yet the Mexican state routinely fails to give the respect to its neighbor that it loudly demands for itself. It partners with trafficking organizations that directly attack American sovereignty and citizenry with illegal mass migration, deadly fentanyl, and more. It establishes Morena party cells within the United States and activates them when desired.",-0.0625,0.3625
140,"It interferes, however ineptly, in American elections. Its armed forces in uniform are routinely encountered within the United States, often protecting trafficking cartel shipments and occasionally taking an American soldier prisoner. Its cartel partners frequently kill American citizens in Mexico, and menace Americans in the United States. It is a deeply rooted victim mentality that receives a well-earned warning from the U.S. secretary of defense and responds with wounded pride. Yet so it is.",0.0035714285714285704,0.125
141,"Need it be said, a regime genuinely interested in the defense of its own national sovereignty would not surrender 30% to 40% of its national territory to cartel governance. Yet it has. A Mexican state determined to defend its territorial integrity would not back down again and again versus cartel challenges. Yet it has. It is useless to ask why: everyone in Mexico knows why. Those on the lower rungs of the social ladder risk death, and those on the upper rungs get rich.",0.0669753086419753,0.31172839506172845
142,"Unlike every previous American president of the modern era, Donald Trump understands this, and via his secretaries of defense and state, and others, he is delivering the message to the Mexican regime: we will respect your sovereignty as much as you respect ours. In fact, we will respect it as much as you respect yours.",0.07222222222222223,0.14444444444444446
143,WHY CHINA AND MEXICO ARE THE RIGHT TARGETS FOR TRUMP'S ATTACK ON THE SCOURGE OF ILLEGAL DRUGS,-0.10714285714285715,0.5178571428571428
144,"This, then, is the key to understanding why the Mexican state under President Claudia Sheinbaum is abruptly disgorging its prisoners into the hands of the Americans, and why it is furthermore making a show of going after cartel operations in various parts of the country. Mexican officialdom – the state and its elites – is betraying its criminal-sector partners in the hopes that it will satisfy the United States, lest the Americans go after them.",-0.025,0.5
145,"It is furthermore shutting down, temporarily, the great cartel-controlled influx of trafficked persons that has numbered in the millions across the past decade. These efforts are having a real effect on cartel operations in the short run, although as the New York Times writes, they don’t expect it to last: ""Cartel members said the only reason the government hadn’t really fought them until recently was because they’d bought off enough officials,"" and they expect that status quo ante will return.",0.08461891643709828,0.3963728191000918
146,"They are probably right. Mexican grand strategy, never a robust corpus of thought, has always had as a major pillar the imperative to keep the Americans out. In the past half-century a second pillar has been erected, which is the imperative to profit from the Americans. There is a tension between the two, especially when the second conflicts with the first by virtue of cartel and trafficking operations.",0.09424603174603174,0.4021164021164021
147,"Eventually the superstructure of multibillion-dollar illegal trade and the political-powerholder buyoffs that render it useful to nearly the whole apparatus of governance will reassert itself. The intent now, on the Mexican side, is simply to buy time until the Americans, believing they have secured a political win, move on to the next crisis. In that light, the sacrifice of the great mass of expendable bosses, lab men and sicarios is the price of business. There are rumors that a corrupt state governor may even be offered to placate the United States.",0.13333333333333333,0.38392857142857145
148,"Then, Mexican officialdom will make the case that all this cooperation is so valuable, the Americans dare not risk it by, say, imposing tariffs or attacking cartels or indicting former Mexican presidents – in short, by doing anything that imperils the Mexican governing elites themselves. This is a potent line of argument, according to some reports with purchase in the White House itself – although not, in any reporting, with the American president himself. This author has heard it directly from U.S. government personnel in Mexico City, and has also heard it from Mexican-government personnel, expressive of an operational logic reminiscent of criminal extortion.",0.08333333333333333,0.2708333333333333
149,"I BLAME BIDEN'S BORDER CRISIS FOR MY TEEN'S FENTANYL DEATH, AND THANK TRUMP FOR TRYING TO END THIS SCOURGE",0.0,0.0
150,The test for American policymaking now is whether it makes the mistake of believing the Mexican narrative. It ought not.,0.0,0.0
151,"The Mexican state has done several things right since Jan. 20, 2025, but we must understand that it did so under extraordinary duress. The president had to threaten tariffs, and the secretary of defense had to threaten U.S. military intervention for the first time in a century, to compel the Mexican government to execute on the most-basic tasks of any state: control its territory and deliver criminals to justice.",0.1098639455782313,0.2812925170068027
152,"That duress is amplified by threats from its erstwhile cartel partners as well: Ismael ""El Mayo"" Zambada, for example, now in U.S. custody, has threatened to ""collapse"" U.S.-Mexican relations by telling all he knows if the Mexicans fail to secure his return to Mexico.",-0.033333333333333326,0.3333333333333333
153,"President Trump, offering the carrot as well as the stick, has been effusive in his praise – as is diplomatically prudent – for the Mexican president in her efforts to date. His administration has simultaneously signaled that Mexican politicians are coming into American view as proper targets of justice.",0.0,0.025
154,"What the Morena regime in Mexico now wishes to do is navigate these straits with its own powerholders and eminences essentially untouched. Chief among them is Andres Manuel Lopez Obrador, whose long-rumored ties to the Sinaloa Cartel would likely not withstand renewed scrutiny from the U.S. Department of Justice.",0.19999999999999998,0.7666666666666666
155,I REPRESENT A BORDER DISTRICT THAT WAS SWAMPED BY ILLEGAL IMMIGRATION. WHAT I'M SEEING NOW MIGHT SURPRISE YOU,-0.5,0.5
156,"If it is allowed to do so, then America will simply face a greater crisis later, when Morena has completed its openly stated transformation of Mexican society into a Venezuelan-model left-populist autocracy, cartel and trafficking operations have resumed with different narcos in partnership with the same elites, and Mexican-government solicitation of offshore balancers in China and Russia has matured into effective operational partnership.",0.1375,0.36026785714285714
157,"Bad as the Mexican crisis has been for both ordinary Mexicans and Americans across the past two decades, it pales versus what will come to pass when the Morena ambition is fulfilled. We have already seen Chinese and Russian soldiers marching in review before the Mexican president in independence-day celebrations, and we have already seen that same Mexican president declare that he would have his armed forces defend the cartels against American action. These are warnings of worse to come, and we must pay attention, because they are not expressions of sentiment alone: they are programmatic.",-0.12499999999999996,0.18680555555555556
158,"Put differently, this is a regime that, by its nature, is not amenable to a long-term partnership with the United States.",-0.05,0.6
159,CLICK HERE FOR MORE FOX NEWS OPINION,0.5,0.5
160,The bad news is that every previous American administration would have been satisfied with the Mexican offer on hand now. The good news is that this administration will likely not be.,0.04761904761904764,0.4904761904761905
161,"President Trump has taken an accurate measure of the Mexican regime. What remains is to put his vision into action. Policy takes time to unfold, but we know what success looks like: neither narcos nor their friends in Mexican governance, from alcaldes to generals to presidents, are safe any longer inside Mexico. They are not safe from the long reach of the American neighbor whose citizens they have killed, whose border they have violated, and whose sovereignty they have disregarded for so very long.",0.06681818181818183,0.2412121212121212
162,Mexico’s regime wants a cooperative agreement. But America wants justice.,0.2,0.1
163,CLICK HERE TO GET THE FOX NEWS APP,0.0,0.0
164,"Joshua S. Treviño is the chief transformation officer at the Texas Public Policy Foundation, and the senior fellow for the Western Hemisphere Initiative at the America First Policy Institute.",0.08333333333333333,0.13333333333333333
165,Get the recap of top opinion commentary and original content throughout the week.,0.4375,0.625
166,"By entering your email and clicking the Subscribe button, you agree to the Fox News Privacy Policy and Terms of Use, and        agree to receive content and promotional communications from Fox News. You understand that you can        opt-out at any time.",0.0,0.0
167,Subscribed,0.0,0.0
168,You've successfully subscribed to this newsletter!,0.9375,0.95
169,"This material may not be published, broadcast, rewritten, or redistributed. ©2025 FOX News Network, LLC. All rights reserved. Quotes displayed in real-time or delayed by at least 15 minutes. Market data provided by        Factset. Powered and implemented by        FactSet Digital Solutions.        Legal Statement. Mutual Fund and ETF data provided by        Refinitiv Lipper.",-0.033333333333333326,0.20000000000000004
170,"This material may not be published, broadcast, rewritten, or redistributed. ©2025 FOX News Network, LLC. All rights reserved. Quotes displayed in real-time or delayed by at least 15 minutes. Market data provided by Factset. Powered and implemented by FactSet Digital Solutions. Legal Statement. Mutual Fund and ETF data provided by Refinitiv Lipper.",-0.033333333333333326,0.20000000000000004
171,Fox News' Chanley Painter reports the latest on the extradition. The 'Fox & Friends' co-hosts weigh in.,0.5,0.9
172,"An extraordinary episode in the two centuries of Mexican-American relations unfolded on Feb. 27, as aircraft of the Mexican state flew northward to various locations across the United States. They carried within them 29 of the most-wanted Mexican-cartel leaders hitherto held in their own country, and now remanded to the justice of the Americans.",0.23333333333333334,0.625
173,"Most meaningfully for the receiving nation, the aging Rafa Caro Quintero stepped off a plane to the welcome of the DEA and DOJ personnel whose colleague, Enrique ""Kiki"" Camarena, he murdered 40 years before. Arraigned the next day in a U.S. federal courtroom, Caro Quintero was shackled with Camarena’s own handcuffs.",0.48,0.58
174,"The United States has waited a long time for him, and for the many other cartel lords and killers who now come into its hands.",0.10833333333333334,0.425
175,President Claudia Sheinbaum and President Donald Trump (Getty Images),0.0,0.0
176,"The questions are why it has waited, and why it no longer waits, if only in these specific cases. Caro Quintero and the other 28 cartel leaders had been prisoners of Mexico for years, and the United States had been requesting their extradition for years. In 2022, the Biden regime even gave the Mexican government a list of desired extraditions, including Caro Quintero – but the previous year, 2021, had seen the lowest level of Mexican extraditions to the U.S. in 15 years, and things would not improve so long as Andres Manuel Lopez Obrador remained president.",-0.0488095238095238,0.29523809523809524
177,MEXICO BROKE INTERNATIONAL LAW WITH THE CARTELS AND AMERICANS SUFFER THE CONSEQUENCES,0.0,0.0
178,"The source of AMLO’s delay was no mystery: he and his ruling Morena coalition, which has nearly transformed Mexico into a leftist one-party state, have long-standing ties with narco leaders, most notably within the Sinaloa Cartel. This Mexican state-cartel synthesis, referenced directly by the White House as ""an intolerable alliance,"" effectively precluded meaningful and strategic cooperation between the two nations against its criminal cartels.",0.185,0.425
179,"What has changed? In a word: Donald Trump. The American president, who was among those who rationally believed that a workable deal could be struck with AMLO and his regime at its outset, now possesses an accurate assessment of the Mexican state’s basic nature, and is making policy accordingly.",0.10000000000000002,0.18958333333333335
180,"The well-known threatened tariffs, across-the-board implementation of which are now delayed for a second month to April 2, are one element and the most public-facing of the tools he has directed his administration to wield. The mere threat of them has manifestly exerted tremendous effect upon Mexican officialdom’s thinking.",0.07222222222222222,0.48333333333333334
181,"Despite much discussion in Mexico that the country will simply turn to China if American trade relations are disrupted, the reality is that the country’s economy will be plunged into disarray long before any Chinese remedy takes effect.",0.030000000000000006,0.19142857142857145
182,"Though the Mexican regime does not particularly care about the welfare of its people – having presided over an internal war that has seen the slaughter of hundreds of thousands of ordinary Mexicans by its own cartel allies and sometimes its own armed forces – it does care for its own position and privileges, and so an economic collapse alarms it in ways that death and cruelty among its own people does not.",0.2518518518518518,0.5592592592592592
183,"The other major tool wielded by the president against the Mexican state-cartel alliance has been alluded to, but never made explicit, in public. It is the threat of unilateral American military action within Mexico, and as reporting from the Wall Street Journal reveals, it was made explicit in a Jan. 31 conversation between Secretary of Defense Pete Hegseth and unnamed senior Mexican-military leadership, in which the latter were informed ""that if Mexico didn’t deal with the collusion between the country’s government and drug cartels, the U.S. military was prepared to take unilateral action."" The Mexicans were reportedly astonished and indignant.",-0.08854166666666667,0.22847222222222222
184,TRUMP’S DESIGNATION OF CARTELS AS TERRORISTS ENDS THE FICTION THAT MEXICO IS A TRUSTWORTHY ALLY,0.0,0.0
185,"Their astonishment is their own fault: many observers have told them for years that American patience with their cartel partnerships would eventually run out. That it had no effect is partially indicative of the ideological fever dream in which the Morena regime operates. It is also, to a larger part, rational, because no American president has ever before brought real consequences to bear.",0.17142857142857143,0.3714285714285714
186,"Their indignation, by contrast, has no defense except by reference to the perennial Mexican civic narrative that its sovereignty is forever menaced by the United States.",0.0,0.0
187,"Yet the Mexican state routinely fails to give the respect to its neighbor that it loudly demands for itself. It partners with trafficking organizations that directly attack American sovereignty and citizenry with illegal mass migration, deadly fentanyl, and more. It establishes Morena party cells within the United States and activates them when desired.",-0.0625,0.3625
188,"It interferes, however ineptly, in American elections. Its armed forces in uniform are routinely encountered within the United States, often protecting trafficking cartel shipments and occasionally taking an American soldier prisoner. Its cartel partners frequently kill American citizens in Mexico, and menace Americans in the United States. It is a deeply rooted victim mentality that receives a well-earned warning from the U.S. secretary of defense and responds with wounded pride. Yet so it is.",0.0035714285714285704,0.125
189,"Need it be said, a regime genuinely interested in the defense of its own national sovereignty would not surrender 30% to 40% of its national territory to cartel governance. Yet it has. A Mexican state determined to defend its territorial integrity would not back down again and again versus cartel challenges. Yet it has. It is useless to ask why: everyone in Mexico knows why. Those on the lower rungs of the social ladder risk death, and those on the upper rungs get rich.",0.0669753086419753,0.31172839506172845
190,"Unlike every previous American president of the modern era, Donald Trump understands this, and via his secretaries of defense and state, and others, he is delivering the message to the Mexican regime: we will respect your sovereignty as much as you respect ours. In fact, we will respect it as much as you respect yours.",0.07222222222222223,0.14444444444444446
191,WHY CHINA AND MEXICO ARE THE RIGHT TARGETS FOR TRUMP'S ATTACK ON THE SCOURGE OF ILLEGAL DRUGS,-0.10714285714285715,0.5178571428571428
192,"This, then, is the key to understanding why the Mexican state under President Claudia Sheinbaum is abruptly disgorging its prisoners into the hands of the Americans, and why it is furthermore making a show of going after cartel operations in various parts of the country. Mexican officialdom – the state and its elites – is betraying its criminal-sector partners in the hopes that it will satisfy the United States, lest the Americans go after them.",-0.025,0.5
193,"It is furthermore shutting down, temporarily, the great cartel-controlled influx of trafficked persons that has numbered in the millions across the past decade. These efforts are having a real effect on cartel operations in the short run, although as the New York Times writes, they don’t expect it to last: ""Cartel members said the only reason the government hadn’t really fought them until recently was because they’d bought off enough officials,"" and they expect that status quo ante will return.",0.08461891643709828,0.3963728191000918
194,"They are probably right. Mexican grand strategy, never a robust corpus of thought, has always had as a major pillar the imperative to keep the Americans out. In the past half-century a second pillar has been erected, which is the imperative to profit from the Americans. There is a tension between the two, especially when the second conflicts with the first by virtue of cartel and trafficking operations.",0.09424603174603174,0.4021164021164021
195,"Eventually the superstructure of multibillion-dollar illegal trade and the political-powerholder buyoffs that render it useful to nearly the whole apparatus of governance will reassert itself. The intent now, on the Mexican side, is simply to buy time until the Americans, believing they have secured a political win, move on to the next crisis. In that light, the sacrifice of the great mass of expendable bosses, lab men and sicarios is the price of business. There are rumors that a corrupt state governor may even be offered to placate the United States.",0.13333333333333333,0.38392857142857145
196,"Then, Mexican officialdom will make the case that all this cooperation is so valuable, the Americans dare not risk it by, say, imposing tariffs or attacking cartels or indicting former Mexican presidents – in short, by doing anything that imperils the Mexican governing elites themselves. This is a potent line of argument, according to some reports with purchase in the White House itself – although not, in any reporting, with the American president himself. This author has heard it directly from U.S. government personnel in Mexico City, and has also heard it from Mexican-government personnel, expressive of an operational logic reminiscent of criminal extortion.",0.08333333333333333,0.2708333333333333
197,"I BLAME BIDEN'S BORDER CRISIS FOR MY TEEN'S FENTANYL DEATH, AND THANK TRUMP FOR TRYING TO END THIS SCOURGE",0.0,0.0
198,The test for American policymaking now is whether it makes the mistake of believing the Mexican narrative. It ought not.,0.0,0.0
199,"The Mexican state has done several things right since Jan. 20, 2025, but we must understand that it did so under extraordinary duress. The president had to threaten tariffs, and the secretary of defense had to threaten U.S. military intervention for the first time in a century, to compel the Mexican government to execute on the most-basic tasks of any state: control its territory and deliver criminals to justice.",0.1098639455782313,0.2812925170068027
200,"That duress is amplified by threats from its erstwhile cartel partners as well: Ismael ""El Mayo"" Zambada, for example, now in U.S. custody, has threatened to ""collapse"" U.S.-Mexican relations by telling all he knows if the Mexicans fail to secure his return to Mexico.",-0.033333333333333326,0.3333333333333333
201,"President Trump, offering the carrot as well as the stick, has been effusive in his praise – as is diplomatically prudent – for the Mexican president in her efforts to date. His administration has simultaneously signaled that Mexican politicians are coming into American view as proper targets of justice.",0.0,0.025
202,"What the Morena regime in Mexico now wishes to do is navigate these straits with its own powerholders and eminences essentially untouched. Chief among them is Andres Manuel Lopez Obrador, whose long-rumored ties to the Sinaloa Cartel would likely not withstand renewed scrutiny from the U.S. Department of Justice.",0.19999999999999998,0.7666666666666666
203,I REPRESENT A BORDER DISTRICT THAT WAS SWAMPED BY ILLEGAL IMMIGRATION. WHAT I'M SEEING NOW MIGHT SURPRISE YOU,-0.5,0.5
204,"If it is allowed to do so, then America will simply face a greater crisis later, when Morena has completed its openly stated transformation of Mexican society into a Venezuelan-model left-populist autocracy, cartel and trafficking operations have resumed with different narcos in partnership with the same elites, and Mexican-government solicitation of offshore balancers in China and Russia has matured into effective operational partnership.",0.1375,0.36026785714285714
205,"Bad as the Mexican crisis has been for both ordinary Mexicans and Americans across the past two decades, it pales versus what will come to pass when the Morena ambition is fulfilled. We have already seen Chinese and Russian soldiers marching in review before the Mexican president in independence-day celebrations, and we have already seen that same Mexican president declare that he would have his armed forces defend the cartels against American action. These are warnings of worse to come, and we must pay attention, because they are not expressions of sentiment alone: they are programmatic.",-0.12499999999999996,0.18680555555555556
206,"Put differently, this is a regime that, by its nature, is not amenable to a long-term partnership with the United States.",-0.05,0.6
207,CLICK HERE FOR MORE FOX NEWS OPINION,0.5,0.5
208,The bad news is that every previous American administration would have been satisfied with the Mexican offer on hand now. The good news is that this administration will likely not be.,0.04761904761904764,0.4904761904761905
209,"President Trump has taken an accurate measure of the Mexican regime. What remains is to put his vision into action. Policy takes time to unfold, but we know what success looks like: neither narcos nor their friends in Mexican governance, from alcaldes to generals to presidents, are safe any longer inside Mexico. They are not safe from the long reach of the American neighbor whose citizens they have killed, whose border they have violated, and whose sovereignty they have disregarded for so very long.",0.06681818181818183,0.2412121212121212
210,Mexico’s regime wants a cooperative agreement. But America wants justice.,0.2,0.1
211,CLICK HERE TO GET THE FOX NEWS APP,0.0,0.0
212,"Joshua S. Treviño is the chief transformation officer at the Texas Public Policy Foundation, and the senior fellow for the Western Hemisphere Initiative at the America First Policy Institute.",0.08333333333333333,0.13333333333333333
213,Get the recap of top opinion commentary and original content throughout the week.,0.4375,0.625
214,"By entering your email and clicking the Subscribe button, you agree to the Fox News Privacy Policy and Terms of Use, and        agree to receive content and promotional communications from Fox News. You understand that you can        opt-out at any time.",0.0,0.0
215,Subscribed,0.0,0.0
216,You've successfully subscribed to this newsletter!,0.9375,0.95
217,"This material may not be published, broadcast, rewritten, or redistributed. ©2025 FOX News Network, LLC. All rights reserved. Quotes displayed in real-time or delayed by at least 15 minutes. Market data provided by        Factset. Powered and implemented by        FactSet Digital Solutions.        Legal Statement. Mutual Fund and ETF data provided by        Refinitiv Lipper.",-0.033333333333333326,0.20000000000000004
218,"This material may not be published, broadcast, rewritten, or redistributed. ©2025 FOX News Network, LLC. All rights reserved. Quotes displayed in real-time or delayed by at least 15 minutes. Market data provided by Factset. Powered and implemented by FactSet Digital Solutions. Legal Statement. Mutual Fund and ETF data provided by Refinitiv Lipper.",-0.033333333333333326,0.20000000000000004
219,'Gutfeld!' panelists discuss President Donald Trump mocking former President Biden for reportedly using an 'autopen signature.',0.0,0.0
220,"Concerns are mounting around former President Joe Biden's use of an autopen to sign presidential pardons and other official documents across his four years in office, though the chances of successfully challenging in court the use of an autopen on presidential pardons are ""vanishingly low,"" constitutional scholar Jonathan Turley said.",0.09375,0.41875
221,"""Many are suggesting that the Biden pardons may now be challenged in light of the disclosures of Biden's use of an autopen,"" Turley, a Fox News contributor, wrote on X Tuesday. ""The chances of such challenges succeeding are vanishingly low. Presidents are allowed to use the autopen and courts will not presume a dead-hand conspiracy.""",0.225,0.5
222,"""Many of these were high-profile pardons, including for his own son, that Biden acknowledged publicly,"" he added. ""There is also a problem with standing unless the issue comes up in a government effort to indict a recipient. That does not mean that the disclosures are not deeply troubling.""",0.25125000000000003,0.5308333333333333
223,"Autopen signatures are ones that are automatically produced by a machine, as opposed to an authentic, handwritten signature.",0.5,0.75
224,TRUMPS TAKES JAB AT BIDEN OVER 'AUTOPEN SIGNATURE' FOLLOWING CONCERNING REPORT OVER WHO RAN THE WHITE HOUSE,0.0,0.05
225,"President Donald Trump has been sounding the alarm on former President Joe Biden's prevalent use of an autopen for official documents. (Win McNamee/Pool via Reuters, Getty Images)",0.4,0.2
226,"President Donald Trump has been sounding the alarm on Biden's prevalent use of an autopen for official presidential documents, most notably for official presidential pardons before he left office in January. On Monday morning, Trump posted on Truth Social that Biden's pardons for individuals connected to the Jan. 6 select committee investigation another are ""void.""",0.25833333333333336,0.26666666666666666
227,"""The 'Pardons' that Sleepy Joe Biden gave to the Unselect Committee of Political Thugs, and many others, are hereby declared VOID, VACANT, AND OF NO FURTHER FORCE OR EFFECT, because of the fact that they were done by Autopen,"" Trump wrote.",0.16666666666666666,0.3666666666666667
228,"""In other words, Joe Biden did not sign them but, more importantly, he did not know anything about them! The necessary Pardoning Documents were not explained to, or approved by, Biden. He knew nothing about them, and the people that did may have committed a crime. Therefore, those on the Unselect Committee, who destroyed and deleted ALL evidence obtained during their two year Witch Hunt of me, and many other innocent people, should fully understand that they are subject to investigation at the highest level,"" he added.",0.19791666666666666,0.5979166666666667
229,"At the heart of the issue over the use of an autopen, which have been frequently used by presidential administrations across the decades, is concern over Biden's mental acuity when he served in the White House. Trump said Sunday that though he uses the autopen for documents such as letters, he does not use an autopen for legally binding documents.",0.04,0.24
230,"BIDEN'S 'AUTOPEN SIGNATURE' APPEARS ON MOST OFFICIAL DOCS, RAISING CONCERNS OVER WHO CONTROLLED THE WH: REPORT",0.5,0.5
231,At the heart of the issue over the use of an autopen is concern over Biden's mental acuity when he served in the White House. (Hannah Beier/Bloomberg via Getty Images),-0.05,0.1
232,"Trump's declaration that Biden's pardons are now ""void"" sparked a wave of legal questions to swirl — with many legal experts reporting that this is uncharted legal territory.",0.27499999999999997,0.27499999999999997
233,"""This dog will not hunt,"" Turley added on X. ""It may be worthy of investigation by Congress, but the pardons are unlikely to be seriously questioned by the courts.""",-0.16666666666666666,0.7222222222222222
234,"Michael O'Neill, the vice president of legal affairs at Landmark Legal Foundation — a conservative legal advocacy group that works to defend the Constitution — told Fox News Digital that, to his knowledge, ""there hasn't been a case where the limits of this power have been challenged.""",0.15000000000000002,0.15000000000000002
235,"""Biden's pardons at the end of his term certainly test whether there are any limits to the presidential pardon power,"" O'Neill said. ""Can a president issue blanket pardons encompassing any crime an individual may be accused of over ten years? This is a legitimate question that has yet to be addressed by the courts because no president has abused this authority until Biden. Another question is whether the pardons are valid if executed without the president's knowledge — i.e. via autopen.""",0.07142857142857142,0.3238095238095238
236,"""If an individual who has received a pardon is indicted, they would, most likely, assert pardon as an affirmative defense,"" he added. ""Lower courts would, most likely, uphold the dismissal, leaving it to SCOTUS to define the contours of the pardon power. How SCOTUS decides such a case is unknown.""",0.1875,0.6749999999999999
237,"LIES ABOUT BIDEN'S AGE, HEALTH DURING HIS PRESIDENCY IS A 'SCANDAL OF EPIC PROPORTIONS,' SCOTT JENNINGS SAYS",0.1,0.4
238,"President Donald Trump's declaration that Biden's pardons are now ""void"" sparked a wave of legal questions to swirl — with many legal experts reporting that this is uncharted legal territory. (Pool)",0.27499999999999997,0.27499999999999997
239,"The Heritage Foundation's Oversight Project first sounded the alarm on Biden's use of an autopen earlier in March, reporting that an autopen signature was used on the vast majority of official documents researchers reviewed, except for the signature on Biden's official announcement that he was dropping out of the presidential race in 2024.",0.08333333333333333,0.611111111111111
240,"Heritage's Project Oversight posted a memo on its ongoing investigation into the matter Monday, reporting that researchers are wading through copious amounts of ""public documents discharging non-delegable Presidential powers containing former President Joseph R. Biden’s signature.""",0.0,0.03333333333333333
241,"The memo determined that ""individuals in the Biden Administration other than the President appear to have used a device called an autopen to affix the President’s signature onto some of the most controversial clemency warrants of his Presidency.""",0.30833333333333335,0.6083333333333333
242,"The Project Oversight memo offered a legal explanation that ""if President Biden’s non-delegable official actions were not his own, then they are invalid.""",0.4,0.6
243,"The Project Oversight memo offered a legal explanation that ""if President Biden’s non-delegable official actions were not his own, then they are invalid."" (Kevin D. Liles for The Washington Post via Getty Images)",0.4,0.6
244,"""Start with the Constitution,"" the memo reported. ""Multiple Constitutional provisions, like the pardon power, vest those powers solely in the President. In those cases, the President affixing his signature is his execution of the acts as President.""",0.0,0.0
245,"""The Founding Fathers contemplated these issues when writing the Constitution. For example, Article I, Section 7, Clause 2 of the Constitution lays out the role of the President to sign or veto legislation. Early debates at the Constitutional Convention concerning this provision made it clear that regardless of the structure of the Executive Branch, the President would maintain a necessary affirmative approbation of legislation presented to him. The act of the President affixing his signature manually to a bill is his consent and is the very act that causes a bill to become law; it is in no way ministerial. Until he signs, there is no law,"" the legal explanation continued.",0.19999999999999998,0.513888888888889
246,The Justice Department's Office of Legal Counsel in 2005 under former President George W. Bush's administration determined that the president is permitted to use an autopen to sign bills into law.,0.1,0.1
247,"""You have asked whether, having decided to approve a bill, the President may sign it, within the meaning of Article I, Section 7 of the Constitution, by directing a subordinate to affix the President’s signature to it, for example by autopen,"" the opinion stated. ""This memorandum confirms and elaborates upon our earlier advice that the President may sign a bill in this manner.""",0.0,0.5
248,"The Project Oversight memo, however, hit back that the opinion is ""wrong.""",-0.25,0.45
249,"""This opinion is wrong. But even that erroneous opinion was clear that ‘(w)e emphasize that we are not suggesting that the President may delegate the decision to approve and sign a bill, only that, having made this decision, he may direct a subordinate to affix the President’s signature to the bill,’"" the memo said.",-0.16,0.6566666666666666
250,CHUCK SCHUMER CONFRONTED WITH OLD CLIP OF HIMSELF DECLARING BIDEN'S DECLINE 'RIGHT-WING PROPAGANDA',0.0,0.15000000000000002
251,Concerns over Biden's mental acuity when he was in the White House have been under the microscope as legal questions fly over the use of the autopen and Trump's declaration his pardons were voided.,0.225,0.325
252,"Biden kicked off 2024 in the driver’s seat of the Democratic Party as he keyed up a re-election effort in what was shaping up to be a rematch against Trump. In February 2024, however, Biden’s 81 years of age and mental acuity fell under public scrutiny after years of conservatives questioning the commander in chief’s mental fitness.",-0.06666666666666667,0.15555555555555556
253,"Scrutiny over Biden’s mental fitness rose to a fever pitch in June 2024 after the president’s first and only presidential debate against Trump. Biden missed his marks repeatedly in the debate, tripping over his responses and appearing to lose his train of thought as he squared off against Trump.",0.1875,0.6208333333333333
254,Scrutiny over Biden’s mental fitness rose to a fever pitch in June 2024 after his presidential debate against Trump. (Michael Reynolds/EPA/Bloomberg via Getty Images),0.25,0.575
255,The disastrous debate performance led to an outpouring from both conservatives and traditional Democrat allies calling on the president to bow out of the race in favor of a younger generation.,-0.2333333333333333,0.5166666666666667
256,"Biden dropped out of the race in July, with former Vice President Kamala Harris taking up the mantle in his place, though concerns over his health have continued months later as Trump speculates that Biden was unaware of signing the pardons specifically.",0.0,0.16666666666666666
257,"WHITE HOUSE SAYS IT DIDN'T CREATE A BANNED WORD LIST, LEAVES LANGUAGE CHOICES UP TO AGENCIES",0.0,0.0
258,"White House press secretary Karoline Leavitt was peppered with questions about the autopen during Monday's White House press briefing, saying Trump's Truth Social was raising the question whether Biden was aware of the pardons when he signed them.",0.07083333333333333,0.07916666666666666
259,"White House press secretary Karoline Leavitt was peppered with questions about the autopen during a March 17, 2025, briefing. (JIim Watson/AFP via Getty Images)",0.0,0.0
260,"""Was his illegal signature used without his consent or knowledge? And that's not just the president or me raising those questions,"" Leavitt said on Monday. ""According to the New York Post, there are Biden officials from the previous White House who raised those questions and wondered if the president was even consulted about his legally binding signature being signed onto documents.""",-0.06606060606060606,0.2642424242424243
261,"""And so I think it's a question that everybody in this room should be looking into, because certainly that would propose, perhaps criminal or illegal behavior if staff members were signing the president of the United States' autograph without his consent,"" Leavitt continued.",-0.22857142857142856,0.5404761904761904
262,"TRUMP DOESN’T USE AUTOPEN FOR LEGALLY BINDING DOCUMENTS, UNLIKE BIDEN, WHITE HOUSE SAYS",0.1,0.1
263,"Speaker Mike Johnson, R-La., also recounted earlier in January to the media that Biden reportedly didn’t remember signing an executive order freezing new liquid natural gas exports in 2024, which has increased scrutiny surrounding Biden's mental acuity.",0.03409090909090909,0.3886363636363636
264,"""I didn’t do that,"" the former president said in 2024, Johnson recounted during an interview with the Free Press’ Bari Weiss in January.",0.2,0.4
265,"Speaker Mike Johnson recounted that Biden reportedly didn’t remember signing an executive order freezing new liquid natural gas exports in 2024. (J. Scott Applewhite, File/The Associated Press)",0.11818181818181818,0.42727272727272725
266,"""Sir, you paused it, I know. I have the export terminals in my state,"" Johnson said he told the president at the time. ""I talked to those people in my state, I’ve talked to those people this morning, this is doing massive damage to our economy, national security.""",0.0,1.0
267,"""I walked out of that meeting with fear and loathing because I thought, ‘We are in serious trouble — who is running the country?’"" Johnson said of the 2024 meeting.",-0.26666666666666666,0.43333333333333335
268,"""Like, I don’t know who put the paper in front of him, but he didn’t know,"" he added.",0.0,0.0
269,"Turley said Johnson's comments on Biden suggest the ""use of dead-hand power,"" but that legally pursing a challenge will nonetheless likely be a non-starter.",0.1,0.6
270,CLICK TO GET THE FOX NEWS APP,0.0,0.0
271,"""The account of Speaker Johnson on how Biden seemed unaware of signing a major piece of legislation does suggest the use of a dead-hand power by staffers,"" Turley wrote. ""In the end, this is the most difficult type of allegation to pursue since the key parties will be unified in claiming full knowledge and approval by the president.""",0.06874999999999999,0.6749999999999999
272,"Fox Digital reached out to Biden's office for comment on his use of the autopen and Trump's comments he was unaware of the pardons he signed, but did not immediately receive a reply.",0.0,0.25
273,Fox News Digital's Diana Stancy contributed to this report.,0.0,0.0
274,"Get the latest updates from the 2024 campaign trail, exclusive interviews and more Fox News politics content.",0.5,0.7
275,"By entering your email and clicking the Subscribe button, you agree to the Fox News Privacy Policy and Terms of Use, and        agree to receive content and promotional communications from Fox News. You understand that you can        opt-out at any time.",0.0,0.0
276,Subscribed,0.0,0.0
277,You've successfully subscribed to this newsletter!,0.9375,0.95
278,"This material may not be published, broadcast, rewritten, or redistributed. ©2025 FOX News Network, LLC. All rights reserved. Quotes displayed in real-time or delayed by at least 15 minutes. Market data provided by        Factset. Powered and implemented by        FactSet Digital Solutions.        Legal Statement. Mutual Fund and ETF data provided by        Refinitiv Lipper.",-0.033333333333333326,0.20000000000000004
279,"This material may not be published, broadcast, rewritten, or redistributed. ©2025 FOX News Network, LLC. All rights reserved. Quotes displayed in real-time or delayed by at least 15 minutes. Market data provided by Factset. Powered and implemented by FactSet Digital Solutions. Legal Statement. Mutual Fund and ETF data provided by Refinitiv Lipper.",-0.033333333333333326,0.20000000000000004
280,'Gutfeld!' panelists discuss President Donald Trump mocking former President Biden for reportedly using an 'autopen signature.',0.0,0.0
281,"Concerns are mounting around former President Joe Biden's use of an autopen to sign presidential pardons and other official documents across his four years in office, though the chances of successfully challenging in court the use of an autopen on presidential pardons are ""vanishingly low,"" constitutional scholar Jonathan Turley said.",0.09375,0.41875
282,"""Many are suggesting that the Biden pardons may now be challenged in light of the disclosures of Biden's use of an autopen,"" Turley, a Fox News contributor, wrote on X Tuesday. ""The chances of such challenges succeeding are vanishingly low. Presidents are allowed to use the autopen and courts will not presume a dead-hand conspiracy.""",0.225,0.5
283,"""Many of these were high-profile pardons, including for his own son, that Biden acknowledged publicly,"" he added. ""There is also a problem with standing unless the issue comes up in a government effort to indict a recipient. That does not mean that the disclosures are not deeply troubling.""",0.25125000000000003,0.5308333333333333
284,"Autopen signatures are ones that are automatically produced by a machine, as opposed to an authentic, handwritten signature.",0.5,0.75
285,TRUMPS TAKES JAB AT BIDEN OVER 'AUTOPEN SIGNATURE' FOLLOWING CONCERNING REPORT OVER WHO RAN THE WHITE HOUSE,0.0,0.05
286,"President Donald Trump has been sounding the alarm on former President Joe Biden's prevalent use of an autopen for official documents. (Win McNamee/Pool via Reuters, Getty Images)",0.4,0.2
287,"President Donald Trump has been sounding the alarm on Biden's prevalent use of an autopen for official presidential documents, most notably for official presidential pardons before he left office in January. On Monday morning, Trump posted on Truth Social that Biden's pardons for individuals connected to the Jan. 6 select committee investigation another are ""void.""",0.25833333333333336,0.26666666666666666
288,"""The 'Pardons' that Sleepy Joe Biden gave to the Unselect Committee of Political Thugs, and many others, are hereby declared VOID, VACANT, AND OF NO FURTHER FORCE OR EFFECT, because of the fact that they were done by Autopen,"" Trump wrote.",0.16666666666666666,0.3666666666666667
289,"""In other words, Joe Biden did not sign them but, more importantly, he did not know anything about them! The necessary Pardoning Documents were not explained to, or approved by, Biden. He knew nothing about them, and the people that did may have committed a crime. Therefore, those on the Unselect Committee, who destroyed and deleted ALL evidence obtained during their two year Witch Hunt of me, and many other innocent people, should fully understand that they are subject to investigation at the highest level,"" he added.",0.19791666666666666,0.5979166666666667
290,"At the heart of the issue over the use of an autopen, which have been frequently used by presidential administrations across the decades, is concern over Biden's mental acuity when he served in the White House. Trump said Sunday that though he uses the autopen for documents such as letters, he does not use an autopen for legally binding documents.",0.04,0.24
291,"BIDEN'S 'AUTOPEN SIGNATURE' APPEARS ON MOST OFFICIAL DOCS, RAISING CONCERNS OVER WHO CONTROLLED THE WH: REPORT",0.5,0.5
292,At the heart of the issue over the use of an autopen is concern over Biden's mental acuity when he served in the White House. (Hannah Beier/Bloomberg via Getty Images),-0.05,0.1
293,"Trump's declaration that Biden's pardons are now ""void"" sparked a wave of legal questions to swirl — with many legal experts reporting that this is uncharted legal territory.",0.27499999999999997,0.27499999999999997
294,"""This dog will not hunt,"" Turley added on X. ""It may be worthy of investigation by Congress, but the pardons are unlikely to be seriously questioned by the courts.""",-0.16666666666666666,0.7222222222222222
295,"Michael O'Neill, the vice president of legal affairs at Landmark Legal Foundation — a conservative legal advocacy group that works to defend the Constitution — told Fox News Digital that, to his knowledge, ""there hasn't been a case where the limits of this power have been challenged.""",0.15000000000000002,0.15000000000000002
296,"""Biden's pardons at the end of his term certainly test whether there are any limits to the presidential pardon power,"" O'Neill said. ""Can a president issue blanket pardons encompassing any crime an individual may be accused of over ten years? This is a legitimate question that has yet to be addressed by the courts because no president has abused this authority until Biden. Another question is whether the pardons are valid if executed without the president's knowledge — i.e. via autopen.""",0.07142857142857142,0.3238095238095238
297,"""If an individual who has received a pardon is indicted, they would, most likely, assert pardon as an affirmative defense,"" he added. ""Lower courts would, most likely, uphold the dismissal, leaving it to SCOTUS to define the contours of the pardon power. How SCOTUS decides such a case is unknown.""",0.1875,0.6749999999999999
298,"LIES ABOUT BIDEN'S AGE, HEALTH DURING HIS PRESIDENCY IS A 'SCANDAL OF EPIC PROPORTIONS,' SCOTT JENNINGS SAYS",0.1,0.4
299,"President Donald Trump's declaration that Biden's pardons are now ""void"" sparked a wave of legal questions to swirl — with many legal experts reporting that this is uncharted legal territory. (Pool)",0.27499999999999997,0.27499999999999997
300,"The Heritage Foundation's Oversight Project first sounded the alarm on Biden's use of an autopen earlier in March, reporting that an autopen signature was used on the vast majority of official documents researchers reviewed, except for the signature on Biden's official announcement that he was dropping out of the presidential race in 2024.",0.08333333333333333,0.611111111111111
301,"Heritage's Project Oversight posted a memo on its ongoing investigation into the matter Monday, reporting that researchers are wading through copious amounts of ""public documents discharging non-delegable Presidential powers containing former President Joseph R. Biden’s signature.""",0.0,0.03333333333333333
302,"The memo determined that ""individuals in the Biden Administration other than the President appear to have used a device called an autopen to affix the President’s signature onto some of the most controversial clemency warrants of his Presidency.""",0.30833333333333335,0.6083333333333333
303,"The Project Oversight memo offered a legal explanation that ""if President Biden’s non-delegable official actions were not his own, then they are invalid.""",0.4,0.6
304,"The Project Oversight memo offered a legal explanation that ""if President Biden’s non-delegable official actions were not his own, then they are invalid."" (Kevin D. Liles for The Washington Post via Getty Images)",0.4,0.6
305,"""Start with the Constitution,"" the memo reported. ""Multiple Constitutional provisions, like the pardon power, vest those powers solely in the President. In those cases, the President affixing his signature is his execution of the acts as President.""",0.0,0.0
306,"""The Founding Fathers contemplated these issues when writing the Constitution. For example, Article I, Section 7, Clause 2 of the Constitution lays out the role of the President to sign or veto legislation. Early debates at the Constitutional Convention concerning this provision made it clear that regardless of the structure of the Executive Branch, the President would maintain a necessary affirmative approbation of legislation presented to him. The act of the President affixing his signature manually to a bill is his consent and is the very act that causes a bill to become law; it is in no way ministerial. Until he signs, there is no law,"" the legal explanation continued.",0.19999999999999998,0.513888888888889
307,The Justice Department's Office of Legal Counsel in 2005 under former President George W. Bush's administration determined that the president is permitted to use an autopen to sign bills into law.,0.1,0.1
308,"""You have asked whether, having decided to approve a bill, the President may sign it, within the meaning of Article I, Section 7 of the Constitution, by directing a subordinate to affix the President’s signature to it, for example by autopen,"" the opinion stated. ""This memorandum confirms and elaborates upon our earlier advice that the President may sign a bill in this manner.""",0.0,0.5
309,"The Project Oversight memo, however, hit back that the opinion is ""wrong.""",-0.25,0.45
310,"""This opinion is wrong. But even that erroneous opinion was clear that ‘(w)e emphasize that we are not suggesting that the President may delegate the decision to approve and sign a bill, only that, having made this decision, he may direct a subordinate to affix the President’s signature to the bill,’"" the memo said.",-0.16,0.6566666666666666
311,CHUCK SCHUMER CONFRONTED WITH OLD CLIP OF HIMSELF DECLARING BIDEN'S DECLINE 'RIGHT-WING PROPAGANDA',0.0,0.15000000000000002
312,Concerns over Biden's mental acuity when he was in the White House have been under the microscope as legal questions fly over the use of the autopen and Trump's declaration his pardons were voided.,0.225,0.325
313,"Biden kicked off 2024 in the driver’s seat of the Democratic Party as he keyed up a re-election effort in what was shaping up to be a rematch against Trump. In February 2024, however, Biden’s 81 years of age and mental acuity fell under public scrutiny after years of conservatives questioning the commander in chief’s mental fitness.",-0.06666666666666667,0.15555555555555556
314,"Scrutiny over Biden’s mental fitness rose to a fever pitch in June 2024 after the president’s first and only presidential debate against Trump. Biden missed his marks repeatedly in the debate, tripping over his responses and appearing to lose his train of thought as he squared off against Trump.",0.1875,0.6208333333333333
315,Scrutiny over Biden’s mental fitness rose to a fever pitch in June 2024 after his presidential debate against Trump. (Michael Reynolds/EPA/Bloomberg via Getty Images),0.25,0.575
316,The disastrous debate performance led to an outpouring from both conservatives and traditional Democrat allies calling on the president to bow out of the race in favor of a younger generation.,-0.2333333333333333,0.5166666666666667
317,"Biden dropped out of the race in July, with former Vice President Kamala Harris taking up the mantle in his place, though concerns over his health have continued months later as Trump speculates that Biden was unaware of signing the pardons specifically.",0.0,0.16666666666666666
318,"WHITE HOUSE SAYS IT DIDN'T CREATE A BANNED WORD LIST, LEAVES LANGUAGE CHOICES UP TO AGENCIES",0.0,0.0
319,"White House press secretary Karoline Leavitt was peppered with questions about the autopen during Monday's White House press briefing, saying Trump's Truth Social was raising the question whether Biden was aware of the pardons when he signed them.",0.07083333333333333,0.07916666666666666
320,"White House press secretary Karoline Leavitt was peppered with questions about the autopen during a March 17, 2025, briefing. (JIim Watson/AFP via Getty Images)",0.0,0.0
321,"""Was his illegal signature used without his consent or knowledge? And that's not just the president or me raising those questions,"" Leavitt said on Monday. ""According to the New York Post, there are Biden officials from the previous White House who raised those questions and wondered if the president was even consulted about his legally binding signature being signed onto documents.""",-0.06606060606060606,0.2642424242424243
322,"""And so I think it's a question that everybody in this room should be looking into, because certainly that would propose, perhaps criminal or illegal behavior if staff members were signing the president of the United States' autograph without his consent,"" Leavitt continued.",-0.22857142857142856,0.5404761904761904
323,"TRUMP DOESN’T USE AUTOPEN FOR LEGALLY BINDING DOCUMENTS, UNLIKE BIDEN, WHITE HOUSE SAYS",0.1,0.1
324,"Speaker Mike Johnson, R-La., also recounted earlier in January to the media that Biden reportedly didn’t remember signing an executive order freezing new liquid natural gas exports in 2024, which has increased scrutiny surrounding Biden's mental acuity.",0.03409090909090909,0.3886363636363636
325,"""I didn’t do that,"" the former president said in 2024, Johnson recounted during an interview with the Free Press’ Bari Weiss in January.",0.2,0.4
326,"Speaker Mike Johnson recounted that Biden reportedly didn’t remember signing an executive order freezing new liquid natural gas exports in 2024. (J. Scott Applewhite, File/The Associated Press)",0.11818181818181818,0.42727272727272725
327,"""Sir, you paused it, I know. I have the export terminals in my state,"" Johnson said he told the president at the time. ""I talked to those people in my state, I’ve talked to those people this morning, this is doing massive damage to our economy, national security.""",0.0,1.0
328,"""I walked out of that meeting with fear and loathing because I thought, ‘We are in serious trouble — who is running the country?’"" Johnson said of the 2024 meeting.",-0.26666666666666666,0.43333333333333335
329,"""Like, I don’t know who put the paper in front of him, but he didn’t know,"" he added.",0.0,0.0
330,"Turley said Johnson's comments on Biden suggest the ""use of dead-hand power,"" but that legally pursing a challenge will nonetheless likely be a non-starter.",0.1,0.6
331,CLICK TO GET THE FOX NEWS APP,0.0,0.0
332,"""The account of Speaker Johnson on how Biden seemed unaware of signing a major piece of legislation does suggest the use of a dead-hand power by staffers,"" Turley wrote. ""In the end, this is the most difficult type of allegation to pursue since the key parties will be unified in claiming full knowledge and approval by the president.""",0.06874999999999999,0.6749999999999999
333,"Fox Digital reached out to Biden's office for comment on his use of the autopen and Trump's comments he was unaware of the pardons he signed, but did not immediately receive a reply.",0.0,0.25
334,Fox News Digital's Diana Stancy contributed to this report.,0.0,0.0
335,"Get the latest updates from the 2024 campaign trail, exclusive interviews and more Fox News politics content.",0.5,0.7
336,"By entering your email and clicking the Subscribe button, you agree to the Fox News Privacy Policy and Terms of Use, and        agree to receive content and promotional communications from Fox News. You understand that you can        opt-out at any time.",0.0,0.0
337,Subscribed,0.0,0.0
338,You've successfully subscribed to this newsletter!,0.9375,0.95
339,"This material may not be published, broadcast, rewritten, or redistributed. ©2025 FOX News Network, LLC. All rights reserved. Quotes displayed in real-time or delayed by at least 15 minutes. Market data provided by        Factset. Powered and implemented by        FactSet Digital Solutions.        Legal Statement. Mutual Fund and ETF data provided by        Refinitiv Lipper.",-0.033333333333333326,0.20000000000000004
340,"This material may not be published, broadcast, rewritten, or redistributed. ©2025 FOX News Network, LLC. All rights reserved. Quotes displayed in real-time or delayed by at least 15 minutes. Market data provided by Factset. Powered and implemented by FactSet Digital Solutions. Legal Statement. Mutual Fund and ETF data provided by Refinitiv Lipper.",-0.033333333333333326,0.20000000000000004
341,FOX Business' Hillary Vaughn discusses President Donald Trump pausing some federal funding to the University of Pennsylvania amid Title IX investigations.,0.0,0.0
342,"The Trump administration paused $175 million in federal funding to the University of Pennsylvania over its inclusion of transgender athletes in women’s sports, FOX Business exclusively reported on Wednesday morning.",0.0,0.0
343,The Ivy League university now stands to risk losing all of its federal funding amid an investigation into potential Title IX violations.,0.0,1.0
344,"Riley Gaines, now a spokeswoman for the Independent Women’s Forum, famously tied Lia Thomas, left, for fifth place in the 200 Freestyle finals at the NCAA Swimming and Diving Championships. (Brett Davis-USA TODAY Sports)",0.16666666666666666,0.375
345,"A senior administration official told FOX Business that the administration has paused $175 million in federal funding. This did not account for UPenn’s total federal funding, which the university previously reported last year was around $1 billion.",-0.05555555555555555,0.3277777777777778
346,CLICK HERE FOR MORE SPORTS COVERAGE ON FOXNEWS.COM,0.5,0.5
347,"The pause is not a direct result of the investigation into UPenn, which the Department of Education announced a day after the president signed the ""Keeping Men Out of Women’s Sports"" executive order on Feb. 5.",-0.05,0.4
348,Acting Assistant Secretary for Civil Rights Craig Trainor said in a statement provided by the department last month that three institutions would be investigated for suspected Title IX violations.,0.0,0.03333333333333333
349,"In addition to UPenn, San Jose State University, which made headlines in the fall after several schools refused to play the women’s volleyball team because of a trans athlete on the roster, and the Massachusetts Interscholastic Athletic Association are also being investigated for suspected violations.",0.0,0.0
350,"Blaire Fleming, #3 of the San Jose State Spartans, looks on during the third set against the Air Force Falcons at Falcon Court at East Gym on Oct. 19, 2024 in Colorado Springs, Colorado. (Andrew Wevers/Getty Images)",0.0,0.0
351,GOP LAWMAKER URGES TRUMP TO PULL FUNDING FOR SCHOOL ACCUSED OF MAKING GIRLS CHANGE IN FRONT OF TRANS STUDENT,0.0,0.0
352,"UPenn first made headlines during the 2022 season when Lia Thomas, a transgender student athlete, was put on the women’s team and would eventually go on to win a national championship title in the women’s 500-yard freestyle.",0.525,0.3666666666666667
353,"Thomas would also tie with former Kentucky swimmer Riley Gaines for fifth place in the 200-yard freestyle that year, although it would be Thomas that solely received the trophy during the awards ceremony.",0.0,0.0
354,"Thomas’ participation sparked a national debate surrounding girls’ and women’s sports, which, under the Trump administration, has seen several states at odds with federal law.",0.0,0.0
355,"Texas swimmers Erica Sullivan and Evie Pfeifer embrace as 500 Freestyle winner Lia Thomas walks past during the NCAA Swimming and Diving Championships on March 17, 2022 at the McAuley Aquatic Center in Atlanta. (Photo by Rich von Biberstein/Icon Sportswire via Getty Images)",0.00833333333333334,0.3666666666666667
356,CLICK HERE TO GET THE FOX NEWS APP,0.0,0.0
357,"Last week, the U.S. Department of Agriculture paused funding to the University of Maine System, a network of eight public colleges in the state, but days later, U.S. Sen. Susan Collins' office said the funding freeze had been reversed.",0.0,0.044444444444444446
358,"Additionally, this week, Rep. Mary Miller, R-Ill., called on the Trump administration to pull federal funding from an Illinois school district after one mother accused her 13-year-old daughter’s school of forcing girls to change in front of another trans student in the girl’s locker room.",0.0,0.0
359,UPenn has posted several statements online as the university braced for cuts in federal funding. Fox News Digital reached out to the university on Wednesday following the latest reports of funding cuts.,0.125,0.25
360,FOX Business' Hillary Voughn contributed to this report.,0.0,0.0
361,"Follow Fox News Digital’s sports coverage on X, and subscribe to the Fox News Sports Huddle newsletter.",0.0,0.0
362,Paulina Dedaj is a Sports Reporter for Fox News Digital.,0.0,0.0
363,Get all the stories you need-to-know from the most powerful name in news delivered first thing every morning to your inbox.,0.35000000000000003,0.611111111111111
364,"By entering your email and clicking the Subscribe button, you agree to the Fox News Privacy Policy and Terms of Use, and        agree to receive content and promotional communications from Fox News. You understand that you can        opt-out at any time.",0.0,0.0
365,Subscribed,0.0,0.0
366,You've successfully subscribed to this newsletter!,0.9375,0.95
367,"This material may not be published, broadcast, rewritten, or redistributed. ©2025 FOX News Network, LLC. All rights reserved. Quotes displayed in real-time or delayed by at least 15 minutes. Market data provided by        Factset. Powered and implemented by        FactSet Digital Solutions.        Legal Statement. Mutual Fund and ETF data provided by        Refinitiv Lipper.",-0.033333333333333326,0.20000000000000004
368,"This material may not be published, broadcast, rewritten, or redistributed. ©2025 FOX News Network, LLC. All rights reserved. Quotes displayed in real-time or delayed by at least 15 minutes. Market data provided by Factset. Powered and implemented by FactSet Digital Solutions. Legal Statement. Mutual Fund and ETF data provided by Refinitiv Lipper.",-0.033333333333333326,0.20000000000000004
369,FOX Business' Hillary Vaughn discusses President Donald Trump pausing some federal funding to the University of Pennsylvania amid Title IX investigations.,0.0,0.0
370,"The Trump administration paused $175 million in federal funding to the University of Pennsylvania over its inclusion of transgender athletes in women’s sports, FOX Business exclusively reported on Wednesday morning.",0.0,0.0
371,The Ivy League university now stands to risk losing all of its federal funding amid an investigation into potential Title IX violations.,0.0,1.0
372,"Riley Gaines, now a spokeswoman for the Independent Women’s Forum, famously tied Lia Thomas, left, for fifth place in the 200 Freestyle finals at the NCAA Swimming and Diving Championships. (Brett Davis-USA TODAY Sports)",0.16666666666666666,0.375
373,"A senior administration official told FOX Business that the administration has paused $175 million in federal funding. This did not account for UPenn’s total federal funding, which the university previously reported last year was around $1 billion.",-0.05555555555555555,0.3277777777777778
374,CLICK HERE FOR MORE SPORTS COVERAGE ON FOXNEWS.COM,0.5,0.5
375,"The pause is not a direct result of the investigation into UPenn, which the Department of Education announced a day after the president signed the ""Keeping Men Out of Women’s Sports"" executive order on Feb. 5.",-0.05,0.4
376,Acting Assistant Secretary for Civil Rights Craig Trainor said in a statement provided by the department last month that three institutions would be investigated for suspected Title IX violations.,0.0,0.03333333333333333
377,"In addition to UPenn, San Jose State University, which made headlines in the fall after several schools refused to play the women’s volleyball team because of a trans athlete on the roster, and the Massachusetts Interscholastic Athletic Association are also being investigated for suspected violations.",0.0,0.0
378,"Blaire Fleming, #3 of the San Jose State Spartans, looks on during the third set against the Air Force Falcons at Falcon Court at East Gym on Oct. 19, 2024 in Colorado Springs, Colorado. (Andrew Wevers/Getty Images)",0.0,0.0
379,GOP LAWMAKER URGES TRUMP TO PULL FUNDING FOR SCHOOL ACCUSED OF MAKING GIRLS CHANGE IN FRONT OF TRANS STUDENT,0.0,0.0
380,"UPenn first made headlines during the 2022 season when Lia Thomas, a transgender student athlete, was put on the women’s team and would eventually go on to win a national championship title in the women’s 500-yard freestyle.",0.525,0.3666666666666667
381,"Thomas would also tie with former Kentucky swimmer Riley Gaines for fifth place in the 200-yard freestyle that year, although it would be Thomas that solely received the trophy during the awards ceremony.",0.0,0.0
382,"Thomas’ participation sparked a national debate surrounding girls’ and women’s sports, which, under the Trump administration, has seen several states at odds with federal law.",0.0,0.0
383,"Texas swimmers Erica Sullivan and Evie Pfeifer embrace as 500 Freestyle winner Lia Thomas walks past during the NCAA Swimming and Diving Championships on March 17, 2022 at the McAuley Aquatic Center in Atlanta. (Photo by Rich von Biberstein/Icon Sportswire via Getty Images)",0.00833333333333334,0.3666666666666667
384,CLICK HERE TO GET THE FOX NEWS APP,0.0,0.0
385,"Last week, the U.S. Department of Agriculture paused funding to the University of Maine System, a network of eight public colleges in the state, but days later, U.S. Sen. Susan Collins' office said the funding freeze had been reversed.",0.0,0.044444444444444446
386,"Additionally, this week, Rep. Mary Miller, R-Ill., called on the Trump administration to pull federal funding from an Illinois school district after one mother accused her 13-year-old daughter’s school of forcing girls to change in front of another trans student in the girl’s locker room.",0.0,0.0
387,UPenn has posted several statements online as the university braced for cuts in federal funding. Fox News Digital reached out to the university on Wednesday following the latest reports of funding cuts.,0.125,0.25
388,FOX Business' Hillary Voughn contributed to this report.,0.0,0.0
389,"Follow Fox News Digital’s sports coverage on X, and subscribe to the Fox News Sports Huddle newsletter.",0.0,0.0
390,Paulina Dedaj is a Sports Reporter for Fox News Digital.,0.0,0.0
391,Get all the stories you need-to-know from the most powerful name in news delivered first thing every morning to your inbox.,0.35000000000000003,0.611111111111111
392,"By entering your email and clicking the Subscribe button, you agree to the Fox News Privacy Policy and Terms of Use, and        agree to receive content and promotional communications from Fox News. You understand that you can        opt-out at any time.",0.0,0.0
393,Subscribed,0.0,0.0
394,You've successfully subscribed to this newsletter!,0.9375,0.95
395,"This material may not be published, broadcast, rewritten, or redistributed. ©2025 FOX News Network, LLC. All rights reserved. Quotes displayed in real-time or delayed by at least 15 minutes. Market data provided by        Factset. Powered and implemented by        FactSet Digital Solutions.        Legal Statement. Mutual Fund and ETF data provided by        Refinitiv Lipper.",-0.033333333333333326,0.20000000000000004
396,"This material may not be published, broadcast, rewritten, or redistributed. ©2025 FOX News Network, LLC. All rights reserved. Quotes displayed in real-time or delayed by at least 15 minutes. Market data provided by Factset. Powered and implemented by FactSet Digital Solutions. Legal Statement. Mutual Fund and ETF data provided by Refinitiv Lipper.",-0.033333333333333326,0.20000000000000004
397,"Riley Gaines talks to Fox News Digital about ""loopholes"" within the NCAA's new trans-athlete participation policy.",0.06818181818181818,0.22727272727272727
398,A Texas judge ruled on Tuesday night against an injunction that sought to force the NCAA to implement mandatory gender testing to keep trans athletes out of women's sports.,0.0,0.0
399,"Lubbock County Judge Les Hatch, a Republican, presided over a hearing brought about by Texas Attorney General Ken Paxton, who sued the NCAA over its recent revised gender eligibility policy.",0.02500000000000001,0.375
400,"The NCAA revised its policy in February to comply with President Donald Trump's executive order to ban trans athletes from women's and girls' sports, now ruling that any biological male athlete is ineligible to compete in the women's category. However, Paxton and many women's rights activists argued the policy does not do enough to keep trans athletes out of women's sports, and mandatory gender testing is necessary to enforce the ban.",0.125,0.525
401,CLICK HERE FOR MORE SPORTS COVERAGE ON FOXNEWS.COM,0.5,0.5
402,"Paxton was joined by three former women collegiate athletes impacted by trans inclusion. Former San Jose State University volleyball player Brooke Slusser, former University of Kentucky swimmer Kaitlynn Wheeler and former North Carolina State University Kylee Alons all testified, sharing their own experiences of having to compete with trans athletes.",0.12,0.2
403,"Slusser shared her experience of having to share a team, locker room and bedroom with former teammate Blaire Fleming, while Wheeler and Alons shared their experiences competing with former University of Pennsylvania Swimmer Lia Thomas.",0.0,0.0
404,"However, Paxton's arguments and the women athletes' testimonies were not enough to convince Hatch to rule in favor of the injunction.",0.0,0.5
405,The NCAA provided a statement to Fox News Digital addressing Tuesday's ruling.,0.0,0.0
406,"""The Trump administration has made clear that the new NCAA policy is consistent with the Keeping Men Out of Women’s Sports Executive Order. The NCAA is looking forward to another championship season getting underway for thousands of women student-athletes competing for national titles,"" the statement read.",0.16212121212121214,0.36262626262626263
407,HOW TRANSGENDERISM IN SPORTS SHIFTED THE 2024 ELECTION AND IGNITED A NATIONAL COUNTERCULTURE,0.0,0.0
408,Trump himself has not commented on the controversy surrounding the lack of gender testing in the NCAA. The president last addressed the NCAA's policy with praise after it was amended in a Truth Social post on Feb. 6.,0.016666666666666666,0.06666666666666667
409,"""Due to my Executive Order, which I proudly signed yesterday, the NCAA has officially changed their policy of allowing men in Women’s Sports – IT IS NOW BANNED! This is a great day for women and girls across our country,"" Trump wrote.",0.5583333333333333,0.7083333333333334
410,Critics of the NCAA's current policy have argued that depending on birth certificates could allow trans athletes to gain access to women's competition via amended birth certificates.,0.0,0.4
411,"In the U.S., 44 states do allow birth certificates to be altered to change a person's birth sex. The only states that do not allow this are Florida, Texas, Kansas, Oklahoma, Tennessee and Montana. There are 14 states that allow sex on a birth certificate to be changed without any medical documentation required, including California, New York, Massachusetts and Michigan.",0.04545454545454545,0.48484848484848486
412,The NCAA previously told Fox News Digital amended birth certificates will not be accepted as sufficient evidence to compete in women's sports.,-0.08333333333333333,0.08333333333333333
413,"WISCONSIN BANS TRANS ATHLETES FROM GIRLS SPORTS, FOLLOWING TRUMP’S EXECUTIVE ORDER",0.0,0.1
414,"Meanwhile, Slusser's mother, Kim Slusser, who also testified at the hearing, told Fox News Digital that Hatch's ruling was a ""disappointment"" but she plans to ""keep fighting.""",-0.3,0.2
415,"""All of our little battles, which are not little battles, they're big to us, I feel like we kind of lose along the way, and sadly I kind of felt that way. I was like ‘oh, is this going to be another one,’ and sure enough it is,"" Kim Slusser said. ""But we keep fighting on, we keep going, we know we're going to win the big one in the end, and it is a disappointment. It's a disappointment.""",0.10965909090909089,0.5080808080808081
416,"Brooke Slusser is engaged in two separate lawsuits over the alleged situation at San Jose State. She has joined another lawsuit against the NCAA over its previous gender eligibility policy alongside Alons, Wheeler and led by Riley Gaines. Additionally, Slusser also currently leads a lawsuit against SJSU and the Mountain West Conference alongside 10 other conference players and her former assistant coach Melissa Batie-Smoose over the handling of Fleming.",-0.07833333333333334,0.20833333333333334
417,"Paxton also leads another lawsuit against the NCAA over its previous policy. Paxton filed that lawsuit in December, accusing the NCAA of ""engaging in false, deceptive, and misleading practices by marketing sporting events as ‘women’s’ competitions only to then provide consumers with mixed-sex competitions where biological males compete against biological females.""",-0.04166666666666668,0.6166666666666667
418,"Follow Fox News Digital’s sports coverage on X, and subscribe to the Fox News Sports Huddle newsletter.",0.0,0.0
419,"Jackson Thompson is a sports writer for Fox News Digital. He previously worked for ESPN and Business Insider. Jackson has covered the Super Bowl and NBA Finals, and has interviewed iconic figures Usain Bolt, Rob Gronkowski, Jerry Rice, Troy Aikman, Mike Trout, David Ortiz and Roger Clemens.",0.16666666666666666,0.3333333333333333
420,Get all the stories you need-to-know from the most powerful name in news delivered first thing every morning to your inbox.,0.35000000000000003,0.611111111111111
421,"By entering your email and clicking the Subscribe button, you agree to the Fox News Privacy Policy and Terms of Use, and        agree to receive content and promotional communications from Fox News. You understand that you can        opt-out at any time.",0.0,0.0
422,Subscribed,0.0,0.0
423,You've successfully subscribed to this newsletter!,0.9375,0.95
424,"This material may not be published, broadcast, rewritten, or redistributed. ©2025 FOX News Network, LLC. All rights reserved. Quotes displayed in real-time or delayed by at least 15 minutes. Market data provided by        Factset. Powered and implemented by        FactSet Digital Solutions.        Legal Statement. Mutual Fund and ETF data provided by        Refinitiv Lipper.",-0.033333333333333326,0.20000000000000004
425,"This material may not be published, broadcast, rewritten, or redistributed. ©2025 FOX News Network, LLC. All rights reserved. Quotes displayed in real-time or delayed by at least 15 minutes. Market data provided by Factset. Powered and implemented by FactSet Digital Solutions. Legal Statement. Mutual Fund and ETF data provided by Refinitiv Lipper.",-0.033333333333333326,0.20000000000000004
426,Fox News Flash top entertainment and celebrity headlines are here.,0.5,0.5
427,"Heather Thomas experienced the dark side of Hollywood after her time on ""The Fall Guy.""",0.325,0.65
428,"Thomas revealed on the ""Still Here Hollywood"" podcast that after her time on the hit show, she was bombarded with scary situations involving stalkers.",-0.5,1.0
429,"Thomas was on ""The Fall Guy"" from 1981 until the series concluded in 1986. She took on a few other roles after the show ended, such as ""Red Blooded American Girl"" and ""Against The Law,"" but she decided to leave Hollywood behind in the '90s.",-0.12083333333333335,0.2791666666666666
430,"""Fall Guy"" star Heather Thomas left Hollywood after several incidents with stalkers. (Getty Images)",0.0,0.0
431,"""I was just getting so many stalkers,"" she said before explaining that it was ""really bad."" It got to the point where Thomas was dealing with two stalkers a week, she told podcast host Steve Kmetko.",-0.09999999999999992,0.5833333333333333
432,SHAKIRA'S ACCUSED STALKER ARGUES WITH STUNNED JUDGE AFTER ARREST: ‘SHE’S MY WIFE',-0.05,0.0
433,"""I had one guy one night cut my screen in my bedroom and got in, and I shot him.""",0.0,0.0
434,"""I had tons of restraining orders. I had two little girls, and a guy was jumping our gate with a giant buck knife. In those days, I don't know if this is true now, but people would fixate. You could be in a soap commercial, and they would fixate on you. There weren't a lot of stalker laws, and I just needed to be home anyway,"" Thomas said.",0.040624999999999994,0.5375
435,"Heather Thomas and Lee Majors starred in the ABC series ""Fall Guy."" (Photo by American Broadcasting Companies via Getty Images)",0.0,0.0
436,"She described her experience as being ""scary"" and even received some threatening items in the mail.",-0.5,1.0
437,"""Someone sent me a box of bullets, and people would send me funeral wreaths they stole from a graveyard,"" the actress shared.",0.0,0.0
438,LIKE WHAT YOU’RE READING? CLICK HERE FOR MORE ENTERTAINMENT NEWS,0.5,0.5
439,"Thomas continued, ""I always had a bodyguard in the house because that's where I didn't want to come home to a dark house.""",-0.15,0.4
440,"Heather Thomas left Hollywood behind in the '90s. (Photo by Ron Galella, Ltd./Ron Galella Collection via Getty Images)",-0.2,0.35
441,She explained that things turned violent when a man attempted to break into her bedroom.,-0.8,1.0
442,"""I had one guy one night cut my screen in my bedroom and got in, and I shot him,"" she said while clarifying that she had rock salt in her firearm. Thomas is still unsure if the intruder ever went to jail.",-0.1,0.0
443,"Thomas said that she has not been open about her stalkers in the past because she did not want to be labeled as ""the lady that was stalked.""",-0.125,0.375
444,Heather Thomas shot an intruder attempting to enter her bedroom. (Photo by Axelle/Bauer-Griffin/FilmMagic),0.0,0.0
445,"During the podcast episode, Thomas also discussed being sexualized in Hollywood.",0.0,0.0
446,"""I think there's a certain amount of disassociation,"" she said of the industry. ""It was really my business. It would be like a woman who sold bathing suits. It was the way I sold things.""",0.20714285714285713,0.3857142857142857
447,"Thomas said she was ""happy"" with her body because she ""worked hard"" for it.",0.25416666666666665,0.7708333333333333
448,CLICK HERE TO SIGN UP FOR THE ENTERTAINMENT NEWSLETTER,0.0,0.0
449,"When Thomas made her debut in Hollywood, she was a student at UCLA and wanted to focus on writing and directing, but she quickly learned it was ""rough"" for women.",0.11666666666666665,0.45
450,"Lee Majors and Heather Thomas' ""Fall Guy"" was on air from 1981-1986. (Photo by American Broadcasting Companies via Getty Images)",0.0,0.0
451,"She ultimately chose to be on-camera as opposed to being behind-the-scenes because of the paycheck. Thomas said she was ""making so much money"" that she chose the path of ""least resistance.""",-0.033333333333333326,0.5333333333333333
452,CLICK HERE TO GET THE FOX NEWS APP,0.0,0.0
453,Janelle Ash is an entertainment writer for Fox News Digital. Story tips can be sent to janelle.ash@fox.com.,0.0,0.0
454,"Get a daily look at the top news in music, movies, television and more in the entertainment industry.",0.3333333333333333,0.3333333333333333
455,"By entering your email and clicking the Subscribe button, you agree to the Fox News Privacy Policy and Terms of Use, and        agree to receive content and promotional communications from Fox News. You understand that you can        opt-out at any time.",0.0,0.0
456,Subscribed,0.0,0.0
457,You've successfully subscribed to this newsletter!,0.9375,0.95
458,"This material may not be published, broadcast, rewritten, or redistributed. ©2025 FOX News Network, LLC. All rights reserved. Quotes displayed in real-time or delayed by at least 15 minutes. Market data provided by        Factset. Powered and implemented by        FactSet Digital Solutions.        Legal Statement. Mutual Fund and ETF data provided by        Refinitiv Lipper.",-0.033333333333333326,0.20000000000000004
459,"This material may not be published, broadcast, rewritten, or redistributed. ©2025 FOX News Network, LLC. All rights reserved. Quotes displayed in real-time or delayed by at least 15 minutes. Market data provided by Factset. Powered and implemented by FactSet Digital Solutions. Legal Statement. Mutual Fund and ETF data provided by Refinitiv Lipper.",-0.033333333333333326,0.20000000000000004
460,Fox News Flash top entertainment and celebrity headlines are here.,0.5,0.5
461,"Heather Thomas experienced the dark side of Hollywood after her time on ""The Fall Guy.""",0.325,0.65
462,"Thomas revealed on the ""Still Here Hollywood"" podcast that after her time on the hit show, she was bombarded with scary situations involving stalkers.",-0.5,1.0
463,"Thomas was on ""The Fall Guy"" from 1981 until the series concluded in 1986. She took on a few other roles after the show ended, such as ""Red Blooded American Girl"" and ""Against The Law,"" but she decided to leave Hollywood behind in the '90s.",-0.12083333333333335,0.2791666666666666
464,"""Fall Guy"" star Heather Thomas left Hollywood after several incidents with stalkers. (Getty Images)",0.0,0.0
465,"""I was just getting so many stalkers,"" she said before explaining that it was ""really bad."" It got to the point where Thomas was dealing with two stalkers a week, she told podcast host Steve Kmetko.",-0.09999999999999992,0.5833333333333333
466,SHAKIRA'S ACCUSED STALKER ARGUES WITH STUNNED JUDGE AFTER ARREST: ‘SHE’S MY WIFE',-0.05,0.0
467,"""I had one guy one night cut my screen in my bedroom and got in, and I shot him.""",0.0,0.0
468,"""I had tons of restraining orders. I had two little girls, and a guy was jumping our gate with a giant buck knife. In those days, I don't know if this is true now, but people would fixate. You could be in a soap commercial, and they would fixate on you. There weren't a lot of stalker laws, and I just needed to be home anyway,"" Thomas said.",0.040624999999999994,0.5375
469,"Heather Thomas and Lee Majors starred in the ABC series ""Fall Guy."" (Photo by American Broadcasting Companies via Getty Images)",0.0,0.0
470,"She described her experience as being ""scary"" and even received some threatening items in the mail.",-0.5,1.0
471,"""Someone sent me a box of bullets, and people would send me funeral wreaths they stole from a graveyard,"" the actress shared.",0.0,0.0
472,LIKE WHAT YOU’RE READING? CLICK HERE FOR MORE ENTERTAINMENT NEWS,0.5,0.5
473,"Thomas continued, ""I always had a bodyguard in the house because that's where I didn't want to come home to a dark house.""",-0.15,0.4
474,"Heather Thomas left Hollywood behind in the '90s. (Photo by Ron Galella, Ltd./Ron Galella Collection via Getty Images)",-0.2,0.35
475,She explained that things turned violent when a man attempted to break into her bedroom.,-0.8,1.0
476,"""I had one guy one night cut my screen in my bedroom and got in, and I shot him,"" she said while clarifying that she had rock salt in her firearm. Thomas is still unsure if the intruder ever went to jail.",-0.1,0.0
477,"Thomas said that she has not been open about her stalkers in the past because she did not want to be labeled as ""the lady that was stalked.""",-0.125,0.375
478,Heather Thomas shot an intruder attempting to enter her bedroom. (Photo by Axelle/Bauer-Griffin/FilmMagic),0.0,0.0
479,"During the podcast episode, Thomas also discussed being sexualized in Hollywood.",0.0,0.0
480,"""I think there's a certain amount of disassociation,"" she said of the industry. ""It was really my business. It would be like a woman who sold bathing suits. It was the way I sold things.""",0.20714285714285713,0.3857142857142857
481,"Thomas said she was ""happy"" with her body because she ""worked hard"" for it.",0.25416666666666665,0.7708333333333333
482,CLICK HERE TO SIGN UP FOR THE ENTERTAINMENT NEWSLETTER,0.0,0.0
483,"When Thomas made her debut in Hollywood, she was a student at UCLA and wanted to focus on writing and directing, but she quickly learned it was ""rough"" for women.",0.11666666666666665,0.45
484,"Lee Majors and Heather Thomas' ""Fall Guy"" was on air from 1981-1986. (Photo by American Broadcasting Companies via Getty Images)",0.0,0.0
485,"She ultimately chose to be on-camera as opposed to being behind-the-scenes because of the paycheck. Thomas said she was ""making so much money"" that she chose the path of ""least resistance.""",-0.033333333333333326,0.5333333333333333
486,CLICK HERE TO GET THE FOX NEWS APP,0.0,0.0
487,Janelle Ash is an entertainment writer for Fox News Digital. Story tips can be sent to janelle.ash@fox.com.,0.0,0.0
488,"Get a daily look at the top news in music, movies, television and more in the entertainment industry.",0.3333333333333333,0.3333333333333333
489,"By entering your email and clicking the Subscribe button, you agree to the Fox News Privacy Policy and Terms of Use, and        agree to receive content and promotional communications from Fox News. You understand that you can        opt-out at any time.",0.0,0.0
490,Subscribed,0.0,0.0
491,You've successfully subscribed to this newsletter!,0.9375,0.95
492,"This material may not be published, broadcast, rewritten, or redistributed. ©2025 FOX News Network, LLC. All rights reserved. Quotes displayed in real-time or delayed by at least 15 minutes. Market data provided by        Factset. Powered and implemented by        FactSet Digital Solutions.        Legal Statement. Mutual Fund and ETF data provided by        Refinitiv Lipper.",-0.033333333333333326,0.20000000000000004
493,"This material may not be published, broadcast, rewritten, or redistributed. ©2025 FOX News Network, LLC. All rights reserved. Quotes displayed in real-time or delayed by at least 15 minutes. Market data provided by Factset. Powered and implemented by FactSet Digital Solutions. Legal Statement. Mutual Fund and ETF data provided by Refinitiv Lipper.",-0.033333333333333326,0.20000000000000004
494,President Donald Trump addresses criticism after deporting illegal migrant criminals on 'The Ingraham Angle.',-0.5,0.5
495,"After U.S. President Donald Trump called for the impeachment of a judge, President of El Salvador Nayib Bukele asserted in a post on X that ""The U.S. is facing a judicial coup.""",0.0,0.0
496,"Elon Musk agreed with the foreign leader, sharing the tweet and commenting, ""1000%.""",-0.125,0.125
497,"In a post on Truth Social, Trump, apparently referring to Judge James E. Boasberg of the U.S. District Court for the District of Columbia, called the judge a ""Radical Left Lunatic of a Judge, a troublemaker and agitator,"" noting that he had been nominated by President Barack Obama.",0.02777777777777778,0.13888888888888887
498,TRUMP CALLS FOR JUDGE IN DEPORTATION LEGAL BATTLE TO BE IMPEACHED,0.2,0.2
499,"President of El Salvador Nayib Bukele delivers a speech during the first press conference of the year at Casa Presidencial on Jan. 14, 2025 in San Salvador, El Salvador. (Alex Peña/Getty Images)",0.25,0.3333333333333333
500,"""This judge, like many of the Crooked Judges’ I am forced to appear before, should be IMPEACHED!!! WE DON’T WANT VICIOUS, VIOLENT, AND DEMENTED CRIMINALS, MANY OF THEM DERANGED MURDERERS, IN OUR COUNTRY,"" Trump declared in the post.",-0.23098958333333333,0.5499999999999999
501,Trump recently issued a proclamation that pointed to the Alien Enemies Act as providing the authority to remove Venezuelan citizens 14 and older who belong to Tren de Aragua if they are not naturalized or lawful permanent residents of the U.S.,-0.020833333333333336,0.3333333333333333
502,"In response to a legal challenge regarding Trump's move, Judge Boasberg sought to temporarily block the removal of such individuals pursuant to the proclamation.",0.1,0.35
503,SCOOP: IMPEACHMENT ARTICLES HIT JUDGE WHO ORDERED TRUMP TO STOP TREN DE ARAGUA DEPORTATION FLIGHTS,0.0,0.0
504,But flights that had reportedly departed prior to the judge's order did not reverse course.,0.0,0.0
505,"The administration recently transported 261 illegal aliens to El Salvador, of whom 137 were deported under the Alien Enemies Act, White House press secretary Karoline Leavitt noted on Monday.",-0.1875,0.375
506,"Bukele announced on Sunday that ""the first 238 members of the Venezuelan criminal organization, Tren de Aragua, arrived in our country,"" adding that ""the U.S. has also sent us 23 MS-13 members wanted by Salvadoran justice, including two ringleaders.""",-0.07500000000000001,0.44166666666666665
507,"US PAID EL SALVADOR TO TAKE VENEZUELAN TREN DE ARAGUA MEMBERS: ‘PENNIES ON THE DOLLAR,’ WHITE HOUSE SAYS",0.0,0.0
508,"Trump raised the issue again in a post shortly after midnight. ""If a President doesn’t have the right to throw murderers, and other criminals, out of our Country because a Radical Left Lunatic Judge wants to assume the role of President, then our Country is in very big trouble, and destined to fail!"" he declared in the post shared just minutes into Wednesday.",-0.05803571428571429,0.24258928571428573
509,Alex Nitzberg is a writer for Fox News Digital.,0.0,0.0
510,"Get the latest updates from the 2024 campaign trail, exclusive interviews and more Fox News politics content.",0.5,0.7
511,"By entering your email and clicking the Subscribe button, you agree to the Fox News Privacy Policy and Terms of Use, and        agree to receive content and promotional communications from Fox News. You understand that you can        opt-out at any time.",0.0,0.0
512,Subscribed,0.0,0.0
513,You've successfully subscribed to this newsletter!,0.9375,0.95
514,"This material may not be published, broadcast, rewritten, or redistributed. ©2025 FOX News Network, LLC. All rights reserved. Quotes displayed in real-time or delayed by at least 15 minutes. Market data provided by        Factset. Powered and implemented by        FactSet Digital Solutions.        Legal Statement. Mutual Fund and ETF data provided by        Refinitiv Lipper.",-0.033333333333333326,0.20000000000000004
515,"This material may not be published, broadcast, rewritten, or redistributed. ©2025 FOX News Network, LLC. All rights reserved. Quotes displayed in real-time or delayed by at least 15 minutes. Market data provided by Factset. Powered and implemented by FactSet Digital Solutions. Legal Statement. Mutual Fund and ETF data provided by Refinitiv Lipper.",-0.033333333333333326,0.20000000000000004
516,President Donald Trump addresses criticism after deporting illegal migrant criminals on 'The Ingraham Angle.',-0.5,0.5
517,"After U.S. President Donald Trump called for the impeachment of a judge, President of El Salvador Nayib Bukele asserted in a post on X that ""The U.S. is facing a judicial coup.""",0.0,0.0
518,"Elon Musk agreed with the foreign leader, sharing the tweet and commenting, ""1000%.""",-0.125,0.125
519,"In a post on Truth Social, Trump, apparently referring to Judge James E. Boasberg of the U.S. District Court for the District of Columbia, called the judge a ""Radical Left Lunatic of a Judge, a troublemaker and agitator,"" noting that he had been nominated by President Barack Obama.",0.02777777777777778,0.13888888888888887
520,TRUMP CALLS FOR JUDGE IN DEPORTATION LEGAL BATTLE TO BE IMPEACHED,0.2,0.2
521,"President of El Salvador Nayib Bukele delivers a speech during the first press conference of the year at Casa Presidencial on Jan. 14, 2025 in San Salvador, El Salvador. (Alex Peña/Getty Images)",0.25,0.3333333333333333
522,"""This judge, like many of the Crooked Judges’ I am forced to appear before, should be IMPEACHED!!! WE DON’T WANT VICIOUS, VIOLENT, AND DEMENTED CRIMINALS, MANY OF THEM DERANGED MURDERERS, IN OUR COUNTRY,"" Trump declared in the post.",-0.23098958333333333,0.5499999999999999
523,Trump recently issued a proclamation that pointed to the Alien Enemies Act as providing the authority to remove Venezuelan citizens 14 and older who belong to Tren de Aragua if they are not naturalized or lawful permanent residents of the U.S.,-0.020833333333333336,0.3333333333333333
524,"In response to a legal challenge regarding Trump's move, Judge Boasberg sought to temporarily block the removal of such individuals pursuant to the proclamation.",0.1,0.35
525,SCOOP: IMPEACHMENT ARTICLES HIT JUDGE WHO ORDERED TRUMP TO STOP TREN DE ARAGUA DEPORTATION FLIGHTS,0.0,0.0
526,But flights that had reportedly departed prior to the judge's order did not reverse course.,0.0,0.0
527,"The administration recently transported 261 illegal aliens to El Salvador, of whom 137 were deported under the Alien Enemies Act, White House press secretary Karoline Leavitt noted on Monday.",-0.1875,0.375
528,"Bukele announced on Sunday that ""the first 238 members of the Venezuelan criminal organization, Tren de Aragua, arrived in our country,"" adding that ""the U.S. has also sent us 23 MS-13 members wanted by Salvadoran justice, including two ringleaders.""",-0.07500000000000001,0.44166666666666665
529,"US PAID EL SALVADOR TO TAKE VENEZUELAN TREN DE ARAGUA MEMBERS: ‘PENNIES ON THE DOLLAR,’ WHITE HOUSE SAYS",0.0,0.0
530,"Trump raised the issue again in a post shortly after midnight. ""If a President doesn’t have the right to throw murderers, and other criminals, out of our Country because a Radical Left Lunatic Judge wants to assume the role of President, then our Country is in very big trouble, and destined to fail!"" he declared in the post shared just minutes into Wednesday.",-0.05803571428571429,0.24258928571428573
531,Alex Nitzberg is a writer for Fox News Digital.,0.0,0.0
532,"Get the latest updates from the 2024 campaign trail, exclusive interviews and more Fox News politics content.",0.5,0.7
533,"By entering your email and clicking the Subscribe button, you agree to the Fox News Privacy Policy and Terms of Use, and        agree to receive content and promotional communications from Fox News. You understand that you can        opt-out at any time.",0.0,0.0
534,Subscribed,0.0,0.0
535,You've successfully subscribed to this newsletter!,0.9375,0.95
536,"This material may not be published, broadcast, rewritten, or redistributed. ©2025 FOX News Network, LLC. All rights reserved. Quotes displayed in real-time or delayed by at least 15 minutes. Market data provided by        Factset. Powered and implemented by        FactSet Digital Solutions.        Legal Statement. Mutual Fund and ETF data provided by        Refinitiv Lipper.",-0.033333333333333326,0.20000000000000004
537,Log in to comment on videos and join in on the fun.,0.3,0.2
538,Watch the live stream of Fox News and full episodes.,0.24318181818181817,0.525
539,Reduce eye strain and focus on the content that matters.,0.0,0.0
540,President Donald Trump addresses criticism after deporting illegal migrant criminals on 'The Ingraham Angle.',-0.5,0.5
541,"©2025 FOX News Network, LLC. All rights reserved. This material may not be published, broadcast, rewritten, or redistributed. All market data delayed 20 minutes.",0.0,0.0
542,"This material may not be published, broadcast, rewritten, or redistributed. ©2025 FOX News Network, LLC. All rights reserved. Quotes displayed in real-time or delayed by at least 15 minutes. Market data provided by Factset. Powered and implemented by FactSet Digital Solutions. Legal Statement. Mutual Fund and ETF data provided by Refinitiv Lipper.",-0.033333333333333326,0.20000000000000004
543,Fox News correspondent Mike Tobin reports on a near-collision between a commercial flight and a private plane on the runway of Chicago Midway Airport.,0.0,0.1875
544,"Sun glare may have been a contributing factor in the recent near miss involving a Southwest Airlines jet at Chicago Midway International Airport, a preliminary report by the National Transportation Safety Board (NTSB) revealed.",0.03333333333333333,0.21666666666666667
545,The Southwest Airlines flight was forced to perform a go-around maneuver while coming in for a landing when a smaller Flexjet aircraft began taxiing across the plane’s path on the runway on Feb. 25. The incident was captured in a dramatic video.,-0.24444444444444446,0.4333333333333333
546,"The NTSB’s preliminary report said the flight crew of the Flexjet plane was instructed by ground control to ""turn left onto runway 04L, cross runway 31L and then hold short of runway 31C,"" where the Southwest plane was arriving.",0.0,0.09999999999999999
547,"""According to post-incident statements, the flight crew of LXJ560 indicated that as they turned left onto runway 4L/22R, the sun was impeding visibility from the right side of the aircraft"" -- the direction in which the Southwest jet was heading towards them, the report said.",0.14285714285714285,0.26785714285714285
548,SOUTHWEST FLIGHT BARELY MISSES COLLISION AT CHICAGO MIDWAY INTERNATIONAL AIRPORT,0.025,0.05
549,The Southwest flight crew performed a go-around maneuver to avoid a possible incident with a private jet that crossed its path on the runway at Chicago Midway International Airport on Tuesday morning. (StreamTime Live),0.03409090909090909,0.46875
550,"It added that the Flexjet flight crew ""did not recall seeing any hold short line/pavement markings or any other signs for the 31L intersection as they taxied onto runway 04L/22R.",-0.0625,0.3375
551,"""They further stated that runway 13R/31L appeared to have a very similar width to taxiways and that they had not recognized it as a runway,"" the NTSB report also said. ""The captain stated that as he approached runway 13C/31C he had thought it was runway 13R/31L. As they approached the runway intersection the crew stated they both looked to the left and to the right and did not observe the SWA [Southwest] airplane on final.""",0.05714285714285714,0.5111428571428571
552,"""As LXJ560 approached the hold short line for runway 31C the ground controller instructed LXJ560 to hold short, but the transmission was not acknowledged,"" according to the NTSB.",0.0,0.3
553,NTSB BLAMES SOUTHWEST CHICAGO NEAR MISS ON FLEXJET CREW ‘FAILURE’ TO LISTEN TO AIR TRAFFIC CONTROL,-0.10833333333333335,0.35
554,"A diagram showing the travel paths of the Flexjet aircraft, in blue, and the Southwest Airlines plane, in orange, on Feb. 25 at Chicago Midway International Airport. (NTSB)",0.0,0.05
555,"Following the incident, the captain of the Flexjet aircraft parked the plane and ""subsequently contacted the operator to notify them of the possible pilot deviation, assessed their wellbeing to continue the flight, and subsequently departed about 25 minutes after the runway incursion,"" the NTSB added,",0.0,0.3
556,"Southwest Flight 2504 from Omaha, Nebraska, ultimately landed safely, having performed the precautionary maneuver to avoid ""a possible conflict"" with the Flexjet aircraft, Southwest said in a statement to Fox News at the time of the incident.",0.16666666666666666,0.8333333333333334
557,"""The crew followed safety procedures and the flight landed without incident,"" a Southwest spokesperson told Fox News in a statement. ""Nothing is more important to Southwest than the safety of our customers and employees.""",0.45,0.75
558,The NTSB's preliminary report suggested that sun glare might have been a contributing factor in the Feb. 25 incident in Chicago. (NTSB),0.0,0.0
559,CLICK HERE TO GET THE FOX NEWS APP,0.0,0.0
560,"""We are aware of the occurrence... in Chicago,"" added a Flexjet spokesperson in a statement. ""Flexjet adheres to the highest safety standards and we are conducting a thorough investigation. Any action to rectify and ensure the highest safety standards will be taken.""",0.175,0.175
561,Fox News Digital’s Stephen Sorace and Greg Wehner contributed to this report.,0.0,0.0
562,Greg Norman is a reporter at Fox News Digital.,0.0,0.0
563,"The hottest stories ripped from the headlines, from crime to courts, legal and scandal.",0.2,0.2
564,"By entering your email and clicking the Subscribe button, you agree to the Fox News Privacy Policy and Terms of Use, and        agree to receive content and promotional communications from Fox News. You understand that you can        opt-out at any time.",0.0,0.0
565,Subscribed,0.0,0.0
566,You've successfully subscribed to this newsletter!,0.9375,0.95
567,"This material may not be published, broadcast, rewritten, or redistributed. ©2025 FOX News Network, LLC. All rights reserved. Quotes displayed in real-time or delayed by at least 15 minutes. Market data provided by        Factset. Powered and implemented by        FactSet Digital Solutions.        Legal Statement. Mutual Fund and ETF data provided by        Refinitiv Lipper.",-0.033333333333333326,0.20000000000000004
568,"This material may not be published, broadcast, rewritten, or redistributed. ©2025 FOX News Network, LLC. All rights reserved. Quotes displayed in real-time or delayed by at least 15 minutes. Market data provided by Factset. Powered and implemented by FactSet Digital Solutions. Legal Statement. Mutual Fund and ETF data provided by Refinitiv Lipper.",-0.033333333333333326,0.20000000000000004
569,Fox News correspondent Mike Tobin reports on a near-collision between a commercial flight and a private plane on the runway of Chicago Midway Airport.,0.0,0.1875
570,"Sun glare may have been a contributing factor in the recent near miss involving a Southwest Airlines jet at Chicago Midway International Airport, a preliminary report by the National Transportation Safety Board (NTSB) revealed.",0.03333333333333333,0.21666666666666667
571,The Southwest Airlines flight was forced to perform a go-around maneuver while coming in for a landing when a smaller Flexjet aircraft began taxiing across the plane’s path on the runway on Feb. 25. The incident was captured in a dramatic video.,-0.24444444444444446,0.4333333333333333
572,"The NTSB’s preliminary report said the flight crew of the Flexjet plane was instructed by ground control to ""turn left onto runway 04L, cross runway 31L and then hold short of runway 31C,"" where the Southwest plane was arriving.",0.0,0.09999999999999999
573,"""According to post-incident statements, the flight crew of LXJ560 indicated that as they turned left onto runway 4L/22R, the sun was impeding visibility from the right side of the aircraft"" -- the direction in which the Southwest jet was heading towards them, the report said.",0.14285714285714285,0.26785714285714285
574,SOUTHWEST FLIGHT BARELY MISSES COLLISION AT CHICAGO MIDWAY INTERNATIONAL AIRPORT,0.025,0.05
575,The Southwest flight crew performed a go-around maneuver to avoid a possible incident with a private jet that crossed its path on the runway at Chicago Midway International Airport on Tuesday morning. (StreamTime Live),0.03409090909090909,0.46875
576,"It added that the Flexjet flight crew ""did not recall seeing any hold short line/pavement markings or any other signs for the 31L intersection as they taxied onto runway 04L/22R.",-0.0625,0.3375
577,"""They further stated that runway 13R/31L appeared to have a very similar width to taxiways and that they had not recognized it as a runway,"" the NTSB report also said. ""The captain stated that as he approached runway 13C/31C he had thought it was runway 13R/31L. As they approached the runway intersection the crew stated they both looked to the left and to the right and did not observe the SWA [Southwest] airplane on final.""",0.05714285714285714,0.5111428571428571
578,"""As LXJ560 approached the hold short line for runway 31C the ground controller instructed LXJ560 to hold short, but the transmission was not acknowledged,"" according to the NTSB.",0.0,0.3
579,NTSB BLAMES SOUTHWEST CHICAGO NEAR MISS ON FLEXJET CREW ‘FAILURE’ TO LISTEN TO AIR TRAFFIC CONTROL,-0.10833333333333335,0.35
580,"A diagram showing the travel paths of the Flexjet aircraft, in blue, and the Southwest Airlines plane, in orange, on Feb. 25 at Chicago Midway International Airport. (NTSB)",0.0,0.05
581,"Following the incident, the captain of the Flexjet aircraft parked the plane and ""subsequently contacted the operator to notify them of the possible pilot deviation, assessed their wellbeing to continue the flight, and subsequently departed about 25 minutes after the runway incursion,"" the NTSB added,",0.0,0.3
582,"Southwest Flight 2504 from Omaha, Nebraska, ultimately landed safely, having performed the precautionary maneuver to avoid ""a possible conflict"" with the Flexjet aircraft, Southwest said in a statement to Fox News at the time of the incident.",0.16666666666666666,0.8333333333333334
583,"""The crew followed safety procedures and the flight landed without incident,"" a Southwest spokesperson told Fox News in a statement. ""Nothing is more important to Southwest than the safety of our customers and employees.""",0.45,0.75
584,The NTSB's preliminary report suggested that sun glare might have been a contributing factor in the Feb. 25 incident in Chicago. (NTSB),0.0,0.0
585,CLICK HERE TO GET THE FOX NEWS APP,0.0,0.0
586,"""We are aware of the occurrence... in Chicago,"" added a Flexjet spokesperson in a statement. ""Flexjet adheres to the highest safety standards and we are conducting a thorough investigation. Any action to rectify and ensure the highest safety standards will be taken.""",0.175,0.175
587,Fox News Digital’s Stephen Sorace and Greg Wehner contributed to this report.,0.0,0.0
588,Greg Norman is a reporter at Fox News Digital.,0.0,0.0
589,"The hottest stories ripped from the headlines, from crime to courts, legal and scandal.",0.2,0.2
590,"By entering your email and clicking the Subscribe button, you agree to the Fox News Privacy Policy and Terms of Use, and        agree to receive content and promotional communications from Fox News. You understand that you can        opt-out at any time.",0.0,0.0
591,Subscribed,0.0,0.0
592,You've successfully subscribed to this newsletter!,0.9375,0.95
593,"This material may not be published, broadcast, rewritten, or redistributed. ©2025 FOX News Network, LLC. All rights reserved. Quotes displayed in real-time or delayed by at least 15 minutes. Market data provided by        Factset. Powered and implemented by        FactSet Digital Solutions.        Legal Statement. Mutual Fund and ETF data provided by        Refinitiv Lipper.",-0.033333333333333326,0.20000000000000004
594,"This material may not be published, broadcast, rewritten, or redistributed. ©2025 FOX News Network, LLC. All rights reserved. Quotes displayed in real-time or delayed by at least 15 minutes. Market data provided by Factset. Powered and implemented by FactSet Digital Solutions. Legal Statement. Mutual Fund and ETF data provided by Refinitiv Lipper.",-0.033333333333333326,0.20000000000000004
595,Veteran Democratic strategist James Carville told Fox News Digital that he made a mistake predicting the outcome of the 2024 U.S. presidential election.,0.0,0.0
596,Veteran Democratic strategist James Carville spoke candidly about his botched prediction that then-Vice President Kamala Harris would win the 2024 presidential election.,0.4666666666666666,0.4000000000000001
597,"In the final weeks of the election cycle, Carville made the media rounds expressing confidence that Democrats would keep President Donald Trump out of the White House, even penning an op-ed in The New York Times titled ""Three Reasons I’m Certain Kamala Harris Will Win.""",0.23012987012987013,0.48519480519480523
598,"""The polls looked even, alright? I thought that Harris had more money. She also had more storefront locations, she had more doorknockers, definitely had better surrogates with two ex-presidents out there. Trump was going around with Scott Baio or something…. And I thought a combination of all of that would be worth a point and a half. It was not,"" Carville told Fox News Digital in an interview.",0.26666666666666666,0.3458333333333333
599,"Coincidentally, Trump ended up winning the popular vote by a point and a half over Harris and ultimately won the presidency with 312 electoral votes.",0.23333333333333336,0.7041666666666666
600,JAMES CARVILLE OFFERS LOVE ADVICE TO YOUNG PROGRESSIVES FOLLOWING ‘LOVE IS BLIND’ POLITICAL BLOW-UP,0.09999999999999999,0.3523809523809524
601,Veteran Democratic strategist James Carville reflected on his botched prediction that Vice President Kamala Harris would win the 2024 election in an interview with Fox News Digital. (Screenshot/HBO),0.26666666666666666,0.13333333333333333
602,"""You relearn the oldest lesson in politics. The greatest motivator of turnout, of voting, of persuasion is a reason. If you don't have a reason, you can't [win],"" Carville said. ""People had a reason to vote for Trump. The one reason that they were looking for, I should have taken this into more account, was people wanted some change.""",0.7666666666666666,0.6333333333333333
603,"Carville recalled Harris' now-infamous appearance on ""The View"" when she was asked what he called the ""money question:"" What would she have done differently from President Joe Biden? She responded, ""There is not a thing that comes to mind.""",0.0,0.6
604,"""She completely flubs it,"" Carville said. ""Well, 70% of people, we'll have time to argue whether they were right or wrong, 70% of people want something different. Well, give it to them!… [Say] anything you want other than 'I can't think of anything.' Worse answer ever given. Ever given.""",-0.10654761904761906,0.568452380952381
605,JAMES CARVILLE PREDICTS MORE DEMS WILL FOLLOW GAVIN NEWSOM IN SPEAKING OUT ON TRANS ATHLETES IN WOMEN'S SPORTS,0.5,0.5
606,"Carville declared Vice President Kamala Harris delivered the ""worst answer ever given"" when she said, ""There is not a thing that comes to mind"" about what she would change from the Biden presidency. (Screenshot/ABC News)",-1.0,1.0
607,"Since her defeat against Trump, Harris has already been generating buzz for a 2028 run as early polls show her dominating a field of potential Democratic rivals (though name recognition is likely a strong factor). Some have also floated her as a leading Democratic contender in California's gubernatorial election in 2026 after its current governor, Gavin Newsom, leaves office.",0.10666666666666666,0.6866666666666666
608,"When asked whether Harris should either run for governor in 2026 or president again in 2028, Carville refrained from taking a strong position.",0.4333333333333333,0.7333333333333333
609,"""I don't propose that somebody should or shouldn't run for office,"" Carville said. ""If she runs for president again, she's got to be a lot better candidate than she was in 2024. Maybe she is.""",0.5,0.5
610,JAMES CARVILLE SAYS DEMOCRATS BROKE HIS ‘FIRST COMMANDMENT OF POLITICS’ WITH ANTI-TRUMP ANTICS,0.25,0.3333333333333333
611,"The former Clinton operative remained convinced Harris would have been ""a much better candidate"" had Democrats held an open primary following Biden's abrupt exit from the 2024 race, swiping those like CNN commentator Bakari Sellars for talking down such an idea, something Carville suggested was a regrettable decision by his party.",0.07743055555555556,0.4236111111111111
612,"But when asked if it were up to him if he'd like to see Harris run again, he again didn't take a firm stance.",-0.2,0.4
613,"""Well, I mean, first of all, I think everybody should run,"" Carville said. ""I have a lot of friends. I would say you should run. You know, the more, the merrier, I think. And look, she's a former vice president. She's a former prosecutor in a big city, apparently very good at it. She's a former state attorney general. So, you know, to the vice president's impressive resume, I mean, who am I to say? But she certainly passes anything you say about who could run for president. She would have to think about it, but it would be very, very difficult for her to win the nomination, but it would be difficult for anybody else.""",0.12995238095238099,0.503984126984127
614,"Carville insisted former Vice President Kamala Harris would have been a ""much better candidate"" had Democrats held an open primary for her to compete in following President Biden's exit from the race. (Kevin Dietsch/Getty Images)",0.18,0.32
615,CLICK HERE TO GET THE FOX NEWS APP,0.0,0.0
616,"Carville admitted, ""I was wrong,"" in 2024 and his prediction was a ""mistake,"" stressing to Democrats that it's okay to acknowledge when they are at fault.",0.0,0.7
617,"""The public will never care if you're wrong. When they'll turn on you is when you're boring or predictable. That's what they don't like,"" Carville told Fox News Digital. ""If you don't say something in a colorful way that sticks with people, you know what you're saying? It's vapid stuff. And I think the public is just tired of talking points. They're just worn out.""",-0.23333333333333334,0.43703703703703706
618,Fox News' Nikolas Lanum contributed to this report.,0.0,0.0
619,Joseph A. Wulfsohn is a media reporter for Fox News Digital. Story tips can be sent to joseph.wulfsohn@fox.com and on Twitter: @JosephWulfsohn.,0.0,0.0
620,Get all the stories you need-to-know from the most powerful name in news delivered first thing every morning to your inbox.,0.35000000000000003,0.611111111111111
621,"By entering your email and clicking the Subscribe button, you agree to the Fox News Privacy Policy and Terms of Use, and        agree to receive content and promotional communications from Fox News. You understand that you can        opt-out at any time.",0.0,0.0
622,Subscribed,0.0,0.0
623,You've successfully subscribed to this newsletter!,0.9375,0.95
624,"This material may not be published, broadcast, rewritten, or redistributed. ©2025 FOX News Network, LLC. All rights reserved. Quotes displayed in real-time or delayed by at least 15 minutes. Market data provided by        Factset. Powered and implemented by        FactSet Digital Solutions.        Legal Statement. Mutual Fund and ETF data provided by        Refinitiv Lipper.",-0.033333333333333326,0.20000000000000004
625,"This material may not be published, broadcast, rewritten, or redistributed. ©2025 FOX News Network, LLC. All rights reserved. Quotes displayed in real-time or delayed by at least 15 minutes. Market data provided by Factset. Powered and implemented by FactSet Digital Solutions. Legal Statement. Mutual Fund and ETF data provided by Refinitiv Lipper.",-0.033333333333333326,0.20000000000000004
626,Veteran Democratic strategist James Carville told Fox News Digital that he made a mistake predicting the outcome of the 2024 U.S. presidential election.,0.0,0.0
627,Veteran Democratic strategist James Carville spoke candidly about his botched prediction that then-Vice President Kamala Harris would win the 2024 presidential election.,0.4666666666666666,0.4000000000000001
628,"In the final weeks of the election cycle, Carville made the media rounds expressing confidence that Democrats would keep President Donald Trump out of the White House, even penning an op-ed in The New York Times titled ""Three Reasons I’m Certain Kamala Harris Will Win.""",0.23012987012987013,0.48519480519480523
629,"""The polls looked even, alright? I thought that Harris had more money. She also had more storefront locations, she had more doorknockers, definitely had better surrogates with two ex-presidents out there. Trump was going around with Scott Baio or something…. And I thought a combination of all of that would be worth a point and a half. It was not,"" Carville told Fox News Digital in an interview.",0.26666666666666666,0.3458333333333333
630,"Coincidentally, Trump ended up winning the popular vote by a point and a half over Harris and ultimately won the presidency with 312 electoral votes.",0.23333333333333336,0.7041666666666666
631,JAMES CARVILLE OFFERS LOVE ADVICE TO YOUNG PROGRESSIVES FOLLOWING ‘LOVE IS BLIND’ POLITICAL BLOW-UP,0.09999999999999999,0.3523809523809524
632,Veteran Democratic strategist James Carville reflected on his botched prediction that Vice President Kamala Harris would win the 2024 election in an interview with Fox News Digital. (Screenshot/HBO),0.26666666666666666,0.13333333333333333
633,"""You relearn the oldest lesson in politics. The greatest motivator of turnout, of voting, of persuasion is a reason. If you don't have a reason, you can't [win],"" Carville said. ""People had a reason to vote for Trump. The one reason that they were looking for, I should have taken this into more account, was people wanted some change.""",0.7666666666666666,0.6333333333333333
634,"Carville recalled Harris' now-infamous appearance on ""The View"" when she was asked what he called the ""money question:"" What would she have done differently from President Joe Biden? She responded, ""There is not a thing that comes to mind.""",0.0,0.6
635,"""She completely flubs it,"" Carville said. ""Well, 70% of people, we'll have time to argue whether they were right or wrong, 70% of people want something different. Well, give it to them!… [Say] anything you want other than 'I can't think of anything.' Worse answer ever given. Ever given.""",-0.10654761904761906,0.568452380952381
636,JAMES CARVILLE PREDICTS MORE DEMS WILL FOLLOW GAVIN NEWSOM IN SPEAKING OUT ON TRANS ATHLETES IN WOMEN'S SPORTS,0.5,0.5
637,"Carville declared Vice President Kamala Harris delivered the ""worst answer ever given"" when she said, ""There is not a thing that comes to mind"" about what she would change from the Biden presidency. (Screenshot/ABC News)",-1.0,1.0
638,"Since her defeat against Trump, Harris has already been generating buzz for a 2028 run as early polls show her dominating a field of potential Democratic rivals (though name recognition is likely a strong factor). Some have also floated her as a leading Democratic contender in California's gubernatorial election in 2026 after its current governor, Gavin Newsom, leaves office.",0.10666666666666666,0.6866666666666666
639,"When asked whether Harris should either run for governor in 2026 or president again in 2028, Carville refrained from taking a strong position.",0.4333333333333333,0.7333333333333333
640,"""I don't propose that somebody should or shouldn't run for office,"" Carville said. ""If she runs for president again, she's got to be a lot better candidate than she was in 2024. Maybe she is.""",0.5,0.5
641,JAMES CARVILLE SAYS DEMOCRATS BROKE HIS ‘FIRST COMMANDMENT OF POLITICS’ WITH ANTI-TRUMP ANTICS,0.25,0.3333333333333333
642,"The former Clinton operative remained convinced Harris would have been ""a much better candidate"" had Democrats held an open primary following Biden's abrupt exit from the 2024 race, swiping those like CNN commentator Bakari Sellars for talking down such an idea, something Carville suggested was a regrettable decision by his party.",0.07743055555555556,0.4236111111111111
643,"But when asked if it were up to him if he'd like to see Harris run again, he again didn't take a firm stance.",-0.2,0.4
644,"""Well, I mean, first of all, I think everybody should run,"" Carville said. ""I have a lot of friends. I would say you should run. You know, the more, the merrier, I think. And look, she's a former vice president. She's a former prosecutor in a big city, apparently very good at it. She's a former state attorney general. So, you know, to the vice president's impressive resume, I mean, who am I to say? But she certainly passes anything you say about who could run for president. She would have to think about it, but it would be very, very difficult for her to win the nomination, but it would be difficult for anybody else.""",0.12995238095238099,0.503984126984127
645,"Carville insisted former Vice President Kamala Harris would have been a ""much better candidate"" had Democrats held an open primary for her to compete in following President Biden's exit from the race. (Kevin Dietsch/Getty Images)",0.18,0.32
646,CLICK HERE TO GET THE FOX NEWS APP,0.0,0.0
647,"Carville admitted, ""I was wrong,"" in 2024 and his prediction was a ""mistake,"" stressing to Democrats that it's okay to acknowledge when they are at fault.",0.0,0.7
648,"""The public will never care if you're wrong. When they'll turn on you is when you're boring or predictable. That's what they don't like,"" Carville told Fox News Digital. ""If you don't say something in a colorful way that sticks with people, you know what you're saying? It's vapid stuff. And I think the public is just tired of talking points. They're just worn out.""",-0.23333333333333334,0.43703703703703706
649,Fox News' Nikolas Lanum contributed to this report.,0.0,0.0
650,Joseph A. Wulfsohn is a media reporter for Fox News Digital. Story tips can be sent to joseph.wulfsohn@fox.com and on Twitter: @JosephWulfsohn.,0.0,0.0
651,Get all the stories you need-to-know from the most powerful name in news delivered first thing every morning to your inbox.,0.35000000000000003,0.611111111111111
652,"By entering your email and clicking the Subscribe button, you agree to the Fox News Privacy Policy and Terms of Use, and        agree to receive content and promotional communications from Fox News. You understand that you can        opt-out at any time.",0.0,0.0
653,Subscribed,0.0,0.0
654,You've successfully subscribed to this newsletter!,0.9375,0.95
655,"This material may not be published, broadcast, rewritten, or redistributed. ©2025 FOX News Network, LLC. All rights reserved. Quotes displayed in real-time or delayed by at least 15 minutes. Market data provided by        Factset. Powered and implemented by        FactSet Digital Solutions.        Legal Statement. Mutual Fund and ETF data provided by        Refinitiv Lipper.",-0.033333333333333326,0.20000000000000004
656,Log in to comment on videos and join in on the fun.,0.3,0.2
657,Watch the live stream of Fox News and full episodes.,0.24318181818181817,0.525
658,Reduce eye strain and focus on the content that matters.,0.0,0.0
659,"President Donald Trump calls Canada 'one of the nastiest countries to deal with' and criticizes 'Gov. Trudeau' on 'The Ingraham Angle,' noting there's still much of Canada he loves.",0.2,0.2
660,"©2025 FOX News Network, LLC. All rights reserved. This material may not be published, broadcast, rewritten, or redistributed. All market data delayed 20 minutes.",0.0,0.0
661,Log in to comment on videos and join in on the fun.,0.3,0.2
662,Watch the live stream of Fox News and full episodes.,0.24318181818181817,0.525
663,Reduce eye strain and focus on the content that matters.,0.0,0.0
664,"President Donald Trump calls Canada 'one of the nastiest countries to deal with' and criticizes 'Gov. Trudeau' on 'The Ingraham Angle,' noting there's still much of Canada he loves.",0.2,0.2
665,"©2025 FOX News Network, LLC. All rights reserved. This material may not be published, broadcast, rewritten, or redistributed. All market data delayed 20 minutes.",0.0,0.0
666,"This material may not be published, broadcast, rewritten, or redistributed. ©2025 FOX News Network, LLC. All rights reserved. Quotes displayed in real-time or delayed by at least 15 minutes. Market data provided by Factset. Powered and implemented by FactSet Digital Solutions. Legal Statement. Mutual Fund and ETF data provided by Refinitiv Lipper.",-0.033333333333333326,0.20000000000000004
667,"President Donald Trump tells 'The Ingraham Angle' his latest stance on Russia, Ukraine, China and his own U.S. nationalism.",0.55,0.95
668,"President Donald Trump described his nearly two-hour phone conversation with Russian President Vladimir Putin Tuesday at the White House as ""great"" during an exclusive interview with ""The Ingraham Angle,"" as he continues to pursue a ceasefire between Russia and Ukraine.",0.225,0.2875
669,The conversation between Trump and Putin comes amid efforts to mediate an end to the war after Ukrainian officials agreed to an unconditional 30-day ceasefire earlier in March.,0.0,0.5
670,"""[We] talked about a lot of things — toward getting it to peace, and we talked about other things also,"" Trump said, referring to Russia’s three-year war against Ukraine.",-0.125,0.375
671,"From left, US National Security Advisor Mike Waltz, US Secretary of State Marco Rubio, Saudi Arabian Foreign Minister Prince Faisal bin Farhan, Saudi National Security Advisor Mosaad bin Mohammad al-Aiban, Ukrainian Foreign Minister Andrii Sybiha, and Ukrainian Head of Presidential Office Andriy Yermak hold a meeting in Jeddah, Saudi Arabia, Tuesday, March 11, 2025.  (Saul Loeb/Pool Photo via AP)",-0.08333333333333333,0.08333333333333333
672,RUSSIA WANTS ‘IRONCLAD’ GUARANTEE THAT UKRAINE WILL BE BARRED FROM NATO: OFFICIAL,0.2,0.1
673,"Putin did not immediately agree to an unconditional ceasefire, instead announcing Tuesday after his phone call with Trump that Moscow would halt strikes only against Ukraine’s energy infrastructure for 30 days.",0.0,1.0
674,Wall Street Journal chief foreign affairs correspondent Yaroslav Trofimov reported not even an hour after the Kremlin made the announcement that a Russia-guided bomb took out the power in the Ukrainian city of Slovyansk.,-0.125,0.125
675,"Air raid sirens were also heard throughout the country as drones flew in the skies over a handful of cities, including Kyiv, Sumy and Kharkiv.",0.0,0.0
676,"Trump doubled down on his claims that the war would never have started had he been president, telling Fox News host Laura Ingraham it was ""not a war that was supposed to happen.""",-0.15555555555555559,0.2888888888888889
677,"Residents walk past a generator supplying a store with electricity during a power outage in the western Ukrainian city of Lviv on December 13, 2024, amid the Russian invasion of Ukraine. ((Photo by YURIY DYACHYSHYN/AFP via Getty Images))",-0.08333333333333333,0.08333333333333333
678,UKRAINE UNVEILS 600-MILE CRUISE MISSILE THAT CAN REACH MOSCOW AMID PEACE TALKS,0.0,0.0
679,"""And right now, you have a lot of guns pointing at each other, and a ceasefire without going a little bit further would have been tough. Russia has the advantage,"" he said.",-0.08313492063492064,0.5488095238095239
680,"""As you know, they have encircled about 2,500 soldiers. They are nicely encircled and that's not good, and we want to get it over with. Look, we're doing this. There are no Americans involved. There could be if we end up in World War III over this, which is so ridiculous — but, you know, strange things happen.""",-0.033333333333333326,0.6875
681,The commander-in-chief appeared to be referring to a post he made on his Truth Social account March 14 about Russian forces reportedly surrounding Ukrainian soldiers in the Kursk region.,0.016666666666666666,0.03333333333333333
682,"A man walks past a wall adorned with banners honouring Russian servicemen participating in Russia's military action in Ukraine, in Kursk on October 17, 2024. ((Photo by ANDREY BORODULIN/AFP via Getty Images))",-0.06249999999999999,0.11249999999999999
683,"Ukrainian President Volodymyr Zelenskyy denied Trump’s claims, writing on X, formerly Twitter: ""There is no encirclement of our troops.""",0.0,0.0
684,"The General Staff of the Armed Forces of Ukraine, the main body responsible for planning the country’s defense, wrote on its Facebook page that the alleged ""encirclement"" is ""false"" and ""fabricated by the Russians for political manipulation and to exert pressure on Ukraine and its partners.""",-0.011904761904761918,0.41904761904761906
685,"According to a readout from the Kremlin after Putin’s call with Trump, Russia and Ukraine will conduct a prisoner exchange on Wednesday, trading 175 people from each side, as discussions to end the war continue.",0.0,0.0
686,CLICK HERE TO GET THE FOX NEWS APP,0.0,0.0
687,"The readout also noted that for a potential ceasefire across the entire frontline, mobilization and the rearmament of Ukraine ""need to stop,"" as well as a ""complete cessation"" of foreign military aid and intelligence to Kyiv.",-0.025,0.45
688,Ashley Carnahan is a writer at Fox News Digital.,0.0,0.0
689,Get all the stories you need-to-know from the most powerful name in news delivered first thing every morning to your inbox.,0.35000000000000003,0.611111111111111
690,"By entering your email and clicking the Subscribe button, you agree to the Fox News Privacy Policy and Terms of Use, and        agree to receive content and promotional communications from Fox News. You understand that you can        opt-out at any time.",0.0,0.0
691,Subscribed,0.0,0.0
692,You've successfully subscribed to this newsletter!,0.9375,0.95
693,"This material may not be published, broadcast, rewritten, or redistributed. ©2025 FOX News Network, LLC. All rights reserved. Quotes displayed in real-time or delayed by at least 15 minutes. Market data provided by        Factset. Powered and implemented by        FactSet Digital Solutions.        Legal Statement. Mutual Fund and ETF data provided by        Refinitiv Lipper.",-0.033333333333333326,0.20000000000000004
