,Sentence,Polarity,Subjectivity
0,"This material may not be published, broadcast, rewritten, or redistributed. ©2025 FOX News Network, LLC. All rights reserved. Quotes displayed in real-time or delayed by at least 15 minutes. Market data provided by Factset. Powered and implemented by FactSet Digital Solutions. Legal Statement. Mutual Fund and ETF data provided by Refinitiv Lipper.",-0.033333333333333326,0.20000000000000004
1,"Former FBI agent Nicole Parker says the FBI's new leadership will make it the ""premier law enforcement agency again"" following the arrests of three Most Wanted fugitives.",0.1590909090909091,0.26363636363636367
2,"The FBI has had prompt success capturing fugitives since President Trump took office, according to Director Kash Patel.",0.3,0.0
3,Patel announced on Tuesday that the FBI has apprehended three fugitives from the agency’s 10 Most Wanted list since Jan. 20.,0.5,0.5
4,"""This is the FBI that I was proud to work for, and I'm really excited to see that they have already arrested several of the FBI's Most Wanted fugitives,"" former FBI agent and Fox News contributor Nicole Parker told Fox News Digital. ""When President Trump took over in 2017 in his first administration, I was a violent crime agent in Miami, and I specifically remember that he said that his top priority was to focus on violent criminals.""",0.08249999999999999,0.5083333333333334
5,"Parker believes that in his second term, Trump’s ""focus"" is what ""Americans care about most: making America safe, focusing on violent crime and taking the most violent criminals off the street.""",-0.01666666666666668,0.5833333333333334
6,PATEL SAYS FBI HAS CAPTURED ITS 3RD MOST WANTED FUGITIVE SINCE TRUMP TOOK OFFICE: ‘LET GOOD COPS BE GOOD COPS’,0.475,0.42500000000000004
7,"Kash Patel, director of the FBI, speaks during a swearing-in ceremony in Washington on Feb. 21, 2025. (Will Oliver/EPA/Bloomberg via Getty Images)",0.0,0.0
8,"Patel on Tuesday said the FBI, Justice Department and U.S. Attorney General Pam Bondi ""have captured our third fugitive on the Ten Most Wanted list since January 20, 2025.""",0.1375,0.25
9,"""When you let good cops be good cops, this is what happens.""",0.7,0.6000000000000001
10,"""That’s not an accident,"" Patel wrote on X. ""When you let good cops be good cops, this is what happens. This administration is giving the new FBI and AG Bondi the resources to get the job done — and we won’t stop.""",0.5121212121212121,0.5515151515151516
11,"Former FBI special agent and Fox News contributor Nicole Parker said she worked with Trump's pick for Attorney General, Pam Bondi. (Fox News Digital)",0.10178571428571428,0.26785714285714285
12,"Parker said the new leadership will ""make the FBI, in my opinion, the number one, premier law enforcement agency again.""",0.13636363636363635,0.45454545454545453
13,The FBI told Fox News Digital that the three fugitives captured since January are as follows:,0.0,0.0
14,"Roman-Bardales, 47, is an alleged MS-13 key senior leader accused of racketeering conspiracy, conspiracy to provide and conceal material support and resources to terrorists, narco-terrorism conspiracy and alien smuggling conspiracy.",-0.11666666666666665,0.6166666666666667
15,FBI ADDS ALLEGED LEADER OF MEZA-FLORES TRANSNATIONAL CRIMINAL ORGANIZATION TO TEN MOST WANTED FUGITIVES LIST,0.0,0.2875
16,Francisco Javier Roman-Bardales was extradited to the United States. (Mexican law enforcement),0.0,0.0
17,"Authorities took Roman-Bardales into custody in Mexico on Monday, then extradited to the United States for legal proceedings.",0.2,0.2
18,"""FBI Ten Most Wanted Fugitive Roman-Bardales has been extradited to the United States to be held accountable for the extreme and depraved violence and terror his leadership of MS-13 allegedly brought to the streets of the United States and across North America,"" FBI Acting Assistant Director in Charge for the New York Field Office Leslie Backschies said in a statement after his arrest. ""The FBI, along with our law enforcement partners are committed to eradicating MS-13 and all violent transnational criminal organizations wherever they operate as we protect our nation.""",-0.09318181818181819,0.4005050505050505
19,A second Top 10 Most Wanted Fugitive was arrested in Mexico on Jan. 30.,0.3333333333333333,0.3333333333333333
20,"Arnoldo Jimenez is accused of murdering his wife, who was found dead in the bathtub of their apartment, less than 48 hours after they were married in Burbank, Illinois, in 2012. He is also accused of fleeing to avoid prosecution.",-0.038888888888888896,0.2388888888888889
21,"Arnoldo Jimenez is accused of murdering his wife less than 48 hours after they were married in Burbank, Ill. (FBI)",0.04166666666666667,0.15833333333333333
22,"""The FBI is extremely appreciative of the Burbank Police Department, our law enforcement partners in Mexico, and the public for their tremendous investigative efforts and collaboration in the capture of Ten Most Wanted Fugitive Arnoldo Jimenez,"" Douglas S. DePodesta, special agent in charge of the FBI’s Chicago Field Office, said in a statement. ""The FBI will use all of its available resources to bring criminals to justice, no matter how much time has passed or where they may be in the world.""",0.29880952380952386,0.45476190476190476
23,"The first FBI 10 Most Wanted fugitive arrest under the Trump administration took place in Florida in January, when Lady Lake Police Sgt. Michelle Bilbrey arrested 60-year-old Donald Eugene Fields II during a routine traffic stop on Jan. 25.",0.2333333333333333,0.27777777777777773
24,"Fields is charged with child sex trafficking and child rape charges in federal and state court. He is accused of knowingly attempting to recruit, entice, provide, patronize and solicit a minor into engaging in a commercial sex act from about January 2013 until June 2017.",0.11666666666666668,0.3
25,"ALLEGED MS-13 LEADER ON FBI MOST WANTED LIST BEING EXTRADITED TO US, PATEL SAYS",0.2,0.3
26,"Donald Eugene Fields II, 60, is facing federal charges of child sex trafficking and state charges of child rape, authorities said. (FBI)",0.0,0.0
27,"""Thanks to proactive policing by the Lady Lake Police Department, one of the FBI’s Ten Most Wanted fugitives has been captured,"" said FBI St. Louis Special Agent in Charge Ashley Johnson said in a statement.",0.2642857142857143,0.31785714285714284
28,"""[I]t shows me that Kash Patel is serious…""",0.0,0.0
29,"Earlier this month, Atlanta police identified and detained Justin Smith, who is not on the Top 10 list but is on the FBI's general Most Wanted list.",0.2625,0.5
30,"Smith allegedly shot his pregnant girlfriend in the head multiple times in Philadelphia in 2021, killing her and her unborn child.",0.07777777777777777,0.19999999999999998
31,"Earlier this month, Atlanta police identified and detained FBI Most Wanted fugitive Justin Smith, who allegedly shot his pregnant girlfriend in the head multiple times in Philadelphia in 2021, killing her and her unborn child. (FBI)",0.14666666666666667,0.32
32,CLICK HERE TO GET THE FOX NEWS APP,0.0,0.0
33,"""This is what we need. We need to hold these individuals accountable,"" Parker said. ""To take several of them off of the streets within two months is absolutely phenomenal. I am so excited to see what is in store for the FBI over the next three and a half years. Again, we're only two months into it, and for this to have already occurred, it shows me that Kash Patel is serious when he says, ‘Let good cops be good cops.’ Let's let them just do their jobs.""",0.19722222222222222,0.4759259259259259
34,Fox News' Elizabeth Pritchett contributed to this report.,0.0,0.0
35,Audrey Conklin is a digital reporter for Fox News Digital and FOX Business. Email tips to audrey.conklin@fox.com or on Twitter at @audpants.,0.0,0.0
36,"The hottest stories ripped from the headlines, from crime to courts, legal and scandal.",0.2,0.2
37,"By entering your email and clicking the Subscribe button, you agree to the Fox News Privacy Policy and Terms of Use, and        agree to receive content and promotional communications from Fox News. You understand that you can        opt-out at any time.",0.0,0.0
38,Subscribed,0.0,0.0
39,You've successfully subscribed to this newsletter!,0.9375,0.95
40,"This material may not be published, broadcast, rewritten, or redistributed. ©2025 FOX News Network, LLC. All rights reserved. Quotes displayed in real-time or delayed by at least 15 minutes. Market data provided by        Factset. Powered and implemented by        FactSet Digital Solutions.        Legal Statement. Mutual Fund and ETF data provided by        Refinitiv Lipper.",-0.033333333333333326,0.20000000000000004
41,"This material may not be published, broadcast, rewritten, or redistributed. ©2025 FOX News Network, LLC. All rights reserved. Quotes displayed in real-time or delayed by at least 15 minutes. Market data provided by Factset. Powered and implemented by FactSet Digital Solutions. Legal Statement. Mutual Fund and ETF data provided by Refinitiv Lipper.",-0.033333333333333326,0.20000000000000004
42,"Former FBI agent Nicole Parker says the FBI's new leadership will make it the ""premier law enforcement agency again"" following the arrests of three Most Wanted fugitives.",0.1590909090909091,0.26363636363636367
43,"The FBI has had prompt success capturing fugitives since President Trump took office, according to Director Kash Patel.",0.3,0.0
44,Patel announced on Tuesday that the FBI has apprehended three fugitives from the agency’s 10 Most Wanted list since Jan. 20.,0.5,0.5
45,"""This is the FBI that I was proud to work for, and I'm really excited to see that they have already arrested several of the FBI's Most Wanted fugitives,"" former FBI agent and Fox News contributor Nicole Parker told Fox News Digital. ""When President Trump took over in 2017 in his first administration, I was a violent crime agent in Miami, and I specifically remember that he said that his top priority was to focus on violent criminals.""",0.08249999999999999,0.5083333333333334
46,"Parker believes that in his second term, Trump’s ""focus"" is what ""Americans care about most: making America safe, focusing on violent crime and taking the most violent criminals off the street.""",-0.01666666666666668,0.5833333333333334
47,PATEL SAYS FBI HAS CAPTURED ITS 3RD MOST WANTED FUGITIVE SINCE TRUMP TOOK OFFICE: ‘LET GOOD COPS BE GOOD COPS’,0.475,0.42500000000000004
48,"Kash Patel, director of the FBI, speaks during a swearing-in ceremony in Washington on Feb. 21, 2025. (Will Oliver/EPA/Bloomberg via Getty Images)",0.0,0.0
49,"Patel on Tuesday said the FBI, Justice Department and U.S. Attorney General Pam Bondi ""have captured our third fugitive on the Ten Most Wanted list since January 20, 2025.""",0.1375,0.25
50,"""When you let good cops be good cops, this is what happens.""",0.7,0.6000000000000001
51,"""That’s not an accident,"" Patel wrote on X. ""When you let good cops be good cops, this is what happens. This administration is giving the new FBI and AG Bondi the resources to get the job done — and we won’t stop.""",0.5121212121212121,0.5515151515151516
52,"Former FBI special agent and Fox News contributor Nicole Parker said she worked with Trump's pick for Attorney General, Pam Bondi. (Fox News Digital)",0.10178571428571428,0.26785714285714285
53,"Parker said the new leadership will ""make the FBI, in my opinion, the number one, premier law enforcement agency again.""",0.13636363636363635,0.45454545454545453
54,The FBI told Fox News Digital that the three fugitives captured since January are as follows:,0.0,0.0
55,"Roman-Bardales, 47, is an alleged MS-13 key senior leader accused of racketeering conspiracy, conspiracy to provide and conceal material support and resources to terrorists, narco-terrorism conspiracy and alien smuggling conspiracy.",-0.11666666666666665,0.6166666666666667
56,FBI ADDS ALLEGED LEADER OF MEZA-FLORES TRANSNATIONAL CRIMINAL ORGANIZATION TO TEN MOST WANTED FUGITIVES LIST,0.0,0.2875
57,Francisco Javier Roman-Bardales was extradited to the United States. (Mexican law enforcement),0.0,0.0
58,"Authorities took Roman-Bardales into custody in Mexico on Monday, then extradited to the United States for legal proceedings.",0.2,0.2
59,"""FBI Ten Most Wanted Fugitive Roman-Bardales has been extradited to the United States to be held accountable for the extreme and depraved violence and terror his leadership of MS-13 allegedly brought to the streets of the United States and across North America,"" FBI Acting Assistant Director in Charge for the New York Field Office Leslie Backschies said in a statement after his arrest. ""The FBI, along with our law enforcement partners are committed to eradicating MS-13 and all violent transnational criminal organizations wherever they operate as we protect our nation.""",-0.09318181818181819,0.4005050505050505
60,A second Top 10 Most Wanted Fugitive was arrested in Mexico on Jan. 30.,0.3333333333333333,0.3333333333333333
61,"Arnoldo Jimenez is accused of murdering his wife, who was found dead in the bathtub of their apartment, less than 48 hours after they were married in Burbank, Illinois, in 2012. He is also accused of fleeing to avoid prosecution.",-0.038888888888888896,0.2388888888888889
62,"Arnoldo Jimenez is accused of murdering his wife less than 48 hours after they were married in Burbank, Ill. (FBI)",0.04166666666666667,0.15833333333333333
63,"""The FBI is extremely appreciative of the Burbank Police Department, our law enforcement partners in Mexico, and the public for their tremendous investigative efforts and collaboration in the capture of Ten Most Wanted Fugitive Arnoldo Jimenez,"" Douglas S. DePodesta, special agent in charge of the FBI’s Chicago Field Office, said in a statement. ""The FBI will use all of its available resources to bring criminals to justice, no matter how much time has passed or where they may be in the world.""",0.29880952380952386,0.45476190476190476
64,"The first FBI 10 Most Wanted fugitive arrest under the Trump administration took place in Florida in January, when Lady Lake Police Sgt. Michelle Bilbrey arrested 60-year-old Donald Eugene Fields II during a routine traffic stop on Jan. 25.",0.2333333333333333,0.27777777777777773
65,"Fields is charged with child sex trafficking and child rape charges in federal and state court. He is accused of knowingly attempting to recruit, entice, provide, patronize and solicit a minor into engaging in a commercial sex act from about January 2013 until June 2017.",0.11666666666666668,0.3
66,"ALLEGED MS-13 LEADER ON FBI MOST WANTED LIST BEING EXTRADITED TO US, PATEL SAYS",0.2,0.3
67,"Donald Eugene Fields II, 60, is facing federal charges of child sex trafficking and state charges of child rape, authorities said. (FBI)",0.0,0.0
68,"""Thanks to proactive policing by the Lady Lake Police Department, one of the FBI’s Ten Most Wanted fugitives has been captured,"" said FBI St. Louis Special Agent in Charge Ashley Johnson said in a statement.",0.2642857142857143,0.31785714285714284
69,"""[I]t shows me that Kash Patel is serious…""",0.0,0.0
70,"Earlier this month, Atlanta police identified and detained Justin Smith, who is not on the Top 10 list but is on the FBI's general Most Wanted list.",0.2625,0.5
71,"Smith allegedly shot his pregnant girlfriend in the head multiple times in Philadelphia in 2021, killing her and her unborn child.",0.07777777777777777,0.19999999999999998
72,"Earlier this month, Atlanta police identified and detained FBI Most Wanted fugitive Justin Smith, who allegedly shot his pregnant girlfriend in the head multiple times in Philadelphia in 2021, killing her and her unborn child. (FBI)",0.14666666666666667,0.32
73,CLICK HERE TO GET THE FOX NEWS APP,0.0,0.0
74,"""This is what we need. We need to hold these individuals accountable,"" Parker said. ""To take several of them off of the streets within two months is absolutely phenomenal. I am so excited to see what is in store for the FBI over the next three and a half years. Again, we're only two months into it, and for this to have already occurred, it shows me that Kash Patel is serious when he says, ‘Let good cops be good cops.’ Let's let them just do their jobs.""",0.19722222222222222,0.4759259259259259
75,Fox News' Elizabeth Pritchett contributed to this report.,0.0,0.0
76,Audrey Conklin is a digital reporter for Fox News Digital and FOX Business. Email tips to audrey.conklin@fox.com or on Twitter at @audpants.,0.0,0.0
77,"The hottest stories ripped from the headlines, from crime to courts, legal and scandal.",0.2,0.2
78,"By entering your email and clicking the Subscribe button, you agree to the Fox News Privacy Policy and Terms of Use, and        agree to receive content and promotional communications from Fox News. You understand that you can        opt-out at any time.",0.0,0.0
79,Subscribed,0.0,0.0
80,You've successfully subscribed to this newsletter!,0.9375,0.95
81,"This material may not be published, broadcast, rewritten, or redistributed. ©2025 FOX News Network, LLC. All rights reserved. Quotes displayed in real-time or delayed by at least 15 minutes. Market data provided by        Factset. Powered and implemented by        FactSet Digital Solutions.        Legal Statement. Mutual Fund and ETF data provided by        Refinitiv Lipper.",-0.033333333333333326,0.20000000000000004
82,"This material may not be published, broadcast, rewritten, or redistributed. ©2025 FOX News Network, LLC. All rights reserved. Quotes displayed in real-time or delayed by at least 15 minutes. Market data provided by Factset. Powered and implemented by FactSet Digital Solutions. Legal Statement. Mutual Fund and ETF data provided by Refinitiv Lipper.",-0.033333333333333326,0.20000000000000004
83,Two Fort Myers City Council members cried over a memorandum that would allow ICE officers to authorize local police to arrest and detain illegal immigrants.,-0.18333333333333335,0.16666666666666666
84,Some Fort Myers City Council members were in tears Monday over a vote on a memorandum of agreement between U.S. Immigration and Customs Enforcement (ICE) and local police.,0.0,0.0
85,"The Florida city council met to discuss the agreement for city law enforcement to receive the training and authority to act as ICE agents to detain and arrest illegal immigrants, among other functions.",-0.225,0.2916666666666667
86,"During the meeting, council members Darla Bonk and Diana Giraldo teared up as they voiced their opposition to the agreement.",0.0,0.0
87,Bonk’s voice broke as she described the risk of losing state and federal funds if she refused to agree.,0.0,0.0
88,"""It is a tumultuous day and age. And this is a day I hate to be in this seat,"" Bonk said. ""But my city is not for sale.""",-0.8,0.9
89,Fort Myers City Council members Darla Bonk and Diana Giraldo grasp hands during a meeting on Monday. (Fort Myers City website),0.0,0.0
90,"MAYORS, LOCAL OFFICIALS COULD FACE ARREST IF THEY DON'T COMPLY WITH TRUMP'S MASS DEPORTATIONS",-0.025,0.0
91,Giraldo feared the memorandum would be used to racially profile Hispanic citizens.,0.0,0.0
92,"""I can't stand behind this as an immigrant, the only immigrant sitting in this council,"" Giraldo said.",-0.2,0.85
93,The two grasped hands at one point in their remarks.,0.0,0.0
94,"Fort Myers Mayor Kevin Anderson argued in favor of the memorandum, emphasizing that it would not give officers the authority to go out in search of illegal immigrants ""kicking in doors,"" but simply the ability to arrest and process illegal immigrants who had been charged or convicted of a crime.",-0.2625,0.3392857142857143
95,The motion failed to pass on a 3-3 vote with one council member not in attendance.,-0.5,0.3
96,Fort Myers Mayor Kevin Anderson argued the memorandum would not give local officers the ability to track down all illegal immigrants but to go after and detain those with criminal charges or convictions. (Christopher Dilts/Bloomberg via Getty Images),-0.2638888888888889,0.33472222222222225
97,CNN ANCHORS MOMENTARILY SILENT AFTER LEARNING WHY MIGRANT GANGS DON’T STAY IN FLORIDA: ‘THERE YOU GO TO JAIL',-0.05,0.05
98,Florida Attorney General James Uthmeier responded to the vote on Tuesday with a letter demanding the city council change its position or risk civil or criminal penalties for being a sanctuary city.,-0.175,0.525
99,"""Sanctuary policies are illegal in Florida. Your vote last night makes you a sanctuary city. Fix this problem or face the consequences,"" Uthmeier wrote on X, along with a copy of his letter.",-0.25,0.2833333333333333
100,"When reached for comment, the Office of the Attorney General pointed Fox News Digital to an interview with FOX 4 where Uthmeier discussed the letter.",0.02500000000000001,0.25
101,"In the interview, Uthmeier said that not passing the memorandum could violate the state’s law prohibiting ""sanctuary policies"" that prevent the enforcement of federal immigration laws.",0.0,0.0
102,He added that penalties could include removal from office.,0.0,0.0
103,"""We’re looking at all options. We put them on notice, but we're not going to wait long. If they don’t immediately correct their problem, then we will take action,"" Uthmeier said to FOX 4.",0.025,0.25
104,"However, he did not give a clear timeline of when that could take place if the memorandum still wasn't passed.",0.10000000000000002,0.3833333333333333
105,"Florida state law prohibits ""sanctuary city"" policies that inhibit federal law enforcement of immigration policies. (Fox News)",0.0,0.0
106,CLICK HERE TO GET THE FOX NEWS APP,0.0,0.0
107,"In a statement to Fox News Digital, Anderson said the city has scheduled an emergency meeting on Friday to revisit the memorandum and hopefully come to a clearer conclusion.",0.0,0.0
108,"""This is another tool for our police to keep our city safe. With that, City Management has been taking proactive steps to readdress the matter, and I hope Friday’s meeting leads to an amenable resolve with federal and state directives,"" the mayor said.",0.35,0.55
109,The other members of the city council did not respond to requests for comment from Fox News Digital in time for publication.,-0.0625,0.1875
110,Lindsay Kornick is an associate editor for Fox News Digital. Story tips can be sent to lindsay.kornick@fox.com and on Twitter: @lmkornick.,0.0,0.0
111,Get all the stories you need-to-know from the most powerful name in news delivered first thing every morning to your inbox.,0.35000000000000003,0.611111111111111
112,"By entering your email and clicking the Subscribe button, you agree to the Fox News Privacy Policy and Terms of Use, and        agree to receive content and promotional communications from Fox News. You understand that you can        opt-out at any time.",0.0,0.0
113,Subscribed,0.0,0.0
114,You've successfully subscribed to this newsletter!,0.9375,0.95
115,"This material may not be published, broadcast, rewritten, or redistributed. ©2025 FOX News Network, LLC. All rights reserved. Quotes displayed in real-time or delayed by at least 15 minutes. Market data provided by        Factset. Powered and implemented by        FactSet Digital Solutions.        Legal Statement. Mutual Fund and ETF data provided by        Refinitiv Lipper.",-0.033333333333333326,0.20000000000000004
116,"This material may not be published, broadcast, rewritten, or redistributed. ©2025 FOX News Network, LLC. All rights reserved. Quotes displayed in real-time or delayed by at least 15 minutes. Market data provided by Factset. Powered and implemented by FactSet Digital Solutions. Legal Statement. Mutual Fund and ETF data provided by Refinitiv Lipper.",-0.033333333333333326,0.20000000000000004
117,Two Fort Myers City Council members cried over a memorandum that would allow ICE officers to authorize local police to arrest and detain illegal immigrants.,-0.18333333333333335,0.16666666666666666
118,Some Fort Myers City Council members were in tears Monday over a vote on a memorandum of agreement between U.S. Immigration and Customs Enforcement (ICE) and local police.,0.0,0.0
119,"The Florida city council met to discuss the agreement for city law enforcement to receive the training and authority to act as ICE agents to detain and arrest illegal immigrants, among other functions.",-0.225,0.2916666666666667
120,"During the meeting, council members Darla Bonk and Diana Giraldo teared up as they voiced their opposition to the agreement.",0.0,0.0
121,Bonk’s voice broke as she described the risk of losing state and federal funds if she refused to agree.,0.0,0.0
122,"""It is a tumultuous day and age. And this is a day I hate to be in this seat,"" Bonk said. ""But my city is not for sale.""",-0.8,0.9
123,Fort Myers City Council members Darla Bonk and Diana Giraldo grasp hands during a meeting on Monday. (Fort Myers City website),0.0,0.0
124,"MAYORS, LOCAL OFFICIALS COULD FACE ARREST IF THEY DON'T COMPLY WITH TRUMP'S MASS DEPORTATIONS",-0.025,0.0
125,Giraldo feared the memorandum would be used to racially profile Hispanic citizens.,0.0,0.0
126,"""I can't stand behind this as an immigrant, the only immigrant sitting in this council,"" Giraldo said.",-0.2,0.85
127,The two grasped hands at one point in their remarks.,0.0,0.0
128,"Fort Myers Mayor Kevin Anderson argued in favor of the memorandum, emphasizing that it would not give officers the authority to go out in search of illegal immigrants ""kicking in doors,"" but simply the ability to arrest and process illegal immigrants who had been charged or convicted of a crime.",-0.2625,0.3392857142857143
129,The motion failed to pass on a 3-3 vote with one council member not in attendance.,-0.5,0.3
130,Fort Myers Mayor Kevin Anderson argued the memorandum would not give local officers the ability to track down all illegal immigrants but to go after and detain those with criminal charges or convictions. (Christopher Dilts/Bloomberg via Getty Images),-0.2638888888888889,0.33472222222222225
131,CNN ANCHORS MOMENTARILY SILENT AFTER LEARNING WHY MIGRANT GANGS DON’T STAY IN FLORIDA: ‘THERE YOU GO TO JAIL',-0.05,0.05
132,Florida Attorney General James Uthmeier responded to the vote on Tuesday with a letter demanding the city council change its position or risk civil or criminal penalties for being a sanctuary city.,-0.175,0.525
133,"""Sanctuary policies are illegal in Florida. Your vote last night makes you a sanctuary city. Fix this problem or face the consequences,"" Uthmeier wrote on X, along with a copy of his letter.",-0.25,0.2833333333333333
134,"When reached for comment, the Office of the Attorney General pointed Fox News Digital to an interview with FOX 4 where Uthmeier discussed the letter.",0.02500000000000001,0.25
135,"In the interview, Uthmeier said that not passing the memorandum could violate the state’s law prohibiting ""sanctuary policies"" that prevent the enforcement of federal immigration laws.",0.0,0.0
136,He added that penalties could include removal from office.,0.0,0.0
137,"""We’re looking at all options. We put them on notice, but we're not going to wait long. If they don’t immediately correct their problem, then we will take action,"" Uthmeier said to FOX 4.",0.025,0.25
138,"However, he did not give a clear timeline of when that could take place if the memorandum still wasn't passed.",0.10000000000000002,0.3833333333333333
139,"Florida state law prohibits ""sanctuary city"" policies that inhibit federal law enforcement of immigration policies. (Fox News)",0.0,0.0
140,CLICK HERE TO GET THE FOX NEWS APP,0.0,0.0
141,"In a statement to Fox News Digital, Anderson said the city has scheduled an emergency meeting on Friday to revisit the memorandum and hopefully come to a clearer conclusion.",0.0,0.0
142,"""This is another tool for our police to keep our city safe. With that, City Management has been taking proactive steps to readdress the matter, and I hope Friday’s meeting leads to an amenable resolve with federal and state directives,"" the mayor said.",0.35,0.55
143,The other members of the city council did not respond to requests for comment from Fox News Digital in time for publication.,-0.0625,0.1875
144,Lindsay Kornick is an associate editor for Fox News Digital. Story tips can be sent to lindsay.kornick@fox.com and on Twitter: @lmkornick.,0.0,0.0
145,Get all the stories you need-to-know from the most powerful name in news delivered first thing every morning to your inbox.,0.35000000000000003,0.611111111111111
146,"By entering your email and clicking the Subscribe button, you agree to the Fox News Privacy Policy and Terms of Use, and        agree to receive content and promotional communications from Fox News. You understand that you can        opt-out at any time.",0.0,0.0
147,Subscribed,0.0,0.0
148,You've successfully subscribed to this newsletter!,0.9375,0.95
149,"This material may not be published, broadcast, rewritten, or redistributed. ©2025 FOX News Network, LLC. All rights reserved. Quotes displayed in real-time or delayed by at least 15 minutes. Market data provided by        Factset. Powered and implemented by        FactSet Digital Solutions.        Legal Statement. Mutual Fund and ETF data provided by        Refinitiv Lipper.",-0.033333333333333326,0.20000000000000004
150,"This material may not be published, broadcast, rewritten, or redistributed. ©2025 FOX News Network, LLC. All rights reserved. Quotes displayed in real-time or delayed by at least 15 minutes. Market data provided by Factset. Powered and implemented by FactSet Digital Solutions. Legal Statement. Mutual Fund and ETF data provided by Refinitiv Lipper.",-0.033333333333333326,0.20000000000000004
151,Fox News' Chanley Painter provides details on President Biden's 'parting gift' to people convicted of nonviolent drug offenses.,0.4,0.6
152,A convicted criminal whose prison sentence was commuted by former President Joe Biden is back behind bars.,-0.2,0.3125
153,"Willie Frank Peterson, 52, was convicted of conspiracy to distribute cocaine in 2023, and was sentenced to six years and three months in jail. His sentence began on Sept. 13, 2023, according to court records obtained by Fox News Digital.",-0.05,0.0
154,"Per a Jan. 17 executive grant of clemency, Biden commuted Peterson's sentence to 20 months, allowing him to leave custody shortly after.",0.0,0.3
155,"But on Monday, Peterson was booked for multiple drug-related offensives in Dothan, Alabama. The Dothan Police Department charged Peterson with two counts of unlawful possession of a controlled substance and one count of possession of marijuana.",0.0,0.0
156,FEDERAL JUDGE ORDERS TRUMP ADMINISTRATION TO PAY 'UNLAWFULLY' RESTRICTED USAID FUNDS,0.0,0.0
157,"Willie Frank Peterson, whose prison sentence was commuted by former President Biden in January, was arrested for multiple offenses on Monday. (Dothan Police Department / Anna Moneymaker / Getty Images)",0.0,0.0
158,"Peterson was also arrested for possession of drug paraphernalia and three firearms-related offenses, per police records.",0.0,0.0
159,"In the final days of his presidency, Biden showed significant leniency with the number of criminals whose sentences he commuted. He boasted about completing the ""largest single-day grant of clemency"" on Dec. 12, when he commuted sentences for 1,500 people and pardoned 39 others.",0.1875,0.9375
160,SCOTUS RULES ON NEARLY $2B IN FROZEN USAID PAYMENTS,0.1,0.4
161,"Willie Frank Peterson is accused of possessing a controlled substance, plus marijuana, in addition to other charges. (Dothan Police Department)",-0.125,0.375
162,"On Jan. 17, he commuted the sentences of nearly 2,500 inmates, primarily those convicted of non-violent drug offenses.",0.25,0.45
163,"""Today’s clemency action provides relief for individuals who received lengthy sentences based on discredited distinctions between crack and powder cocaine, as well as outdated sentencing enhancements for drug crimes,"" Biden said at the time.",-0.15000000000000002,0.3666666666666667
164,"""With this action, I have now issued more individual pardons and commutations than any president in U.S. history.""",0.19999999999999998,0.3333333333333333
165,"President Biden delivers his farewell address to the nation from the Oval Office of the White House, Jan. 15. (Mandel Ngan/Pool via Reuters)",0.0,0.0
166,CLICK HERE TO GET THE FOX NEWS APP,0.0,0.0
167,Fox News Digital reached out to the Dothan Police Department for more information.,0.25,0.25
168,Fox News Digital's Elizabeth Pritchett contributed to this report.,0.0,0.0
169,Andrea Margolis is a writer for Fox News Digital and Fox Business. Readers can follow her on X at @andreamargs or send story tips to andrea.margolis@fox.com.,0.0,0.0
170,"The hottest stories ripped from the headlines, from crime to courts, legal and scandal.",0.2,0.2
171,"By entering your email and clicking the Subscribe button, you agree to the Fox News Privacy Policy and Terms of Use, and        agree to receive content and promotional communications from Fox News. You understand that you can        opt-out at any time.",0.0,0.0
172,Subscribed,0.0,0.0
173,You've successfully subscribed to this newsletter!,0.9375,0.95
174,"This material may not be published, broadcast, rewritten, or redistributed. ©2025 FOX News Network, LLC. All rights reserved. Quotes displayed in real-time or delayed by at least 15 minutes. Market data provided by        Factset. Powered and implemented by        FactSet Digital Solutions.        Legal Statement. Mutual Fund and ETF data provided by        Refinitiv Lipper.",-0.033333333333333326,0.20000000000000004
175,"This material may not be published, broadcast, rewritten, or redistributed. ©2025 FOX News Network, LLC. All rights reserved. Quotes displayed in real-time or delayed by at least 15 minutes. Market data provided by Factset. Powered and implemented by FactSet Digital Solutions. Legal Statement. Mutual Fund and ETF data provided by Refinitiv Lipper.",-0.033333333333333326,0.20000000000000004
176,Fox News' Chanley Painter provides details on President Biden's 'parting gift' to people convicted of nonviolent drug offenses.,0.4,0.6
177,A convicted criminal whose prison sentence was commuted by former President Joe Biden is back behind bars.,-0.2,0.3125
178,"Willie Frank Peterson, 52, was convicted of conspiracy to distribute cocaine in 2023, and was sentenced to six years and three months in jail. His sentence began on Sept. 13, 2023, according to court records obtained by Fox News Digital.",-0.05,0.0
179,"Per a Jan. 17 executive grant of clemency, Biden commuted Peterson's sentence to 20 months, allowing him to leave custody shortly after.",0.0,0.3
180,"But on Monday, Peterson was booked for multiple drug-related offensives in Dothan, Alabama. The Dothan Police Department charged Peterson with two counts of unlawful possession of a controlled substance and one count of possession of marijuana.",0.0,0.0
181,FEDERAL JUDGE ORDERS TRUMP ADMINISTRATION TO PAY 'UNLAWFULLY' RESTRICTED USAID FUNDS,0.0,0.0
182,"Willie Frank Peterson, whose prison sentence was commuted by former President Biden in January, was arrested for multiple offenses on Monday. (Dothan Police Department / Anna Moneymaker / Getty Images)",0.0,0.0
183,"Peterson was also arrested for possession of drug paraphernalia and three firearms-related offenses, per police records.",0.0,0.0
184,"In the final days of his presidency, Biden showed significant leniency with the number of criminals whose sentences he commuted. He boasted about completing the ""largest single-day grant of clemency"" on Dec. 12, when he commuted sentences for 1,500 people and pardoned 39 others.",0.1875,0.9375
185,SCOTUS RULES ON NEARLY $2B IN FROZEN USAID PAYMENTS,0.1,0.4
186,"Willie Frank Peterson is accused of possessing a controlled substance, plus marijuana, in addition to other charges. (Dothan Police Department)",-0.125,0.375
187,"On Jan. 17, he commuted the sentences of nearly 2,500 inmates, primarily those convicted of non-violent drug offenses.",0.25,0.45
188,"""Today’s clemency action provides relief for individuals who received lengthy sentences based on discredited distinctions between crack and powder cocaine, as well as outdated sentencing enhancements for drug crimes,"" Biden said at the time.",-0.15000000000000002,0.3666666666666667
189,"""With this action, I have now issued more individual pardons and commutations than any president in U.S. history.""",0.19999999999999998,0.3333333333333333
190,"President Biden delivers his farewell address to the nation from the Oval Office of the White House, Jan. 15. (Mandel Ngan/Pool via Reuters)",0.0,0.0
191,CLICK HERE TO GET THE FOX NEWS APP,0.0,0.0
192,Fox News Digital reached out to the Dothan Police Department for more information.,0.25,0.25
193,Fox News Digital's Elizabeth Pritchett contributed to this report.,0.0,0.0
194,Andrea Margolis is a writer for Fox News Digital and Fox Business. Readers can follow her on X at @andreamargs or send story tips to andrea.margolis@fox.com.,0.0,0.0
195,"The hottest stories ripped from the headlines, from crime to courts, legal and scandal.",0.2,0.2
196,"By entering your email and clicking the Subscribe button, you agree to the Fox News Privacy Policy and Terms of Use, and        agree to receive content and promotional communications from Fox News. You understand that you can        opt-out at any time.",0.0,0.0
197,Subscribed,0.0,0.0
198,You've successfully subscribed to this newsletter!,0.9375,0.95
199,"This material may not be published, broadcast, rewritten, or redistributed. ©2025 FOX News Network, LLC. All rights reserved. Quotes displayed in real-time or delayed by at least 15 minutes. Market data provided by        Factset. Powered and implemented by        FactSet Digital Solutions.        Legal Statement. Mutual Fund and ETF data provided by        Refinitiv Lipper.",-0.033333333333333326,0.20000000000000004
200,"This material may not be published, broadcast, rewritten, or redistributed. ©2025 FOX News Network, LLC. All rights reserved. Quotes displayed in real-time or delayed by at least 15 minutes. Market data provided by Factset. Powered and implemented by FactSet Digital Solutions. Legal Statement. Mutual Fund and ETF data provided by Refinitiv Lipper.",-0.033333333333333326,0.20000000000000004
201,FOX Business' Hillary Vaughn discusses President Donald Trump pausing some federal funding to the University of Pennsylvania amid Title IX investigations.,0.0,0.0
202,"President Donald Trump's administration has ramped up its crackdown on trans athlete inclusion in women's sports, and many women impacted by the issue are speaking out in support.",0.5,0.5
203,"After the administration paused $175 million in federal funding to the University of Pennsylvania over its inclusion of transgender athletes in women’s sports, which FOX Business exclusively reported Wednesday, many of the women who had to compete alongside former transgender UPenn swimmer Lia Thomas have spoken out in celebration of the funding pause.",0.25,0.25
204,"Three of Thomas' former UPenn teammates, Grace Estabrook, Margot Kaczorowski and Ellen Holmquist, provided a joint statement to Fox News Digital, via the Independent Council for Women's Sports (ICONS) praising the Trump administration's action.",0.025,0.05625
205,"""We are so glad that Universities are beginning to see that there is a cost to openly harming female students on their campuses and we hope the pressure only increases. Penn and other universities within the NCAA, under NCAA policy and their own rogue leadership, have violated federal law and hurt women,"" the statement read.",0.1625,0.6736111111111112
206,"""They have knowingly stolen opportunities and awards from women, placed women in physical danger, and facilitated the sexual harassment of female student athletes. Every woman on a college campus and under NCAA regulations should be assured of Title IX protections. Institutions that disregard the well-being of women have to understand they don’t get to rewrite or ignore federal protections that women rely on.""",0.16666666666666666,0.380952380952381
207,RILEY GAINES WANTS TO SEND A ‘THANK-YOU NOTE' TO LIA THOMAS – HERE'S WHY,0.2,0.1
208,"Riley Gaines, now a spokeswoman for the Independent Women’s Forum, famously tied Lia Thomas, left, for fifth place in the 200 Freestyle finals at the NCAA Swimming and Diving Championships. (Brett Davis-USA TODAY Sports)",0.16666666666666666,0.375
209,"In a statement to Fox News Digital, a university spokesperson said UPenn has not received any ""official notification"" of the funding pause, and added that the university was and is in ""full compliance"" with NCAA and Ivy League policies.",0.175,0.275
210,"""We are aware of media reports suggesting a suspension of $175 million in federal funding to Penn, but have not yet received any official notification or any details. It is important to note, however, that Penn has always followed NCAA and Ivy League policies regarding student participation on athletic teams. We have been in the past, and remain today, in full compliance with the regulations that apply to not only Penn, but all of our NCAA and Ivy League peer institutions.""",0.15,0.61
211,"Estabrook, Kaczorowski and Holmquist are all currently engaged in a lawsuit against UPenn, the Ivy League and the NCAA, citing their experience with Thomas and the handling of the institutions' handling of the situation. The suit also seeks to have all of Thomas' accolades in the women's category rescinded.",0.0,0.4
212,HOW TRANSGENDERISM IN SPORTS SHIFTED THE 2024 ELECTION AND IGNITED A NATIONAL COUNTERCULTURE,0.0,0.0
213,Former UPenn swimmer Grace Estabrook. (Photo courtesy of Grace Estabrook),0.0,0.0
214,"The women claim that by allowing Thomas to compete, the institutions ""injured them and violated federal law.""",0.0,0.0
215,"Thomas, a biological male, previously competed for the UPenn men's swimming team from 2017-20 under the name Will Thomas. At the 2022 Ivy League Swimming Championships, Thomas came in first in the 500-, 200- and 100-yard freestyle races, setting pool and Ivy League records, and was ultimately the highest-scoring swimmer at the entire meet.",0.01666666666666667,0.445
216,"According to the lawsuit, Thomas was introduced by women's swimming head coach Mike Schnur to the women's swimmers during a team meeting in Fall 2019 as their incoming teammate. Schnur allegedly told the women's swimmers that Thomas would not be sharing a locker room with them when they asked after the initial introduction.",-0.05,0.05
217,That allegedly changed later.,-0.05,0.05
218,Thomas officially began to practice and compete with the women's swimmers in fall 2021. That was when the female swimmers said they discovered that Schnur's alleged claim that Thomas would not share a locker room was not true.,-0.09166666666666667,0.3055555555555556
219,"""When UPenn’s women’s swimmers returned to school in the fall of 2021 they were shocked to discover that Thomas was being allowed to use the women’s locker room at UPenn and would be allowed to use the women’s locker room at swim meets,"" the lawsuit alleges.",-0.7,0.8
220,"""Margot [Kaczorowski] only learned that Thomas had been authorized by UPenn to use the women’s locker room when [Kaczorowski] walked in the women’s locker room to find Thomas in front of her changing his clothing.""",0.0,1.0
221,"The plaintiffs allege that the university administrators pushed pro-trans ideology onto them throughout the process of accepting Thomas on the team and in their locker room. The former swimmers say that they were led to feel their concerns over being teammates with Thomas were rooted in a ""psychological problem.""",0.0,0.05
222,CLICK HERE TO GET THE FOX NEWS APP,0.0,0.0
223,"University of Pennsylvania swimmer Lia Thomas reacts after swimming the 100 Freestyle prelims at the NCAA Swimming and Diving Championships on March 19, 2022 at the McAuley Aquatic Center in Atlanta. (Rich von Biberstein/Icon Sportswire via Getty Images)",0.1375,0.425
224,"""The UPenn administrators told the women that if anyone was struggling with accepting Thomas’s participation on the UPenn Women’s team, they should seek counseling and support from CAPS and the LBGTQ center,"" the lawsuit alleges.",-0.1,0.1
225,"""The administrators also invited the women to a talk titled, ‘Trans 101.’ Thus, the women were led to understand that UPenn’s position was that if a woman on the team had any problem with a trans-identifying male being on her team that woman had a psychological problem and needed counseling.""",0.0,0.1
226,"The Department of Education launched an official investigation into potential Title IX violations that occurred at UPenn in February, Fox News Digital previously reported.",-0.05555555555555555,0.3888888888888889
227,"Now, the consequences of that investigation are materializing.",0.0,0.0
228,Fox News' Paulina Dedaj contributed to this report.,0.0,0.0
229,"Follow Fox News Digital’s sports coverage on X, and subscribe to the Fox News Sports Huddle newsletter.",0.0,0.0
230,"Jackson Thompson is a sports writer for Fox News Digital. He previously worked for ESPN and Business Insider. Jackson has covered the Super Bowl and NBA Finals, and has interviewed iconic figures Usain Bolt, Rob Gronkowski, Jerry Rice, Troy Aikman, Mike Trout, David Ortiz and Roger Clemens.",0.16666666666666666,0.3333333333333333
231,Get all the stories you need-to-know from the most powerful name in news delivered first thing every morning to your inbox.,0.35000000000000003,0.611111111111111
232,"By entering your email and clicking the Subscribe button, you agree to the Fox News Privacy Policy and Terms of Use, and        agree to receive content and promotional communications from Fox News. You understand that you can        opt-out at any time.",0.0,0.0
233,Subscribed,0.0,0.0
234,You've successfully subscribed to this newsletter!,0.9375,0.95
235,"This material may not be published, broadcast, rewritten, or redistributed. ©2025 FOX News Network, LLC. All rights reserved. Quotes displayed in real-time or delayed by at least 15 minutes. Market data provided by        Factset. Powered and implemented by        FactSet Digital Solutions.        Legal Statement. Mutual Fund and ETF data provided by        Refinitiv Lipper.",-0.033333333333333326,0.20000000000000004
236,"This material may not be published, broadcast, rewritten, or redistributed. ©2025 FOX News Network, LLC. All rights reserved. Quotes displayed in real-time or delayed by at least 15 minutes. Market data provided by Factset. Powered and implemented by FactSet Digital Solutions. Legal Statement. Mutual Fund and ETF data provided by Refinitiv Lipper.",-0.033333333333333326,0.20000000000000004
237,FOX Business' Hillary Vaughn discusses President Donald Trump pausing some federal funding to the University of Pennsylvania amid Title IX investigations.,0.0,0.0
238,"President Donald Trump's administration has ramped up its crackdown on trans athlete inclusion in women's sports, and many women impacted by the issue are speaking out in support.",0.5,0.5
239,"After the administration paused $175 million in federal funding to the University of Pennsylvania over its inclusion of transgender athletes in women’s sports, which FOX Business exclusively reported Wednesday, many of the women who had to compete alongside former transgender UPenn swimmer Lia Thomas have spoken out in celebration of the funding pause.",0.25,0.25
240,"Three of Thomas' former UPenn teammates, Grace Estabrook, Margot Kaczorowski and Ellen Holmquist, provided a joint statement to Fox News Digital, via the Independent Council for Women's Sports (ICONS) praising the Trump administration's action.",0.025,0.05625
241,"""We are so glad that Universities are beginning to see that there is a cost to openly harming female students on their campuses and we hope the pressure only increases. Penn and other universities within the NCAA, under NCAA policy and their own rogue leadership, have violated federal law and hurt women,"" the statement read.",0.1625,0.6736111111111112
242,"""They have knowingly stolen opportunities and awards from women, placed women in physical danger, and facilitated the sexual harassment of female student athletes. Every woman on a college campus and under NCAA regulations should be assured of Title IX protections. Institutions that disregard the well-being of women have to understand they don’t get to rewrite or ignore federal protections that women rely on.""",0.16666666666666666,0.380952380952381
243,RILEY GAINES WANTS TO SEND A ‘THANK-YOU NOTE' TO LIA THOMAS – HERE'S WHY,0.2,0.1
244,"Riley Gaines, now a spokeswoman for the Independent Women’s Forum, famously tied Lia Thomas, left, for fifth place in the 200 Freestyle finals at the NCAA Swimming and Diving Championships. (Brett Davis-USA TODAY Sports)",0.16666666666666666,0.375
245,"In a statement to Fox News Digital, a university spokesperson said UPenn has not received any ""official notification"" of the funding pause, and added that the university was and is in ""full compliance"" with NCAA and Ivy League policies.",0.175,0.275
246,"""We are aware of media reports suggesting a suspension of $175 million in federal funding to Penn, but have not yet received any official notification or any details. It is important to note, however, that Penn has always followed NCAA and Ivy League policies regarding student participation on athletic teams. We have been in the past, and remain today, in full compliance with the regulations that apply to not only Penn, but all of our NCAA and Ivy League peer institutions.""",0.15,0.61
247,"Estabrook, Kaczorowski and Holmquist are all currently engaged in a lawsuit against UPenn, the Ivy League and the NCAA, citing their experience with Thomas and the handling of the institutions' handling of the situation. The suit also seeks to have all of Thomas' accolades in the women's category rescinded.",0.0,0.4
248,HOW TRANSGENDERISM IN SPORTS SHIFTED THE 2024 ELECTION AND IGNITED A NATIONAL COUNTERCULTURE,0.0,0.0
249,Former UPenn swimmer Grace Estabrook. (Photo courtesy of Grace Estabrook),0.0,0.0
250,"The women claim that by allowing Thomas to compete, the institutions ""injured them and violated federal law.""",0.0,0.0
251,"Thomas, a biological male, previously competed for the UPenn men's swimming team from 2017-20 under the name Will Thomas. At the 2022 Ivy League Swimming Championships, Thomas came in first in the 500-, 200- and 100-yard freestyle races, setting pool and Ivy League records, and was ultimately the highest-scoring swimmer at the entire meet.",0.01666666666666667,0.445
252,"According to the lawsuit, Thomas was introduced by women's swimming head coach Mike Schnur to the women's swimmers during a team meeting in Fall 2019 as their incoming teammate. Schnur allegedly told the women's swimmers that Thomas would not be sharing a locker room with them when they asked after the initial introduction.",-0.05,0.05
253,That allegedly changed later.,-0.05,0.05
254,Thomas officially began to practice and compete with the women's swimmers in fall 2021. That was when the female swimmers said they discovered that Schnur's alleged claim that Thomas would not share a locker room was not true.,-0.09166666666666667,0.3055555555555556
255,"""When UPenn’s women’s swimmers returned to school in the fall of 2021 they were shocked to discover that Thomas was being allowed to use the women’s locker room at UPenn and would be allowed to use the women’s locker room at swim meets,"" the lawsuit alleges.",-0.7,0.8
256,"""Margot [Kaczorowski] only learned that Thomas had been authorized by UPenn to use the women’s locker room when [Kaczorowski] walked in the women’s locker room to find Thomas in front of her changing his clothing.""",0.0,1.0
257,"The plaintiffs allege that the university administrators pushed pro-trans ideology onto them throughout the process of accepting Thomas on the team and in their locker room. The former swimmers say that they were led to feel their concerns over being teammates with Thomas were rooted in a ""psychological problem.""",0.0,0.05
258,CLICK HERE TO GET THE FOX NEWS APP,0.0,0.0
259,"University of Pennsylvania swimmer Lia Thomas reacts after swimming the 100 Freestyle prelims at the NCAA Swimming and Diving Championships on March 19, 2022 at the McAuley Aquatic Center in Atlanta. (Rich von Biberstein/Icon Sportswire via Getty Images)",0.1375,0.425
260,"""The UPenn administrators told the women that if anyone was struggling with accepting Thomas’s participation on the UPenn Women’s team, they should seek counseling and support from CAPS and the LBGTQ center,"" the lawsuit alleges.",-0.1,0.1
261,"""The administrators also invited the women to a talk titled, ‘Trans 101.’ Thus, the women were led to understand that UPenn’s position was that if a woman on the team had any problem with a trans-identifying male being on her team that woman had a psychological problem and needed counseling.""",0.0,0.1
262,"The Department of Education launched an official investigation into potential Title IX violations that occurred at UPenn in February, Fox News Digital previously reported.",-0.05555555555555555,0.3888888888888889
263,"Now, the consequences of that investigation are materializing.",0.0,0.0
264,Fox News' Paulina Dedaj contributed to this report.,0.0,0.0
265,"Follow Fox News Digital’s sports coverage on X, and subscribe to the Fox News Sports Huddle newsletter.",0.0,0.0
266,"Jackson Thompson is a sports writer for Fox News Digital. He previously worked for ESPN and Business Insider. Jackson has covered the Super Bowl and NBA Finals, and has interviewed iconic figures Usain Bolt, Rob Gronkowski, Jerry Rice, Troy Aikman, Mike Trout, David Ortiz and Roger Clemens.",0.16666666666666666,0.3333333333333333
267,Get all the stories you need-to-know from the most powerful name in news delivered first thing every morning to your inbox.,0.35000000000000003,0.611111111111111
268,"By entering your email and clicking the Subscribe button, you agree to the Fox News Privacy Policy and Terms of Use, and        agree to receive content and promotional communications from Fox News. You understand that you can        opt-out at any time.",0.0,0.0
269,Subscribed,0.0,0.0
270,You've successfully subscribed to this newsletter!,0.9375,0.95
271,"This material may not be published, broadcast, rewritten, or redistributed. ©2025 FOX News Network, LLC. All rights reserved. Quotes displayed in real-time or delayed by at least 15 minutes. Market data provided by        Factset. Powered and implemented by        FactSet Digital Solutions.        Legal Statement. Mutual Fund and ETF data provided by        Refinitiv Lipper.",-0.033333333333333326,0.20000000000000004
272,"This material may not be published, broadcast, rewritten, or redistributed. ©2025 FOX News Network, LLC. All rights reserved. Quotes displayed in real-time or delayed by at least 15 minutes. Market data provided by Factset. Powered and implemented by FactSet Digital Solutions. Legal Statement. Mutual Fund and ETF data provided by Refinitiv Lipper.",-0.033333333333333326,0.20000000000000004
273,Former Division II NCAA track and field athlete Minna Svard on being 'treated unfairly' by the organization and demanding her 'stolen' championship be returned after placing second to a biological male hurdler in 2019.,-0.125,0.275
274,"Former collegiate runner Minna Svärd is demanding her ""stolen"" championship be returned years after placing second to a biological male in the 2019 NCAA Division II Women’s 400-meter hurdles.",0.0,0.03333333333333333
275,"""It's time for us to speak up and actually tell people about how we feel and what we've been going through,"" the track and field star said Wednesday on Fox News.",0.0,0.1
276,"""Nothing about it is fair. It's not okay that NCAA is allowing this to even go on. They absolutely need to be held accountable for what they are allowing female athletes to go through. It's not fair.""",0.059999999999999984,0.6733333333333332
277,FEMALE ATHLETES CALL OUT NCAA OVER NEW TRANS-INCLUSION POLICY: ‘WE DEMAND FAIR SPORTS’,0.27878787878787875,0.5070707070707071
278,"Speaking on ""America's Newsroom,"" Svärd lamented that female athletes' concerns have been ignored to ""make other people feel better.""",0.125,0.34722222222222215
279,"CeCé Telfer, who placed first in the women's championship, ranked 390th in men’s competition.",0.25,0.3333333333333333
280,Telfer has been fighting to continue competing in track and field and hopes to make the Olympics despite being prohibited by World Athletics from competing in women’s world rankings competitions.,0.0,0.0
281,"Telfer said last month that ""anti-trans rhetoric has become louder"" after President Donald Trump's election.",0.0,0.06666666666666667
282,"""I need some explanation as to why you want to completely eradicate us from society when we've done nothing wrong,"" Telfer told CNN Sports.",-0.2,0.65
283,"Svärd reacted on Wednesday, arguing ""no one"" is trying to ""eradicate"" transgender athletes, and the only thing she and other women demand is ""fairness.""",-0.0625,0.6875
284,NCAA RESPONDS AS CRITICS CALL OUT POTENTIAL LOOPHOLES IN ITS NEW TRANS-ATHLETE POLICY,0.06818181818181818,0.7272727272727273
285,2019 NCAA Division II Women’s 400-meter hurdles. CeCé Telfer stands in the center. (Minna Svard/America's Newsroom),-0.1,0.1
286,"Svärd wrote about her experience in a Wall Street Journal op-ed published Monday, where she reflected on titles unjustly taken from biological women by male-born competitors and lauded Trump's Feb. 5 executive order titled ""Keeping Men Out of Women’s Sports"" for establishing ""a clear policy protecting the integrity of female athletics.""",0.05000000000000001,0.27499999999999997
287,"But that executive order came too late for women like Svärd. In her op-ed, the former East Texas A&M University athlete called for corrections to past injustices that she says deprived female athletes of titles they earned.",-0.1375,0.25416666666666665
288,"The NCAA's new policy for athletes ""assigned male at birth"" states that biological males may not compete on the women’s team, but they ""may practice on the team consistent with their gender identity and receive all other benefits applicable to student-athletes who are otherwise eligible for practice.""",0.06534090909090909,0.29488636363636367
289,CLICK HERE TO GET THE FOX NEWS APP,0.0,0.0
290,An agency spokesperson told Fox News Digital last month that the governing body will not allow biological male athletes to compete in the women's category based on changed birth certificates.,0.0,0.05555555555555556
291,"""The policy is clear that there are no waivers available, and athletes assigned male at birth may not compete on a women’s team with amended birth certificates or other forms of ID,"" the spokesperson said.",0.09375,0.3145833333333333
292,"Regarding trans athletes practicing on a women's team, an NCAA spokesperson said the following:",0.0,0.1
293,"""Male practice players have been a staple in college sports for decades, particularly in women’s basketball and the association will continue to account for that in the policy.""",0.08333333333333333,0.21666666666666667
294,Fox News' Ryan Gaydos contributed to this report.,0.0,0.0
295,Taylor Penley is an associate editor with Fox News.,0.0,0.0
296,Get all the stories you need-to-know from the most powerful name in news delivered first thing every morning to your inbox.,0.35000000000000003,0.611111111111111
297,"By entering your email and clicking the Subscribe button, you agree to the Fox News Privacy Policy and Terms of Use, and        agree to receive content and promotional communications from Fox News. You understand that you can        opt-out at any time.",0.0,0.0
298,Subscribed,0.0,0.0
299,You've successfully subscribed to this newsletter!,0.9375,0.95
300,"This material may not be published, broadcast, rewritten, or redistributed. ©2025 FOX News Network, LLC. All rights reserved. Quotes displayed in real-time or delayed by at least 15 minutes. Market data provided by        Factset. Powered and implemented by        FactSet Digital Solutions.        Legal Statement. Mutual Fund and ETF data provided by        Refinitiv Lipper.",-0.033333333333333326,0.20000000000000004
301,"This material may not be published, broadcast, rewritten, or redistributed. ©2025 FOX News Network, LLC. All rights reserved. Quotes displayed in real-time or delayed by at least 15 minutes. Market data provided by Factset. Powered and implemented by FactSet Digital Solutions. Legal Statement. Mutual Fund and ETF data provided by Refinitiv Lipper.",-0.033333333333333326,0.20000000000000004
302,"Newcastle Mayor Robert Clark blew up on an LGBTQ activist who said flying the POW/MIA flag over city hall is a ""political stunt"" after not wanting to fly the pride flag. (City of Newcastle/YouTube)",0.4,0.5
303,"A mayor in Washington state blew up on an LGBTQ activist after she described the city flying the Prisoner of War/Missing in Action flag as a ""political stunt"" during the public comment portion of the city council meeting on Tuesday.",0.03333333333333333,0.08888888888888889
304,The exchange took place near the end of the Newcastle City Council meeting between Mayor Robert Clark and a woman whose first name is Jen. Newcastle is a suburb of Seattle.,0.175,0.3666666666666667
305,"Jen was the first person to speak after Clark opened the floor for public comment, and she began by stating she hopes the mayor will support the pride flag ""in proclamation this year"" since he has a ""new-found appreciation"" for flags besides the American flag.",0.08333333333333333,0.13333333333333333
306,"STATE DEPARTMENT BLOCKS PRIDE, BLM FLAGS FROM EMBASSIES, OUTPOSTS WITH 'ONE FLAG POLICY'",0.0,0.0
307,"Newcastle Mayor Robert Clark blew up on an LGBTQ activist who said flying the POW/MIA flag over city hall is a ""political stunt"" after not wanting to fly the pride flag. (Shannon Finney/Getty Images)",0.4,0.5
308,"She was referencing a vote by the city council last year to not fly the pride flag over city hall during pride month, which was later flipped after public outrage. At the time, Clark told local outlet KOMO that if the pride flag was going to be flown, then everybody's flag had to be flown.",-0.08,0.2066666666666667
309,"""Do you want a Hamas flag flying over the City of Newcastle? Or a MAGA flag? How about a Trump flag or an Antifa flag? We’re not going there folks,"" Clark stated. ""Everybody is equally represented by the American flag.""",0.0,0.125
310,"Jen said while she is ""very much in support"" of veterans, POWs and MIAs, she thinks flying the POW/MIA flag ""100 days a year is a political stunt.""",0.13,0.18
311,"Jen then began comparing the population of American POWs or MIAs with how many Americans fall under the LGBTQ community, suggesting that the pride flag represents more people.",0.3333333333333333,0.3333333333333333
312,"""My research shows that there have been 82,000 Americans who are registered as POWs or MIAs, which is atrocious and horrible, and it should never happen to any American, but there [are] 20 million minimum LGBTQ members,"" she stated.",-0.5666666666666667,0.6666666666666666
313,"Jen M., an LGBTQ activist, called Newcastle Mayor Robert Clark ""disgusting"" for flying a POW/MIA flag after saying no other flags will be flown above city hall besides the American flag. (City of Newcastle/YouTube)",-0.234375,0.36875
314,NATIONAL POW/MIA RECOGNITION DAY REMINDS AMERICANS OF 'NOBILITY' OF WAR HEROES AND THE NEED TO DO BETTER,0.5,0.5
315,She then accused council members of being hypocritical and fulfilling special interests by choosing to fly a POW/MIA flag over city hall and not a pride flag.,0.5785714285714286,0.7357142857142858
316,"""I think that your approach to trying to trick people out of having to fly the pride flag in June by making sure that the POW/MIA flag was flown is really disgusting. Again, it is not impartial in any way, and I think that you should be ashamed. I definitely am,"" Jen said before walking off.",0.07500000000000001,0.8222222222222222
317,"Her comments set a fire under the mayor, who said he doesn't typically respond to public comment, but he ""will not sit here and have somebody tell me that veterans are a political stunt.""",-0.05555555555555555,0.2222222222222222
318,"Some in the audience could be heard clapping as Clark fired back at the woman, adding, ""How dare you?""",0.0,0.0
319,"USAID EMPLOYEE SAYS STAFFERS HID PRIDE FLAGS, 'INCRIMINATING' BOOKS WHEN DOGE ARRIVED",0.0,0.0
320,"City of Newcastle Mayor Robert Clark said he was ""pissed"" after a woman stated her ""concern"" about the POW/MIA flag flying over city hall after not wanting a pride flag to fly. (City of Newcastle/YouTube)",0.8,0.9
321,"""This country was founded because veterans lost their lives. Hundreds of thousands of people died for this country so that you could fly your pride flag,"" Clark said while looking in her direction.",0.8,0.9
322,"He apologized for being ""pissed"" and ""out of line,"" but warned her ""do not ever disparage veterans in my presence.""",0.0,0.0
323,"""Those 82,000 people who never came home will never have a chance to have a family or grow up while you can fly your pride flag,"" he said. ""They sacrificed their lives all over the world for America and for freedom around the world.""",0.8,0.9
324,CLICK HERE TO GET THE FOX NEWS APP,0.0,0.0
325,"The mayor appeared to be aware of Jen's opinions, stating that he ""tolerates"" her comments despite them always being ""on the attack"" and ""libelous.""",0.25,0.25
326,"""I tolerate it because, you know, you probably can't help yourself, but don't ever disparage veterans in front of me,"" he said as someone in the audience could be heard trying to talk back.",0.0,0.0
327,"""Don't ever disparage veterans in front of me,"" Clark repeated.",0.0,0.0
328,"""And we're done,"" he said before opening up the floor to the next speaker.",0.0,0.0
329,"The hottest stories ripped from the headlines, from crime to courts, legal and scandal.",0.2,0.2
330,"By entering your email and clicking the Subscribe button, you agree to the Fox News Privacy Policy and Terms of Use, and        agree to receive content and promotional communications from Fox News. You understand that you can        opt-out at any time.",0.0,0.0
331,Subscribed,0.0,0.0
332,You've successfully subscribed to this newsletter!,0.9375,0.95
333,"This material may not be published, broadcast, rewritten, or redistributed. ©2025 FOX News Network, LLC. All rights reserved. Quotes displayed in real-time or delayed by at least 15 minutes. Market data provided by        Factset. Powered and implemented by        FactSet Digital Solutions.        Legal Statement. Mutual Fund and ETF data provided by        Refinitiv Lipper.",-0.033333333333333326,0.20000000000000004
334,"This material may not be published, broadcast, rewritten, or redistributed. ©2025 FOX News Network, LLC. All rights reserved. Quotes displayed in real-time or delayed by at least 15 minutes. Market data provided by Factset. Powered and implemented by FactSet Digital Solutions. Legal Statement. Mutual Fund and ETF data provided by Refinitiv Lipper.",-0.033333333333333326,0.20000000000000004
335,"Newcastle Mayor Robert Clark blew up on an LGBTQ activist who said flying the POW/MIA flag over city hall is a ""political stunt"" after not wanting to fly the pride flag. (City of Newcastle/YouTube)",0.4,0.5
336,"A mayor in Washington state blew up on an LGBTQ activist after she described the city flying the Prisoner of War/Missing in Action flag as a ""political stunt"" during the public comment portion of the city council meeting on Tuesday.",0.03333333333333333,0.08888888888888889
337,The exchange took place near the end of the Newcastle City Council meeting between Mayor Robert Clark and a woman whose first name is Jen. Newcastle is a suburb of Seattle.,0.175,0.3666666666666667
338,"Jen was the first person to speak after Clark opened the floor for public comment, and she began by stating she hopes the mayor will support the pride flag ""in proclamation this year"" since he has a ""new-found appreciation"" for flags besides the American flag.",0.08333333333333333,0.13333333333333333
339,"STATE DEPARTMENT BLOCKS PRIDE, BLM FLAGS FROM EMBASSIES, OUTPOSTS WITH 'ONE FLAG POLICY'",0.0,0.0
340,"Newcastle Mayor Robert Clark blew up on an LGBTQ activist who said flying the POW/MIA flag over city hall is a ""political stunt"" after not wanting to fly the pride flag. (Shannon Finney/Getty Images)",0.4,0.5
341,"She was referencing a vote by the city council last year to not fly the pride flag over city hall during pride month, which was later flipped after public outrage. At the time, Clark told local outlet KOMO that if the pride flag was going to be flown, then everybody's flag had to be flown.",-0.08,0.2066666666666667
342,"""Do you want a Hamas flag flying over the City of Newcastle? Or a MAGA flag? How about a Trump flag or an Antifa flag? We’re not going there folks,"" Clark stated. ""Everybody is equally represented by the American flag.""",0.0,0.125
343,"Jen said while she is ""very much in support"" of veterans, POWs and MIAs, she thinks flying the POW/MIA flag ""100 days a year is a political stunt.""",0.13,0.18
344,"Jen then began comparing the population of American POWs or MIAs with how many Americans fall under the LGBTQ community, suggesting that the pride flag represents more people.",0.3333333333333333,0.3333333333333333
345,"""My research shows that there have been 82,000 Americans who are registered as POWs or MIAs, which is atrocious and horrible, and it should never happen to any American, but there [are] 20 million minimum LGBTQ members,"" she stated.",-0.5666666666666667,0.6666666666666666
346,"Jen M., an LGBTQ activist, called Newcastle Mayor Robert Clark ""disgusting"" for flying a POW/MIA flag after saying no other flags will be flown above city hall besides the American flag. (City of Newcastle/YouTube)",-0.234375,0.36875
347,NATIONAL POW/MIA RECOGNITION DAY REMINDS AMERICANS OF 'NOBILITY' OF WAR HEROES AND THE NEED TO DO BETTER,0.5,0.5
348,She then accused council members of being hypocritical and fulfilling special interests by choosing to fly a POW/MIA flag over city hall and not a pride flag.,0.5785714285714286,0.7357142857142858
349,"""I think that your approach to trying to trick people out of having to fly the pride flag in June by making sure that the POW/MIA flag was flown is really disgusting. Again, it is not impartial in any way, and I think that you should be ashamed. I definitely am,"" Jen said before walking off.",0.07500000000000001,0.8222222222222222
350,"Her comments set a fire under the mayor, who said he doesn't typically respond to public comment, but he ""will not sit here and have somebody tell me that veterans are a political stunt.""",-0.05555555555555555,0.2222222222222222
351,"Some in the audience could be heard clapping as Clark fired back at the woman, adding, ""How dare you?""",0.0,0.0
352,"USAID EMPLOYEE SAYS STAFFERS HID PRIDE FLAGS, 'INCRIMINATING' BOOKS WHEN DOGE ARRIVED",0.0,0.0
353,"City of Newcastle Mayor Robert Clark said he was ""pissed"" after a woman stated her ""concern"" about the POW/MIA flag flying over city hall after not wanting a pride flag to fly. (City of Newcastle/YouTube)",0.8,0.9
354,"""This country was founded because veterans lost their lives. Hundreds of thousands of people died for this country so that you could fly your pride flag,"" Clark said while looking in her direction.",0.8,0.9
355,"He apologized for being ""pissed"" and ""out of line,"" but warned her ""do not ever disparage veterans in my presence.""",0.0,0.0
356,"""Those 82,000 people who never came home will never have a chance to have a family or grow up while you can fly your pride flag,"" he said. ""They sacrificed their lives all over the world for America and for freedom around the world.""",0.8,0.9
357,CLICK HERE TO GET THE FOX NEWS APP,0.0,0.0
358,"The mayor appeared to be aware of Jen's opinions, stating that he ""tolerates"" her comments despite them always being ""on the attack"" and ""libelous.""",0.25,0.25
359,"""I tolerate it because, you know, you probably can't help yourself, but don't ever disparage veterans in front of me,"" he said as someone in the audience could be heard trying to talk back.",0.0,0.0
360,"""Don't ever disparage veterans in front of me,"" Clark repeated.",0.0,0.0
361,"""And we're done,"" he said before opening up the floor to the next speaker.",0.0,0.0
362,"The hottest stories ripped from the headlines, from crime to courts, legal and scandal.",0.2,0.2
363,"By entering your email and clicking the Subscribe button, you agree to the Fox News Privacy Policy and Terms of Use, and        agree to receive content and promotional communications from Fox News. You understand that you can        opt-out at any time.",0.0,0.0
364,Subscribed,0.0,0.0
365,You've successfully subscribed to this newsletter!,0.9375,0.95
366,"This material may not be published, broadcast, rewritten, or redistributed. ©2025 FOX News Network, LLC. All rights reserved. Quotes displayed in real-time or delayed by at least 15 minutes. Market data provided by        Factset. Powered and implemented by        FactSet Digital Solutions.        Legal Statement. Mutual Fund and ETF data provided by        Refinitiv Lipper.",-0.033333333333333326,0.20000000000000004
367,"This material may not be published, broadcast, rewritten, or redistributed. ©2025 FOX News Network, LLC. All rights reserved. Quotes displayed in real-time or delayed by at least 15 minutes. Market data provided by Factset. Powered and implemented by FactSet Digital Solutions. Legal Statement. Mutual Fund and ETF data provided by Refinitiv Lipper.",-0.033333333333333326,0.20000000000000004
368,The ‘America’s Got Talent’ judge told Fox News Digital why he doesn’t like AI technology in songwriting.,0.0,0.0
369,"Ben Stiller, Paul McCartney and Ron Howard were among the over 400 Hollywood stars and industry workers who signed an open letter this week urging President Donald Trump to protect artificial intelligence copyright rules.",-0.3,0.75
370,"""We firmly believe that America’s global AI leadership must not come at the expense of our essential creative industries,"" the letter, addressed to Trump’s Office of Science and Technology Policy and shared by Deadline and Variety, began.",0.075,0.425
371,"""America’s arts and entertainment industry supports over 2.3M American jobs with over $229Bn in wages annually, while providing the foundation for American democratic influence and soft power abroad. But AI companies are asking to undermine this economic and cultural strength by weakening copyright protections for the films, television series, artworks, writing, music, and voices used to train AI models at the core of multi-billion-dollar corporate valuations.""",0.06666666666666667,0.10833333333333334
372,The letter was submitted as part of comments on the Trump administration’s U.S. AI Action Plan.,0.1,0.1
373,"President Donald Trump was urged by Hollywood A-listers, like Ben Stiller and Paul McCartney, not to roll back copyright protections for AI.  (Chip Somodevilla/Monica Schipper/Jim Dyson)",0.0,0.0
374,WHAT IS ARTIFICIAL INTELLIGENCE (AI)?,-0.6,1.0
375,OpenAI and Google recently put forth their own submissions to the Office of Science and Technology asking their respective companies to be able to train their models on copyrighted material.,0.275,0.49375
376,"""The federal government can both secure Americans’ freedom to learn from AI and avoid forfeiting our AI lead to the PRC by preserving American AI models’ ability to learn from copyrighted material,"" OpenAI’s letter states.",0.2,0.3
377,"Google’s states, ""Balanced copyright rules, such as fair use and text-and-data mining exceptions, have been critical to enabling AI systems to learn from prior knowledge and publicly available data, unlocking scientific and social advances. These exceptions allow for the use of copyrighted, publicly available material for AI training without significantly impacting rightsholders and avoid often highly unpredictable, imbalanced, and lengthy negotiations with data holders during model development or scientific experimentation.""",0.19351851851851853,0.549074074074074
378,"Hollywood’s letter counters, ""There is no reason to weaken or eliminate the copyright protections that have helped America flourish. Not when AI companies can use our copyrighted material by simply doing what the law requires: negotiating appropriate licenses with copyright holders — just as every other industry does.",0.125,0.41071428571428575
379,"OpenAI, famous for its ChatGPT program, and Google suggested copyright laws for AI should be loosened.  (Bloomberg via Getty Images)",0.5,1.0
380,SIMON COWELL WARNS AI ‘SHOULDN’T BE ABLE TO STEAL’ HUMAN TALENT,0.25,0.3625
381,"""Access to America’s creative catalog of films, writing, video content, and music is not a matter of national security. They do not require a government-mandated exemption from existing U.S. copyright law.",0.5,1.0
382,"""For nearly 250 years, U.S. copyright law has balanced creator’s rights with the needs of the public, creating the world’s most vibrant creative economy. We recommend that the American AI Action Plan uphold existing copyright frameworks to maintain the strength of America’s creative and knowledge industries, as well as American cultural influence abroad.""",0.19666666666666668,0.35
383,"While a large group of A-listers are rallying against AI, a team of top-grossing directors is openly embracing the technology.",0.10714285714285714,0.4642857142857143
384,"Joe and Anthony Russo, the brothers behind some of Marvel’s biggest hits, like ""Avengers: Endgame,"" recently released their film ""The Electric State"" on Netflix, starring Millie Bobby Brown and Chris Pratt.",-0.2,0.475
385,"Joe Russo, left; Millie Bobby Brown; and Anthony Russo attend the London photo call for ""The Electric State."" (Jed Cullen/Dave Benett/Getty Images)",0.0,0.0
386,CLICK HERE TO SIGN UP FOR THE ENTERTAINMENT NEWSLETTER,0.0,0.0
387,The film tells the story of a world full of powerful robots dominating the landscape and touches on the subject of AI.,0.1611111111111111,0.6277777777777778
388,"Joe told The Sunday Times this week that they used AI for some voice modulation in ""The Electric State"" and that AI use is more prevalent in Hollywood than people are willing to admit.",0.375,0.625
389,"""There’s a lot of finger-pointing and hyperbole because people are afraid,"" Joe said. ""They don’t understand. But ultimately you’ll see AI used more significantly.""",0.06875,0.81875
390,"He continued, ""Also, AI is in its generative state now, where it has, as we call them, hallucinations. You can’t do mission-critical work with something that hallucinates. That is a reason self-driving cars haven’t taken over or why AI surgery is not taking place worldwide. But in its generative state, AI is best suited towards creativity.""",1.0,0.3
391,"Joe Russo said AI is being used more than people think in Hollywood and says the technology is ""best suited towards creativity."" (Carlos Alvarez/Getty Images for Netflix)",0.75,0.4
392,LIKE WHAT YOU’RE READING? CLICK HERE FOR MORE ENTERTAINMENT NEWS,0.5,0.5
393,"AI, especially generative AI, has been a divisive topic in Hollywood since before the strikes by writers and actors in 2023.",0.0,1.0
394,"Both unions shut down the industry for almost six months, but it was ""necessary at the time,"" SAG-AFTRA National Executive Director and Chief Negotiator Duncan Crabtree-Ireland told Fox News Digital last year.",-0.038888888888888896,0.3388888888888889
395,"""Our members suffered. Other workers in the industry suffered. The industry suffered. It was necessary at that time. I wish it hadn't been,"" Crabtree-Ireland said. ""I mean, to me, when I look at the ultimate agreement, I feel like the companies could have made this deal with us on July 12, and this entire thing could have been avoided, and yet they refused. And so that's very frustrating.",-0.15958333333333333,0.78125
396,"""On the other hand, it was essential that we be out ahead of the implementation of AI. If we were trying to negotiate this after the industry had already started using it in a big way, it would be impossible to actually sort of put that genie back in the bottle. And so I feel really good that we successfully anticipated this challenge.""",0.08229166666666667,0.428125
397,"At this month’s SXSW festival, SAG-AFTRA held a panel addressing the continued effect of AI on Hollywood.",0.0,0.0
398,WATCH: SAG-AFTRA REP ON WHY THE ‘DEVASTATING’ HOLLYWOOD STRIKES LAST YEAR WERE ‘NECESSARY’,-0.3333333333333333,0.6888888888888888
399,'THE BRUTALIST' PRODUCER DEFENDS OSCAR-WINNING MOVIE'S USE OF ARTIFICIAL INTELLIGENCE AFTER CONTROVERSY,-0.6,1.0
400,"""The copyright issue is a very big deal to the studios, and, for our folks, it’s been good, in that [employers] do really want to hear from our people because if something isn’t [protected under] copyright — if anybody can make Superman’s suit, and you don’t own it anymore — that’s very bad,"" Vanessa Holtgrewe, IATSE international vice president & assistant department director of motion picture and television production, said in a press release on the union’s website.",0.09833333333333337,0.46611111111111114
401,"""So, they’re being very cautious and careful about AI.""",0.05,0.65
402,CLICK HERE TO GET THE FOX NEWS APP,0.0,0.0
403,"DGA Associate National Executive Director & Western Executive Director Rebecca Rhine added, ""Ultimately, there has to be some federal legislation, and I think all the unions are discussing among themselves about what approaches may bear the most fruit.""",0.16666666666666666,0.5
404,"Get a daily look at the top news in music, movies, television and more in the entertainment industry.",0.3333333333333333,0.3333333333333333
405,"By entering your email and clicking the Subscribe button, you agree to the Fox News Privacy Policy and Terms of Use, and        agree to receive content and promotional communications from Fox News. You understand that you can        opt-out at any time.",0.0,0.0
406,Subscribed,0.0,0.0
407,You've successfully subscribed to this newsletter!,0.9375,0.95
408,"This material may not be published, broadcast, rewritten, or redistributed. ©2025 FOX News Network, LLC. All rights reserved. Quotes displayed in real-time or delayed by at least 15 minutes. Market data provided by        Factset. Powered and implemented by        FactSet Digital Solutions.        Legal Statement. Mutual Fund and ETF data provided by        Refinitiv Lipper.",-0.033333333333333326,0.20000000000000004
409,"This material may not be published, broadcast, rewritten, or redistributed. ©2025 FOX News Network, LLC. All rights reserved. Quotes displayed in real-time or delayed by at least 15 minutes. Market data provided by Factset. Powered and implemented by FactSet Digital Solutions. Legal Statement. Mutual Fund and ETF data provided by Refinitiv Lipper.",-0.033333333333333326,0.20000000000000004
410,The ‘America’s Got Talent’ judge told Fox News Digital why he doesn’t like AI technology in songwriting.,0.0,0.0
411,"Ben Stiller, Paul McCartney and Ron Howard were among the over 400 Hollywood stars and industry workers who signed an open letter this week urging President Donald Trump to protect artificial intelligence copyright rules.",-0.3,0.75
412,"""We firmly believe that America’s global AI leadership must not come at the expense of our essential creative industries,"" the letter, addressed to Trump’s Office of Science and Technology Policy and shared by Deadline and Variety, began.",0.075,0.425
413,"""America’s arts and entertainment industry supports over 2.3M American jobs with over $229Bn in wages annually, while providing the foundation for American democratic influence and soft power abroad. But AI companies are asking to undermine this economic and cultural strength by weakening copyright protections for the films, television series, artworks, writing, music, and voices used to train AI models at the core of multi-billion-dollar corporate valuations.""",0.06666666666666667,0.10833333333333334
414,The letter was submitted as part of comments on the Trump administration’s U.S. AI Action Plan.,0.1,0.1
415,"President Donald Trump was urged by Hollywood A-listers, like Ben Stiller and Paul McCartney, not to roll back copyright protections for AI.  (Chip Somodevilla/Monica Schipper/Jim Dyson)",0.0,0.0
416,WHAT IS ARTIFICIAL INTELLIGENCE (AI)?,-0.6,1.0
417,OpenAI and Google recently put forth their own submissions to the Office of Science and Technology asking their respective companies to be able to train their models on copyrighted material.,0.275,0.49375
418,"""The federal government can both secure Americans’ freedom to learn from AI and avoid forfeiting our AI lead to the PRC by preserving American AI models’ ability to learn from copyrighted material,"" OpenAI’s letter states.",0.2,0.3
419,"Google’s states, ""Balanced copyright rules, such as fair use and text-and-data mining exceptions, have been critical to enabling AI systems to learn from prior knowledge and publicly available data, unlocking scientific and social advances. These exceptions allow for the use of copyrighted, publicly available material for AI training without significantly impacting rightsholders and avoid often highly unpredictable, imbalanced, and lengthy negotiations with data holders during model development or scientific experimentation.""",0.19351851851851853,0.549074074074074
420,"Hollywood’s letter counters, ""There is no reason to weaken or eliminate the copyright protections that have helped America flourish. Not when AI companies can use our copyrighted material by simply doing what the law requires: negotiating appropriate licenses with copyright holders — just as every other industry does.",0.125,0.41071428571428575
421,"OpenAI, famous for its ChatGPT program, and Google suggested copyright laws for AI should be loosened.  (Bloomberg via Getty Images)",0.5,1.0
422,SIMON COWELL WARNS AI ‘SHOULDN’T BE ABLE TO STEAL’ HUMAN TALENT,0.25,0.3625
423,"""Access to America’s creative catalog of films, writing, video content, and music is not a matter of national security. They do not require a government-mandated exemption from existing U.S. copyright law.",0.5,1.0
424,"""For nearly 250 years, U.S. copyright law has balanced creator’s rights with the needs of the public, creating the world’s most vibrant creative economy. We recommend that the American AI Action Plan uphold existing copyright frameworks to maintain the strength of America’s creative and knowledge industries, as well as American cultural influence abroad.""",0.19666666666666668,0.35
425,"While a large group of A-listers are rallying against AI, a team of top-grossing directors is openly embracing the technology.",0.10714285714285714,0.4642857142857143
426,"Joe and Anthony Russo, the brothers behind some of Marvel’s biggest hits, like ""Avengers: Endgame,"" recently released their film ""The Electric State"" on Netflix, starring Millie Bobby Brown and Chris Pratt.",-0.2,0.475
427,"Joe Russo, left; Millie Bobby Brown; and Anthony Russo attend the London photo call for ""The Electric State."" (Jed Cullen/Dave Benett/Getty Images)",0.0,0.0
428,CLICK HERE TO SIGN UP FOR THE ENTERTAINMENT NEWSLETTER,0.0,0.0
429,The film tells the story of a world full of powerful robots dominating the landscape and touches on the subject of AI.,0.1611111111111111,0.6277777777777778
430,"Joe told The Sunday Times this week that they used AI for some voice modulation in ""The Electric State"" and that AI use is more prevalent in Hollywood than people are willing to admit.",0.375,0.625
431,"""There’s a lot of finger-pointing and hyperbole because people are afraid,"" Joe said. ""They don’t understand. But ultimately you’ll see AI used more significantly.""",0.06875,0.81875
432,"He continued, ""Also, AI is in its generative state now, where it has, as we call them, hallucinations. You can’t do mission-critical work with something that hallucinates. That is a reason self-driving cars haven’t taken over or why AI surgery is not taking place worldwide. But in its generative state, AI is best suited towards creativity.""",1.0,0.3
433,"Joe Russo said AI is being used more than people think in Hollywood and says the technology is ""best suited towards creativity."" (Carlos Alvarez/Getty Images for Netflix)",0.75,0.4
434,LIKE WHAT YOU’RE READING? CLICK HERE FOR MORE ENTERTAINMENT NEWS,0.5,0.5
435,"AI, especially generative AI, has been a divisive topic in Hollywood since before the strikes by writers and actors in 2023.",0.0,1.0
436,"Both unions shut down the industry for almost six months, but it was ""necessary at the time,"" SAG-AFTRA National Executive Director and Chief Negotiator Duncan Crabtree-Ireland told Fox News Digital last year.",-0.038888888888888896,0.3388888888888889
437,"""Our members suffered. Other workers in the industry suffered. The industry suffered. It was necessary at that time. I wish it hadn't been,"" Crabtree-Ireland said. ""I mean, to me, when I look at the ultimate agreement, I feel like the companies could have made this deal with us on July 12, and this entire thing could have been avoided, and yet they refused. And so that's very frustrating.",-0.15958333333333333,0.78125
438,"""On the other hand, it was essential that we be out ahead of the implementation of AI. If we were trying to negotiate this after the industry had already started using it in a big way, it would be impossible to actually sort of put that genie back in the bottle. And so I feel really good that we successfully anticipated this challenge.""",0.08229166666666667,0.428125
439,"At this month’s SXSW festival, SAG-AFTRA held a panel addressing the continued effect of AI on Hollywood.",0.0,0.0
440,WATCH: SAG-AFTRA REP ON WHY THE ‘DEVASTATING’ HOLLYWOOD STRIKES LAST YEAR WERE ‘NECESSARY’,-0.3333333333333333,0.6888888888888888
441,'THE BRUTALIST' PRODUCER DEFENDS OSCAR-WINNING MOVIE'S USE OF ARTIFICIAL INTELLIGENCE AFTER CONTROVERSY,-0.6,1.0
442,"""The copyright issue is a very big deal to the studios, and, for our folks, it’s been good, in that [employers] do really want to hear from our people because if something isn’t [protected under] copyright — if anybody can make Superman’s suit, and you don’t own it anymore — that’s very bad,"" Vanessa Holtgrewe, IATSE international vice president & assistant department director of motion picture and television production, said in a press release on the union’s website.",0.09833333333333337,0.46611111111111114
443,"""So, they’re being very cautious and careful about AI.""",0.05,0.65
444,CLICK HERE TO GET THE FOX NEWS APP,0.0,0.0
445,"DGA Associate National Executive Director & Western Executive Director Rebecca Rhine added, ""Ultimately, there has to be some federal legislation, and I think all the unions are discussing among themselves about what approaches may bear the most fruit.""",0.16666666666666666,0.5
446,"Get a daily look at the top news in music, movies, television and more in the entertainment industry.",0.3333333333333333,0.3333333333333333
447,"By entering your email and clicking the Subscribe button, you agree to the Fox News Privacy Policy and Terms of Use, and        agree to receive content and promotional communications from Fox News. You understand that you can        opt-out at any time.",0.0,0.0
448,Subscribed,0.0,0.0
449,You've successfully subscribed to this newsletter!,0.9375,0.95
450,"This material may not be published, broadcast, rewritten, or redistributed. ©2025 FOX News Network, LLC. All rights reserved. Quotes displayed in real-time or delayed by at least 15 minutes. Market data provided by        Factset. Powered and implemented by        FactSet Digital Solutions.        Legal Statement. Mutual Fund and ETF data provided by        Refinitiv Lipper.",-0.033333333333333326,0.20000000000000004
451,Quotes displayed in real-time or delayed by at least 15 minutes. Market data provided by Factset.          Powered and implemented by FactSet Digital Solutions.             Legal Statement.,-0.033333333333333326,0.20000000000000004
452,"This material may not be published, broadcast, rewritten, or redistributed. ©2025 FOX News Network, LLC. All rights reserved. FAQ - New Privacy Policy",0.13636363636363635,0.45454545454545453
453,Check out what's clicking on FoxBusiness.com.,0.0,0.0
454,"Those who cannot use an online identity-proving tool will soon need to visit a local Social Security office in person to prove their identity, the Social Security Administration (SSA) said on Tuesday.",0.022222222222222223,0.044444444444444446
455,"""Over the next two weeks, SSA will carefully transition to stronger identity proofing procedures for both benefit claims and direct deposit changes,"" a statement said.",0.0,0.4666666666666666
456,"""Individuals seeking these services who cannot use their personal ‘my Social Security’ account, which requires online identity proofing, will then need to visit a local Social Security office to prove their identity in person,"" it continued.",0.016666666666666666,0.10833333333333332
457,"The changes are meant to ""safeguard Social Security records and benefits against fraudulent activity,"" the agency said, and take effect March 31.",0.03333333333333333,0.06666666666666667
458,DOGE WORKS TO CLEAN UP SOCIAL SECURITY DATABASE,0.2,0.38333333333333336
459,Two people enter a Social Security Administration office in suburban Detroit. (Jim West/UCG/Universal Images Group / Getty Images),0.016666666666666666,0.03333333333333333
460,"People who do not or cannot use the agency's online ""my Social Security"" services may still start a benefits claim over the phone, but the claim will not be completed until identity is verified in person.",0.03333333333333333,0.06666666666666667
461,"To avoid long lines at Social Security offices across the country, the agency recommends people call to request an in-person appointment ""to begin and complete the claim in one interaction.""",0.02777777777777778,0.2888888888888889
462,"DEMS ZERO IN ON MUSK WANTING TO CUT SOCIAL SECURITY, MEDICARE WASTE, WHITE HOUSE RESPONDS",-0.05555555555555556,0.022222222222222223
463,"People wait in line at a Social Security office before it opens in Houston on July 13, 2022. (Mark Felix for The Washington Post / Getty Images)",0.03333333333333333,0.06666666666666667
464,"People who do not already have a ""my Social Security"" account can create one here.",0.03333333333333333,0.06666666666666667
465,"The agency announced it will also be expediting the process time for all direct deposit change requests to one business day. Previously, changes were held for 30 days.",-0.033333333333333326,0.2833333333333333
466,"A woman walks into a Social Security office in Houston on July 13, 2022. (Mark Felix for The Washington Post / Getty Images)",0.03333333333333333,0.06666666666666667
467,"Last month, the U.S. government agency that provides benefits to tens of millions of older Americans said it plans to cut 7,000 workers as part of the Trump administration's plan to slash the size of the federal workforce.",0.08333333333333333,0.19999999999999998
468,"The SSA sends checks to 73 million retired and disabled Americans each month, according to Reuters.",-0.2,0.3
469,CLICK HERE TO READ MORE ON FOX BUSINESS,0.5,0.5
470,"""Americans deserve to have their Social Security records protected with the utmost integrity and vigilance,"" Lee Dudek, Acting Commissioner of Social Security, said in a statement. For far too long, the agency has used antiquated methods for proving identity. Social Security can better protect Americans while expediting service.""",0.09285714285714286,0.29999999999999993
471,Reuters contributed to this report.,0.0,0.0
472,,0.0,0.0
473,"Get a brief on the top business stories of the week, plus CEO interviews, market updates, tech and money news that matters to you.",0.25,0.41666666666666663
474,We've added you to our mailing list.,0.0,0.0
475,"By clicking subscribe, you agree to the Fox News Privacy Policy and Terms of Use, and agree to receive content and promotional communications from Fox News. You understand that you can opt-out at any time.",0.0,0.0
476,Quotes displayed in real-time or delayed by at least 15 minutes. Market data provided by Factset.            Powered and implemented by FactSet Digital Solutions.             Legal Statement.,-0.033333333333333326,0.20000000000000004
477,"This material may not be published, broadcast, rewritten, or redistributed. ©2025 FOX News Network, LLC. All rights reserved. FAQ - New Privacy Policy",0.13636363636363635,0.45454545454545453
478,Quotes displayed in real-time or delayed by at least 15 minutes. Market data provided by Factset.          Powered and implemented by FactSet Digital Solutions.             Legal Statement.,-0.033333333333333326,0.20000000000000004
479,"This material may not be published, broadcast, rewritten, or redistributed. ©2025 FOX News Network, LLC. All rights reserved. FAQ - New Privacy Policy",0.13636363636363635,0.45454545454545453
480,Check out what's clicking on FoxBusiness.com.,0.0,0.0
481,"Those who cannot use an online identity-proving tool will soon need to visit a local Social Security office in person to prove their identity, the Social Security Administration (SSA) said on Tuesday.",0.022222222222222223,0.044444444444444446
482,"""Over the next two weeks, SSA will carefully transition to stronger identity proofing procedures for both benefit claims and direct deposit changes,"" a statement said.",0.0,0.4666666666666666
483,"""Individuals seeking these services who cannot use their personal ‘my Social Security’ account, which requires online identity proofing, will then need to visit a local Social Security office to prove their identity in person,"" it continued.",0.016666666666666666,0.10833333333333332
484,"The changes are meant to ""safeguard Social Security records and benefits against fraudulent activity,"" the agency said, and take effect March 31.",0.03333333333333333,0.06666666666666667
485,DOGE WORKS TO CLEAN UP SOCIAL SECURITY DATABASE,0.2,0.38333333333333336
486,Two people enter a Social Security Administration office in suburban Detroit. (Jim West/UCG/Universal Images Group / Getty Images),0.016666666666666666,0.03333333333333333
487,"People who do not or cannot use the agency's online ""my Social Security"" services may still start a benefits claim over the phone, but the claim will not be completed until identity is verified in person.",0.03333333333333333,0.06666666666666667
488,"To avoid long lines at Social Security offices across the country, the agency recommends people call to request an in-person appointment ""to begin and complete the claim in one interaction.""",0.02777777777777778,0.2888888888888889
489,"DEMS ZERO IN ON MUSK WANTING TO CUT SOCIAL SECURITY, MEDICARE WASTE, WHITE HOUSE RESPONDS",-0.05555555555555556,0.022222222222222223
490,"People wait in line at a Social Security office before it opens in Houston on July 13, 2022. (Mark Felix for The Washington Post / Getty Images)",0.03333333333333333,0.06666666666666667
491,"People who do not already have a ""my Social Security"" account can create one here.",0.03333333333333333,0.06666666666666667
492,"The agency announced it will also be expediting the process time for all direct deposit change requests to one business day. Previously, changes were held for 30 days.",-0.033333333333333326,0.2833333333333333
493,"A woman walks into a Social Security office in Houston on July 13, 2022. (Mark Felix for The Washington Post / Getty Images)",0.03333333333333333,0.06666666666666667
494,"Last month, the U.S. government agency that provides benefits to tens of millions of older Americans said it plans to cut 7,000 workers as part of the Trump administration's plan to slash the size of the federal workforce.",0.08333333333333333,0.19999999999999998
495,"The SSA sends checks to 73 million retired and disabled Americans each month, according to Reuters.",-0.2,0.3
496,CLICK HERE TO READ MORE ON FOX BUSINESS,0.5,0.5
497,"""Americans deserve to have their Social Security records protected with the utmost integrity and vigilance,"" Lee Dudek, Acting Commissioner of Social Security, said in a statement. For far too long, the agency has used antiquated methods for proving identity. Social Security can better protect Americans while expediting service.""",0.09285714285714286,0.29999999999999993
498,Reuters contributed to this report.,0.0,0.0
499,,0.0,0.0
500,"Get a brief on the top business stories of the week, plus CEO interviews, market updates, tech and money news that matters to you.",0.25,0.41666666666666663
501,We've added you to our mailing list.,0.0,0.0
502,"By clicking subscribe, you agree to the Fox News Privacy Policy and Terms of Use, and agree to receive content and promotional communications from Fox News. You understand that you can opt-out at any time.",0.0,0.0
503,Quotes displayed in real-time or delayed by at least 15 minutes. Market data provided by Factset.            Powered and implemented by FactSet Digital Solutions.             Legal Statement.,-0.033333333333333326,0.20000000000000004
504,"This material may not be published, broadcast, rewritten, or redistributed. ©2025 FOX News Network, LLC. All rights reserved. FAQ - New Privacy Policy",0.13636363636363635,0.45454545454545453
505,"This material may not be published, broadcast, rewritten, or redistributed. ©2025 FOX News Network, LLC. All rights reserved. Quotes displayed in real-time or delayed by at least 15 minutes. Market data provided by Factset. Powered and implemented by FactSet Digital Solutions. Legal Statement. Mutual Fund and ETF data provided by Refinitiv Lipper.",-0.033333333333333326,0.20000000000000004
506,Moms for Liberty co-founder Tiffany Justice joins 'Fox & Friends' to discuss President Donald Trump preparing plans to dismantle the Department of Education as the nation's report card shows continuing decline.,0.0,0.0
507,President Donald Trump is moving forward with plans to abolish the Department of Education.,0.0,0.0
508,"Trump is expected to sign an executive order following through on a campaign promise to disband the department, claiming on the campaign trail that the department was full of ""radicals, zealots and Marxists.""",0.08333333333333333,0.35000000000000003
509,"A White House fact sheet states that the move will ""turn over education to families instead of bureaucracies. Trump and proponents of eliminating the department have long said the agency has failed American students.",-0.1375,0.175
510,"""NAEP (National Assessment of Educational Progress) scores reveal a national crisis — our children are falling behind,"" Harrison Fields, the White House principal deputy press secretary, told Fox News. ""Over the past four years, Democrats have allowed millions of illegal minors into the country, straining school resources and diverting focus from American students.""",-0.15,0.2833333333333333
511,AFT PRESIDENT RANDI WEINGARTEN SOUNDS ALARM ABOUT LEGALITY OF TRUMP ELIMINATING EDUCATION DEPARTMENT,0.0,0.0
512,"""Coupled with the rise of anti-American CRT and DEI indoctrination, this is harming our most vulnerable,"" he added. ""President Trump's executive order to expand educational opportunities will empower parents, states, and communities to take control and improve outcomes for all students.""",0.08333333333333333,0.4166666666666667
513,"The directive comes after the Senate voted to confirm Linda McMahon, former CEO of World Wrestling Entertainment (WWE), to lead the agency on March 3. McMahon issued a memo later that day outlining her support for the Trump administration's plans for the department and that she would oversee a ""new era of accountability"" in the agency's final days.",0.03409090909090909,0.36363636363636365
514,"""The reality of our education system is stark, and the American people have elected President Trump to make significant changes in Washington,"" McMahon said in the March 3 memo. ""Our job is to respect the will of the American people and the President they elected, who has tasked us with accomplishing the elimination of bureaucratic bloat here at the Department of Education — a momentous final mission — quickly and responsibly.""",0.10119047619047618,0.5035714285714287
515,"Secretary of Education Linda McMahon appeared before the Senate Health, Education, Labor and Pensions Committee for a confirmation hearing in Washington, D.C., on Feb. 13. (Getty Images)",0.0,0.0
516,"Following reports that Trump planned to sign the executive order, the American Federation of Teachers issued a statement imploring Congress to oppose the executive order and ""to make clear to the president that the federal government, in the face of this order, will not abdicate its responsibility to all children, students and working families, who deserve a future full of promise and possibility, not diminished dreams.""",0.09,0.23166666666666663
517,"The teacher's union pointed to an NPR/PBS News/Marist Poll conducted in February that found more than 60% of Americans ""strongly oppose"" eradicating the agency.",0.4666666666666667,0.6166666666666667
518,"""The Department of Education, and the laws it is supposed to execute, has one major purpose: to level the playing field and fill opportunity gaps to help every child in America succeed,"" the American Federation of Teachers President Randi Weingarten said in a March 5 statement. ""Trying to abolish it — which, by the way, only Congress can do — sends a message that the president doesn’t care about opportunity for all kids. Maybe he cares about it for his own kids or his friends’ kids or his donors’ kids — but not all kids.""",0.165625,0.625
519,"Despite spending billions of dollars on education, student outcomes haven't fared any better. The White House cited 13 Baltimore high schools in which no students tested proficient in mathematics in 2023, as well as money spent to teach ""radical ideologies.""",0.14,0.28500000000000003
520,"Despite President Donald Trump’s order, he needs Congress to sign off on eradicating the agency. (Getty Images)",0.0,0.0
521,"""The Trump Administration recently canceled $226 million in grants under the Comprehensive Centers Program that forced radical agendas onto states and systems, including race-based discrimination and gender identity ideology,"" the fact sheet states.",-0.15000000000000002,0.225
522,"Under the Biden administration, schools have been forced to redirect resources to comply with ""ideological initiatives,"" social experiments and obsolete programs, the White House said.",-0.0888888888888889,0.08888888888888889
523,"In addition, Trump has supported bringing education back to the states and a rethinking of schools.",0.0,0.0
524,"""I want every parent in America to be empowered to send their child to public, private, charter, or faith-based school of their choice,"" he said. ""The time for universal school choice has come. As we return education to the states, I will use every power I have to give parents this right.""Despite Trump’s order, the president needs Congress to sign off on eradicating the agency, under Article II of the U.S. Constitution. Such a measure would require 60 votes to pass in the Senate, and there are only 53 Republicans currently.",0.04081632653061224,0.4110544217687075
525,"Still, there is some appetite in Congress to eliminate the department. For example, Rep. Thomas Massie, R-Ky., introduced a measure Jan. 31 to nix the Department of Education by December 2026.",0.0,0.0
526,WHITE HOUSE PRESS SECRETARY ON REPORTS THAT TRUMP WILL DISBAND EDUCATION DEPARTMENT: ‘EXPECT HIM TO DELIVER’,0.0,0.0
527,"Rep. Thomas Massie, R-Ky., introduced a measure on Jan. 31 to nix the Department of Education by December 2026. (Win McNamee/Getty Images)",0.8,0.4
528,"""Unelected bureaucrats in Washington, D.C., should not be in charge of our children’s intellectual and moral development,"" Massie said in a Jan. 31 statement. ""States and local communities are best positioned to shape curricula that meet the needs of their students. Schools should be accountable.""",0.325,0.2375
529,"Trump told reporters on Feb. 4 that even though he’d nominated McMahon to lead the Department of Education, he eventually wanted her to lose her job.",0.0,0.0
530,"""What I want to do is let the states run schools,"" Trump said. ""I believe strongly in school choice. But in addition to that, I want the states to run schools, and I want Linda to put herself out of a job.""",0.4333333333333333,0.7333333333333333
531,"TRUMP SIGNS EXECUTIVE ORDERS STRIPPING FEDERAL FUNDING FROM SCHOOLS THAT TEACH CRT, SUPPORTING SCHOOL CHOICE",0.25,0.25
532,White House press secretary Karoline Leavitt signaled that the American people could count on Trump's campaign promise to end the department.   (Evan Vucci/The Associated Press ),0.0,0.0
533,White House press secretary Karoline Leavitt also signaled that the American people could count on Trump to move forward with such plans to disband the department.,0.0,0.16666666666666666
534,"""President Trump campaigned on that promise, and I think the American people can expect him to deliver on it,"" Leavitt told Stuart Varney on ""Varney & Co."" on Feb. 4.",0.0,0.0
535,CLICK HERE TO GET THE FOX NEWS APP,0.0,0.0
536,"The Department of Education, established in 1980, seeks to improve coordination of federal education programs and support state and local school systems, according to its website. The agency received a budget of $79.1 billion in fiscal year 2024.",0.0,0.0
537,"Trump said at a rally in September 2024 that he wanted to reduce the ""government education swamp and stop the abuse of your taxpayer dollars to indoctrinate America’s youth with all sorts of things that you don’t want to have our youth hearing.""",0.0,0.0
538,"Critics of the Department of Education also have pointed to the ""Nation’s Report Card,"" the 2024 National Assessment of Educational Progress (NAEP) released every two years, published Jan. 27. The exam tests fourth and eighth-grade students, and found almost stagnant math scores for eighth-graders in comparison to 2022, and reading scores dropped 2 points at both grade levels.",0.125,0.125
539,"""In report card language, what was a D- is now an F,"" former Secretary of Education Betsy DeVos wrote in a Feb. 5 op-ed for Fox News Digital.",0.0,0.0
540,"Former Secretary of Education Betsy Devos said the U.S. needs a ""complete reset"" when it comes to education that prioritizes students in an op-ed for Fox News Digital.  (Jim Watson)",0.03333333333333333,0.13333333333333333
541,"As a result, the U.S. needs a ""complete reset"" that prioritizes students, she said. That starts with shuttering the Department of Education, an agency that has focused more on diversity, equity and inclusion mandates than the foundations of education, she said.",0.3,0.45
542,"Meanwhile, Democrats pressed the Department of Education for more information about its future in February amid concerns that the Trump administration would shutter the agency.",0.25,0.3125
543,"""We will not stand by and allow this to happen to the nation’s students, parents, borrowers, educators, and communities,"" the lawmakers wrote in a letter to Acting Secretary of Education Denise Carter on Feb. 5. ""Congress created the Department to ensure all students in America have equal access to a high-quality education and that their civil rights are protected no matter their zip code.""",0.0,0.125
544,The Associated Press and Fox News’ Kayla Bailey contributed to this report. This is a breaking story; check back for updates.,0.0,0.0
545,Diana Stancy is a politics reporter with Fox News Digital covering the White House.,0.0,0.0
546,"Get the latest updates from the 2024 campaign trail, exclusive interviews and more Fox News politics content.",0.5,0.7
547,"By entering your email and clicking the Subscribe button, you agree to the Fox News Privacy Policy and Terms of Use, and        agree to receive content and promotional communications from Fox News. You understand that you can        opt-out at any time.",0.0,0.0
548,Subscribed,0.0,0.0
549,You've successfully subscribed to this newsletter!,0.9375,0.95
550,"This material may not be published, broadcast, rewritten, or redistributed. ©2025 FOX News Network, LLC. All rights reserved. Quotes displayed in real-time or delayed by at least 15 minutes. Market data provided by        Factset. Powered and implemented by        FactSet Digital Solutions.        Legal Statement. Mutual Fund and ETF data provided by        Refinitiv Lipper.",-0.033333333333333326,0.20000000000000004
551,"This material may not be published, broadcast, rewritten, or redistributed. ©2025 FOX News Network, LLC. All rights reserved. Quotes displayed in real-time or delayed by at least 15 minutes. Market data provided by Factset. Powered and implemented by FactSet Digital Solutions. Legal Statement. Mutual Fund and ETF data provided by Refinitiv Lipper.",-0.033333333333333326,0.20000000000000004
552,Moms for Liberty co-founder Tiffany Justice joins 'Fox & Friends' to discuss President Donald Trump preparing plans to dismantle the Department of Education as the nation's report card shows continuing decline.,0.0,0.0
553,President Donald Trump is moving forward with plans to abolish the Department of Education.,0.0,0.0
554,"Trump is expected to sign an executive order following through on a campaign promise to disband the department, claiming on the campaign trail that the department was full of ""radicals, zealots and Marxists.""",0.08333333333333333,0.35000000000000003
555,"A White House fact sheet states that the move will ""turn over education to families instead of bureaucracies. Trump and proponents of eliminating the department have long said the agency has failed American students.",-0.1375,0.175
556,"""NAEP (National Assessment of Educational Progress) scores reveal a national crisis — our children are falling behind,"" Harrison Fields, the White House principal deputy press secretary, told Fox News. ""Over the past four years, Democrats have allowed millions of illegal minors into the country, straining school resources and diverting focus from American students.""",-0.15,0.2833333333333333
557,AFT PRESIDENT RANDI WEINGARTEN SOUNDS ALARM ABOUT LEGALITY OF TRUMP ELIMINATING EDUCATION DEPARTMENT,0.0,0.0
558,"""Coupled with the rise of anti-American CRT and DEI indoctrination, this is harming our most vulnerable,"" he added. ""President Trump's executive order to expand educational opportunities will empower parents, states, and communities to take control and improve outcomes for all students.""",0.08333333333333333,0.4166666666666667
559,"The directive comes after the Senate voted to confirm Linda McMahon, former CEO of World Wrestling Entertainment (WWE), to lead the agency on March 3. McMahon issued a memo later that day outlining her support for the Trump administration's plans for the department and that she would oversee a ""new era of accountability"" in the agency's final days.",0.03409090909090909,0.36363636363636365
560,"""The reality of our education system is stark, and the American people have elected President Trump to make significant changes in Washington,"" McMahon said in the March 3 memo. ""Our job is to respect the will of the American people and the President they elected, who has tasked us with accomplishing the elimination of bureaucratic bloat here at the Department of Education — a momentous final mission — quickly and responsibly.""",0.10119047619047618,0.5035714285714287
561,"Secretary of Education Linda McMahon appeared before the Senate Health, Education, Labor and Pensions Committee for a confirmation hearing in Washington, D.C., on Feb. 13. (Getty Images)",0.0,0.0
562,"Following reports that Trump planned to sign the executive order, the American Federation of Teachers issued a statement imploring Congress to oppose the executive order and ""to make clear to the president that the federal government, in the face of this order, will not abdicate its responsibility to all children, students and working families, who deserve a future full of promise and possibility, not diminished dreams.""",0.09,0.23166666666666663
563,"The teacher's union pointed to an NPR/PBS News/Marist Poll conducted in February that found more than 60% of Americans ""strongly oppose"" eradicating the agency.",0.4666666666666667,0.6166666666666667
564,"""The Department of Education, and the laws it is supposed to execute, has one major purpose: to level the playing field and fill opportunity gaps to help every child in America succeed,"" the American Federation of Teachers President Randi Weingarten said in a March 5 statement. ""Trying to abolish it — which, by the way, only Congress can do — sends a message that the president doesn’t care about opportunity for all kids. Maybe he cares about it for his own kids or his friends’ kids or his donors’ kids — but not all kids.""",0.165625,0.625
565,"Despite spending billions of dollars on education, student outcomes haven't fared any better. The White House cited 13 Baltimore high schools in which no students tested proficient in mathematics in 2023, as well as money spent to teach ""radical ideologies.""",0.14,0.28500000000000003
566,"Despite President Donald Trump’s order, he needs Congress to sign off on eradicating the agency. (Getty Images)",0.0,0.0
567,"""The Trump Administration recently canceled $226 million in grants under the Comprehensive Centers Program that forced radical agendas onto states and systems, including race-based discrimination and gender identity ideology,"" the fact sheet states.",-0.15000000000000002,0.225
568,"Under the Biden administration, schools have been forced to redirect resources to comply with ""ideological initiatives,"" social experiments and obsolete programs, the White House said.",-0.0888888888888889,0.08888888888888889
569,"In addition, Trump has supported bringing education back to the states and a rethinking of schools.",0.0,0.0
570,"""I want every parent in America to be empowered to send their child to public, private, charter, or faith-based school of their choice,"" he said. ""The time for universal school choice has come. As we return education to the states, I will use every power I have to give parents this right.""Despite Trump’s order, the president needs Congress to sign off on eradicating the agency, under Article II of the U.S. Constitution. Such a measure would require 60 votes to pass in the Senate, and there are only 53 Republicans currently.",0.04081632653061224,0.4110544217687075
571,"Still, there is some appetite in Congress to eliminate the department. For example, Rep. Thomas Massie, R-Ky., introduced a measure Jan. 31 to nix the Department of Education by December 2026.",0.0,0.0
572,WHITE HOUSE PRESS SECRETARY ON REPORTS THAT TRUMP WILL DISBAND EDUCATION DEPARTMENT: ‘EXPECT HIM TO DELIVER’,0.0,0.0
573,"Rep. Thomas Massie, R-Ky., introduced a measure on Jan. 31 to nix the Department of Education by December 2026. (Win McNamee/Getty Images)",0.8,0.4
574,"""Unelected bureaucrats in Washington, D.C., should not be in charge of our children’s intellectual and moral development,"" Massie said in a Jan. 31 statement. ""States and local communities are best positioned to shape curricula that meet the needs of their students. Schools should be accountable.""",0.325,0.2375
575,"Trump told reporters on Feb. 4 that even though he’d nominated McMahon to lead the Department of Education, he eventually wanted her to lose her job.",0.0,0.0
576,"""What I want to do is let the states run schools,"" Trump said. ""I believe strongly in school choice. But in addition to that, I want the states to run schools, and I want Linda to put herself out of a job.""",0.4333333333333333,0.7333333333333333
577,"TRUMP SIGNS EXECUTIVE ORDERS STRIPPING FEDERAL FUNDING FROM SCHOOLS THAT TEACH CRT, SUPPORTING SCHOOL CHOICE",0.25,0.25
578,White House press secretary Karoline Leavitt signaled that the American people could count on Trump's campaign promise to end the department.   (Evan Vucci/The Associated Press ),0.0,0.0
579,White House press secretary Karoline Leavitt also signaled that the American people could count on Trump to move forward with such plans to disband the department.,0.0,0.16666666666666666
580,"""President Trump campaigned on that promise, and I think the American people can expect him to deliver on it,"" Leavitt told Stuart Varney on ""Varney & Co."" on Feb. 4.",0.0,0.0
581,CLICK HERE TO GET THE FOX NEWS APP,0.0,0.0
582,"The Department of Education, established in 1980, seeks to improve coordination of federal education programs and support state and local school systems, according to its website. The agency received a budget of $79.1 billion in fiscal year 2024.",0.0,0.0
583,"Trump said at a rally in September 2024 that he wanted to reduce the ""government education swamp and stop the abuse of your taxpayer dollars to indoctrinate America’s youth with all sorts of things that you don’t want to have our youth hearing.""",0.0,0.0
584,"Critics of the Department of Education also have pointed to the ""Nation’s Report Card,"" the 2024 National Assessment of Educational Progress (NAEP) released every two years, published Jan. 27. The exam tests fourth and eighth-grade students, and found almost stagnant math scores for eighth-graders in comparison to 2022, and reading scores dropped 2 points at both grade levels.",0.125,0.125
585,"""In report card language, what was a D- is now an F,"" former Secretary of Education Betsy DeVos wrote in a Feb. 5 op-ed for Fox News Digital.",0.0,0.0
586,"Former Secretary of Education Betsy Devos said the U.S. needs a ""complete reset"" when it comes to education that prioritizes students in an op-ed for Fox News Digital.  (Jim Watson)",0.03333333333333333,0.13333333333333333
587,"As a result, the U.S. needs a ""complete reset"" that prioritizes students, she said. That starts with shuttering the Department of Education, an agency that has focused more on diversity, equity and inclusion mandates than the foundations of education, she said.",0.3,0.45
588,"Meanwhile, Democrats pressed the Department of Education for more information about its future in February amid concerns that the Trump administration would shutter the agency.",0.25,0.3125
589,"""We will not stand by and allow this to happen to the nation’s students, parents, borrowers, educators, and communities,"" the lawmakers wrote in a letter to Acting Secretary of Education Denise Carter on Feb. 5. ""Congress created the Department to ensure all students in America have equal access to a high-quality education and that their civil rights are protected no matter their zip code.""",0.0,0.125
590,The Associated Press and Fox News’ Kayla Bailey contributed to this report. This is a breaking story; check back for updates.,0.0,0.0
591,Diana Stancy is a politics reporter with Fox News Digital covering the White House.,0.0,0.0
592,"Get the latest updates from the 2024 campaign trail, exclusive interviews and more Fox News politics content.",0.5,0.7
593,"By entering your email and clicking the Subscribe button, you agree to the Fox News Privacy Policy and Terms of Use, and        agree to receive content and promotional communications from Fox News. You understand that you can        opt-out at any time.",0.0,0.0
594,Subscribed,0.0,0.0
595,You've successfully subscribed to this newsletter!,0.9375,0.95
596,"This material may not be published, broadcast, rewritten, or redistributed. ©2025 FOX News Network, LLC. All rights reserved. Quotes displayed in real-time or delayed by at least 15 minutes. Market data provided by        Factset. Powered and implemented by        FactSet Digital Solutions.        Legal Statement. Mutual Fund and ETF data provided by        Refinitiv Lipper.",-0.033333333333333326,0.20000000000000004
597,"This material may not be published, broadcast, rewritten, or redistributed. ©2025 FOX News Network, LLC. All rights reserved. Quotes displayed in real-time or delayed by at least 15 minutes. Market data provided by Factset. Powered and implemented by FactSet Digital Solutions. Legal Statement. Mutual Fund and ETF data provided by Refinitiv Lipper.",-0.033333333333333326,0.20000000000000004
598,Oklahoma Superintendent of Public Instruction Ryan Walters and Moms for Liberty co-founder Tiffany Justice sound off on President Donald Trump dismantling the federal Department of Education.,0.2,0.23333333333333334
599,"The head of Oklahoma’s public school system is backing President Donald Trump’s executive order to dismantle the federal Department of Education, saying that Trump will ""go down in history as the president that saved education.""",-0.07777777777777779,0.17777777777777778
600,"Earlier this month, the Trump administration announced a dramatic ""reduction in force"" of the federal Department of Education and detailed plans to reduce the size of the agency by over 50% from around 4,133 to around 2,183 employees.",-0.01111111111111109,0.6166666666666667
601,"Trump has previously said he wants to ""close up the Department of Education"" entirely and ""move education back to the states.""",0.008333333333333338,0.22291666666666665
602,"As Democrats and media outlets sound the alarm that Trump’s changes mean doom for education in America, Oklahoma Superintendent of Public Instruction Ryan Walters is saying that Trump’s move is exactly what students, parents and the entire country need right now.",0.10386904761904762,0.4274801587301587
603,"""This is a historic moment,"" he said. ""I think President Trump is going to go down in history as the president that saved education and the future of the country.""",-0.051851851851851864,0.13796296296296298
604,RANDI WEINGARTEN 'SPITTING MAD' ABOUT 'EVISCERATION' OF EDUCATION DEPARTMENT,-0.625,1.0
605,"Oklahoma Superintendent of Public Instruction Ryan Walters is saying that President Donald Trump’s move is exactly what students, parents and the entire country need right now. (AP Photo | Sue Ogrocki/iStock | Evan Vucci/AP)",0.13392857142857142,0.3693452380952381
606,"Walters said that rather than helping to implement effective education systems, the Department of Education had long been co-opted by radical teachers’ unions like the American Federation of Teachers, which he said has been pushing diversity, equity and inclusion (DEI) and other leftist ideologies in states, including Oklahoma.",0.07499999999999998,0.43500000000000005
607,"""The disruption of education was the federalization of education and the unionization of education. That's what got us away from the concept of schools that valued the community, value the family, value the individual,"" he said. ""You have thousands of bureaucrats that are up there that are pushing a left-wing agenda, the most radical agenda the country has ever seen. They're teaching kids to hate the country. They're teaching kids to hate their faith.""",-0.275,0.675
608,"""You can talk to teachers about the types of trainings the feds were requiring them to go to,"" he continued. ""These were not helping them drive student achievement in their classroom. It was to push a left-wing agenda on kids.""",0.0,0.0
609,DEMOCRAT-LED STATES SUE THE TRUMP ADMINISTRATION OVER EDUCATION DEPARTMENT PURGE,0.0,0.0
610,"The Trump administration announced a dramatic ""reduction in force"" of the federal Department of Education and detailed plans to reduce the size of the agency by over 50%. (Kevin Lamarque/Reuters)",-0.016666666666666635,0.675
611,"After taking office in January 2023, Walters said he had to immediately deal with the Biden Department of Education using federal funding as leverage to push concepts like DEI and gender ideology in classrooms.",0.0,0.0
612,"""I was very sharp in my responses of why are we talking about transgenderism in an Algebra One class? Like there's no connection between the two, but it shows you how far they were willing to go with their woke ideology, with the strategy to undermine American society, undermine the family unit,"" he said.",0.046875,0.68125
613,"The result, Walters said, has shown in students’ test scores.",0.0,0.0
614,"""All the test scores have shown that they've all gotten worse since this disruption occurred,"" he explained. ""Nearly every society factor has gotten worse. You look at teenage suicide. You look at teenage drug use. You look at the disintegration of the family unit. All of these things coincided in part with the creation of the federal Department of Education and the rise of the teachers’ unions.""",-0.14,0.32
615,"TEXAS PRIVATE SCHOOL INTEGRATES AI, REPORTS STUDENTS LEARNING 'FASTER'",0.0,0.375
616,"Walters said that ""all the test scores have shown that they've all gotten worse since this disruption occurred."" (iStock | Getty Images)",-0.4,0.6
617,"Walters anticipates that cutting the Education Department will free up huge sums of funds that, instead of paying bureaucrats' salaries, will instead go straight to students’ education and teachers.",0.10000000000000003,0.75
618,"He pointed to cuts he made to the Oklahoma Education Department in which he reduced the state’s bureaucracy by 150 employees, which he claimed saved millions, creating opportunities for tutoring programs and offering more competitive salaries to hire top-talent teachers.",0.5,0.5
619,"""You're going to see that, times a thousand with the federal Department of Education,"" he said.",0.0,0.0
620,"Meanwhile, Tiffany Justice, co-founder of the parents’ rights group Moms for Liberty, assured parents that ""your children's education will not be affected by any of these things.""",0.0,0.0
621,ILLINOIS MOM SPEAKS OUT OVER SCHOOL'S TRANSGENDER LOCKER ROOM POLICY,0.0,0.0
622,"Tiffany Justice, co-founder of the parents’ rights group Moms for Liberty, assured parents that ""your children's education will not be affected by any of these things."" (Fox News Digital )",0.0,0.0
623,"""Don't believe the union talking point, fearmongering lies,"" Justice said in an interview with Fox News Digital. ""Abolishing the Department of Education or dismantling it, cutting back on half the staff, only means more power to the parents, which is why the unions are concerned.""",-0.04444444444444443,0.42777777777777776
624,CLICK HERE TO GET THE FOX NEWS APP,0.0,0.0
625,"""Since the creation of the Department of Education, student achievement has only declined,"" she said. ""We've got a real crisis on our hands. I think the fact that the majority of American children are not learning to read is one of the biggest national security threats that we face as a nation.""",0.06666666666666667,0.43333333333333335
626,"""If you're watching mainstream media or the fake news, as President Trump likes to say, you're hearing those union fearmongering talking points. They're saying, ‘Oh, this is going to hurt teachers. This is going to hurt services.’ Nothing could be further from the truth,"" she went on. ""Every state has a department of education, and I think every state and every state leader should really be looking at this as an opportunity to be able to show what their vision is for education, and then to execute on that vision and really make sure that kids in their states are learning,"" said Justice.",0.15,0.5689814814814815
627,Nearly two dozen Democrat attorneys general are currently suing the Trump administration to stop the cuts to the Department of Education.,0.05000000000000001,0.43333333333333335
628,"Speaking with Fox News, Becky Pringle, president of the National Education Association, said it is ""outrageous"" that the Trump administration is ""set on gutting the Department of Education."" She claimed that this move amounts to ""neglecting our students, and our parents, our communities and… the future of this country.""",-0.5,0.5625
629,Peter Pinedo is a politics writer for Fox News Digital.,0.0,0.0
630,"Get the latest updates from the 2024 campaign trail, exclusive interviews and more Fox News politics content.",0.5,0.7
631,"By entering your email and clicking the Subscribe button, you agree to the Fox News Privacy Policy and Terms of Use, and        agree to receive content and promotional communications from Fox News. You understand that you can        opt-out at any time.",0.0,0.0
632,Subscribed,0.0,0.0
633,You've successfully subscribed to this newsletter!,0.9375,0.95
634,"This material may not be published, broadcast, rewritten, or redistributed. ©2025 FOX News Network, LLC. All rights reserved. Quotes displayed in real-time or delayed by at least 15 minutes. Market data provided by        Factset. Powered and implemented by        FactSet Digital Solutions.        Legal Statement. Mutual Fund and ETF data provided by        Refinitiv Lipper.",-0.033333333333333326,0.20000000000000004
635,"This material may not be published, broadcast, rewritten, or redistributed. ©2025 FOX News Network, LLC. All rights reserved. Quotes displayed in real-time or delayed by at least 15 minutes. Market data provided by Factset. Powered and implemented by FactSet Digital Solutions. Legal Statement. Mutual Fund and ETF data provided by Refinitiv Lipper.",-0.033333333333333326,0.20000000000000004
636,"WARNING – GRAPHIC CONTENT: Fox News correspondent Madison Scarpino provides the latest updates on the case, and former federal prosecutor Neama Rahmani offers analysis on 'Fox Report.'",0.15,0.325
637,Idaho prosecutors have revealed a selfie photo of Bryan Kohberger giving the camera a thumbs up just hours after they allege he went into a house and stabbed four college students to death in a home invasion massacre that rocked the country.,0.0,0.0
638,"""The State intends to introduce a photograph of Bryan Kohberger taken from his phone on November 13, 2022, only hours after the homicides at 10:31 a.m.,"" Latah County Deputy Prosecutor Ashley Jennings wrote in a court filing revealed Wednesday evening. ""Whether or not Bryan Kohberger can be described as having ‘bushy eyebrows’ is a factual determination to be decided by the jury.""",0.0,1.0
639,The photo shows Kohberger wearing earphones and giving a thumbs up in front of a shower. It would have been taken roughly an hour after police allege he returned to the crime scene following the quadruple stabbing inside.,-0.2333333333333333,0.43333333333333335
640,"BRYAN KOHBERGER ASKS JUDGE TO BLOCK ‘BUSHY’ BROWS EVIDENCE, SUGGESTS WITNESS' ARTWORK SKEWS MEMORY",0.0,0.0
641,"Prosecutors allege Bryan Kohberger took this selfie photo at 10:31 a.m. on November 13, 2022 – about 6 hours after the murders of four University of Idaho students he is accused of committing. (Ada County Court)",0.0,0.0
642,"Kohberger's defense team asked Judge Steven Hippler to block a surviving roommate from testifying about the intruder she saw having ""bushy eyebrows"" on the night three of her housemates and another friend were killed in a 4 a.m. massacre. In the motion, attorney Elisa Massoth denied that Kohberger has bushy eyebrows to begin with.",-0.2,0.0
643,"The surviving roommate, identified only as ""DM"" in court documents, is the only known witness to have encountered the intruder and lived to tell her tale after she froze in shock when he came within just three feet of her. He walked away, toward a back sliding door, and is believed to have left the house, according to court filings.",0.0,0.5
644,GET REAL-TIME UPDATES DIRECTLY ON THE TRUE CRIME HUB,0.22499999999999998,0.525
645,A photo of Brian Kohberger's driver's license provided by prosecutors to support eyewitness testimony that described him as around 6 feet tall. (Ada County Court),0.0,0.0
646,Recently unsealed text messages show she tried in vain to reach her murdered friends minutes after the intruder left.,0.0,0.125
647,SIGN UP TO GET TRUE CRIME NEWSLETTER,0.35,0.65
648,"Massoth's filing revealed that DM had a wall of photos and artwork, some of which she drew herself, depicting detailed faces and prominent eyebrows.",0.45,0.875
649,"Jennings countered in the prosecution's latest filing that ""[t]his only proves that D.M. would have a degree of attention to this facial characteristic thus reinforcing her reliability.""",0.14666666666666667,0.47333333333333333
650,"Madison Mogen, top left, smiles on the shoulders of her best friend, Kaylee Goncalves, as they pose with Ethan Chapin, Xana Kernodle, and two other housemates in Goncalves' final Instagram post, shared the day before the four students were stabbed to death. (@kayleegoncalves/Instagram)",0.275,0.43499999999999994
651,FOLLOW THE FOX TRUE CRIME TEAM ON X,0.35,0.65
652,Prosecutors also included a photo of Kohberger's driver's license to support DM's police interviews that described him as around 6 feet tall.,0.0,0.0
653,"She repeatedly said he was a masked intruder with dark clothes, wearing a ski-mask style face covering, but she said she couldn't call it an actual ski mask or balaclava.",-0.075,0.25
654,BRYAN KOHBERGER DOESN'T WANT AMAZON SHOPPING LIST REVEALED AT TRIAL,0.0,0.0
655,"Four students died that morning – Madison Mogen, 21, Kaylee Goncalves, 21, Xana Kernodle, 20, and Ethan Chapin, 20.",0.0,0.0
656,"DM told police she heard a ""man’s voice, and it wasn’t Ethan’s. It was, like ‘It’s okay, I’m gonna help you’.""",0.5,0.5
657,Police arrested Kohberger Dec. 30 of that year at his parents' house in Pennsylvania after they linked him to DNA allegedly recovered from a Ka-Bar knife sheath found under Mogen's body.,-0.1,0.1
658,CLICK HERE TO GET THE FOX NEWS APP,0.0,0.0
659,His Amazon shopping records allegedly show he bought a Ka-Bar with a sheath and sharpening in March 2022.,-0.1,0.1
660,He faces a first-degree murder charge for each victim and a single felony burglary charge. A judge entered not guilty pleas on his behalf to all charges. He could face the death penalty if convicted.,0.03452380952380952,0.42142857142857143
661,The trial begins on Aug. 11.,0.0,0.0
662,"The hottest stories ripped from the headlines, from crime to courts, legal and scandal.",0.2,0.2
663,"By entering your email and clicking the Subscribe button, you agree to the Fox News Privacy Policy and Terms of Use, and        agree to receive content and promotional communications from Fox News. You understand that you can        opt-out at any time.",0.0,0.0
664,Subscribed,0.0,0.0
665,You've successfully subscribed to this newsletter!,0.9375,0.95
666,"This material may not be published, broadcast, rewritten, or redistributed. ©2025 FOX News Network, LLC. All rights reserved. Quotes displayed in real-time or delayed by at least 15 minutes. Market data provided by        Factset. Powered and implemented by        FactSet Digital Solutions.        Legal Statement. Mutual Fund and ETF data provided by        Refinitiv Lipper.",-0.033333333333333326,0.20000000000000004
667,"This material may not be published, broadcast, rewritten, or redistributed. ©2025 FOX News Network, LLC. All rights reserved. Quotes displayed in real-time or delayed by at least 15 minutes. Market data provided by Factset. Powered and implemented by FactSet Digital Solutions. Legal Statement. Mutual Fund and ETF data provided by Refinitiv Lipper.",-0.033333333333333326,0.20000000000000004
668,"WARNING – GRAPHIC CONTENT: Fox News correspondent Madison Scarpino provides the latest updates on the case, and former federal prosecutor Neama Rahmani offers analysis on 'Fox Report.'",0.15,0.325
669,Idaho prosecutors have revealed a selfie photo of Bryan Kohberger giving the camera a thumbs up just hours after they allege he went into a house and stabbed four college students to death in a home invasion massacre that rocked the country.,0.0,0.0
670,"""The State intends to introduce a photograph of Bryan Kohberger taken from his phone on November 13, 2022, only hours after the homicides at 10:31 a.m.,"" Latah County Deputy Prosecutor Ashley Jennings wrote in a court filing revealed Wednesday evening. ""Whether or not Bryan Kohberger can be described as having ‘bushy eyebrows’ is a factual determination to be decided by the jury.""",0.0,1.0
671,The photo shows Kohberger wearing earphones and giving a thumbs up in front of a shower. It would have been taken roughly an hour after police allege he returned to the crime scene following the quadruple stabbing inside.,-0.2333333333333333,0.43333333333333335
672,"BRYAN KOHBERGER ASKS JUDGE TO BLOCK ‘BUSHY’ BROWS EVIDENCE, SUGGESTS WITNESS' ARTWORK SKEWS MEMORY",0.0,0.0
673,"Prosecutors allege Bryan Kohberger took this selfie photo at 10:31 a.m. on November 13, 2022 – about 6 hours after the murders of four University of Idaho students he is accused of committing. (Ada County Court)",0.0,0.0
674,"Kohberger's defense team asked Judge Steven Hippler to block a surviving roommate from testifying about the intruder she saw having ""bushy eyebrows"" on the night three of her housemates and another friend were killed in a 4 a.m. massacre. In the motion, attorney Elisa Massoth denied that Kohberger has bushy eyebrows to begin with.",-0.2,0.0
675,"The surviving roommate, identified only as ""DM"" in court documents, is the only known witness to have encountered the intruder and lived to tell her tale after she froze in shock when he came within just three feet of her. He walked away, toward a back sliding door, and is believed to have left the house, according to court filings.",0.0,0.5
676,GET REAL-TIME UPDATES DIRECTLY ON THE TRUE CRIME HUB,0.22499999999999998,0.525
677,A photo of Brian Kohberger's driver's license provided by prosecutors to support eyewitness testimony that described him as around 6 feet tall. (Ada County Court),0.0,0.0
678,Recently unsealed text messages show she tried in vain to reach her murdered friends minutes after the intruder left.,0.0,0.125
679,SIGN UP TO GET TRUE CRIME NEWSLETTER,0.35,0.65
680,"Massoth's filing revealed that DM had a wall of photos and artwork, some of which she drew herself, depicting detailed faces and prominent eyebrows.",0.45,0.875
681,"Jennings countered in the prosecution's latest filing that ""[t]his only proves that D.M. would have a degree of attention to this facial characteristic thus reinforcing her reliability.""",0.14666666666666667,0.47333333333333333
682,"Madison Mogen, top left, smiles on the shoulders of her best friend, Kaylee Goncalves, as they pose with Ethan Chapin, Xana Kernodle, and two other housemates in Goncalves' final Instagram post, shared the day before the four students were stabbed to death. (@kayleegoncalves/Instagram)",0.275,0.43499999999999994
683,FOLLOW THE FOX TRUE CRIME TEAM ON X,0.35,0.65
684,Prosecutors also included a photo of Kohberger's driver's license to support DM's police interviews that described him as around 6 feet tall.,0.0,0.0
685,"She repeatedly said he was a masked intruder with dark clothes, wearing a ski-mask style face covering, but she said she couldn't call it an actual ski mask or balaclava.",-0.075,0.25
686,BRYAN KOHBERGER DOESN'T WANT AMAZON SHOPPING LIST REVEALED AT TRIAL,0.0,0.0
687,"Four students died that morning – Madison Mogen, 21, Kaylee Goncalves, 21, Xana Kernodle, 20, and Ethan Chapin, 20.",0.0,0.0
688,"DM told police she heard a ""man’s voice, and it wasn’t Ethan’s. It was, like ‘It’s okay, I’m gonna help you’.""",0.5,0.5
689,Police arrested Kohberger Dec. 30 of that year at his parents' house in Pennsylvania after they linked him to DNA allegedly recovered from a Ka-Bar knife sheath found under Mogen's body.,-0.1,0.1
690,CLICK HERE TO GET THE FOX NEWS APP,0.0,0.0
691,His Amazon shopping records allegedly show he bought a Ka-Bar with a sheath and sharpening in March 2022.,-0.1,0.1
692,He faces a first-degree murder charge for each victim and a single felony burglary charge. A judge entered not guilty pleas on his behalf to all charges. He could face the death penalty if convicted.,0.03452380952380952,0.42142857142857143
693,The trial begins on Aug. 11.,0.0,0.0
694,"The hottest stories ripped from the headlines, from crime to courts, legal and scandal.",0.2,0.2
695,"By entering your email and clicking the Subscribe button, you agree to the Fox News Privacy Policy and Terms of Use, and        agree to receive content and promotional communications from Fox News. You understand that you can        opt-out at any time.",0.0,0.0
696,Subscribed,0.0,0.0
697,You've successfully subscribed to this newsletter!,0.9375,0.95
698,"This material may not be published, broadcast, rewritten, or redistributed. ©2025 FOX News Network, LLC. All rights reserved. Quotes displayed in real-time or delayed by at least 15 minutes. Market data provided by        Factset. Powered and implemented by        FactSet Digital Solutions.        Legal Statement. Mutual Fund and ETF data provided by        Refinitiv Lipper.",-0.033333333333333326,0.20000000000000004
699,Log in to comment on videos and join in on the fun.,0.3,0.2
700,Watch the live stream of Fox News and full episodes.,0.24318181818181817,0.525
701,Reduce eye strain and focus on the content that matters.,0.0,0.0
702,President Donald Trump says he could never 'sleep' as good as former President Biden on 'The Ingraham Angle.',0.35,0.30000000000000004
703,"©2025 FOX News Network, LLC. All rights reserved. This material may not be published, broadcast, rewritten, or redistributed. All market data delayed 20 minutes.",0.0,0.0
704,Log in to comment on videos and join in on the fun.,0.3,0.2
705,Watch the live stream of Fox News and full episodes.,0.24318181818181817,0.525
706,Reduce eye strain and focus on the content that matters.,0.0,0.0
707,President Donald Trump says he could never 'sleep' as good as former President Biden on 'The Ingraham Angle.',0.35,0.30000000000000004
708,"©2025 FOX News Network, LLC. All rights reserved. This material may not be published, broadcast, rewritten, or redistributed. All market data delayed 20 minutes.",0.0,0.0
709,Log in to comment on videos and join in on the fun.,0.3,0.2
710,Watch the live stream of Fox News and full episodes.,0.24318181818181817,0.525
711,Reduce eye strain and focus on the content that matters.,0.0,0.0
712,"President Donald Trump takes 'The Ingraham Angle' on a tour of the White House, including his new display of the Declaration of Independence.",0.06818181818181818,0.22727272727272727
713,"©2025 FOX News Network, LLC. All rights reserved. This material may not be published, broadcast, rewritten, or redistributed. All market data delayed 20 minutes.",0.0,0.0
714,"This material may not be published, broadcast, rewritten, or redistributed. ©2025 FOX News Network, LLC. All rights reserved. Quotes displayed in real-time or delayed by at least 15 minutes. Market data provided by Factset. Powered and implemented by FactSet Digital Solutions. Legal Statement. Mutual Fund and ETF data provided by Refinitiv Lipper.",-0.033333333333333326,0.20000000000000004
715,President Donald Trump says holders of a potential Trump Card will be properly vetted before entering the United States on 'The Ingraham Angle.',0.0,0.55
716,"President Donald Trump said his administration would properly vet anyone who buys one of his proposed $5 million ""gold card"" visas as he looks to replace the EB-5 immigrant investor visa program, noting there is still potential for a refund and deportation after the fact should problems arise.",0.0,0.55
717,Trump floated the idea late in February at the Oval Office as a way for immigrants to obtain green card privileges. It’s now being pitched as a route to U.S. citizenship and as a way to pay down the national debt.,-0.21851851851851853,0.3962962962962963
718,"Fox News host Laura Ingraham asked the president in an interview on ""The Ingraham Angle"" that aired Wednesday why American citizenship should be available for purchase at any price.",0.16666666666666666,0.3666666666666667
719,"President Donald J Trump signed executive order on deregulation and speaks with Interior Secretary Doug Burgum and his wife Kathryn in the Oval Office at the White House on Friday, Jan 31, 2025 in Washington, DC.  (Jabin Botsford/The Washington Post via Getty Images)",0.0,0.0
720,"""Because I'm America First,"" he responded. ""Because at $5 million, you're getting a lot of things.""",0.25,0.3333333333333333
721,THE NATIONAL DEBT IS ABOUT TO HIT A TERRIFYING NUMBER NO MATTER WHAT WE DO,-1.0,1.0
722,Trump suggested the United States could sell 1 million of the gold cards to wealthy immigrants at a price of $5 million each.,0.5,1.0
723,"The $5 trillion revenue, he said, would go entirely toward paying down the roughly $36 trillion in national debt.",-0.0851851851851852,0.43796296296296305
724,"Ingraham pressed Trump on whether such an incentive would allow ""unsavory"" people to come into the country.",0.0,0.5
725,The 47th president said he was worried about who could enter under the new gold card program but vowed to have strict vetting procedures.,0.13636363636363635,0.45454545454545453
726,"TRUMP'S ‘GOLD CARD’ VISA COULD INVITE FRAUD, NATIONAL SECURITY RISKS: EXPERT",0.0,0.0
727,"""If somebody is wrong — we actually are very nice because it makes it a lot easier legally — we give them their money back, and we send them out,"" he said.",0.096,0.44000000000000006
728,"The EB-5 immigrant investor program was created by Congress in 1990 to ""stimulate the U.S. economy through job creation and capital investment by foreign investors,"" according to a description on the U.S. Citizenship and Immigration Services’ website.",-0.125,0.125
729,"It’s unclear what legal challenges the Trump administration could face if it seeks to end the program outright, given it was created by Congress.",0.2,0.2
730,CLICK HERE TO GET THE FOX NEWS APP,0.0,0.0
731,"Commerce Secretary Howard Lutnick told reporters the existing EB-5 program is ""full of nonsense, make-believe and fraud.""",0.35,0.55
732,Ashley Carnahan is a writer at Fox News Digital.,0.0,0.0
733,Get all the stories you need-to-know from the most powerful name in news delivered first thing every morning to your inbox.,0.35000000000000003,0.611111111111111
734,"By entering your email and clicking the Subscribe button, you agree to the Fox News Privacy Policy and Terms of Use, and        agree to receive content and promotional communications from Fox News. You understand that you can        opt-out at any time.",0.0,0.0
735,Subscribed,0.0,0.0
736,You've successfully subscribed to this newsletter!,0.9375,0.95
737,"This material may not be published, broadcast, rewritten, or redistributed. ©2025 FOX News Network, LLC. All rights reserved. Quotes displayed in real-time or delayed by at least 15 minutes. Market data provided by        Factset. Powered and implemented by        FactSet Digital Solutions.        Legal Statement. Mutual Fund and ETF data provided by        Refinitiv Lipper.",-0.033333333333333326,0.20000000000000004
