,word,frequency
0,updated,26
1,march,81
2,2025,126
3,00,6
4,est,22
5,ap,9
6,washington,17
7,president,68
8,trump,109
9,issued,9
10,called,36
11,last,64
12,warning,3
13,terrorist,10
14,group,22
15,hamas,34
16,wednesday,7
17,release,15
18,hostages,13
19,still,38
20,held,12
21,gaza,38
22,directing,2
23,sharply,3
24,worded,1
25,message,3
26,white,18
27,house,52
28,confirmed,12
29,recently,10
30,dispatched,3
31,envoy,3
32,unprecedented,1
33,direct,11
34,talks,14
35,mr,39
36,statement,28
37,truth,8
38,social,29
39,platform,2
40,soon,10
41,meeting,8
42,former,7
43,added,29
44,sending,5
45,israel,32
46,everything,11
47,needs,11
48,finish,2
49,job,23
50,later,46
51,immediately,11
52,return,20
53,dead,8
54,bodies,7
55,people,89
56,murdered,8
57,sick,5
58,twisted,2
59,keep,24
60,ended,14
61,post,9
62,addressed,1
63,directly,6
64,many,35
65,support,15
66,saying,24
67,beautiful,5
68,future,14
69,awaits,1
70,hold,10
71,make,47
72,smart,3
73,decision,22
74,hell,2
75,pay,15
76,thursday,14
77,threats,4
78,encourage,2
79,disregard,1
80,ceasefire,16
81,terms,13
82,complicate,1
83,matters,3
84,regarding,4
85,agreement,14
86,occupation,1
87,avoid,5
88,implementing,2
89,spokesman,2
90,hazem,1
91,qasim,1
92,israeli,10
93,prime,8
94,minister,8
95,benjamin,4
96,netanyahu,7
97,vowed,3
98,open,14
99,gates,1
100,pointed,6
101,language,2
102,came,19
103,u,92
104,officials,18
105,engaged,2
106,ongoing,10
107,discussions,1
108,stepping,1
109,away,24
110,long,36
111,policy,19
112,engaging,3
113,designated,5
114,groups,6
115,first,81
116,known,21
117,engagement,4
118,since,46
119,state,51
120,department,67
121,foreign,14
122,organization,7
123,1997,1
124,confirmation,1
125,qatari,3
126,capital,5
127,doha,1
128,hangs,1
129,balance,2
130,press,25
131,secretary,12
132,karoline,1
133,leavitt,3
134,declined,10
135,provide,10
136,details,8
137,substance,4
138,authorized,2
139,envoys,1
140,talk,7
141,anyone,5
142,look,20
143,dialogue,2
144,talking,12
145,around,22
146,world,32
147,best,16
148,interest,15
149,american,30
150,something,23
151,believes,8
152,good,25
153,faith,2
154,effort,6
155,right,47
156,consulted,1
157,noted,13
158,lives,5
159,stake,4
160,office,39
161,offered,8
162,terse,1
163,acknowledgement,2
164,expressed,2
165,united,17
166,states,53
167,position,6
168,egyptian,5
169,intermediaries,1
170,serving,4
171,mediators,2
172,say,45
173,24,14
174,living,7
175,including,49
176,edan,1
177,alexander,2
178,citizen,2
179,well,26
180,least,8
181,35,6
182,others,9
183,believed,9
184,adam,2
185,boehler,2
186,nominee,1
187,special,11
188,hostage,1
189,affairs,4
190,led,16
191,founder,1
192,ceo,6
193,rubicon,1
194,founders,1
195,health,50
196,care,19
197,investment,10
198,firm,4
199,lead,18
200,negotiator,1
201,abraham,1
202,accords,1
203,team,17
204,term,31
205,strove,1
206,win,6
207,broader,5
208,recognition,3
209,arab,8
210,took,26
211,place,16
212,month,33
213,focused,10
214,mainly,1
215,potential,10
216,end,19
217,war,23
218,without,16
219,power,28
220,according,53
221,official,5
222,comment,3
223,publicly,3
224,spoke,8
225,condition,4
226,anonymity,1
227,progress,7
228,made,29
229,step,5
230,promising,1
231,expected,20
232,helped,8
233,arrange,1
234,comes,12
235,continuation,1
236,remains,20
237,uncertain,4
238,signaled,2
239,intentions,3
240,pushing,3
241,combat,2
242,agree,3
243,new,87
244,proposal,11
245,israelis,1
246,billed,1
247,drafted,3
248,steve,2
249,witkoff,1
250,plan,21
251,would,121
252,require,4
253,half,18
254,remaining,3
255,main,7
256,bargaining,12
257,chip,3
258,exchange,2
259,extension,4
260,promise,2
261,negotiate,1
262,lasting,2
263,truce,2
264,mention,1
265,releasing,1
266,palestinian,14
267,prisoners,1
268,key,15
269,component,1
270,phase,16
271,expired,1
272,saturday,9
273,welcomed,2
274,iair,1
275,horn,1
276,omer,1
277,shem,1
278,tov,1
279,eli,1
280,sharabi,1
281,keith,25
282,siegel,2
283,aviva,1
284,naama,1
285,levy,3
286,doron,1
287,steinbrecher,1
288,noa,1
289,argamani,1
290,listened,1
291,intently,1
292,heartbreaking,1
293,stories,9
294,thanked,1
295,steadfast,1
296,efforts,11
297,bring,7
298,home,45
299,reported,16
300,news,128
301,site,14
302,axios,1
303,interactive,45
304,inc,46
305,rights,54
306,reserved,46
307,material,13
308,may,48
309,published,19
310,broadcast,13
311,rewritten,10
312,redistributed,10
313,associated,16
314,contributed,21
315,report,33
316,barry,1
317,petersen,1
318,10,63
319,23,3
320,edt,33
321,see,27
322,picasso,1
323,actor,7
324,york,24
325,metropolitan,1
326,museum,7
327,art,14
328,know,45
329,complicated,3
330,history,12
331,paul,5
332,leffmann,2
333,german,3
334,jewish,10
335,businessman,1
336,sold,13
337,1938,1
338,used,23
339,hang,1
340,great,10
341,granduncle,1
342,laura,1
343,zuckerman,2
344,needed,15
345,money,20
346,escape,3
347,nazis,2
348,get,74
349,asked,24
350,survive,1
351,family,40
352,represents,6
353,heirs,4
354,fought,2
355,painting,1
356,worth,4
357,much,27
358,100,15
359,million,28
360,claiming,5
361,duress,4
362,meaning,3
363,nazi,7
364,persecution,2
365,never,31
366,yet,13
367,courts,7
368,disagreed,1
369,cases,17
370,tide,1
371,turning,5
372,amsterdam,1
373,returned,14
374,odalisque,1
375,henri,1
376,matisse,1
377,albert,1
378,marie,3
379,stern,1
380,sterns,1
381,tried,8
382,died,16
383,concentration,1
384,camps,1
385,historic,2
386,shift,6
387,french,11
388,parliament,2
389,unanimously,3
390,approved,5
391,law,34
392,fast,2
393,tracking,2
394,families,14
395,claim,5
396,rightfully,1
397,david,15
398,zivie,2
399,france,4
400,culture,1
401,ministry,6
402,heads,5
403,mission,14
404,research,18
405,era,7
406,looted,1
407,property,5
408,motive,1
409,work,32
410,recognize,4
411,happened,16
412,help,39
413,works,12
414,rightful,3
415,owner,8
416,hands,7
417,witnesses,6
418,like,105
419,persecutions,1
420,university,26
421,denver,9
422,professor,7
423,elizabeth,2
424,campbell,2
425,think,44
426,finally,6
427,political,7
428,part,33
429,belated,1
430,justice,12
431,wrote,27
432,complicity,1
433,european,4
434,governments,3
435,keeping,6
436,stole,1
437,book,8
438,worthy,2
439,plunder,1
440,postwar,1
441,western,8
442,europe,3
443,could,67
444,even,28
445,change,26
446,guidelines,2
447,agreed,6
448,countries,4
449,persecuted,1
450,person,28
451,assumed,2
452,done,14
453,giving,4
454,blanket,1
455,coercion,1
456,sale,4
457,really,28
458,dramatic,3
459,germans,1
460,retreated,1
461,allied,1
462,experts,13
463,found,54
464,stacks,1
465,stolen,2
466,paintings,5
467,everywhere,5
468,caves,1
469,castles,1
470,60,11
471,000,35
472,pieces,2
473,limbo,1
474,government,43
475,clear,8
476,ines,1
477,rotermund,1
478,reynard,1
479,newly,1
480,hired,9
481,provenance,1
482,researcher,3
483,musee,1
484,orsay,1
485,paris,6
486,find,31
487,piece,5
488,past,15
489,huge,9
490,wish,2
491,clarify,1
492,situation,7
493,somehow,2
494,take,27
495,detective,6
496,cold,5
497,80,5
498,years,68
499,ago,12
500,solve,2
501,story,12
502,important,10
503,case,36
504,armand,1
505,dorville,4
506,pitted,1
507,among,14
508,francine,1
509,kahn,2
510,discovering,3
511,pictures,1
512,way,27
513,another,32
514,heir,1
515,raphaël,1
516,falk,3
517,feel,15
518,anger,2
519,difficulties,1
520,retrieve,1
521,natural,8
522,causes,3
523,1941,2
524,collection,2
525,auction,2
526,due,17
527,anti,4
528,semitic,1
529,laws,12
530,authorities,20
531,confiscated,1
532,proceeds,1
533,members,7
534,auschwitz,1
535,eighty,1
536,north,20
537,carolina,9
538,impressionist,1
539,camille,1
540,pissarro,1
541,refusing,1
542,give,11
543,back,47
544,dozen,6
545,public,22
546,museums,1
547,must,11
548,hard,13
549,understand,4
550,lawyer,1
551,corinne,1
552,herschkovitch,2
553,spent,12
554,30,17
555,recovering,1
556,charge,6
557,cultural,2
558,heritage,3
559,concerned,5
560,alive,12
561,preserve,2
562,jews,1
563,directors,1
564,ashamed,1
565,got,30
566,embarrassed,1
567,sure,23
568,believe,26
569,fighting,2
570,bad,8
571,corrected,1
572,erased,3
573,replied,5
574,mind,3
575,repair,2
576,damage,5
577,memory,2
578,totally,3
579,forgotten,1
580,shoulders,1
581,awake,1
582,tell,18
583,info,3
584,produced,7
585,mikaela,1
586,bufano,1
587,editor,14
588,brian,3
589,robbins,7
590,tracy,4
591,j,7
592,wholf,2
593,04,1
594,pm,26
595,national,28
596,oceanic,1
597,atmospheric,1
598,administration,54
599,noaa,10
600,preparing,2
601,lose,3
602,additional,9
603,029,1
604,employees,14
605,sources,4
606,management,9
607,budget,4
608,personnel,5
609,mandate,3
610,agencies,9
611,submit,1
612,reduction,3
613,force,22
614,plans,9
615,13,6
616,presenting,1
617,commerce,5
618,tuesday,9
619,evening,5
620,proposed,3
621,cuts,24
622,chance,3
623,review,7
624,either,5
625,accept,2
626,suggestions,1
627,ask,4
628,agency,56
629,changes,11
630,increase,20
631,decrease,2
632,next,35
633,round,3
634,terminations,2
635,alongside,4
636,loss,8
637,staff,18
638,elimination,2
639,programs,30
640,currently,11
641,operate,6
642,purview,1
643,impacted,2
644,several,24
645,scientific,3
646,within,7
647,federal,61
648,responsible,7
649,weather,7
650,forecasts,6
651,coastal,1
652,restoration,1
653,managing,11
654,fisheries,1
655,supporting,3
656,marine,1
657,supports,5
658,affects,3
659,third,8
660,america,12
661,gross,1
662,domestic,9
663,product,3
664,previously,18
665,fired,25
666,880,1
667,feb,20
668,27,8
669,majority,4
670,probationary,5
671,fewer,2
672,positions,3
673,addition,3
674,accepted,3
675,fork,1
676,road,6
677,buyouts,2
678,february,19
679,potentially,3
680,combined,2
681,20,31
682,january,23
683,workforce,8
684,exceeded,1
685,12,22
686,worldwide,1
687,50,4
688,scientists,2
689,engineers,1
690,service,14
691,issuing,2
692,severe,2
693,warnings,1
694,providing,4
695,related,8
696,services,13
697,vital,4
698,protecting,5
699,safety,9
700,already,12
701,lost,10
702,hundreds,6
703,scheduled,10
704,retirements,2
705,workers,23
706,errors,4
707,firings,8
708,select,1
709,regional,2
710,offices,7
711,unclear,7
712,reinstated,3
713,seiji,1
714,yamashita,1
715,rob,1
716,marciano,1
717,senior,10
718,coordinating,2
719,producer,13
720,climate,7
721,environmental,2
722,coverage,1
723,stations,1
724,based,35
725,stephanie,1
726,wolf,1
727,kff,6
728,erica,1
729,green,9
730,learned,3
731,facebook,4
732,brother,4
733,shot,10
734,rushed,3
735,check,4
736,hospital,20
737,run,10
738,city,18
739,net,3
740,system,10
741,unable,6
742,information,17
743,emergency,10
744,room,8
745,complained,1
746,creating,5
747,disturbance,1
748,distraught,1
749,outside,15
750,crying,8
751,jerry,3
752,front,4
753,doors,1
754,morgan,17
755,familiar,4
756,face,18
757,neighborhood,6
758,pager,1
759,alerted,1
760,shooting,5
761,violence,32
762,prevention,7
763,professional,9
764,risk,15
765,intervention,13
766,mentoring,1
767,program,21
768,aim,16
769,gun,19
770,patients,9
771,day,62
772,traumatic,2
773,experience,8
774,better,15
775,want,30
776,today,17
777,manager,4
778,linked,10
779,launched,13
780,2010,4
781,partnership,2
782,nonprofit,3
783,youth,5
784,expanded,1
785,include,5
786,children,12
787,colorado,15
788,dozens,2
789,country,21
790,uncover,1
791,economic,13
792,factors,5
793,someone,9
794,ending,3
795,er,2
796,bullet,5
797,wound,3
798,inadequate,1
799,housing,7
800,feeling,10
801,unsafe,3
802,example,5
803,approach,4
804,stopping,3
805,success,1
806,san,9
807,francisco,2
808,fourfold,1
809,violent,4
810,injury,8
811,recidivism,1
812,rates,36
813,executive,23
814,orders,5
815,calling,4
816,biden,9
817,policies,8
818,trillions,1
819,dollars,7
820,grants,6
821,loans,15
822,created,14
823,uncertainty,10
824,funding,22
825,organizers,1
826,fine,1
827,looking,4
828,shore,1
829,alternative,5
830,worried,2
831,domino,1
832,fall,8
833,going,57
834,impact,9
835,us,39
836,lot,21
837,unknowns,1
838,john,95
839,torres,1
840,associate,6
841,director,19
842,oakland,2
843,california,13
844,data,23
845,shows,7
846,became,14
847,leading,3
848,cause,11
849,death,26
850,young,11
851,adults,3
852,start,17
853,decade,4
854,tied,5
855,48,15
856,deaths,3
857,ages,2
858,2022,15
859,pediatric,1
860,trauma,4
861,surgeon,4
862,chethan,1
863,sathya,2
864,institutes,1
865,funded,9
866,firearms,2
867,statistics,4
868,show,19
869,ignored,1
870,issue,7
871,killing,8
872,puts,2
873,heightened,2
874,ones,3
875,goes,3
876,significantly,1
877,2006,2
878,study,16
879,journal,7
880,infection,4
881,critical,5
882,li,3
883,medicine,10
884,physician,2
885,medical,14
886,ideal,2
887,setting,8
888,intervene,2
889,working,13
890,reverse,1
891,engineer,4
892,patient,2
893,injuries,5
894,seeing,10
895,patching,1
896,exact,6
897,circumstances,3
898,hurt,2
899,address,11
900,determinants,1
901,try,6
902,equation,1
903,might,29
904,mean,12
905,solutions,3
906,gunshot,2
907,victims,7
908,otherwise,2
909,seek,11
910,retaliation,3
911,davis,2
912,helping,7
913,relocate,1
914,area,12
915,allowing,4
916,gain,3
917,shifting,2
918,energy,23
919,education,35
920,therapy,15
921,whatever,5
922,particular,4
923,individual,7
924,outreach,4
925,meet,6
926,bedsides,1
927,worker,2
928,calls,13
929,tough,4
930,nonjudgmental,1
931,conversation,9
932,uses,4
933,access,11
934,resources,4
935,need,26
936,navigate,2
937,biggest,3
938,challenges,4
939,discharged,1
940,returning,4
941,school,31
942,finding,9
943,attend,3
944,court,71
945,proceedings,2
946,assist,1
947,transportation,5
948,appointments,1
949,capacity,4
950,interdependent,1
951,client,2
952,grown,2
953,full,19
954,time,105
955,year,81
956,opened,6
957,reach,9
958,clinic,4
959,points,9
960,community,15
961,provides,4
962,kits,1
963,physical,11
964,behavioral,1
965,mental,6
966,occupational,1
967,coming,14
968,months,39
969,add,3
970,removal,1
971,growing,7
972,movement,2
973,clinics,1
974,st,5
975,louis,3
976,ginny,1
977,mccarthy,1
978,assistant,3
979,surgery,7
980,described,4
981,holistic,1
982,treatment,6
983,single,11
984,location,4
985,building,9
986,trust,3
987,providers,1
988,communities,4
989,color,2
990,historically,3
991,experienced,5
992,racial,1
993,biases,1
994,caught,5
995,crossfire,1
996,1994,4
997,cited,1
998,nation,12
999,inspired,3
1000,alliance,4
1001,network,5
1002,initiated,1
1003,advance,3
1004,counted,1
1005,74,1
1006,membership,1
1007,fatimah,1
1008,loren,1
1009,dreier,3
1010,compared,5
1011,role,19
1012,addressing,2
1013,preventing,2
1014,infectious,1
1015,disease,11
1016,cholera,1
1017,spreads,2
1018,sanitation,1
1019,places,4
1020,aggregate,1
1021,serves,1
1022,kaiser,2
1023,permanente,1
1024,center,12
1025,identifies,2
1026,tracks,1
1027,patterns,2
1028,spread,3
1029,society,1
1030,deploy,3
1031,outcomes,2
1032,everybody,13
1033,member,3
1034,offers,2
1035,technical,3
1036,assistance,8
1037,training,5
1038,successfully,4
1039,petitioned,1
1040,eligible,3
1041,traditional,5
1042,insurance,3
1043,reimbursement,2
1044,2021,6
1045,joe,6
1046,action,8
1047,door,5
1048,use,29
1049,medicaid,5
1050,passed,5
1051,legislation,1
1052,establishing,3
1053,benefit,8
1054,summer,5
1055,general,17
1056,vivek,1
1057,murthy,1
1058,declared,2
1059,crisis,8
1060,bipartisan,2
1061,safer,3
1062,act,13
1063,earmarked,1
1064,billion,11
1065,wide,6
1066,array,3
1067,early,18
1068,order,11
1069,instructing,1
1070,attorney,8
1071,conduct,7
1072,number,14
1073,appears,1
1074,defunct,1
1075,recent,13
1076,moves,4
1077,freeze,6
1078,receive,9
1079,receives,1
1080,operating,5
1081,rest,5
1082,crime,13
1083,mid,5
1084,affected,4
1085,current,8
1086,hoping,3
1087,voter,1
1088,ammunition,2
1089,excise,1
1090,tax,10
1091,generate,2
1092,39,1
1093,annually,2
1094,victim,6
1095,source,4
1096,revenues,1
1097,fully,4
1098,flow,4
1099,2026,2
1100,allocated,1
1101,catherine,1
1102,velopulos,2
1103,aurora,1
1104,interruption,1
1105,difficult,4
1106,reassured,1
1107,kind,18
1108,oversimplify,1
1109,problem,4
1110,rid,1
1111,guns,3
1112,stop,8
1113,matter,9
1114,anyway,1
1115,scared,2
1116,arm,3
1117,newsroom,4
1118,produces,4
1119,depth,3
1120,journalism,6
1121,issues,9
1122,core,5
1123,independent,12
1124,polling,2
1125,formerly,1
1126,khn,1
1127,aimee,7
1128,picchi,7
1129,edited,9
1130,alain,5
1131,sherter,5
1132,11,14
1133,security,35
1134,ssa,9
1135,reinstating,1
1136,recover,4
1137,overpayments,9
1138,beneficiaries,7
1139,abandoned,8
1140,outcry,2
1141,practice,7
1142,americans,15
1143,shock,4
1144,bills,4
1145,amounting,1
1146,thousands,7
1147,late,12
1148,friday,18
1149,default,1
1150,overpayment,6
1151,withholding,4
1152,rate,35
1153,recipients,1
1154,monthly,6
1155,level,6
1156,reform,2
1157,required,7
1158,claw,1
1159,overpaid,3
1160,benefits,9
1161,backlash,1
1162,recovery,7
1163,capped,1
1164,checks,3
1165,cover,6
1166,remain,9
1167,supplemental,1
1168,income,13
1169,low,17
1170,seniors,2
1171,disabled,1
1172,automatically,4
1173,placed,3
1174,payment,2
1175,clawback,3
1176,sparked,2
1177,instances,2
1178,hit,16
1179,surprise,1
1180,demanded,2
1181,repayment,7
1182,days,34
1183,tens,3
1184,bill,15
1185,dock,1
1186,entire,8
1187,leaving,5
1188,financially,2
1189,destitute,1
1190,minutes,10
1191,media,14
1192,outlets,9
1193,fault,4
1194,inspector,14
1195,73,1
1196,lack,4
1197,effective,2
1198,controls,1
1199,computation,1
1200,accuracy,1
1201,acting,7
1202,commissioner,3
1203,lee,4
1204,dudek,1
1205,duty,2
1206,revise,1
1207,significant,7
1208,responsibility,2
1209,stewards,1
1210,funds,12
1211,raising,3
1212,amount,8
1213,recovered,6
1214,pays,2
1215,trillion,3
1216,revised,2
1217,financial,17
1218,hardships,1
1219,faced,5
1220,committee,6
1221,protect,11
1222,medicare,4
1223,ostensibly,1
1224,taken,13
1225,cut,10
1226,costs,19
1227,needlessly,1
1228,punishes,1
1229,notices,1
1230,usually,4
1231,spokesperson,7
1232,advocacy,2
1233,result,10
1234,shannon,1
1235,benton,1
1236,citizens,2
1237,league,5
1238,recouping,1
1239,improper,1
1240,immediate,3
1241,toll,2
1242,older,4
1243,payments,5
1244,especially,3
1245,unfair,1
1246,external,1
1247,manage,3
1248,finances,1
1249,track,6
1250,told,70
1251,moneywatch,8
1252,email,7
1253,aware,1
1254,suddenly,3
1255,reversal,1
1256,undergoing,1
1257,widespread,4
1258,reorganization,1
1259,disrupt,1
1260,delay,2
1261,customer,1
1262,delays,4
1263,longer,13
1264,waits,1
1265,qualify,4
1266,campaign,5
1267,trail,1
1268,touch,3
1269,repeated,3
1270,sunday,30
1271,fox,3
1272,although,9
1273,wants,7
1274,root,2
1275,fraud,4
1276,250,1
1277,old,29
1278,tremendous,3
1279,referring,2
1280,false,1
1281,beyond,5
1282,human,5
1283,lifespan,1
1284,receiving,2
1285,subject,6
1286,closing,5
1287,field,10
1288,across,23
1289,wait,4
1290,possibly,2
1291,travel,10
1292,farther,1
1293,resolve,1
1294,covers,11
1295,business,13
1296,personal,11
1297,finance,9
1298,worked,19
1299,bloomberg,3
1300,written,14
1301,usa,3
1302,consumer,17
1303,reports,8
1304,scott,30
1305,pelley,2
1306,aliza,4
1307,chasan,3
1308,maria,1
1309,gavrilovic,1
1310,alex,1
1311,ortiz,1
1312,hampton,1
1313,dellinger,19
1314,head,18
1315,counsel,9
1316,warns,1
1317,ouster,1
1318,watchdog,4
1319,threatens,1
1320,oversight,9
1321,handled,5
1322,employee,4
1323,complaints,3
1324,whistleblowers,3
1325,removed,3
1326,ethics,3
1327,overseeing,1
1328,rules,3
1329,disclosures,1
1330,branch,7
1331,17,12
1332,inspectors,3
1333,auditors,3
1334,appointed,3
1335,abuses,1
1336,waste,6
1337,mismanagement,1
1338,anymore,4
1339,generals,5
1340,gone,11
1341,watchdogs,3
1342,behalf,4
1343,taxpayers,2
1344,military,16
1345,veterans,7
1346,pushed,5
1347,watergate,1
1348,scandal,1
1349,nixon,1
1350,congress,22
1351,set,23
1352,audit,1
1353,ensure,6
1354,guarded,1
1355,independence,4
1356,politics,10
1357,powerful,2
1358,punish,1
1359,enemies,1
1360,hide,3
1361,fiascos,1
1362,reporters,7
1363,air,6
1364,firing,8
1365,standard,13
1366,thing,14
1367,en,2
1368,masse,1
1369,44,3
1370,1981,2
1371,brand,2
1372,ronald,1
1373,reagan,1
1374,15,13
1375,wanted,18
1376,fullest,1
1377,confidence,3
1378,congressional,4
1379,pushback,2
1380,rehired,1
1381,relation,3
1382,name,6
1383,prosecuted,2
1384,nearly,14
1385,go,37
1386,problems,7
1387,feared,2
1388,reporting,6
1389,supervisors,1
1390,wrong,9
1391,inside,10
1392,safe,15
1393,110,1
1394,owed,1
1395,uncovered,2
1396,overprescription,1
1397,opioids,2
1398,va,2
1399,democrat,2
1400,senate,6
1401,non,3
1402,partisan,2
1403,filed,8
1404,top,12
1405,departments,1
1406,defense,23
1407,labor,9
1408,aid,32
1409,international,18
1410,development,8
1411,martin,10
1412,weeks,20
1413,policed,1
1414,billions,6
1415,spending,12
1416,stopped,4
1417,moving,9
1418,chaos,1
1419,mass,7
1420,usaid,13
1421,warned,2
1422,food,16
1423,spoil,1
1424,various,5
1425,decades,9
1426,stayed,4
1427,usual,2
1428,administrations,1
1429,45,6
1430,different,17
1431,chosen,2
1432,apolitical,1
1433,nonpartisan,1
1434,respected,1
1435,requires,2
1436,notice,2
1437,removing,4
1438,substantive,1
1439,rationale,1
1440,detailed,2
1441,specific,7
1442,reasons,5
1443,termination,2
1444,reason,11
1445,whose,6
1446,supposed,6
1447,2029,1
1448,via,2
1449,course,8
1450,flatly,1
1451,inconsistent,1
1452,terminated,1
1453,sued,2
1454,every,30
1455,respects,1
1456,presidency,1
1457,knew,12
1458,directive,2
1459,unlawful,4
1460,ultimately,7
1461,argued,8
1462,put,14
1463,rogue,1
1464,authority,4
1465,objections,1
1466,week,35
1467,gave,6
1468,legal,4
1469,fight,7
1470,appeals,7
1471,taking,12
1472,supreme,16
1473,whistleblower,2
1474,devastated,2
1475,cathy,1
1476,harris,20
1477,board,7
1478,hears,2
1479,laying,4
1480,left,30
1481,avenue,1
1482,appeal,3
1483,blocked,2
1484,temporarily,2
1485,though,17
1486,judge,9
1487,earlier,12
1488,hearing,3
1489,given,11
1490,swore,1
1491,oath,1
1492,constitution,2
1493,fulfill,1
1494,2028,1
1495,deeply,3
1496,civil,6
1497,mirror,1
1498,walk,8
1499,kligerman,3
1500,represented,3
1501,impeachment,1
1502,actions,9
1503,intentional,1
1504,dismantling,2
1505,umpires,1
1506,effectively,3
1507,neuter,1
1508,nowhere,3
1509,big,17
1510,deal,4
1511,often,9
1512,final,10
1513,restore,2
1514,employment,4
1515,illegally,1
1516,talent,1
1517,integrity,2
1518,losses,4
1519,aside,1
1520,accordance,1
1521,investigated,3
1522,agriculture,2
1523,pause,2
1524,grounds,1
1525,recommended,1
1526,consider,11
1527,following,22
1528,remove,3
1529,able,18
1530,takes,7
1531,uphold,1
1532,afraid,4
1533,moment,5
1534,somebody,5
1535,fears,1
1536,forward,6
1537,always,12
1538,dependent,2
1539,graces,1
1540,protection,5
1541,republican,10
1542,largely,4
1543,backed,3
1544,agenda,3
1545,speaking,6
1546,relied,3
1547,findings,2
1548,audits,1
1549,investigations,3
1550,aggressive,4
1551,deafening,1
1552,silence,1
1553,far,13
1554,worries,1
1555,regained,1
1556,moved,13
1557,come,25
1558,assume,1
1559,replace,4
1560,choice,7
1561,treasury,6
1562,pick,5
1563,turn,10
1564,ig,1
1565,awarded,1
1566,journalists,1
1567,2004,6
1568,2024,23
1569,25,7
1570,season,7
1571,21st,1
1572,major,11
1573,awards,2
1574,earned,6
1575,tenure,2
1576,venerable,1
1577,newsmagazine,1
1578,december,12
1579,58,1
1580,cayley,10
1581,mandadi,26
1582,19,7
1583,typical,1
1584,texas,9
1585,teenager,3
1586,navigating,1
1587,life,40
1588,sports,7
1589,boys,1
1590,friends,13
1591,heart,10
1592,love,13
1593,mother,12
1594,happy,2
1595,trusting,1
1596,warm,4
1597,smiling,2
1598,sophomore,1
1599,studying,2
1600,communications,6
1601,trinity,5
1602,small,20
1603,liberal,1
1604,arts,3
1605,college,12
1606,antonio,3
1607,2017,6
1608,felt,4
1609,fitting,1
1610,joined,14
1611,sorority,1
1612,cheerleading,1
1613,dated,1
1614,student,20
1615,football,1
1616,player,3
1617,jett,2
1618,birchum,6
1619,freshman,2
1620,relationship,8
1621,man,17
1622,22,13
1623,mark,7
1624,howerton,29
1625,star,12
1626,high,22
1627,baseball,2
1628,visited,2
1629,campus,4
1630,met,13
1631,october,9
1632,friendship,1
1633,turned,16
1634,romantic,4
1635,quickly,9
1636,rocky,1
1637,police,57
1638,tore,2
1639,apart,3
1640,dorm,1
1641,argument,8
1642,reportedly,2
1643,threw,2
1644,clothes,2
1645,trees,2
1646,cracked,1
1647,sliding,1
1648,glass,1
1649,smashed,1
1650,laptop,1
1651,scene,9
1652,banned,2
1653,weekend,3
1654,attended,3
1655,mala,3
1656,luna,3
1657,music,12
1658,festival,7
1659,couple,11
1660,mdma,1
1661,drug,5
1662,molly,1
1663,ecstasy,1
1664,photo,72
1665,oct,10
1666,29,6
1667,sometime,4
1668,p,5
1669,ex,1
1670,boyfriend,1
1671,continued,8
1672,argue,2
1673,car,19
1674,eventually,9
1675,parking,1
1676,rough,2
1677,sex,6
1678,breathing,1
1679,point,12
1680,brought,13
1681,arrived,3
1682,passenger,2
1683,seat,5
1684,naked,2
1685,unconscious,2
1686,paramedic,1
1687,testified,4
1688,saw,13
1689,multiple,14
1690,bruises,2
1691,legs,1
1692,started,17
1693,cpr,1
1694,doctors,2
1695,save,2
1696,officers,5
1697,interviewed,5
1698,night,16
1699,autopsy,6
1700,released,13
1701,showed,10
1702,blunt,1
1703,labeled,2
1704,homicide,2
1705,arrested,11
1706,charged,11
1707,murder,28
1708,sexual,12
1709,assault,3
1710,pleaded,3
1711,guilty,8
1712,bail,2
1713,2019,9
1714,went,31
1715,trial,23
1716,meets,1
1717,eye,1
1718,things,16
1719,seem,5
1720,hunter,2
1721,hours,22
1722,jury,10
1723,witnessed,2
1724,intense,2
1725,trying,8
1726,create,7
1727,space,32
1728,hook,2
1729,shoulder,2
1730,pull,3
1731,closer,2
1732,cross,3
1733,examination,3
1734,grilled,1
1735,originally,2
1736,stand,4
1737,admitted,5
1738,misleading,1
1739,testifying,1
1740,actually,8
1741,presents,1
1742,theory,1
1743,sustained,1
1744,organ,1
1745,donation,1
1746,process,12
1747,professionals,4
1748,desperately,1
1749,revive,2
1750,times,27
1751,broke,5
1752,ribs,1
1753,bruised,1
1754,body,29
1755,deliberations,1
1756,notified,1
1757,mistrial,1
1758,prosecutors,10
1759,planned,12
1760,retry,1
1761,alison,2
1762,steele,10
1763,pictured,4
1764,stepfather,2
1765,lawrence,2
1766,baitland,8
1767,decided,7
1768,showing,3
1769,bruise,2
1770,shape,1
1771,dot,2
1772,ear,4
1773,larger,8
1774,fatal,2
1775,reached,2
1776,driver,3
1777,drove,3
1778,window,2
1779,onto,5
1780,lock,4
1781,button,8
1782,posed,2
1783,mercedes,2
1784,killed,18
1785,photos,8
1786,posing,1
1787,photographed,2
1788,holding,5
1789,images,5
1790,match,3
1791,near,10
1792,perfect,2
1793,emboldened,1
1794,nasa,22
1795,constructed,1
1796,3d,1
1797,model,6
1798,layered,1
1799,killer,3
1800,bailtland,1
1801,tracked,1
1802,convinced,3
1803,sell,2
1804,private,8
1805,investigator,48
1806,reenactment,2
1807,video,8
1808,actors,3
1809,similar,9
1810,size,2
1811,frame,1
1812,seen,16
1813,attending,4
1814,second,23
1815,2023,19
1816,prosecution,5
1817,enter,4
1818,evidence,17
1819,undermine,1
1820,rather,6
1821,aggravated,1
1822,causing,2
1823,serious,6
1824,bodily,1
1825,sentenced,5
1826,maximum,2
1827,prison,10
1828,parole,3
1829,2033,1
1830,grief,1
1831,september,13
1832,alert,1
1833,18,10
1834,64,1
1835,missing,24
1836,text,3
1837,taylor,3
1838,clement,1
1839,forget,4
1840,friend,16
1841,maid,1
1842,honor,2
1843,wedding,1
1844,someday,1
1845,godmother,1
1846,prom,1
1847,absolute,1
1848,favorite,4
1849,36,2
1850,seesaw,1
1851,marriage,7
1852,ballerina,2
1853,husband,4
1854,lasted,2
1855,sept,6
1856,2020,14
1857,ashley,27
1858,byers,1
1859,doug,23
1860,benefield,5
1861,dinner,1
1862,florida,11
1863,august,4
1864,2016,23
1865,sparks,2
1866,flew,2
1867,swimsuit,1
1868,54,3
1869,consultant,3
1870,technology,11
1871,companies,16
1872,contractors,1
1873,married,11
1874,hometown,1
1875,charleston,3
1876,south,31
1877,guests,2
1878,eva,5
1879,daughter,12
1880,previous,6
1881,renee,3
1882,undiagnosed,1
1883,ailment,1
1884,struggled,2
1885,along,8
1886,sydney,6
1887,kitchen,4
1888,ceiling,2
1889,dream,5
1890,ballet,5
1891,company,25
1892,inclusive,1
1893,dancers,2
1894,considered,3
1895,unconventional,1
1896,pregnant,4
1897,began,18
1898,suffer,1
1899,nausea,1
1900,packed,3
1901,belongings,3
1902,scathing,1
1903,note,5
1904,possessive,1
1905,controlling,1
1906,incident,5
1907,behavior,3
1908,fearful,2
1909,unborn,5
1910,child,22
1911,leadership,4
1912,posted,5
1913,pages,3
1914,destroyed,4
1915,build,10
1916,protective,2
1917,evaluated,1
1918,psychologist,1
1919,cleared,3
1920,claimed,4
1921,poisoned,3
1922,wife,17
1923,coronary,1
1924,artery,1
1925,sclerosis,1
1926,contact,10
1927,pregnancy,1
1928,despite,9
1929,pleas,1
1930,involved,9
1931,2018,4
1932,date,5
1933,checked,2
1934,performed,5
1935,c,6
1936,section,4
1937,delivered,2
1938,healthy,5
1939,baby,7
1940,girl,11
1941,born,10
1942,documents,3
1943,weighed,1
1944,scintilla,1
1945,credible,1
1946,ms,1
1947,ever,10
1948,suffered,3
1949,illness,2
1950,poison,2
1951,sharing,3
1952,custody,2
1953,appeared,6
1954,differences,1
1955,behind,8
1956,reconciled,2
1957,together,8
1958,drop,9
1959,wearing,6
1960,thought,16
1961,ring,2
1962,else,6
1963,divorce,2
1964,accused,6
1965,physically,3
1966,sexually,1
1967,abusing,1
1968,denied,1
1969,allegations,1
1970,cps,1
1971,abuse,2
1972,announced,9
1973,maryland,1
1974,packing,1
1975,haul,4
1976,possessions,1
1977,neighbor,1
1978,911,7
1979,walked,5
1980,caliber,1
1981,attacked,2
1982,hour,7
1983,local,21
1984,nov,6
1985,degree,9
1986,bond,3
1987,july,7
1988,manslaughter,1
1989,firearm,4
1990,estranged,1
1991,dec,13
1992,followed,6
1993,probation,1
1994,kerry,4
1995,breen,4
1996,lucia,4
1997,suarez,3
1998,sang,4
1999,01,2
2000,maranda,1
2001,nyborg,24
2002,anything,10
2003,seasons,3
2004,changed,5
2005,division,2
2006,athlete,2
2007,fordham,2
2008,junior,3
2009,basketball,6
2010,minor,5
2011,symptoms,4
2012,strep,2
2013,test,10
2014,positive,2
2015,prescribed,1
2016,antibiotics,2
2017,medication,2
2018,assuming,1
2019,sore,2
2020,throat,2
2021,mild,1
2022,discomfort,1
2023,push,4
2024,pain,14
2025,classes,4
2026,practices,1
2027,getting,6
2028,throwing,1
2029,pills,3
2030,constant,2
2031,cramping,1
2032,blade,5
2033,dehydration,1
2034,escalated,1
2035,fever,1
2036,numbness,2
2037,tingling,1
2038,coaches,1
2039,pair,2
2040,presbyterian,2
2041,underwent,1
2042,tests,4
2043,medications,1
2044,nothing,4
2045,mri,1
2046,scan,3
2047,dangerous,4
2048,abscess,5
2049,spinal,7
2050,cord,4
2051,developed,3
2052,epidural,2
2053,dr,7
2054,andrew,1
2055,chan,10
2056,neurological,3
2057,spine,5
2058,och,1
2059,newyork,1
2060,weakness,4
2061,experiencing,2
2062,diagnosed,4
2063,developing,1
2064,incredibly,2
2065,rare,4
2066,develops,1
2067,normal,6
2068,bacteria,4
2069,mouth,1
2070,form,3
2071,fusobacterium,1
2072,necrophorum,1
2073,bloodstream,1
2074,sterile,1
2075,incidents,5
2076,abscesses,2
2077,common,3
2078,immunocompromised,1
2079,opportunity,5
2080,attack,9
2081,stroke,1
2082,paralysis,1
2083,untreated,1
2084,risks,5
2085,scary,2
2086,hear,4
2087,thankful,1
2088,possible,6
2089,understanding,2
2090,severity,1
2091,ton,1
2092,honestly,2
2093,ready,7
2094,typically,16
2095,decompressed,1
2096,laminectomy,3
2097,procedure,4
2098,surgeons,1
2099,sides,1
2100,lamina,3
2101,vertebra,1
2102,bones,1
2103,ligaments,2
2104,complete,8
2105,leave,11
2106,less,16
2107,neck,8
2108,strength,3
2109,stability,3
2110,continue,8
2111,career,15
2112,maintaining,4
2113,jumping,2
2114,rebounding,1
2115,playing,11
2116,perform,2
2117,modified,1
2118,hemi,1
2119,side,12
2120,preserved,1
2121,bottom,1
2122,invasive,1
2123,operation,4
2124,shorter,3
2125,short,7
2126,complications,2
2127,woke,1
2128,eager,3
2129,begin,3
2130,simple,4
2131,goal,8
2132,walker,6
2133,hallway,1
2134,bed,1
2135,adjustment,2
2136,realized,5
2137,definitely,6
2138,recuperating,1
2139,gotten,1
2140,middle,2
2141,semester,1
2142,catch,3
2143,collaborating,1
2144,athletic,1
2145,trainer,1
2146,regimen,1
2147,resume,3
2148,gym,1
2149,lifting,1
2150,weights,1
2151,participate,2
2152,drills,3
2153,practicing,2
2154,skills,1
2155,dribbling,1
2156,competitive,1
2157,nyborn,1
2158,graduated,1
2159,spring,4
2160,enrolled,2
2161,bryant,2
2162,rhode,2
2163,island,10
2164,graduate,3
2165,extra,3
2166,eligibility,2
2167,ncaa,1
2168,interrupted,1
2169,coronavirus,1
2170,pandemic,3
2171,stalled,1
2172,played,12
2173,games,3
2174,scored,1
2175,play,12
2176,cbsnews,11
2177,com,15
2178,arthur,2
2179,l,4
2180,carter,3
2181,nbc,3
2182,digital,7
2183,events,7
2184,breaking,2
2185,flagged,3
2186,tanker,2
2187,carrying,4
2188,jet,2
2189,fuel,15
2190,struck,2
2191,cargo,3
2192,ship,4
2193,sea,9
2194,coast,9
2195,eastern,3
2196,england,2
2197,monday,23
2198,triggering,3
2199,explosions,2
2200,vessels,5
2201,fire,15
2202,english,6
2203,port,2
2204,boss,1
2205,massive,8
2206,fireball,2
2207,collision,4
2208,lawmaker,1
2209,graham,2
2210,stuart,1
2211,transport,3
2212,37,3
2213,crew,5
2214,aboard,2
2215,ships,5
2216,hospitalized,1
2217,mariners,2
2218,crews,1
2219,accounted,2
2220,martyn,1
2221,boyers,1
2222,chief,12
2223,grimsby,1
2224,east,3
2225,miles,13
2226,bringing,5
2227,sent,7
2228,mayday,1
2229,luckily,1
2230,transfer,1
2231,vessel,3
2232,flotilla,1
2233,ambulances,1
2234,crowley,4
2235,maritime,2
2236,operates,2
2237,chemical,2
2238,oil,8
2239,products,15
2240,carrier,1
2241,mv,3
2242,stena,5
2243,immaculate,4
2244,anchored,1
2245,morning,24
2246,portugal,1
2247,container,1
2248,solong,2
2249,tank,1
2250,containing,2
2251,ruptured,1
2252,leaking,3
2253,onboard,2
2254,bulk,1
2255,erik,1
2256,hanell,1
2257,bbc,4
2258,consisted,1
2259,britain,1
2260,coastguard,1
2261,lifeboats,2
2262,guard,4
2263,rescue,3
2264,helicopter,2
2265,plane,3
2266,nearby,4
2267,firefighting,1
2268,capability,3
2269,royal,3
2270,lifeboat,1
2271,institution,2
2272,fires,1
2273,search,11
2274,footage,2
2275,aired,1
2276,apparently,4
2277,filmed,1
2278,thick,2
2279,black,4
2280,smoke,2
2281,pouring,1
2282,anchor,3
2283,sailing,3
2284,greece,2
2285,vesselfinder,1
2286,grangemouth,1
2287,scotland,1
2288,rotterdam,1
2289,netherlands,1
2290,route,3
2291,agio,1
2292,theodoroi,1
2293,killingholme,1
2294,k,6
2295,tankers,1
2296,enlisted,2
2297,designed,10
2298,supply,9
2299,armed,4
2300,forces,2
2301,conflict,3
2302,alarm,1
2303,raised,6
2304,hull,1
2305,155,1
2306,london,5
2307,charlie,4
2308,de,13
2309,mar,3
2310,09,1
2311,chicago,9
2312,researchers,4
2313,difference,6
2314,chronological,1
2315,age,10
2316,lived,4
2317,biological,5
2318,biology,1
2319,aging,5
2320,demystified,1
2321,douglas,1
2322,vaughan,7
2323,potocsnak,1
2324,longevity,3
2325,institute,6
2326,northwestern,2
2327,feinberg,1
2328,slow,3
2329,little,9
2330,bit,7
2331,onset,1
2332,span,1
2333,foundation,8
2334,amish,3
2335,indiana,1
2336,genetic,3
2337,variation,2
2338,population,11
2339,allows,6
2340,live,28
2341,average,10
2342,teach,3
2343,evolved,2
2344,leads,2
2345,stay,6
2346,sharp,4
2347,established,1
2348,participants,2
2349,undergo,1
2350,visit,9
2351,lasts,2
2352,anywhere,2
2353,follow,7
2354,ups,2
2355,updates,1
2356,status,4
2357,representative,1
2358,minority,2
2359,wanna,7
2360,measure,12
2361,participant,2
2362,kalinda,1
2363,marshall,1
2364,series,11
2365,calculate,1
2366,retina,1
2367,analysis,4
2368,machine,1
2369,bod,1
2370,pod,1
2371,electrocardiogram,1
2372,function,1
2373,artificial,3
2374,intelligence,4
2375,scour,1
2376,mountain,2
2377,gives,4
2378,eyes,3
2379,detect,1
2380,brain,3
2381,josh,1
2382,cheema,1
2383,cardiologist,1
2384,project,12
2385,focus,5
2386,marginalized,1
2387,interested,4
2388,ways,5
2389,disadvantaged,1
2390,labs,1
2391,conducting,2
2392,continents,1
2393,signs,6
2394,trials,2
2395,mimic,1
2396,helps,3
2397,mice,1
2398,theoretically,1
2399,advantage,7
2400,emmy,7
2401,award,9
2402,winning,9
2403,reporter,12
2404,cbs2,1
2405,william,3
2406,harwood,5
2407,photograph,1
2408,intuitive,13
2409,machines,10
2410,athena,19
2411,moon,49
2412,lander,26
2413,touched,6
2414,crater,4
2415,lunar,20
2416,pole,4
2417,tipped,3
2418,sun,9
2419,angle,2
2420,orientation,11
2421,solar,11
2422,cells,3
2423,spacecraft,12
2424,battery,2
2425,drained,1
2426,downlinked,1
2427,surface,14
2428,website,4
2429,landing,12
2430,controllers,3
2431,accelerate,1
2432,payload,3
2433,milestones,1
2434,drill,5
2435,suite,1
2436,batteries,2
2437,depleted,1
2438,direction,3
2439,panels,4
2440,extreme,1
2441,temperatures,2
2442,expect,9
2443,recharge,2
2444,concluded,2
2445,teams,4
2446,continuing,9
2447,assess,2
2448,collected,2
2449,throughout,4
2450,26,12
2451,atop,4
2452,spacex,3
2453,falcon,6
2454,rocket,6
2455,carried,4
2456,science,14
2457,instruments,7
2458,demonstrations,3
2459,commercial,5
2460,operators,1
2461,deliver,7
2462,payloads,5
2463,collect,3
2464,astronauts,2
2465,2027,1
2466,28,2
2467,timeframe,1
2468,62,3
2469,spectrometer,2
2470,tipping,3
2471,paid,5
2472,nokia,3
2473,cellular,4
2474,equipment,4
2475,41,4
2476,innovative,3
2477,powered,5
2478,hopper,6
2479,jump,4
2480,permanently,2
2481,shadowed,2
2482,ice,5
2483,flawlessly,1
2484,launch,7
2485,orbit,10
2486,shortly,6
2487,touchdown,3
2488,autonomous,2
2489,guidance,2
2490,navigation,2
2491,steering,1
2492,presumably,3
2493,boulders,1
2494,hazard,1
2495,820,1
2496,feet,4
2497,intended,2
2498,target,9
2499,hitting,3
2500,ground,7
2501,residual,1
2502,sideways,2
2503,motion,1
2504,seconds,2
2505,resting,2
2506,remained,4
2507,functional,1
2508,acknowledging,3
2509,commands,3
2510,downlinking,2
2511,attempting,3
2512,enough,6
2513,southern,5
2514,region,8
2515,lit,1
2516,harsh,1
2517,angles,2
2518,limited,4
2519,communication,4
2520,earth,20
2521,web,1
2522,page,5
2523,avoided,1
2524,rugged,1
2525,terrain,3
2526,insights,1
2527,achievements,1
2528,im,2
2529,exploration,1
2530,mishap,2
2531,disappointment,1
2532,named,5
2533,odysseus,2
2534,harder,4
2535,leg,2
2536,failed,3
2537,vehicle,10
2538,arrival,3
2539,preceded,1
2540,successful,2
2541,built,12
2542,austin,2
2543,firefly,3
2544,aerospace,3
2545,sponsored,3
2546,blue,15
2547,ghost,5
2548,landed,6
2549,forgiving,1
2550,privately,3
2551,tokyo,2
2552,ispace,2
2553,boosted,2
2554,japanese,2
2555,resilience,4
2556,land,3
2557,june,10
2558,covering,7
2559,1984,2
2560,cape,3
2561,canaveral,2
2562,bureau,5
2563,haley,3
2564,ott,3
2565,08,1
2566,facing,5
2567,assertions,1
2568,greenland,8
2569,control,7
2570,mute,1
2571,egede,6
2572,unpredictable,1
2573,insecure,1
2574,global,4
2575,dynamics,1
2576,interview,14
2577,denmark,2
2578,broadcaster,2
2579,voters,1
2580,vast,2
2581,sparsely,1
2582,populated,1
2583,polls,1
2584,election,1
2585,increasing,4
2586,scrutiny,1
2587,rhetoric,2
2588,semi,1
2589,territory,7
2590,leader,4
2591,ataqatigiit,1
2592,party,8
2593,deserve,2
2594,treated,1
2595,respect,2
2596,lately,1
2597,close,7
2598,draw,5
2599,line,6
2600,sand,1
2601,spend,1
2602,latest,5
2603,remarks,1
2604,afp,2
2605,strongly,2
2606,determine,6
2607,ii,4
2608,invest,3
2609,jobs,10
2610,rich,2
2611,choose,8
2612,welcome,2
2613,greatest,1
2614,forcefully,1
2615,northernmost,1
2616,base,7
2617,russia,2
2618,makes,8
2619,strategic,2
2620,purposes,2
2621,melting,1
2622,shipping,1
2623,routes,1
2624,arctic,1
2625,gas,10
2626,highly,6
2627,sought,4
2628,mineral,1
2629,danes,1
2630,kalaallit,1
2631,response,4
2632,using,10
2633,greenlandic,1
2634,word,1
2635,indigenous,9
2636,cannot,4
2637,simply,1
2638,ahmed,2
2639,shawkat,2
2640,49,3
2641,nations,9
2642,egypt,9
2643,rejected,4
2644,strip,10
2645,displace,1
2646,residents,7
2647,enclave,4
2648,luxury,1
2649,real,6
2650,estate,1
2651,leaders,9
2652,summit,7
2653,cairo,3
2654,adopted,1
2655,foresee,1
2656,forced,3
2657,reconstruction,2
2658,allies,2
2659,reiterating,1
2660,contention,1
2661,destruction,1
2662,wrought,1
2663,uninhabitable,2
2664,palestinians,8
2665,spoken,1
2666,vehemently,1
2667,bid,2
2668,suggested,3
2669,making,16
2670,ethnic,2
2671,cleansing,1
2672,consistently,2
2673,refused,3
2674,disarm,1
2675,considers,1
2676,essential,5
2677,quick,5
2678,dismiss,2
2679,tel,1
2680,aviv,1
2681,continues,3
2682,rely,3
2683,unrwa,4
2684,repeatedly,2
2685,demonstrated,2
2686,corruption,1
2687,terrorism,3
2688,failure,7
2689,resolving,1
2690,badr,1
2691,abdelatty,3
2692,dismissed,3
2693,stance,2
2694,telling,5
2695,rejecting,2
2696,pa,3
2697,nonsense,1
2698,legitimacy,1
2699,violating,2
2700,n,6
2701,resolutions,2
2702,implemented,1
2703,neighboring,3
2704,pawns,1
2705,creation,1
2706,reiterated,3
2707,backing,3
2708,idea,9
2709,gazans,1
2710,free,7
2711,permitted,1
2712,council,5
2713,hughes,2
2714,meanwhile,5
2715,reality,2
2716,humanely,1
2717,covered,7
2718,debris,1
2719,unexploded,1
2720,ordnance,1
2721,stands,2
2722,vision,2
2723,rebuild,2
2724,adding,5
2725,peace,2
2726,prosperity,2
2727,speech,6
2728,abdel,1
2729,fattah,1
2730,el,3
2731,sissi,3
2732,pathway,1
2733,sustainable,1
2734,solution,2
2735,firmly,1
2736,possesses,1
2737,realize,2
2738,objective,1
2739,aligning,1
2740,sincere,1
2741,aspirations,1
2742,tensions,2
2743,hostilities,1
2744,saudi,1
2745,arabia,1
2746,partners,4
2747,predominantly,1
2748,islamic,1
2749,union,20
2750,bloc,1
2751,offering,1
2752,explained,5
2753,involve,3
2754,phases,2
2755,urgent,2
2756,relief,6
2757,operations,5
2758,initial,7
2759,200,6
2760,temporary,5
2761,units,3
2762,cost,9
2763,stage,5
2764,construction,1
2765,permanent,12
2766,reestablish,1
2767,infrastructure,1
2768,envisioned,1
2769,price,12
2770,tag,1
2771,facilities,2
2772,reconstructing,1
2773,ports,1
2774,airport,2
2775,ensuing,1
2776,requiring,1
2777,roughly,7
2778,question,7
2779,oversee,1
2780,administer,1
2781,ruled,2
2782,almost,10
2783,administrative,5
2784,comprised,1
2785,technocrats,1
2786,returns,6
2787,administers,1
2788,parts,2
2789,occupied,1
2790,west,7
2791,bank,10
2792,widely,3
2793,unpopular,1
2794,train,1
2795,maintain,2
2796,commence,1
2797,acknowledged,5
2798,happen,9
2799,version,4
2800,maintains,1
2801,goods,5
2802,entering,7
2803,exiting,1
2804,blocking,1
2805,entry,3
2806,53,2
2807,conference,10
2808,hosting,3
2809,let,12
2810,unite,1
2811,channeling,1
2812,fund,4
2813,noble,1
2814,moral,1
2815,imperative,2
2816,ensuring,6
2817,civilized,1
2818,environment,3
2819,equal,4
2820,peoples,2
2821,attendees,1
2822,send,4
2823,peacekeepers,1
2824,contribute,3
2825,achieving,2
2826,enhancing,1
2827,horizon,1
2828,establishment,1
2829,affirmed,1
2830,irreplaceable,1
2831,palestine,1
2832,refugees,1
2833,granted,2
2834,resolution,7
2835,prior,5
2836,networks,2
2837,tve,1
2838,zdf,1
2839,svt,1
2840,yle,1
2841,nancy,3
2842,chen,3
2843,analisa,4
2844,novak,3
2845,surge,1
2846,sweeping,2
2847,boomers,1
2848,golden,1
2849,poised,1
2850,65,1
2851,largest,7
2852,wave,2
2853,retirement,8
2854,looks,3
2855,options,9
2856,instead,13
2857,settling,1
2858,condos,1
2859,choosing,1
2860,retired,7
2861,jo,1
2862,johnston,6
2863,cruises,4
2864,cruise,4
2865,fit,1
2866,gets,5
2867,bundled,1
2868,package,1
2869,meals,1
2870,entertainment,1
2871,approximately,1
2872,advises,1
2873,per,4
2874,drinks,1
2875,excursions,1
2876,traveled,2
2877,holland,2
2878,grand,2
2879,voyage,1
2880,cayman,1
2881,124,1
2882,itinerary,1
2883,included,10
2884,bali,1
2885,town,3
2886,barcelona,1
2887,lunchtime,1
2888,none,3
2889,cruising,1
2890,welcoming,2
2891,loyal,1
2892,simultaneously,1
2893,critic,2
2894,trips,1
2895,voyages,1
2896,alone,6
2897,residential,1
2898,customers,2
2899,buy,5
2900,cabin,1
2901,starting,6
2902,130,1
2903,advisor,5
2904,retiring,3
2905,depending,3
2906,trend,2
2907,clients,10
2908,becoming,4
2909,creative,1
2910,perspective,2
2911,uptick,2
2912,booked,1
2913,appreciate,1
2914,alike,1
2915,sound,4
2916,appealing,2
2917,factor,2
2918,doctor,3
2919,handles,2
2920,basic,3
2921,emergencies,2
2922,recommend,2
2923,consulting,1
2924,primary,4
2925,viable,1
2926,option,7
2927,proper,2
2928,preparation,2
2929,appropriate,1
2930,correspondent,6
2931,broadcasts,2
2932,platforms,2
2933,joining,1
2934,weekday,2
2935,wjla,2
2936,tv,13
2937,whdh,1
2938,boston,2
2939,57,1
2940,atlanta,6
2941,teacher,4
2942,coach,3
2943,vanished,1
2944,boating,1
2945,georgia,2
2946,lake,9
2947,oconee,4
2948,waters,1
2949,fiancée,2
2950,outing,3
2951,sheriff,8
2952,howard,3
2953,sills,2
2954,putnam,2
2955,county,7
2956,gary,3
2957,jones,13
2958,afternoon,3
2959,water,10
2960,popular,4
2961,tourist,1
2962,southeast,4
2963,discovery,3
2964,spelman,2
2965,instructor,2
2966,joycelyn,1
2967,wilson,6
2968,newspaper,3
2969,vicinity,1
2970,empty,4
2971,seater,1
2972,fishing,3
2973,boat,3
2974,sneakers,1
2975,floating,1
2976,wisconsin,1
2977,expert,3
2978,cormican,1
2979,sophisticated,2
2980,underwater,3
2981,sonar,2
2982,https,1
2983,co,7
2984,qfazoht6ul,1
2985,westminster,2
2986,schools,11
2987,exclusive,4
2988,discovered,8
2989,circling,1
2990,intensive,1
2991,obtained,1
2992,launching,1
2993,marina,3
2994,staying,1
2995,hotel,2
2996,85,2
2997,northwest,6
2998,dam,1
2999,separates,1
3000,sinclair,1
3001,timber,1
3002,river,1
3003,basin,1
3004,flooded,1
3005,century,5
3006,searches,1
3007,trained,3
3008,cadaver,1
3009,dog,5
3010,boats,1
3011,probe,3
3012,deep,3
3013,evans,4
3014,2002,7
3015,eighth,1
3016,grade,1
3017,privilege,1
3018,connecting,1
3019,alumni,1
3020,parents,6
3021,students,11
3022,faculty,1
3023,shared,7
3024,legacy,2
3025,colleagues,4
3026,profoundly,1
3027,wildcat,1
3028,passing,2
3029,boundaries,1
3030,anf,1
3031,math,1
3032,indelible,1
3033,singer,3
3034,rapper,1
3035,ceelo,1
3036,mourn,1
3037,sister,7
3038,deserves,1
3039,perish,1
3040,fashion,1
3041,46,1
3042,employers,3
3043,151,2
3044,economists,13
3045,pointing,1
3046,slowdown,2
3047,market,17
3048,amid,8
3049,slowing,2
3050,growth,14
3051,forecast,7
3052,economy,11
3053,160,1
3054,poll,3
3055,factset,5
3056,unemployment,5
3057,slightly,5
3058,higher,29
3059,polled,4
3060,hiring,3
3061,eased,1
3062,blowout,1
3063,323,1
3064,resilient,2
3065,figures,2
3066,suggest,3
3067,sectors,2
3068,gaffoglio,1
3069,mutual,3
3070,deteriorating,1
3071,indicators,1
3072,listings,1
3073,staffing,2
3074,notably,2
3075,sector,2
3076,reflected,1
3077,andy,1
3078,stettner,1
3079,claims,7
3080,appear,8
3081,visible,3
3082,layoffs,3
3083,spiked,1
3084,highest,9
3085,levels,6
3086,ordered,2
3087,elon,4
3088,musk,5
3089,efficiency,5
3090,doge,9
3091,outplacement,1
3092,challenger,1
3093,gray,1
3094,christmas,4
3095,172,1
3096,245,1
3097,double,7
3098,marks,2
3099,263,1
3100,weaker,2
3101,prompt,3
3102,reserve,7
3103,cutting,8
3104,benchmark,2
3105,lindsay,1
3106,rosner,2
3107,multi,1
3108,fixed,2
3109,investing,6
3110,goldman,7
3111,sachs,5
3112,asset,3
3113,fed,24
3114,brakes,1
3115,citing,5
3116,persistent,3
3117,inflation,40
3118,chair,3
3119,jerome,3
3120,powell,15
3121,central,9
3122,closely,5
3123,watching,3
3124,ahead,10
3125,index,4
3126,cpi,2
3127,likely,10
3128,rose,5
3129,easing,1
3130,pace,4
3131,tariffs,21
3132,boost,3
3133,prices,18
3134,consumers,7
3135,paused,3
3136,mexico,7
3137,canada,8
3138,april,7
3139,overall,4
3140,sigh,1
3141,sit,1
3142,sidelines,1
3143,meetings,1
3144,impacts,5
3145,resulting,3
3146,tariff,6
3147,ripley,1
3148,strategist,2
3149,allianz,1
3150,forecasting,1
3151,subsequent,3
3152,payrolls,1
3153,surprised,2
3154,downside,2
3155,ticked,2
3156,justifying,1
3157,momentum,1
3158,resumption,1
3159,cycle,1
3160,55,3
3161,barrage,1
3162,trading,1
3163,crackdown,2
3164,immigration,8
3165,businesses,9
3166,wall,4
3167,street,5
3168,analysts,5
3169,stanley,4
3170,rise,11
3171,gauge,2
3172,strips,1
3173,volatile,3
3174,projected,4
3175,pronounced,1
3176,sooner,3
3177,acceleration,1
3178,narrative,2
3179,slower,3
3180,stickier,1
3181,firmer,1
3182,projecting,1
3183,pce,1
3184,increases,9
3185,excluding,2
3186,sinking,1
3187,shelter,5
3188,items,3
3189,soaring,2
3190,eggs,22
3191,77,2
3192,incomes,2
3193,soared,2
3194,peaking,1
3195,cooled,1
3196,covid,1
3197,dipping,1
3198,watched,3
3199,nosed,1
3200,annual,7
3201,fourth,2
3202,straight,3
3203,expecting,1
3204,manufacturers,1
3205,firms,1
3206,respectively,1
3207,survey,2
3208,stiffer,1
3209,imports,3
3210,raise,4
3211,bracing,2
3212,suspended,2
3213,steeper,1
3214,levies,1
3215,trade,11
3216,china,3
3217,reciprocal,1
3218,possibility,2
3219,breakthrough,2
3220,whipsaw,1
3221,challenging,4
3222,tighter,1
3223,restrictions,1
3224,reducing,4
3225,limits,1
3226,disinflation,1
3227,reduced,2
3228,shortages,1
3229,retail,1
3230,restaurants,4
3231,leisure,1
3232,hospitals,2
3233,driven,3
3234,deter,1
3235,nudge,3
3236,lower,17
3237,borrowing,10
3238,bak,1
3239,economics,2
3240,workplace,1
3241,kate,2
3242,gibson,2
3243,anne,1
3244,07,1
3245,stocks,3
3246,fell,6
3247,faces,4
3248,period,4
3249,transition,5
3250,rule,3
3251,recession,3
3252,heated,1
3253,beijing,1
3254,retaliatory,2
3255,range,5
3256,farm,8
3257,includes,7
3258,chicken,5
3259,wheat,1
3260,corn,1
3261,soybeans,1
3262,pork,2
3263,beef,1
3264,fruit,1
3265,500,6
3266,slipped,1
3267,worst,5
3268,record,9
3269,correction,2
3270,shed,1
3271,weekly,2
3272,performance,3
3273,tech,7
3274,heavy,2
3275,nasdaq,1
3276,tesla,1
3277,shares,2
3278,plummeted,2
3279,alphabet,1
3280,apple,2
3281,nvidia,1
3282,dow,3
3283,industrial,2
3284,470,1
3285,42,2
3286,332,1
3287,asia,1
3288,markets,1
3289,whether,7
3290,expects,3
3291,hate,5
3292,predict,1
3293,lutnick,1
3294,downgrading,1
3295,stronger,4
3296,headwinds,1
3297,rising,3
3298,percentage,1
3299,twice,3
3300,jan,13
3301,hatzius,1
3302,economist,1
3303,investors,3
3304,imposed,3
3305,pausing,1
3306,sticking,1
3307,revenue,1
3308,bolster,1
3309,investor,1
3310,sentiment,2
3311,marking,1
3312,rout,1
3313,reelected,1
3314,strategists,1
3315,cautioning,1
3316,stock,3
3317,volatility,1
3318,hiking,1
3319,view,2
3320,shifted,2
3321,forefront,1
3322,stated,2
3323,canavan,1
3324,analyst,2
3325,oxford,1
3326,taxes,4
3327,regulation,2
3328,geared,1
3329,toward,5
3330,manufacturing,1
3331,ultimate,1
3332,outcome,1
3333,pro,3
3334,frenetic,1
3335,policymaking,2
3336,unsettling,1
3337,michael,4
3338,arone,1
3339,advisors,1
3340,commissions,3
3341,links,4
3342,promotions,3
3343,availability,3
3344,retailer,3
3345,aly,24
3346,yale,4
3347,angelica,3
3348,leicht,3
3349,51,1
3350,steadily,1
3351,reevaluate,1
3352,portfolio,6
3353,diversified,2
3354,fluctuations,2
3355,invested,3
3356,assets,2
3357,wealth,5
3358,value,7
3359,dollar,1
3360,decline,4
3361,precious,12
3362,metals,7
3363,evaluation,1
3364,periods,4
3365,tend,1
3366,type,4
3367,metal,6
3368,gold,24
3369,silver,10
3370,entirely,3
3371,inflationary,2
3372,stephan,2
3373,shipe,6
3374,flat,4
3375,fee,2
3376,scholar,2
3377,advising,2
3378,utilized,1
3379,electronics,1
3380,conductors,1
3381,appliances,1
3382,demand,5
3383,ebbs,1
3384,flows,2
3385,vice,3
3386,versa,1
3387,traditionally,1
3388,bearer,1
3389,sends,1
3390,upward,1
3391,expensive,3
3392,purchased,1
3393,brett,2
3394,elliott,4
3395,content,6
3396,marketplace,2
3397,apmex,1
3398,proven,1
3399,centuries,1
3400,store,2
3401,traded,2
3402,valued,1
3403,globe,1
3404,excellent,2
3405,purchasing,3
3406,investible,1
3407,currency,2
3408,longstanding,1
3409,move,12
3410,horizons,1
3411,safeguard,3
3412,stores,1
3413,strategy,8
3414,amass,1
3415,faster,3
3416,surefire,1
3417,event,6
3418,hyperinflation,1
3419,diversify,1
3420,accounts,5
3421,iras,1
3422,etfs,3
3423,prefer,2
3424,mix,3
3425,investments,4
3426,combination,2
3427,bullion,2
3428,adjacent,1
3429,miners,1
3430,exposure,5
3431,exit,1
3432,transaction,1
3433,selling,1
3434,charnet,3
3435,recommends,2
3436,variety,2
3437,purchase,1
3438,continually,1
3439,palladium,1
3440,platinum,1
3441,copper,1
3442,nickel,1
3443,concentrated,1
3444,adopting,2
3445,sense,9
3446,discuss,1
3447,goals,9
3448,contributing,3
3449,writer,6
3450,topics,3
3451,homebuying,2
3452,caroline,2
3453,linton,2
3454,marco,1
3455,rubio,5
3456,83,1
3457,canceled,3
3458,beleaguered,1
3459,humanitarian,15
3460,overseas,4
3461,become,7
3462,helmed,1
3463,x,11
3464,account,9
3465,cancellations,1
3466,5200,1
3467,contracts,2
3468,cancelled,1
3469,serve,3
3470,harmed,1
3471,interests,3
3472,consultation,1
3473,intends,1
3474,administered,1
3475,thank,2
3476,hardworking,1
3477,achieve,6
3478,overdue,1
3479,800,3
3480,92,1
3481,explanation,1
3482,numbers,1
3483,signed,10
3484,tasked,1
3485,eliminating,1
3486,receipts,2
3487,outlining,2
3488,allegedly,11
3489,saved,1
3490,contained,2
3491,purges,1
3492,numerous,2
3493,founded,2
3494,1961,3
3495,kennedy,6
3496,provided,6
3497,disaster,4
3498,fiscal,3
3499,managed,1
3500,40,2
3501,appropriations,1
3502,figure,10
3503,radical,2
3504,lunatics,1
3505,merge,1
3506,severely,1
3507,reduce,9
3508,allow,11
3509,classified,3
3510,matt,1
3511,hopson,1
3512,tapped,2
3513,resigned,1
3514,afterward,2
3515,dark,5
3516,shuttered,1
3517,deputy,5
3518,administrator,5
3519,memos,1
3520,implement,1
3521,froze,1
3522,90,4
3523,waiver,1
3524,saving,22
3525,defined,2
3526,subsistence,1
3527,supplies,6
3528,reasonable,2
3529,necessary,3
3530,halt,1
3531,unfreeze,1
3532,reimbursements,1
3533,organizations,3
3534,arguments,1
3535,daily,6
3536,beast,1
3537,newsweek,1
3538,amnewyork,1
3539,certificate,1
3540,deposit,5
3541,cd,26
3542,grow,7
3543,cash,5
3544,savings,5
3545,waning,1
3546,cds,14
3547,offer,7
3548,flexibility,3
3549,medium,1
3550,savers,1
3551,maximizing,2
3552,particularly,3
3553,compare,3
3554,online,7
3555,eyeing,1
3556,strategies,3
3557,ladders,2
3558,commonly,1
3559,results,2
3560,divide,1
3561,varying,1
3562,lengths,1
3563,matures,1
3564,laddering,1
3565,liquidity,2
3566,structured,1
3567,ladder,1
3568,balances,1
3569,yields,2
3570,mary,2
3571,grace,4
3572,roske,3
3573,cdvalet,1
3574,seattle,3
3575,yield,1
3576,picked,2
3577,splitting,1
3578,perks,1
3579,mature,2
3580,reinvest,2
3581,locked,1
3582,tuition,1
3583,etc,1
3584,involves,2
3585,opening,4
3586,2030,3
3587,disciplined,1
3588,maturity,1
3589,rewarded,1
3590,lump,2
3591,sum,2
3592,earning,5
3593,instance,3
3594,earn,4
3595,large,9
3596,maximize,2
3597,generally,4
3598,raises,1
3599,outlook,4
3600,leah,1
3601,credit,15
3602,projections,1
3603,headed,3
3604,progressively,1
3605,shop,4
3606,vary,3
3607,nationally,1
3608,corp,1
3609,banks,1
3610,unions,1
3611,features,2
3612,withdrawal,1
3613,penalties,2
3614,eat,1
3615,earnings,1
3616,flex,1
3617,windfalls,1
3618,saver,1
3619,decide,2
3620,christiana,1
3621,cates,1
3622,chilekasi,1
3623,adele,1
3624,pittsburgh,4
3625,traveling,7
3626,dominican,5
3627,republic,4
3628,identified,7
3629,sudiksha,1
3630,konanki,6
3631,virginia,3
3632,walking,3
3633,beach,7
3634,tells,1
3635,women,20
3636,accompanied,2
3637,men,8
3638,nobody,4
3639,detained,1
3640,investigation,9
3641,pitt,3
3642,kdka,2
3643,native,6
3644,northern,4
3645,female,2
3646,punta,1
3647,cana,1
3648,loudoun,2
3649,india,2
3650,embassy,1
3651,enforcement,12
3652,investigate,3
3653,locally,2
3654,circulating,1
3655,instagram,1
3656,twitter,3
3657,wonder,1
3658,beaches,1
3659,helicopters,1
3660,hope,4
3661,unidentified,69
3662,reliable,3
3663,internet,1
3664,scarce,1
3665,fort,2
3666,lauderdale,1
3667,whenever,1
3668,posting,1
3669,questions,7
3670,disbelief,1
3671,imagine,1
3672,broadcasting,1
3673,peter,70
3674,van,73
3675,sant,72
3676,james,2
3677,stolz,2
3678,33,3
3679,soft,2
3680,simpsonville,9
3681,cati,70
3682,blauvelt,99
3683,mom,3
3684,patti,30
3685,piver,44
3686,terrified,4
3687,gonna,11
3688,midnight,2
3689,investigators,16
3690,cheryl,21
3691,schofield,41
3692,morecraft,36
3693,mangled,1
3694,farmhouse,3
3695,knife,5
3696,rectangular,1
3697,concrete,2
3698,box,5
3699,basement,2
3700,capt,28
3701,basically,3
3702,folded,1
3703,picture,4
3704,horror,1
3705,movie,7
3706,overwhelmed,1
3707,jennifer,14
3708,stepsister,1
3709,prayed,1
3710,cried,1
3711,notification,5
3712,sorry,4
3713,sir,2
3714,distressed,1
3715,progressed,1
3716,demeanor,1
3717,die,3
3718,shocked,1
3719,recording,2
3720,comfortable,1
3721,ok,10
3722,sensed,1
3723,guy,2
3724,pretty,4
3725,confident,1
3726,arrest,3
3727,gather,1
3728,hannah,62
3729,thompson,81
3730,girlfriend,9
3731,willing,3
3732,kill,12
3733,danger,2
3734,fleeing,1
3735,threatening,2
3736,2014,4
3737,quiet,3
3738,army,11
3739,principle,2
3740,sacrifice,1
3741,yes,19
3742,admirable,1
3743,traits,1
3744,yeah,13
3745,exactly,9
3746,yards,2
3747,recruiting,4
3748,sub,1
3749,dating,4
3750,lovable,1
3751,caring,1
3752,funny,5
3753,2015,5
3754,recruiter,5
3755,enlist,1
3756,prevented,1
3757,finishing,1
3758,discharge,1
3759,hopes,1
3760,dashed,1
3761,deployments,1
3762,iraq,2
3763,uniform,3
3764,decorated,1
3765,ribbons,1
3766,impressed,1
3767,teenagers,4
3768,somerville,25
3769,ducks,1
3770,row,1
3771,ate,1
3772,lunch,1
3773,booth,3
3774,adds,1
3775,sometimes,3
3776,hangouts,1
3777,cool,1
3778,meaningful,1
3779,seemingly,1
3780,alarming,2
3781,announcement,3
3782,oh,9
3783,courthouse,2
3784,honeymoon,2
3785,sergeant,1
3786,bride,1
3787,putting,3
3788,roots,1
3789,petsmart,3
3790,laughs,2
3791,passionate,1
3792,animals,1
3793,owned,2
3794,bedroom,2
3795,fountain,2
3796,inn,2
3797,kids,6
3798,crowded,1
3799,imagined,1
3800,unfortunately,1
3801,invited,2
3802,niece,1
3803,crashed,1
3804,destination,2
3805,hillcrest,1
3806,smoking,1
3807,weed,2
3808,16,11
3809,booze,1
3810,acid,3
3811,cocaine,2
3812,letting,1
3813,awesome,1
3814,grew,4
3815,frustrated,1
3816,partying,1
3817,absolutely,5
3818,drifted,1
3819,despised,1
3820,nature,3
3821,puppy,1
3822,records,6
3823,wasted,1
3824,whoa,1
3825,creepy,1
3826,20s,3
3827,dude,1
3828,stuff,7
3829,father,9
3830,cops,1
3831,arrive,2
3832,happens,3
3833,minors,5
3834,weapons,5
3835,drawn,2
3836,veteran,3
3837,extraordinary,1
3838,questioned,1
3839,delinquency,1
3840,soldier,2
3841,image,71
3842,replaced,2
3843,mug,1
3844,opposite,4
3845,troubles,1
3846,worse,3
3847,talked,3
3848,troubling,1
3849,pulls,1
3850,yep,2
3851,threatened,3
3852,charging,2
3853,restraining,2
3854,blamed,3
3855,ruining,1
3856,obviously,5
3857,consequence,2
3858,reassigned,1
3859,dismissal,1
3860,lines,4
3861,sitting,6
3862,desk,2
3863,mad,2
3864,disastrous,1
3865,visits,1
3866,jupiter,2
3867,cherished,2
3868,tatters,1
3869,revenge,1
3870,harming,1
3871,ruined,1
3872,destroy,2
3873,vocal,2
3874,fact,8
3875,heard,9
3876,voicemail,1
3877,officer,3
3878,suspicious,1
3879,desperate,1
3880,painful,1
3881,waiting,2
3882,terrifying,1
3883,helpless,2
3884,hunch,1
3885,woods,1
3886,drink,2
3887,marijuana,1
3888,horrified,1
3889,operator,4
3890,pale,1
3891,stuffed,1
3892,gravel,1
3893,driveway,2
3894,screaming,3
3895,located,4
3896,easier,2
3897,resentment,1
3898,towards,1
3899,flipped,1
3900,upside,2
3901,interrogation,18
3902,maybe,2
3903,f,3
3904,funeral,1
3905,nonstop,1
3906,arguing,2
3907,um,1
3908,seemed,3
3909,arrogant,1
3910,cocky,2
3911,narcissistic,1
3912,cop,4
3913,blank,1
3914,sensing,2
3915,committed,3
3916,smarter,1
3917,confront,1
3918,suspected,2
3919,lying,2
3920,wrapped,1
3921,catching,1
3922,mm,8
3923,hmm,6
3924,yellow,1
3925,brick,1
3926,woman,68
3927,knowing,3
3928,beforehand,1
3929,please,3
3930,processed,2
3931,cellphone,1
3932,dna,5
3933,aggravating,1
3934,fled,1
3935,red,9
3936,gmc,1
3937,yukon,3
3938,survival,1
3939,loose,1
3940,disappeared,4
3941,map,2
3942,prosecutor,8
3943,kinli,13
3944,abee,14
3945,chilling,2
3946,ray,2
3947,actual,1
3948,matches,1
3949,lodged,1
3950,contacted,3
3951,marshals,8
3952,marshal,39
3953,cook,17
3954,fugitive,1
3955,dealing,2
3956,hunt,2
3957,skilled,1
3958,evasion,1
3959,guys,3
3960,involvement,2
3961,shopping,2
3962,atm,1
3963,truck,1
3964,heading,1
3965,hits,6
3966,license,2
3967,plate,2
3968,reader,1
3969,respond,3
3970,game,5
3971,count,1
3972,break,2
3973,eugene,2
3974,oregon,4
3975,glad,2
3976,shaking,2
3977,fairy,1
3978,tale,4
3979,lam,1
3980,notion,1
3981,derailed,1
3982,stuck,4
3983,mud,1
3984,pacific,3
3985,hike,2
3986,panhandling,1
3987,sustainment,1
3988,confessed,1
3989,awful,1
3990,call,6
3991,adult,1
3992,psychologically,1
3993,conflicting,1
3994,dropped,5
3995,lied,6
3996,b,3
3997,prosecuting,1
3998,hunting,1
3999,hoped,1
4000,separated,1
4001,means,5
4002,secret,6
4003,keeps,2
4004,thinking,2
4005,beating,1
4006,driving,3
4007,crazy,4
4008,frustrating,2
4009,ali,1
4010,revealed,5
4011,regular,1
4012,whole,7
4013,anybody,3
4014,nope,1
4015,communicated,1
4016,beginning,4
4017,communicating,1
4018,messenger,1
4019,snapchat,1
4020,conversations,2
4021,matured,1
4022,distance,2
4023,gradually,1
4024,zoned,1
4025,medford,4
4026,jumped,3
4027,phone,6
4028,mystery,4
4029,sounds,2
4030,tantalizing,2
4031,chris,22
4032,tamayo,26
4033,colleague,1
4034,corresponded,1
4035,male,1
4036,description,1
4037,certain,3
4038,unique,2
4039,tattoos,1
4040,interviews,4
4041,tattoo,1
4042,pirate,3
4043,racing,1
4044,activity,4
4045,shirtless,1
4046,takedown,1
4047,quarters,1
4048,pure,3
4049,drops,1
4050,handcuffed,2
4051,suspect,2
4052,ben,4
4053,klein,3
4054,mistake,3
4055,device,2
4056,mobile,1
4057,print,1
4058,fingerprint,1
4059,fingerprints,2
4060,raid,1
4061,handgun,1
4062,nightstand,1
4063,indication,1
4064,probably,3
4065,visibly,2
4066,recorded,8
4067,audio,1
4068,charges,6
4069,nightmare,1
4070,random,1
4071,odd,1
4072,cats,1
4073,loved,4
4074,thunder,1
4075,freaking,1
4076,completely,6
4077,elated,1
4078,jail,2
4079,await,1
4080,felonies,2
4081,obstruction,1
4082,accessory,1
4083,plead,1
4084,meadors,8
4085,shirt,2
4086,collar,1
4087,entered,2
4088,partied,1
4089,throw,2
4090,bottles,1
4091,beer,1
4092,cans,1
4093,discarded,1
4094,placing,1
4095,kinlee,1
4096,bin,2
4097,normally,2
4098,trash,1
4099,abrupt,1
4100,blaming,1
4101,words,6
4102,kept,7
4103,diary,1
4104,correct,4
4105,damning,2
4106,boldly,1
4107,proof,1
4108,adored,1
4109,sunshine,1
4110,stared,1
4111,looked,4
4112,stone,1
4113,witness,1
4114,admit,3
4115,grainy,1
4116,wheel,1
4117,prius,2
4118,cars,1
4119,stabbed,1
4120,blood,3
4121,dirt,1
4122,neely,2
4123,ana,3
4124,zeroed,1
4125,matched,1
4126,lawyers,3
4127,fantasy,1
4128,filled,5
4129,fictional,1
4130,observations,3
4131,poems,1
4132,drawings,1
4133,kinds,3
4134,pending,4
4135,importance,1
4136,testimony,2
4137,upon,6
4138,conviction,3
4139,crimes,9
4140,cooperation,1
4141,wink,2
4142,clerk,1
4143,reading,1
4144,verdict,1
4145,defendant,3
4146,farmer,7
4147,wspa,1
4148,emotional,2
4149,courtroom,1
4150,jurors,5
4151,monster,1
4152,stupid,2
4153,feelings,2
4154,unfathomable,1
4155,brave,1
4156,hotline,1
4157,799,1
4158,7233,1
4159,88788,1
4160,kat,1
4161,teurfs,1
4162,ryan,6
4163,smith,5
4164,charlotte,2
4165,fuller,1
4166,michelle,4
4167,sigona,1
4168,producers,6
4169,vele,1
4170,greg,1
4171,mclaughlin,1
4172,marcus,1
4173,balsam,1
4174,editors,1
4175,schweitzer,1
4176,kramer,1
4177,judy,1
4178,tygard,1
4179,true,4
4180,featured,1
4181,spans,1
4182,lifetime,3
4183,additionally,2
4184,hosts,2
4185,ranking,2
4186,podcast,2
4187,thicker,1
4188,21,4
4189,esteemed,1
4190,personalities,1
4191,innovation,1
4192,creativity,1
4193,humanity,1
4194,gallery,1
4195,oscar,2
4196,winner,3
4197,gene,2
4198,hackman,8
4199,consummate,1
4200,renowned,1
4201,classics,1
4202,connection,3
4203,unforgiven,2
4204,delighted,1
4205,superhero,2
4206,fans,2
4207,comical,1
4208,villain,1
4209,lex,1
4210,luthor,1
4211,superman,1
4212,films,5
4213,hailed,1
4214,easily,2
4215,genres,1
4216,wrenching,1
4217,dramas,3
4218,bonnie,1
4219,clyde,1
4220,mississippi,2
4221,burning,2
4222,thrillers,1
4223,triumphant,1
4224,tales,1
4225,hoosiers,1
4226,comedies,1
4227,shorty,1
4228,tenenbaums,1
4229,hewn,1
4230,flinty,1
4231,stereotypical,1
4232,humorous,1
4233,roles,4
4234,sinister,1
4235,unforeseeable,1
4236,edge,6
4237,animal,1
4238,predictable,1
4239,cement,1
4240,film,24
4241,brash,1
4242,documentary,1
4243,style,1
4244,production,4
4245,perfectly,3
4246,captured,3
4247,character,4
4248,seething,1
4249,sadistic,1
4250,nyc,1
4251,seeking,6
4252,bust,1
4253,heroin,2
4254,smugglers,1
4255,ahab,1
4256,whale,1
4257,academy,1
4258,studio,1
4259,fare,1
4260,headlining,1
4261,cast,3
4262,1972,2
4263,poseidon,1
4264,adventure,3
4265,scarecrow,1
4266,al,5
4267,pacino,2
4268,1992,2
4269,clint,4
4270,eastwood,2
4271,brutal,1
4272,daggett,1
4273,starred,2
4274,broadway,7
4275,maiden,1
4276,glenn,1
4277,richard,1
4278,dreyfuss,1
4279,mike,6
4280,nichols,2
4281,method,3
4282,peers,1
4283,behave,1
4284,screen,2
4285,inhabited,1
4286,fueled,3
4287,memories,4
4288,dysfunctional,1
4289,slights,1
4290,struggling,1
4291,temper,1
4292,tantrums,1
4293,nickname,3
4294,vesuvius,1
4295,daniel,1
4296,lenihan,1
4297,scuba,1
4298,lessons,1
4299,books,5
4300,writing,2
4301,picking,1
4302,chapters,1
4303,longhand,1
4304,spiral,1
4305,notebooks,1
4306,café,1
4307,2000,4
4308,read,5
4309,ordering,1
4310,eating,1
4311,critiqued,1
4312,wake,3
4313,perdido,1
4314,shipwrecks,1
4315,piracy,1
4316,1805,1
4317,1999,1
4318,received,8
4319,mixed,1
4320,reviews,1
4321,judged,1
4322,skill,2
4323,storyteller,1
4324,tense,1
4325,criticized,4
4326,vulnerable,3
4327,critics,1
4328,narrator,1
4329,documentaries,1
4330,marines,1
4331,requests,1
4332,50th,1
4333,anniversary,1
4334,revelation,2
4335,filmmaking,1
4336,risky,1
4337,emotionally,1
4338,checkered,1
4339,misses,1
4340,actress,2
4341,trachtenberg,5
4342,1985,1
4343,1996,3
4344,harriet,1
4345,spy,1
4346,louise,1
4347,fitzhugh,1
4348,diminutive,1
4349,buffy,2
4350,vampire,2
4351,slayer,2
4352,gossip,2
4353,nona,1
4354,mecklenberg,1
4355,adventures,1
4356,pete,3
4357,ran,4
4358,nickelodeon,1
4359,matthew,1
4360,broderick,1
4361,gadget,1
4362,dawn,1
4363,summers,1
4364,younger,1
4365,sarah,2
4366,gellar,2
4367,90s,2
4368,daytime,1
4369,nomination,2
4370,2001,3
4371,scare,1
4372,scheming,1
4373,georgina,1
4374,fun,2
4375,seventeen,1
4376,magazine,4
4377,2009,3
4378,understood,7
4379,villains,1
4380,evil,1
4381,characters,5
4382,credits,5
4383,circuit,3
4384,mercy,1
4385,bites,1
4386,weeds,1
4387,ncis,1
4388,los,2
4389,angeles,2
4390,criminal,12
4391,minds,1
4392,sleepy,1
4393,hollow,1
4394,euro,1
4395,trip,3
4396,princess,2
4397,ohio,1
4398,mysterious,2
4399,skin,1
4400,cities,2
4401,oswald,1
4402,assassin,1
4403,grammy,5
4404,pianist,1
4405,roberta,2
4406,flack,8
4407,1937,1
4408,artists,4
4409,1970s,3
4410,softly,5
4411,song,6
4412,makin,1
4413,classically,1
4414,scholarship,1
4415,taught,3
4416,jazz,3
4417,clubs,1
4418,1960s,5
4419,musician,2
4420,les,1
4421,mccann,1
4422,voice,6
4423,trapped,1
4424,kicked,2
4425,emotion,1
4426,soprano,1
4427,performances,1
4428,measured,1
4429,reflective,1
4430,tempo,1
4431,songs,1
4432,soulful,1
4433,ballads,1
4434,atlantic,2
4435,debut,1
4436,album,3
4437,blend,1
4438,gospel,3
4439,soul,9
4440,flamenco,1
4441,1969,1
4442,folk,2
4443,artist,3
4444,ewan,1
4445,maccoll,1
4446,educator,1
4447,misty,1
4448,consecutive,2
4449,grammys,2
4450,1980s,3
4451,peabo,1
4452,bryson,1
4453,duet,2
4454,tonight,2
4455,celebrate,1
4456,1990s,2
4457,maxi,1
4458,priest,1
4459,fugees,2
4460,guardian,1
4461,hip,1
4462,hop,1
4463,lauryn,1
4464,hill,8
4465,genius,1
4466,wyclef,1
4467,jean,1
4468,bleed,1
4469,lover,1
4470,nominations,2
4471,achievement,1
4472,devoted,1
4473,extensive,5
4474,1963,2
4475,agent,5
4476,1932,2
4477,accompanying,1
4478,presidential,2
4479,motorcade,1
4480,shots,1
4481,dealey,2
4482,plaza,2
4483,striking,2
4484,governor,2
4485,connolly,1
4486,limousine,3
4487,lady,3
4488,jacqueline,1
4489,begun,2
4490,climbing,1
4491,assigned,2
4492,riding,1
4493,running,4
4494,pulled,2
4495,trunk,1
4496,accelerated,1
4497,mrs,1
4498,sped,1
4499,parkland,1
4500,memorial,1
4501,haunted,1
4502,assassination,7
4503,1958,1
4504,1975,3
4505,wallace,1
4506,jfk,1
4507,reacted,1
4508,tenths,1
4509,grave,1
4510,twenty,1
4511,november,9
4512,1990,2
4513,dallas,2
4514,depository,1
4515,sixth,1
4516,floor,3
4517,examine,1
4518,conditions,3
4519,existed,1
4520,conclusion,1
4521,advantages,1
4522,shooter,1
4523,prevent,5
4524,happening,3
4525,depression,3
4526,damaged,3
4527,relationships,1
4528,demise,1
4529,drank,1
4530,heavily,3
4531,smoked,1
4532,relieve,1
4533,anguish,1
4534,mine,2
4535,chose,1
4536,authored,1
4537,2005,4
4538,memoir,2
4539,speaker,3
4540,experiences,2
4541,remarried,1
4542,letter,4
4543,viewer,1
4544,shall,2
4545,wrap,1
4546,arms,1
4547,comfort,3
4548,author,4
4549,tom,3
4550,literary,1
4551,prankster,1
4552,screwball,1
4553,novels,3
4554,cowgirls,2
4555,blues,2
4556,roadside,2
4557,attraction,3
4558,woodpecker,2
4559,jitterbug,1
4560,perfume,1
4561,asleep,2
4562,frog,1
4563,pajamas,1
4564,dropout,1
4565,wolfe,1
4566,classmate,1
4567,tad,1
4568,doubleday,1
4569,advanced,3
4570,1971,1
4571,paperback,1
4572,featuring,2
4573,sissy,1
4574,hankshaw,1
4575,ridiculously,1
4576,enormous,2
4577,thumbs,1
4578,becomes,2
4579,proficient,1
4580,hitchhiker,1
4581,copies,1
4582,perennial,2
4583,flower,1
4584,wild,5
4585,blooming,1
4586,pan,1
4587,letters,1
4588,farcical,1
4589,spirit,2
4590,dropping,1
4591,hitchhiking,1
4592,tanzania,1
4593,himalayas,1
4594,novella,1
4595,tibetan,2
4596,peach,2
4597,pie,2
4598,imaginative,1
4599,novel,3
4600,2003,5
4601,villa,1
4602,incognito,1
4603,faulkner,1
4604,inbred,1
4605,gothic,1
4606,freak,1
4607,hemingway,1
4608,battlefields,1
4609,cafes,1
4610,melville,1
4611,tall,1
4612,dawned,1
4613,phenomenon,4
4614,quite,4
4615,psychic,1
4616,upheaval,1
4617,paradigm,1
4618,unsustainable,1
4619,egalitarian,1
4620,leap,1
4621,consciousness,2
4622,fbi,6
4623,clues,2
4624,identity,4
4625,unabomber,1
4626,1980,1
4627,plot,4
4628,outlaw,1
4629,bomber,1
4630,alleged,6
4631,agents,1
4632,attractive,1
4633,liked,1
4634,frequent,1
4635,appearances,1
4636,tony,3
4637,nominated,1
4638,roberts,3
4639,1939,1
4640,woody,2
4641,allen,3
4642,annie,2
4643,hall,3
4644,appearance,2
4645,1962,2
4646,understudy,3
4647,barefoot,1
4648,park,2
4649,hire,2
4650,robert,8
4651,redford,2
4652,fateful,1
4653,softball,1
4654,understudying,1
4655,stretch,1
4656,slid,1
4657,ankle,2
4658,broken,3
4659,musical,2
4660,scripted,2
4661,sam,8
4662,promises,3
4663,sugar,4
4664,adaptation,3
4665,hot,1
4666,absurd,1
4667,singular,1
4668,doubles,1
4669,arsenic,1
4670,lace,1
4671,seagull,1
4672,sisters,2
4673,rosensweig,1
4674,victor,1
4675,victoria,1
4676,cabaret,1
4677,allergist,1
4678,xanadu,1
4679,diane,1
4680,keaton,1
4681,directed,3
4682,herbert,2
4683,ross,1
4684,stardust,1
4685,midsummer,1
4686,comedy,4
4687,radio,1
4688,serpico,1
4689,pelham,1
4690,amityville,1
4691,seize,1
4692,recounted,1
4693,autobiography,2
4694,poster,6
4695,designs,1
4696,graphic,1
4697,edward,2
4698,byrd,5
4699,jimi,1
4700,hendrix,1
4701,jefferson,1
4702,airplane,1
4703,traffic,1
4704,ravi,1
4705,shankar,1
4706,grateful,1
4707,rolling,3
4708,stones,3
4709,lou,1
4710,reed,1
4711,bowie,1
4712,prince,10
4713,halen,1
4714,psychedelic,1
4715,70s,1
4716,ovation,1
4717,posters,1
4718,musicals,1
4719,jesus,1
4720,christ,1
4721,superstar,2
4722,follies,2
4723,godspell,1
4724,horrors,1
4725,admirer,1
4726,nouveau,1
4727,tennessee,3
4728,studied,2
4729,carnegie,2
4730,mellon,2
4731,pratt,2
4732,visual,2
4733,1968,2
4734,fillmore,1
4735,village,6
4736,graphics,1
4737,concerts,1
4738,tours,1
4739,albums,2
4740,packaging,1
4741,philharmonic,1
4742,orchestra,1
4743,tommy,1
4744,evocative,1
4745,portrait,1
4746,marlene,1
4747,dietrich,1
4748,painted,2
4749,bright,1
4750,colors,2
4751,crack,1
4752,assignments,1
4753,nathanael,1
4754,locust,1
4755,served,2
4756,advocate,1
4757,rock,5
4758,neither,1
4759,fantastic,3
4760,establish,2
4761,punched,1
4762,accomplished,2
4763,skaters,1
4764,dick,1
4765,1929,2
4766,skating,7
4767,olympic,1
4768,1946,3
4769,youngest,1
4770,champion,1
4771,moritz,1
4772,olympics,1
4773,championships,3
4774,1948,1
4775,1952,2
4776,axel,1
4777,competition,2
4778,harvard,1
4779,oslo,1
4780,triple,1
4781,invented,1
4782,flying,4
4783,camel,1
4784,spin,1
4785,amateur,1
4786,capades,1
4787,crash,1
4788,persuaded,1
4789,abc,2
4790,roone,1
4791,arledge,1
4792,televise,1
4793,commentator,1
4794,mainstream,1
4795,audience,2
4796,challenge,5
4797,champions,1
4798,candid,1
4799,productions,1
4800,produce,1
4801,battle,1
4802,stars,1
4803,superstars,1
4804,tired,2
4805,encourages,1
4806,learn,3
4807,forms,1
4808,dance,1
4809,athleticism,1
4810,choreography,1
4811,haute,1
4812,couture,1
4813,tire,2
4814,describing,5
4815,skater,1
4816,hair,2
4817,frequently,2
4818,wore,1
4819,sassy,1
4820,jackets,1
4821,archetypal,1
4822,sixties,1
4823,chick,1
4824,pop,1
4825,mick,1
4826,jagger,6
4827,muse,1
4828,junkie,2
4829,streets,1
4830,marianne,2
4831,faithfull,5
4832,burst,1
4833,60s,1
4834,british,3
4835,invasion,3
4836,tears,2
4837,lithe,1
4838,weathered,1
4839,surviving,1
4840,drugs,2
4841,roll,2
4842,forth,1
4843,acquaintances,1
4844,easy,7
4845,eccentric,1
4846,austrian,1
4847,baroness,1
4848,convent,1
4849,performing,3
4850,richards,3
4851,exploded,1
4852,dealer,1
4853,overenthusiastically,1
4854,bite,1
4855,swallow,1
4856,swinging,1
4857,couples,1
4858,1967,2
4859,barged,1
4860,fur,1
4861,rug,1
4862,disgraced,1
4863,anthony,2
4864,mason,1
4865,motorcycle,1
4866,miscarried,1
4867,australia,9
4868,swallowed,1
4869,150,1
4870,sleeping,1
4871,coma,1
4872,addiction,3
4873,certainly,3
4874,dreaming,1
4875,son,6
4876,nicholas,1
4877,singing,3
4878,1979,5
4879,raw,1
4880,daring,1
4881,comeback,1
4882,intelligent,1
4883,ravaged,1
4884,interesting,3
4885,freed,1
4886,2008,2
4887,sean,1
4888,lennon,1
4889,rufus,1
4890,wainwright,1
4891,nick,1
4892,cave,1
4893,cat,1
4894,je,1
4895,aime,1
4896,antoinette,1
4897,crowd,2
4898,appreciated,1
4899,croaked,1
4900,pulitzer,1
4901,prize,1
4902,cartoonist,1
4903,humorist,1
4904,jules,1
4905,feiffer,7
4906,comic,3
4907,plays,2
4908,screenplays,2
4909,chronicled,1
4910,childhood,2
4911,urban,1
4912,angst,1
4913,sexism,1
4914,wit,2
4915,acute,1
4916,quandaries,1
4917,colored,1
4918,20th,2
4919,tribune,1
4920,dealt,1
4921,breakdown,1
4922,thereof,1
4923,drew,2
4924,clifford,1
4925,1940s,1
4926,1951,1
4927,cartooning,1
4928,1956,1
4929,fixture,1
4930,satirical,1
4931,convey,1
4932,ideas,1
4933,cartoon,1
4934,passionella,1
4935,basis,2
4936,tree,1
4937,obie,1
4938,murders,4
4939,knock,2
4940,carnal,1
4941,knowledge,4
4942,altman,1
4943,popeye,1
4944,enduring,1
4945,illustrations,1
4946,phantom,2
4947,tollbooth,3
4948,bored,1
4949,transformed,1
4950,magic,1
4951,norton,2
4952,juster,1
4953,2012,1
4954,sketching,1
4955,illustrated,1
4956,undistinguished,1
4957,catcher,1
4958,majors,1
4959,bob,2
4960,uecker,5
4961,1934,1
4962,batting,1
4963,announcer,2
4964,milwaukee,2
4965,mascot,1
4966,sport,1
4967,excelled,1
4968,enthusiasm,1
4969,humor,1
4970,brewers,1
4971,scout,1
4972,ability,5
4973,juuuuust,1
4974,lotta,1
4975,dry,1
4976,comedian,1
4977,pitchman,1
4978,guest,1
4979,johnny,1
4980,carson,1
4981,harry,1
4982,doyle,1
4983,movies,2
4984,players,1
4985,celebrations,1
4986,clubhouse,1
4987,em,1
4988,painter,1
4989,lynch,9
4990,remarkable,1
4991,cinematic,1
4992,visionary,1
4993,velvet,2
4994,mulholland,2
4995,drive,3
4996,highway,2
4997,twin,3
4998,peaks,3
4999,stylized,1
5000,evoking,1
5001,innocence,3
5002,eroticism,1
5003,roiling,1
5004,mysteries,1
5005,exist,2
5006,underneath,1
5007,placid,1
5008,peaceful,1
5009,exteriors,1
5010,interior,1
5011,logic,1
5012,invariably,1
5013,answers,1
5014,imagery,2
5015,sonic,1
5016,sensations,1
5017,mastered,1
5018,devotion,1
5019,fellow,2
5020,filmmakers,1
5021,audiences,1
5022,montana,1
5023,thesis,1
5024,feature,4
5025,eraserhead,2
5026,experimental,2
5027,parenthood,1
5028,exceptional,1
5029,photography,1
5030,design,6
5031,cult,1
5032,mel,1
5033,brooks,1
5034,write,1
5035,hollywood,2
5036,elephant,1
5037,george,3
5038,lucas,1
5039,wars,1
5040,jedi,1
5041,tackled,2
5042,frank,6
5043,dune,1
5044,feast,1
5045,dino,1
5046,laurentiis,1
5047,idiosyncratic,1
5048,starring,1
5049,kyle,1
5050,maclachlan,1
5051,isabella,1
5052,rossellini,1
5053,dennis,1
5054,similarly,1
5055,presentation,1
5056,inland,1
5057,empire,1
5058,imprint,1
5059,zeitgeist,1
5060,teenage,1
5061,wonderfully,1
5062,moody,1
5063,drama,1
5064,blended,1
5065,soap,1
5066,operas,1
5067,paranormal,1
5068,deceptively,1
5069,tranquil,1
5070,logging,1
5071,spawned,1
5072,spinoff,1
5073,showtime,1
5074,bliss,2
5075,ninny,1
5076,longtime,1
5077,practitioner,1
5078,transcendental,1
5079,meditation,3
5080,tm,2
5081,meditate,1
5082,vividly,1
5083,remembers,1
5084,1973,1
5085,sunny,1
5086,clock,3
5087,remember,3
5088,yesterday,2
5089,meditating,1
5090,missed,1
5091,stress,4
5092,tension,1
5093,anxiety,2
5094,sorrow,2
5095,fear,4
5096,lift,1
5097,garbage,2
5098,moore,8
5099,1935,1
5100,explosive,2
5101,duo,2
5102,dave,4
5103,dynamite,1
5104,sultans,1
5105,sweat,1
5106,string,1
5107,r,4
5108,masterpieces,1
5109,comin,1
5110,pleading,1
5111,tenor,1
5112,church,1
5113,initially,2
5114,preacher,1
5115,1957,1
5116,cooke,1
5117,stirrers,1
5118,jackie,1
5119,concert,1
5120,winking,1
5121,blinking,1
5122,gyrating,1
5123,laughed,3
5124,hiding,1
5125,prater,6
5126,miami,2
5127,nightclub,1
5128,routine,1
5129,accident,4
5130,rehearse,1
5131,spontaneous,1
5132,nightclubs,1
5133,pulpit,1
5134,preached,1
5135,wexler,1
5136,memphis,1
5137,stax,1
5138,paired,1
5139,songwriters,1
5140,porter,1
5141,isaac,1
5142,hayes,1
5143,hummin,1
5144,brown,2
5145,tumultuous,1
5146,wounded,1
5147,dispute,3
5148,recalled,3
5149,sing,1
5150,1988,1
5151,tour,2
5152,overnight,3
5153,sensational,1
5154,bruce,1
5155,springsteen,1
5156,jon,3
5157,bon,1
5158,jovi,1
5159,mariah,1
5160,carey,1
5161,sting,1
5162,billy,1
5163,preston,1
5164,eric,1
5165,clapton,1
5166,tribute,1
5167,band,1
5168,nu,1
5169,blu,1
5170,posthumously,1
5171,inducted,1
5172,fame,1
5173,uncomfortable,2
5174,original,5
5175,gotta,1
5176,ya,1
5177,jumpin,1
5178,leaves,2
5179,writes,1
5180,monty,1
5181,python,1
5182,speaks,1
5183,score,2
5184,sundancing,1
5185,sundance,1
5186,unmanned,2
5187,spaceplane,2
5188,vandenberg,3
5189,37b,7
5190,orbital,2
5191,duration,1
5192,planet,2
5193,434,1
5194,craft,7
5195,experimentation,1
5196,objectives,6
5197,demonstrate,1
5198,robust,1
5199,maneuver,3
5200,characterize,1
5201,domain,3
5202,testing,4
5203,awareness,3
5204,experiments,4
5205,aerobraking,2
5206,safely,3
5207,minimal,3
5208,camera,2
5209,captures,1
5210,heo,1
5211,executed,1
5212,maneuvers,1
5213,pic,2
5214,ccisgl493p,1
5215,tested,2
5216,improve,2
5217,increasingly,2
5218,congested,1
5219,contested,1
5220,surrounding,2
5221,environments,1
5222,users,1
5223,et,2
5224,sites,1
5225,standing,1
5226,mile,7
5227,runway,1
5228,specifically,3
5229,otv,1
5230,dynamic,2
5231,deorbited,1
5232,02,2
5233,x37b,1
5234,ussf,1
5235,l7pgnavhmg,1
5236,lt,1
5237,col,1
5238,blaine,1
5239,stewart,1
5240,exciting,1
5241,chapter,1
5242,milestone,1
5243,crafts,1
5244,boeing,1
5245,avionics,1
5246,sensors,1
5247,evaluate,2
5248,reusable,1
5249,components,1
5250,analyzed,1
5251,planes,1
5252,delta,1
5253,wings,1
5254,heat,1
5255,shield,5
5256,tiles,1
5257,compat,1
5258,bay,3
5259,extendable,1
5260,extremely,1
5261,flights,1
5262,metz,1
5263,butterflies,7
5264,beauty,1
5265,pollination,1
5266,vanishing,1
5267,landscapes,1
5268,comprehensive,1
5269,stark,1
5270,insects,4
5271,losing,3
5272,eliza,1
5273,grames,2
5274,sciences,1
5275,binghamton,1
5276,declines,4
5277,extensively,1
5278,monitored,1
5279,insect,3
5280,studies,1
5281,geography,2
5282,species,12
5283,spanning,1
5284,342,2
5285,drawing,1
5286,76,2
5287,surveys,2
5288,nationwide,3
5289,monitoring,1
5290,geological,1
5291,integrate,1
5292,dataset,1
5293,authors,3
5294,butterfly,7
5295,107,1
5296,examined,1
5297,examples,1
5298,monarch,2
5299,fish,1
5300,wildlife,1
5301,listing,1
5302,endangered,2
5303,95,1
5304,conservation,3
5305,declining,1
5306,ecosystems,2
5307,pollinating,1
5308,flowers,1
5309,crops,3
5310,plants,11
5311,reaching,1
5312,plant,7
5313,reproduction,1
5314,habitat,4
5315,pesticide,2
5316,changing,1
5317,climates,1
5318,threaten,2
5319,populations,3
5320,disrupting,1
5321,breeding,1
5322,cycles,1
5323,insecticides,2
5324,restricting,1
5325,harmful,2
5326,promoting,1
5327,integrated,1
5328,pest,1
5329,encouraging,3
5330,cropping,1
5331,individuals,4
5332,steps,3
5333,messages,1
5334,backyards,1
5335,portion,1
5336,spaces,1
5337,brush,1
5338,piles,1
5339,wildflowers,1
5340,planting,1
5341,pollinators,1
5342,crucial,1
5343,scale,3
5344,preservation,1
5345,kaia,4
5346,hubbard,4
5347,homeland,6
5348,kristi,2
5349,noem,14
5350,broad,1
5351,procedures,3
5352,promised,1
5353,margaret,2
5354,brennan,2
5355,comments,2
5356,dhs,6
5357,administering,1
5358,polygraph,1
5359,raids,1
5360,pledging,1
5361,leakers,1
5362,accountable,2
5363,sworn,2
5364,touted,1
5365,border,13
5366,incredible,2
5367,mexican,1
5368,cartels,2
5369,delayed,2
5370,wanting,1
5371,stressed,1
5372,fentanyl,2
5373,strong,7
5374,deals,1
5375,partnering,1
5376,chinese,1
5377,laundering,1
5378,generation,3
5379,todd,2
5380,lyons,1
5381,customs,2
5382,czar,1
5383,homan,1
5384,madison,2
5385,sheahan,1
5386,illegal,2
5387,pledge,1
5388,deportation,1
5389,crossings,3
5390,secure,4
5391,lows,1
5392,encounters,2
5393,patrol,1
5394,donald,5
5395,applies,1
5396,equally,1
5397,beds,1
5398,detainees,1
5399,facility,3
5400,detentions,1
5401,urging,1
5402,approve,2
5403,commercially,2
5404,houston,1
5405,telemetry,2
5406,indicated,3
5407,altemus,5
5408,attitude,2
5409,disclosed,1
5410,collecting,1
5411,reconnaissance,1
5412,orbiter,2
5413,confirm,1
5414,limiting,2
5415,ride,1
5416,bound,2
5417,trailblazer,3
5418,asteroid,1
5419,prospecting,1
5420,odin,2
5421,tug,1
5422,satellite,3
5423,astroforge,1
5424,commanding,1
5425,prospector,1
5426,rovers,3
5427,gear,2
5428,bounce,2
5429,timing,5
5430,flight,6
5431,confusing,1
5432,engine,4
5433,shut,3
5434,generating,1
5435,computer,1
5436,shuttle,1
5437,johnson,5
5438,inertial,1
5439,measurement,1
5440,unit,1
5441,imu,1
5442,antennas,1
5443,bell,1
5444,profile,7
5445,command,2
5446,correctly,1
5447,develop,2
5448,priorities,1
5449,list,2
5450,capture,1
5451,sets,2
5452,darkness,2
5453,sweeps,1
5454,assessment,4
5455,identify,2
5456,priority,2
5457,nominal,1
5458,cetera,1
5459,braked,1
5460,altitude,2
5461,cameras,3
5462,lasers,1
5463,relative,1
5464,constantly,2
5465,monitor,1
5466,velocity,2
5467,neared,1
5468,descent,3
5469,initiation,1
5470,mph,2
5471,braking,1
5472,programmed,1
5473,flip,1
5474,upright,1
5475,vertical,1
5476,tail,1
5477,scanning,1
5478,hazards,1
5479,descend,1
5480,sedate,1
5481,highlands,1
5482,mons,1
5483,mouton,1
5484,autonomously,1
5485,maneuvered,1
5486,evaluating,1
5487,targeting,3
5488,polar,1
5489,astronaut,1
5490,landings,1
5491,orbiting,1
5492,satellites,1
5493,indicate,1
5494,present,2
5495,craters,2
5496,light,13
5497,coldest,1
5498,spots,1
5499,molecules,1
5500,comet,1
5501,interactions,2
5502,dust,2
5503,electrically,1
5504,wind,4
5505,quarter,2
5506,situ,1
5507,measurements,2
5508,radioing,1
5509,4g,1
5510,lte,1
5511,traces,1
5512,compounds,1
5513,soil,1
5514,temperature,3
5515,composition,1
5516,explore,1
5517,mobility,1
5518,systems,3
5519,depend,2
5520,equipped,1
5521,artemis,2
5522,101,1
5523,delivery,2
5524,collectively,1
5525,integration,1
5526,89,1
5527,lockheed,1
5528,clps,2
5529,initiative,1
5530,aimed,2
5531,industry,9
5532,engineering,1
5533,meantime,1
5534,doran,1
5535,kiki,1
5536,intarasuwan,1
5537,31,1
5538,frederik,7
5539,luxembourg,2
5540,polg,11
5541,mitochondrial,2
5542,disorder,2
5543,nassau,2
5544,internationally,2
5545,recognized,1
5546,julie,1
5547,siblings,1
5548,goodbye,1
5549,patriarch,1
5550,papa,1
5551,proud,1
5552,barely,1
5553,speak,3
5554,clarity,2
5555,surprising,1
5556,weight,1
5557,profound,1
5558,answer,5
5559,reassurance,1
5560,existence,1
5561,remembered,1
5562,joyful,1
5563,indomitable,1
5564,lust,1
5565,learning,2
5566,italian,2
5567,fan,1
5568,entirety,1
5569,instructions,2
5570,active,3
5571,alpha,1
5572,subunit,1
5573,protein,1
5574,polymerase,1
5575,gamma,1
5576,library,1
5577,diseases,3
5578,alpers,1
5579,huttenlocher,1
5580,syndrome,1
5581,ataxia,1
5582,neuropathy,1
5583,spectrum,2
5584,myocerebrohepatopathy,1
5585,14,15
5586,robs,1
5587,progressive,1
5588,dysfunction,1
5589,organs,1
5590,faulty,1
5591,recharges,1
5592,depletion,1
5593,loses,1
5594,estimate,1
5595,carry,2
5596,mutations,2
5597,however,10
5598,total,9
5599,32,1
5600,romance,1
5601,peterson,40
5602,laci,22
5603,rocha,1
5604,polytechnic,1
5605,modesto,6
5606,conner,3
5607,eve,1
5608,berkeley,1
5609,mckenzie,2
5610,mop,1
5611,leash,1
5612,sign,1
5613,volunteers,1
5614,buehler,5
5615,oftentimes,1
5616,tons,2
5617,detectives,5
5618,raced,1
5619,intriguing,1
5620,fresno,1
5621,massage,1
5622,therapist,1
5623,amber,4
5624,frey,8
5625,notes,1
5626,recall,1
5627,script,2
5628,hallmark,1
5629,detail,1
5630,dates,4
5631,agrees,2
5632,reveals,1
5633,affair,1
5634,caused,7
5635,pray,1
5636,shores,1
5637,golf,9
5638,diego,1
5639,wad,1
5640,id,1
5641,card,1
5642,cell,1
5643,phones,1
5644,counts,1
5645,begins,3
5646,mateo,2
5647,publicity,1
5648,redwood,1
5649,fair,3
5650,emotions,2
5651,secretly,1
5652,lies,2
5653,dishonest,1
5654,falsehoods,1
5655,ease,2
5656,hurting,1
5657,credibility,1
5658,crowds,1
5659,cheer,1
5660,juror,2
5661,richelle,3
5662,nice,7
5663,jerk,1
5664,commented,1
5665,quentin,1
5666,sentence,4
5667,nicknamed,2
5668,strawberry,2
5669,shortcake,2
5670,overturned,1
5671,deciding,3
5672,supporters,4
5673,stacked,1
5674,penalty,3
5675,shown,1
5676,upheld,2
5677,convictions,2
5678,reexamine,1
5679,selection,1
5680,prospective,1
5681,questionnaire,2
5682,asking,1
5683,lawsuit,2
5684,pat,1
5685,disputes,2
5686,lie,1
5687,relevant,1
5688,retrial,1
5689,jonathan,2
5690,vigliotti,1
5691,janey,3
5692,proves,2
5693,explains,2
5694,criticism,2
5695,contra,1
5696,contradicting,1
5697,mistakenly,3
5698,girls,2
5699,insists,1
5700,innocent,1
5701,perhaps,2
5702,burglary,1
5703,theorize,1
5704,confronted,1
5705,burglars,2
5706,badly,1
5707,steven,2
5708,pearce,1
5709,remotely,1
5710,resentenced,1
5711,undisclosed,1
5712,permission,1
5713,guess,1
5714,mulaney,17
5715,rated,1
5716,specials,2
5717,primetime,1
5718,emmys,1
5719,reputation,1
5720,ears,1
5721,seems,2
5722,everyone,2
5723,super,1
5724,netflix,2
5725,couch,1
5726,celebrity,1
5727,likes,1
5728,feels,2
5729,explain,1
5730,cliff,1
5731,dangling,2
5732,experiment,1
5733,earthquakes,1
5734,coyotes,1
5735,hopefully,1
5736,globally,1
5737,watch,2
5738,teaser,1
5739,click,1
5740,knows,1
5741,turf,1
5742,hader,2
5743,stefon,3
5744,halloween,1
5745,skit,1
5746,blacula,1
5747,dracula,2
5748,seth,2
5749,meyers,2
5750,sidney,1
5751,applebaum,1
5752,destiny,1
5753,egotistical,1
5754,graduating,1
5755,georgetown,1
5756,snl,1
5757,fascinated,1
5758,legendary,1
5759,amoeba,1
5760,joke,1
5761,farrakhan,1
5762,bigger,3
5763,describes,1
5764,staged,3
5765,fred,1
5766,armisen,1
5767,weird,1
5768,studded,1
5769,clean,5
5770,sobriety,2
5771,thinks,2
5772,benzodiazeprine,1
5773,acknowledge,1
5774,vigilance,1
5775,strain,1
5776,abstaining,1
5777,chemicals,2
5778,olivia,1
5779,munn,1
5780,aaron,1
5781,sorkin,1
5782,apocalypse,1
5783,psylocke,1
5784,breast,2
5785,cancer,3
5786,journey,1
5787,mastectomy,1
5788,credited,2
5789,astonishing,1
5790,malcom,1
5791,mei,1
5792,fatherhood,2
5793,monologue,1
5794,distribution,2
5795,convict,1
5796,potato,1
5797,laugh,1
5798,woo,2
5799,collided,1
5800,extended,2
5801,amelio,1
5802,lauren,1
5803,barnello,1
5804,subjects,1
5805,producing,1
5806,revealing,1
5807,niro,9
5808,rival,1
5809,bosses,1
5810,dual,1
5811,portrays,2
5812,vito,3
5813,alto,2
5814,knights,2
5815,precise,1
5816,positioning,1
5817,careful,1
5818,coordination,2
5819,dollies,1
5820,spot,3
5821,rapid,2
5822,filming,1
5823,casting,1
5824,iterations,1
5825,confirming,1
5826,pairing,1
5827,gimmick,1
5828,eventual,1
5829,discussing,2
5830,requirements,1
5831,zero,7
5832,existing,2
5833,politicians,3
5834,presidents,1
5835,senators,1
5836,situations,1
5837,react,1
5838,irish,1
5839,dutch,1
5840,italians,1
5841,mob,1
5842,memorable,1
5843,dogs,2
5844,mink,2
5845,coats,1
5846,walks,1
5847,coat,1
5848,joins,1
5849,filmography,1
5850,irishman,1
5851,godfather,1
5852,goodfellas,1
5853,mornings,2
5854,specializes,1
5855,holds,1
5856,master,2
5857,quinnipiac,1
5858,dismembered,3
5859,dumpster,4
5860,kidnapped,1
5861,luring,1
5862,app,2
5863,petersburg,2
5864,miranda,2
5865,corsette,8
5866,gress,5
5867,lured,1
5868,teen,2
5869,partner,3
5870,brandes,4
5871,grandmother,3
5872,guilford,1
5873,gilford,1
5874,caregiver,1
5875,commander,1
5876,farrand,1
5877,gulfport,1
5878,timely,1
5879,manner,3
5880,jewelry,2
5881,beaten,2
5882,24th,1
5883,tortured,1
5884,holloway,2
5885,allege,3
5886,largo,1
5887,hillsborough,1
5888,tip,1
5889,disappearance,1
5890,unrelated,2
5891,kidnapping,1
5892,horrific,1
5893,fox61,1
5894,connecticut,2
5895,foxnews,1
5896,latino,1
5897,rutland,1
5898,herald,1
5899,explosives,4
5900,trailer,6
5901,australian,3
5902,antisemitic,7
5903,foiled,1
5904,casualty,2
5905,criminals,4
5906,hoax,2
5907,meant,3
5908,detonated,1
5909,investigating,2
5910,outskirts,1
5911,divulged,2
5912,placement,1
5913,concocted,1
5914,derive,1
5915,presence,1
5916,bizarre,1
5917,twist,2
5918,saga,1
5919,monthslong,2
5920,cluster,1
5921,attacks,6
5922,firebombing,1
5923,synagogue,2
5924,daycare,1
5925,vandalism,1
5926,wales,2
5927,hudson,4
5928,unusual,2
5929,spate,2
5930,melbourne,3
5931,ideology,1
5932,motivated,1
5933,doubt,1
5934,antisemitism,4
5935,dominated,1
5936,sphere,1
5937,escalation,2
5938,triggered,1
5939,preliminary,1
5940,jewry,1
5941,662,1
5942,comparison,1
5943,495,1
5944,enacted,2
5945,explicitly,2
5946,banning,1
5947,salute,1
5948,display,1
5949,symbols,1
5950,swastika,1
5951,glorifying,1
5952,praising,1
5953,acts,3
5954,offense,1
5955,elaborate,1
5956,rooted,1
5957,leaked,1
5958,announce,1
5959,mining,1
5960,purported,2
5961,targets,2
5962,prompted,1
5963,extremist,1
5964,fabricated,2
5965,essentially,2
5966,con,2
5967,suspicions,1
5968,krissy,1
5969,barrett,7
5970,displayed,1
5971,detonator,1
5972,caravan,1
5973,inform,2
5974,impending,1
5975,australians,1
5976,joint,5
5977,assembled,1
5978,perpetrators,1
5979,faked,1
5980,attract,1
5981,attention,3
5982,divert,1
5983,leverage,1
5984,attempts,2
5985,bargain,1
5986,lesser,1
5987,sentences,2
5988,pulling,1
5989,strings,2
5990,maintained,1
5991,scheme,2
5992,orchestrating,1
5993,undertake,1
5994,hateful,1
5995,graffiti,1
5996,offenders,1
5997,gig,1
5998,accepting,1
5999,tasks,2
6000,orchestrated,1
6001,strange,1
6002,caps,1
6003,roiled,1
6004,worshipper,1
6005,burns,1
6006,episodes,1
6007,ideological,1
6008,hated,1
6009,effect,10
6010,provoked,1
6011,unwarranted,1
6012,suspicion,1
6013,melissa,6
6014,quinn,4
6015,ban,2
6016,conversion,10
6017,lgbtq,1
6018,arose,1
6019,prohibits,3
6020,licensed,6
6021,questioning,1
6022,gender,6
6023,district,3
6024,columbia,1
6025,mounting,1
6026,increased,2
6027,suicidal,1
6028,ideation,1
6029,purports,1
6030,behaviors,3
6031,expressions,1
6032,eliminate,4
6033,disciplining,1
6034,engage,1
6035,punishments,1
6036,fines,1
6037,admonition,1
6038,revoked,1
6039,kaley,1
6040,chiles,9
6041,counselor,2
6042,christian,4
6043,papers,1
6044,counseling,3
6045,unwanted,2
6046,attractions,3
6047,harmony,2
6048,block,6
6049,restriction,2
6050,violates,1
6051,amendment,4
6052,censors,1
6053,viewpoint,1
6054,regulates,1
6055,incidentally,2
6056,ineffective,2
6057,harms,3
6058,appealed,1
6059,10th,2
6060,implicates,1
6061,solely,1
6062,advances,1
6063,profession,1
6064,filing,6
6065,cure,1
6066,aims,1
6067,desires,1
6068,disagrees,1
6069,beliefs,1
6070,sexuality,1
6071,forbidding,1
6072,values,2
6073,share,1
6074,defending,1
6075,freedom,5
6076,conservative,4
6077,regulate,2
6078,substandard,1
6079,burdens,2
6080,fundamentally,1
6081,laypersons,2
6082,unlike,3
6083,responsibilities,2
6084,consistent,2
6085,undercut,1
6086,debate,1
6087,therapists,1
6088,justices,2
6089,clarence,2
6090,thomas,4
6091,samuel,2
6092,alito,3
6093,kavanaugh,1
6094,examiner,2
6095,signal,4
6096,alexandria,2
6097,macfarlane,2
6098,oval,1
6099,notable,2
6100,unannounced,1
6101,underway,1
6102,palm,2
6103,publicized,1
6104,filings,3
6105,reviewed,3
6106,attorneys,3
6107,routh,21
6108,prepare,2
6109,attempt,6
6110,submitted,1
6111,arrangements,1
6112,request,2
6113,inspect,2
6114,nonetheless,1
6115,rifle,3
6116,wielded,1
6117,submissions,1
6118,accommodate,1
6119,ensured,1
6120,scope,1
6121,antiballistic,1
6122,plates,1
6123,transported,1
6124,lab,2
6125,quantico,1
6126,miramar,1
6127,consultants,1
6128,tow,1
6129,methodically,1
6130,plotted,1
6131,aiming,2
6132,shrubbery,1
6133,club,1
6134,spotted,1
6135,accuse,2
6136,weapon,2
6137,flee,2
6138,spokeswoman,1
6139,gathered,1
6140,attracted,1
6141,partly,2
6142,overshadowed,1
6143,butler,1
6144,pennsylvania,4
6145,searched,2
6146,apartment,2
6147,electronic,1
6148,oran,3
6149,pornography,3
6150,devices,2
6151,exploitative,1
6152,oren,1
6153,plea,1
6154,superseding,1
6155,indictment,1
6156,herein,1
6157,prepubescent,1
6158,attained,1
6159,greensboro,1
6160,pretrial,1
6161,detention,1
6162,separate,2
6163,correspondence,1
6164,convicted,4
6165,presiding,1
6166,aileen,1
6167,cannon,2
6168,bench,1
6169,murrow,2
6170,resulted,1
6171,passage,4
6172,kati,2
6173,weis,2
6174,egg,11
6175,poultry,4
6176,bird,9
6177,flu,10
6178,task,1
6179,shoppers,1
6180,hens,6
6181,measures,6
6182,farmers,6
6183,chickens,11
6184,discover,1
6185,flock,4
6186,culling,3
6187,viral,1
6188,spreading,2
6189,cull,4
6190,flocks,5
6191,usda,7
6192,400,2
6193,biosecurity,2
6194,vaccine,1
6195,regulatory,2
6196,exploring,1
6197,import,1
6198,singleton,9
6199,wayne,5
6200,sanderson,5
6201,farms,15
6202,employing,1
6203,processing,1
6204,broiler,9
6205,meat,3
6206,600,1
6207,culled,1
6208,sponsors,1
6209,feed,3
6210,diligence,1
6211,speed,1
6212,available,1
6213,arduous,1
6214,sprays,2
6215,foam,1
6216,methods,1
6217,humane,1
6218,euthanize,1
6219,birds,4
6220,supervised,1
6221,folks,1
6222,foaming,1
6223,disposed,1
6224,cleaned,1
6225,sanitized,1
6226,awhile,1
6227,proactive,1
6228,tight,1
6229,allowed,2
6230,vector,1
6231,infect,1
6232,disinfectant,1
6233,coveralls,1
6234,goggles,1
6235,disinfectants,1
6236,hatch,1
6237,chicks,1
6238,shortage,1
6239,stipulated,1
6240,refrigerated,1
6241,excess,1
6242,needing,1
6243,cakes,1
6244,pies,1
6245,stored,2
6246,shipment,1
6247,throws,1
6248,560,1
6249,standpoint,1
6250,aspect,1
6251,considering,2
6252,fill,3
6253,alabama,7
6254,southard,21
6255,generations,1
6256,pasture,2
6257,dreamed,1
6258,booming,1
6259,ringing,1
6260,busy,1
6261,rings,1
6262,searching,1
6263,fresh,3
6264,grows,3
6265,900,1
6266,700,2
6267,lay,1
6268,contract,2
6269,restaurant,3
6270,birmingham,1
6271,indoor,1
6272,warehouse,1
6273,outdoor,2
6274,lifestyle,1
6275,rotating,1
6276,regularly,1
6277,grass,1
6278,graze,1
6279,format,1
6280,immune,1
6281,medicines,2
6282,susceptible,2
6283,avian,2
6284,affect,1
6285,bacterial,1
6286,mycoplasma,2
6287,devastating,1
6288,noticed,1
6289,farmhand,1
6290,personally,1
6291,throats,1
6292,painless,1
6293,pathogenic,1
6294,replacement,1
6295,bared,1
6296,burger,1
6297,huntsville,1
6298,affectionately,1
6299,blessing,1
6300,indemnity,1
6301,thoughts,1
6302,taxpayer,1
6303,expense,1
6304,consolidation,1
6305,chain,1
6306,ramos,1
6307,manthey,1
6308,orleans,1
6309,investigative,1
6310,beth,2
6311,ann,2
6312,malow,2
6313,neurology,3
6314,pediatrics,2
6315,vanderbilt,2
6316,clocks,3
6317,ritual,1
6318,disruptions,1
6319,routines,2
6320,switching,1
6321,daylight,18
6322,yearly,1
6323,overwhelming,1
6324,63,1
6325,effects,6
6326,inconvenience,1
6327,springing,3
6328,connected,1
6329,negative,1
6330,nashville,1
6331,sleep,10
6332,commentary,1
6333,jama,1
6334,linking,1
6335,strokes,1
6336,deprivation,2
6337,falling,2
6338,relatively,1
6339,benign,1
6340,thrown,1
6341,valuable,1
6342,rhythms,2
6343,wakes,1
6344,improves,1
6345,alertness,1
6346,cortisol,1
6347,hormone,2
6348,modulates,1
6349,amygdala,1
6350,contrast,2
6351,melatonin,3
6352,promotes,1
6353,drowsiness,1
6354,interfere,1
6355,adjust,2
6356,puberty,2
6357,adolescents,2
6358,chronically,1
6359,deprived,1
6360,schedules,1
6361,pitch,1
6362,zone,4
6363,counterparts,1
6364,obesity,1
6365,diabetes,1
6366,capita,1
6367,cancers,1
6368,chronic,1
6369,circadian,2
6370,misalignment,2
6371,refers,1
6372,mismatch,1
6373,instituted,1
6374,decreasing,2
6375,electric,1
6376,lighting,1
6377,proved,2
6378,inaccurate,1
6379,heating,1
6380,winter,3
6381,conditioning,1
6382,outweigh,1
6383,railroad,1
6384,scheduling,1
6385,1966,1
6386,2007,1
6387,amended,1
6388,expand,1
6389,territories,1
6390,opt,1
6391,arizona,1
6392,hawaii,2
6393,puerto,1
6394,rico,1
6395,virgin,1
6396,islands,2
6397,mariana,1
6398,guam,1
6399,samoa,1
6400,split,1
6401,approximates,1
6402,overhead,1
6403,noon,1
6404,unnaturally,1
6405,abundant,1
6406,unnatural,1
6407,unhealthy,1
6408,abolish,1
6409,adopt,1
6410,article,1
6411,05,1
6412,adjusting,1
6413,areas,4
6414,developments,1
6415,parse,1
6416,incoming,1
6417,separating,1
6418,noise,1
6419,evolves,1
6420,hurry,1
6421,positioned,1
6422,greater,2
6423,slap,1
6424,duties,2
6425,partially,1
6426,deregulation,1
6427,traders,3
6428,pare,1
6429,banking,1
6430,stream,1
6431,reductions,2
6432,mortgages,2
6433,auto,1
6434,cards,1
6435,pressed,1
6436,forum,1
6437,gathering,1
6438,davos,1
6439,switzerland,1
6440,session,1
6441,ignore,1
6442,bessent,2
6443,considerations,1
6444,unchanged,1
6445,turns,1
6446,hikes,1
6447,expectations,4
6448,risen,1
6449,concern,3
6450,stable,1
6451,worsen,1
6452,anticipation,1
6453,weakened,1
6454,gdp,1
6455,disposable,1
6456,mostly,2
6457,elevated,1
6458,characterized,1
6459,solid,1
6460,gains,2
6461,slowed,1
6462,complicating,1
6463,predictor,1
6464,beige,2
6465,anecdotes,1
6466,mentioned,1
6467,47,3
6468,edition,2
6469,publishes,1
6470,organized,2
6471,spike,1
6472,marked,1
6473,estimates,1
6474,christopher,1
6475,waller,2
6476,occur,1
6477,reduces,1
6478,reflect,1
6479,preferred,1
6480,categories,1
6481,smallest,1
6482,collective,11
6483,representing,3
6484,frontline,1
6485,tsa,16
6486,unprovoked,1
6487,announcing,1
6488,screening,4
6489,airline,1
6490,passengers,4
6491,employs,1
6492,functions,4
6493,86,1
6494,airports,3
6495,modernized,1
6496,workforces,1
6497,renewing,1
6498,commitment,1
6499,association,2
6500,attendants,3
6501,democratic,9
6502,lawmakers,2
6503,lagged,1
6504,pekoske,2
6505,retention,1
6506,morale,3
6507,negate,2
6508,legally,2
6509,binding,2
6510,hamper,2
6511,rep,5
6512,bennie,1
6513,g,1
6514,poor,1
6515,performers,1
6516,hindering,1
6517,terrible,1
6518,aviation,1
6519,depends,1
6520,lowest,1
6521,federation,2
6522,tsos,2
6523,checking,1
6524,staffers,1
6525,join,1
6526,criticisms,1
6527,wider,1
6528,decisions,2
6529,afge,1
6530,opinion,1
6531,paying,3
6532,clearly,1
6533,stahl,3
6534,rescind,1
6535,align,2
6536,productivity,1
6537,swiftly,1
6538,evolving,1
6539,constraints,1
6540,responsiveness,1
6541,determination,2
6542,tso,1
6543,inclusivity,1
6544,restoring,1
6545,meritocracy,1
6546,concerns,2
6547,grievances,1
6548,transparent,1
6549,diminishing,1
6550,transform,1
6551,mold,1
6552,attrition,1
6553,governing,2
6554,blueprint,3
6555,insisted,1
6556,privatizing,1
6557,hijackers,1
6558,smuggled,1
6559,knives,1
6560,cutters,1
6561,commandeered,1
6562,airplanes,1
6563,slammed,1
6564,pentagon,1
6565,towers,2
6566,undergone,1
6567,overhaul,1
6568,luggage,1
6569,uploaded,1
6570,facilitate,1
6571,facial,1
6572,checkpoints,1
6573,volcano,4
6574,guatemala,4
6575,erupting,1
6576,evacuated,2
6577,300,2
6578,eruption,3
6579,spewing,1
6580,cloud,1
6581,ash,2
6582,casualties,1
6583,conred,1
6584,fuego,1
6585,spanish,1
6586,pyroclastic,1
6587,fragments,1
6588,ravines,1
6589,volcanic,2
6590,complex,2
6591,weak,1
6592,moderate,2
6593,foot,1
6594,southwest,1
6595,erupts,1
6596,erupted,1
6597,194,1
6598,234,1
6599,volcanoes,1
6600,santiaguito,1
6601,pacaya,1
6602,pogue,3
6603,weirder,1
6604,headlines,1
6605,microsoft,6
6606,restart,1
6607,nuclear,19
6608,reactor,5
6609,partial,2
6610,meltdown,1
6611,hallowed,1
6612,dominguez,5
6613,constellation,1
6614,owns,1
6615,protocols,1
6616,closed,2
6617,cheap,1
6618,subsidization,1
6619,technologies,1
6620,ambitious,2
6621,google,6
6622,pledged,1
6623,carbon,4
6624,emissions,5
6625,ai,3
6626,centers,3
6627,amounts,1
6628,electricity,3
6629,enjoy,1
6630,reopening,1
6631,quicker,1
6632,constructing,1
6633,cheaper,2
6634,versus,1
6635,handy,1
6636,amazon,1
6637,supplementing,1
6638,modular,3
6639,reactors,7
6640,cooling,1
6641,terrell,3
6642,decarbonization,1
6643,smaller,3
6644,stack,1
6645,anticipates,1
6646,kairos,4
6647,demonstration,1
6648,oak,1
6649,ridge,1
6650,uranium,2
6651,atomic,1
6652,bomb,1
6653,laufer,3
6654,rods,1
6655,pebbles,1
6656,balls,1
6657,graphite,1
6658,tiny,1
6659,kernels,1
6660,pebble,1
6661,coal,2
6662,dioxide,1
6663,pressure,4
6664,sharon,1
6665,squassoni,2
6666,researching,1
6667,commitments,1
6668,futures,1
6669,bro,1
6670,overconfidence,1
6671,therein,1
6672,renaming,1
6673,crane,1
6674,igniting,1
6675,renaissance,1
6676,steam,1
6677,honest,1
6678,cookie,1
6679,cutter,1
6680,republicans,5
6681,democrats,8
6682,understands,1
6683,bunch,1
6684,hudspeth,1
6685,remington,1
6686,korper,1
6687,unsung,1
6688,bestselling,1
6689,ted,1
6690,host,1
6691,nova,1
6692,pbs,1
6693,column,2
6694,duren,2
6695,equity,13
6696,highs,1
6697,homeowners,3
6698,averaging,1
6699,313,1
6700,surging,1
6701,widened,1
6702,gap,2
6703,owe,1
6704,homes,3
6705,naturally,1
6706,tapping,1
6707,types,2
6708,lending,1
6709,helocs,1
6710,limit,14
6711,flexible,1
6712,heloc,22
6713,wondering,1
6714,lenders,1
6715,borrower,2
6716,appraised,1
6717,weighing,2
6718,lender,9
6719,aligns,1
6720,approves,1
6721,requested,2
6722,rises,1
6723,lessens,1
6724,automatic,1
6725,refinancing,3
6726,refinance,2
6727,application,5
6728,applied,2
6729,borrowed,1
6730,apply,3
6731,mortgage,1
6732,afford,2
6733,borrow,2
6734,withdrawing,1
6735,trouble,1
6736,responsibly,1
6737,accessbile,1
6738,marketing,2
6739,serial,1
6740,landfill,4
6741,slain,1
6742,jeremy,1
6743,skibicki,4
6744,homeless,1
6745,shelters,2
6746,symbol,1
6747,dangers,3
6748,disproportionately,2
6749,termed,1
6750,genocide,2
6751,inquiry,1
6752,raped,1
6753,marcedes,2
6754,myran,3
6755,dumped,1
6756,prairie,2
6757,winnipeg,2
6758,province,4
6759,manitoba,4
6760,beatrice,1
6761,plain,1
6762,identification,2
6763,facts,1
6764,rebecca,2
6765,contois,2
6766,bittersweet,1
6767,hearts,1
6768,cambria,1
6769,premier,1
6770,wab,1
6771,kinew,1
6772,canadian,1
6773,danny,1
6774,smyth,1
6775,unimaginable,2
6776,involving,2
6777,buffalo,1
6778,represent,1
6779,fifth,2
6780,homicides,1
6781,comprising,1
6782,exists,1
6783,targeted,1
6784,assaults,1
6785,reservations,1
6786,towns,1
6787,rainn,1
6788,cites,1
6789,indian,1
6790,estimated,2
6791,unsolved,1
6792,reservation,1
6793,southwestern,1
6794,dakota,1
6795,sioux,1
6796,agence,1
6797,presse,1
6798,linda,1
6799,mcmahon,2
6800,dissolving,1
6801,millions,2
6802,dismantled,2
6803,jimmy,1
6804,primarily,2
6805,classroom,2
6806,granville,4
6807,misconception,1
6808,oversees,1
6809,curriculums,2
6810,overseen,1
6811,districts,3
6812,distributing,1
6813,colleges,2
6814,loan,6
6815,curriculum,3
6816,governance,2
6817,grant,1
6818,maker,1
6819,fafsa,6
6820,scholarships,1
6821,vocational,1
6822,manages,2
6823,title,2
6824,disabilities,5
6825,falsely,1
6826,ranked,1
6827,40th,1
6828,spends,1
6829,pupil,1
6830,determined,1
6831,boards,2
6832,opportunities,1
6833,fits,1
6834,vouchers,1
6835,conservatives,2
6836,institutions,1
6837,entitled,1
6838,overreach,1
6839,echoes,1
6840,inevitably,1
6841,regulations,1
6842,influx,1
6843,closest,1
6844,approval,1
6845,votes,4
6846,unlikely,1
6847,makeup,1
6848,interpretation,1
6849,instructed,1
6850,prioritize,1
6851,leagues,1
6852,transgender,1
6853,athletes,1
6854,compete,1
6855,defend,1
6856,forgiveness,2
6857,insider,1
6858,debt,1
6859,borrowers,2
6860,outlined,1
6861,reallocate,1
6862,smooth,1
6863,handoff,2
6864,logical,1
6865,worry,1
6866,disruption,1
6867,posits,1
6868,corporation,1
6869,collections,1
6870,favors,1
6871,phasing,2
6872,proportional,1
6873,wages,2
6874,salaries,1
6875,poverty,1
6876,unless,1
6877,creates,1
6878,handle,1
6879,funneled,1
6880,class,2
6881,sizes,1
6882,teaching,2
6883,suggests,2
6884,converting,1
6885,attached,1
6886,sen,2
6887,bernie,1
6888,sanders,2
6889,vermont,1
6890,void,1
6891,shutting,1
6892,teachers,2
6893,dismantle,1
6894,fails,1
6895,smell,1
6896,aft,1
6897,randi,1
6898,weingarten,1
6899,govern,1
6900,elected,1
6901,approving,1
6902,graduates,1
6903,execute,1
6904,purpose,1
6905,gaps,1
6906,succeed,2
6907,56,1
6908,lawsuits,2
6909,fossil,3
6910,contributions,1
6911,pursue,2
6912,dissented,1
6913,jurisdiction,3
6914,suits,6
6915,reflects,1
6916,framers,1
6917,rank,1
6918,dignity,1
6919,dissent,1
6920,summarily,1
6921,exercises,5
6922,reject,1
6923,suit,1
6924,alleges,1
6925,constitutional,1
6926,violations,1
6927,minnesota,1
6928,jersey,1
6929,liable,2
6930,deceiving,1
6931,arising,1
6932,broadly,2
6933,greenhouse,1
6934,deceptive,2
6935,misrepresenting,1
6936,governs,1
6937,interstate,1
6938,proceeding,2
6939,stages,1
6940,litigation,2
6941,separately,2
6942,honolulu,1
6943,sunono,1
6944,shell,1
6945,urged,2
6946,exercise,7
6947,borders,1
6948,governed,1
6949,imperil,1
6950,affordable,1
6951,inculpate,1
6952,indeed,1
6953,consequently,1
6954,federalism,1
6955,sovereignty,1
6956,satisfied,1
6957,accurately,1
6958,intrude,1
6959,sovereign,1
6960,prerogatives,1
6961,succeeds,1
6962,blockade,2
6963,standoff,1
6964,overdrive,1
6965,distribute,2
6966,dwindling,2
6967,gazan,1
6968,deir,2
6969,balah,2
6970,decimated,1
6971,controlled,1
6972,desalination,1
6973,70,4
6974,imperiled,1
6975,tenuous,1
6976,stave,1
6977,famine,1
6978,pushes,1
6979,demands,1
6980,ramadan,1
6981,reckless,1
6982,punishment,1
6983,prohibited,1
6984,charity,1
6985,oxfam,2
6986,applying,1
6987,parties,1
6988,fundamental,1
6989,civilians,1
6990,pressuring,1
6991,extend,1
6992,hand,1
6993,59,1
6994,brokered,1
6995,qatar,1
6996,prepared,1
6997,starvation,1
6998,trucked,1
6999,displaced,1
7000,pumps,2
7001,bakeries,1
7002,telecommunications,1
7003,trucks,3
7004,delivering,1
7005,buildings,1
7006,stockpile,1
7007,tents,3
7008,shaina,1
7009,adviser,1
7010,norwegian,1
7011,refugee,5
7012,noting,2
7013,infants,2
7014,hypothermia,1
7015,dying,1
7016,materials,2
7017,treat,2
7018,crickx,2
7019,unicef,1
7020,sat,1
7021,predicted,1
7022,catastrophic,1
7023,ramped,1
7024,capabilities,1
7025,kitchens,1
7026,wells,1
7027,ocha,1
7028,nongovernmental,1
7029,migration,1
7030,warehouses,1
7031,jordan,1
7032,undelivered,1
7033,karl,1
7034,baker,1
7035,coordinator,1
7036,771,1
7037,pounds,3
7038,resumed,1
7039,sky,6
7040,mattresses,1
7041,assistive,1
7042,tess,1
7043,pope,1
7044,closure,1
7045,vegetables,1
7046,flour,1
7047,sayed,1
7048,mohamed,1
7049,dairi,1
7050,bustling,1
7051,cutoff,1
7052,sellers,1
7053,hiked,1
7054,wares,1
7055,massacring,1
7056,merciful,1
7057,shekels,5
7058,cooking,1
7059,equivalent,1
7060,406,1
7061,africa,1
7062,accusing,1
7063,aerial,1
7064,bombardment,1
7065,modern,1
7066,fate,1
7067,frozen,1
7068,repeat,1
7069,abeer,1
7070,obeid,1
7071,obtain,1
7072,necessities,1
7073,seoul,3
7074,korea,9
7075,ballistic,1
7076,missiles,1
7077,korean,13
7078,troops,1
7079,views,1
7080,rehearsal,2
7081,chiefs,1
7082,missile,2
7083,detected,1
7084,hwanghae,1
7085,bolstered,1
7086,surveillance,1
7087,posture,1
7088,militaries,3
7089,investigates,1
7090,fighter,2
7091,jets,2
7092,bombed,1
7093,civilian,2
7094,condemnation,1
7095,provocative,1
7096,accidental,1
7097,injured,1
7098,seriously,1
7099,kf,2
7100,mk,1
7101,82,1
7102,bombs,2
7103,pocheon,1
7104,bombing,4
7105,occurred,1
7106,background,1
7107,briefing,2
7108,pilots,1
7109,coordinates,2
7110,pilot,3
7111,error,1
7112,pre,1
7113,takeoff,1
7114,rushing,1
7115,visually,1
7116,verify,1
7117,formation,1
7118,aircraft,1
7119,failing,1
7120,deviated,1
7121,gen,1
7122,youngsu,1
7123,bowed,1
7124,apologized,1
7125,halted,1
7126,formulate,1
7127,preventative,1
7128,ambitions,1
7129,alignment,1
7130,vladimir,1
7131,putin,1
7132,ukraine,1
7133,kim,5
7134,jong,1
7135,un,1
7136,willingness,1
7137,diplomacy,1
7138,collapsed,1
7139,disagreements,1
7140,exchanging,1
7141,sanctions,1
7142,denuclearization,1
7143,pyongyang,1
7144,overture,1
7145,fiery,1
7146,rehearsals,1
7147,confrontational,1
7148,peninsula,1
7149,counter,1
7150,asian,1
7151,begnaud,2
7152,lete,1
7153,childs,1
7154,dedicated,1
7155,servant,1
7156,fidele,1
7157,sebahizi,16
7158,congo,3
7159,ashes,2
7160,escaped,1
7161,burundi,1
7162,camp,2
7163,166,1
7164,belong,1
7165,courses,1
7166,abilene,2
7167,inspiration,2
7168,incarcerated,1
7169,ethic,1
7170,joel,1
7171,languages,1
7172,translate,1
7173,communicate,1
7174,bridge,1
7175,cultures,1
7176,shifts,1
7177,phd,1
7178,regardless,1
7179,immigrant,2
7180,lesson,1
7181,daughters,2
7182,fifa,1
7183,blessings,1
7184,contributor,1
7185,unveiled,1
7186,stopgap,5
7187,vote,6
7188,avert,1
7189,shutdown,1
7190,deadline,2
7191,path,1
7192,99,1
7193,cr,3
7194,applauded,1
7195,gop,2
7196,unified,1
7197,stepped,1
7198,lights,1
7199,holdouts,1
7200,hardliners,2
7201,oppose,1
7202,roy,2
7203,opposes,1
7204,hawks,1
7205,transparency,1
7206,demonstrating,1
7207,fy,1
7208,fitzpatrick,1
7209,hails,1
7210,swing,1
7211,louisiana,1
7212,anticipate,1
7213,beside,1
7214,massie,1
7215,kentucky,1
7216,hopeful,1
7217,favor,1
7218,anomalies,1
7219,opposed,1
7220,healthcare,2
7221,nutritional,1
7222,acceptable,1
7223,caucus,2
7224,enthusiastically,1
7225,protects,1
7226,chopping,1
7227,billionaire,1
7228,rips,1
7229,sustaining,1
7230,everyday,1
7231,wealthy,1
7232,donors,1
7233,redline,1
7234,hakeem,1
7235,jeffries,1
7236,whip,1
7237,katherine,1
7238,clark,1
7239,aguilar,1
7240,exposes,1
7241,voting,1
7242,upper,1
7243,chamber,1
7244,patty,1
7245,murray,1
7246,appropriator,1
7247,slush,1
7248,pass,2
7249,keys,1
7250,nikole,1
7251,killion,1
7252,jaala,1
7253,ellis,1
7254,huntington,2
7255,calif,1
7256,rodney,67
7257,alcala,69
7258,storage,1
7259,locker,1
7260,robin,1
7261,samsoe,1
7262,cache,67
7263,suggestive,1
7264,pornographic,1
7265,poses,1
7266,handed,1
7267,astronomy,1
7268,eclipse,8
7269,worm,3
7270,shadow,5
7271,hemisphere,1
7272,almanac,3
7273,moonrise,1
7274,zip,1
7275,codes,1
7276,locations,1
7277,passes,1
7278,darkest,1
7279,penumbral,1
7280,eclipses,2
7281,aligned,1
7282,orange,1
7283,moons,1
7284,coloration,1
7285,sunlight,2
7286,filtered,1
7287,slice,1
7288,atmosphere,2
7289,clouds,1
7290,redder,1
7291,sunrises,1
7292,sunsets,1
7293,blog,1
7294,earthworms,1
7295,nears,1
7296,writings,1
7297,1760s,1
7298,worms,1
7299,beetle,1
7300,larvae,1
7301,bark,1
7302,thaw,1
7303,names,2
7304,eagle,1
7305,goose,1
7306,crow,1
7307,rain,1
7308,moonbow,1
7309,rainbow,1
7310,moonlight,1
7311,moonbows,1
7312,fairly,1
7313,apparent,1
7314,sunset,1
7315,viewers,1
7316,glimpse,1
7317,mars,1
7318,constellations,1
7319,dims,1
7320,glow,1
7321,pix11,1
7322,dnainfo,1
7323,trending,1
7324,focusing,1
