,word,frequency
0,contact,60
1,sponsorship,51
2,team,88
3,national,118
4,public,175
5,media,83
6,learn,23
7,opportunities,9
8,brand,16
9,45,53
10,years,338
11,working,135
12,create,35
13,informed,19
14,today,63
15,means,33
16,making,208
17,fact,37
18,based,80
19,journalism,29
20,storytelling,6
21,accessible,13
22,everywhere,49
23,people,1062
24,radio,313
25,digital,31
26,podcasts,31
27,across,101
28,events,23
29,voice,37
30,activation,1
31,iot,1
32,innovative,3
33,corporate,17
34,program,135
35,helps,18
36,sustain,3
37,work,240
38,fuel,3
39,future,337
40,collaboration,24
41,extend,4
42,growing,43
43,number,20
44,platforms,40
45,including,254
46,smart,5
47,speakers,2
48,award,23
49,winning,32
50,integrations,1
51,player,36
52,every,114
53,platform,28
54,designed,6
55,prioritize,3
56,user,34
57,experience,32
58,offer,63
59,transparency,3
60,fit,5
61,aesthetic,1
62,environment,8
63,exclusive,3
64,sales,41
65,delivers,7
66,revenue,16
67,stations,86
68,country,128
69,committed,41
70,supporting,10
71,continued,3
72,growth,5
73,works,84
74,ensure,21
75,valuable,7
76,brands,4
77,audiences,52
78,alike,2
79,advance,5
80,universal,8
81,best,90
82,practices,26
83,audience,54
84,research,42
85,measurement,2
86,product,11
87,design,7
88,creative,13
89,additional,14
90,insights,7
91,advertising,4
92,nationalpublicmedia,2
93,com,7
94,connect,8
95,staff,67
96,speaking,97
97,opportunity,13
98,interview,67
99,request,62
100,email,40
101,devon,1
102,landis,1
103,dlandis,1
104,dot,2
105,funding,181
106,sources,13
107,sponsors,12
108,considered,19
109,access,81
110,principle,1
111,list,64
112,accepted,4
113,however,14
114,potential,17
115,conflict,8
116,interest,17
117,problems,29
118,listener,5
119,misperception,1
120,confusion,3
121,similar,29
122,reason,101
123,regarding,9
124,funder,1
125,role,47
126,influence,28
127,accepting,4
128,rejecting,2
129,underwriting,1
130,sponsor,238
131,message,123
132,become,146
133,march,808
134,20,245
135,2025,1319
136,orange,8
137,new,594
138,black,81
139,uzo,11
140,aduba,21
141,says,906
142,believe,13
143,destiny,10
144,week,152
145,wild,26
146,card,30
147,opens,33
148,motherhood,9
149,shaped,7
150,made,201
151,peace,32
152,mortality,7
153,big,68
154,bird,24
155,politics,26
156,abcs,6
157,television,14
158,show,142
159,represent,20
160,york,144
161,city,63
162,neighborhoods,29
163,like,533
164,harlem,6
165,bronx,7
166,became,23
167,beloved,12
168,families,53
169,around,292
170,divided,7
171,episode,54
172,originally,14
173,ran,17
174,2022,28
175,getting,57
176,sesame,9
177,street,48
178,micro,8
179,drama,10
180,apps,11
181,reelshort,12
182,flickreels,8
183,dramabox,8
184,short,39
185,clips,8
186,add,16
187,movie,49
188,length,16
189,stories,68
190,filmed,8
191,vertically,8
192,follow,28
193,twisty,9
194,plotlines,8
195,without,94
196,turning,10
197,phone,14
198,scenes,9
199,dramas,4
200,fake,8
201,married,7
202,billionaire,10
203,ceo,55
204,left,94
205,true,23
206,heiress,4
207,vs,8
208,queen,11
209,bee,4
210,secret,15
211,obsession,4
212,19,198
213,plus,43
214,amanda,11
215,seyfried,4
216,plays,33
217,police,280
218,officer,40
219,investigating,3
220,disappearance,2
221,sister,5
222,long,160
223,bright,8
224,river,57
225,matt,11
226,infante,3
227,peacock,4
228,18,147
229,set,89
230,philadelphia,7
231,neighborhood,13
232,ravaged,3
233,opioids,2
234,stars,18
235,heartfelt,2
236,series,54
237,centers,20
238,wounded,2
239,communities,15
240,seth,2
241,rogen,8
242,flustered,4
243,hollywood,12
244,executive,177
245,gets,21
246,unexpected,5
247,promotion,6
248,apple,45
249,tv,42
250,comedy,24
251,studio,20
252,real,41
253,executives,8
254,character,13
255,panicked,2
256,stressed,2
257,wears,6
258,sleeve,2
259,head,37
260,really,91
261,could,275
262,get,329
263,fired,30
264,moment,36
265,anything,20
266,feedback,4
267,often,57
268,fear,19
269,george,27
270,lopez,32
271,maximum,6
272,fun,11
273,hq,4
274,daniel,14
275,speer,3
276,talking,60
277,one,380
278,joins,9
279,us,290
280,talk,54
281,daughter,11
282,mayan,3
283,approached,3
284,creating,6
285,sitcom,3
286,also,290
287,upbringing,3
288,relationship,23
289,grandparents,3
290,raised,8
291,style,9
292,changed,16
293,since,145
294,first,238
295,performed,3
296,tonight,3
297,nineties,3
298,adam,9
299,scott,39
300,mark,22
301,scout,6
302,severance,6
303,streaming,12
304,appletv,3
305,17,78
306,ultimate,3
307,life,151
308,balance,7
309,fundamental,6
310,question,29
311,underlies,3
312,hit,32
313,second,42
314,season,93
315,ahead,14
316,finale,5
317,friday,40
318,producer,13
319,rachel,114
320,carlson,3
321,sat,6
322,science,33
323,consultant,3
324,dr,30
325,vijay,6
326,agarwal,3
327,concept,8
328,resoundingly,3
329,possible,88
330,scientists,33
331,closer,6
332,might,65
333,think,305
334,sara,3
335,carton,2
336,ben,7
337,mezzenga,2
338,love,51
339,blind,6
340,clifton,2
341,prescod,3
342,netflix,18
343,15,129
344,two,131
345,women,285
346,dumped,2
347,respective,15
348,fiancés,2
349,altar,2
350,cited,3
351,men,40
352,inability,3
353,engage,12
354,meaningfully,2
355,political,24
356,issues,24
357,important,26
358,partners,13
359,14,88
360,amer,1
361,grew,2
362,kuwait,1
363,enjoyed,1
364,comfortable,5
365,gulf,5
366,war,71
367,forced,11
368,family,188
369,flee,3
370,u,282
371,mo,4
372,broadcast,21
373,john,40
374,mulaney,4
375,hosts,14
376,everybody,14
377,live,76
378,wednesday,51
379,night,46
380,runs,41
381,wednesdays,1
382,starting,12
383,10,229
384,p,5
385,eastern,5
386,11,59
387,weeks,87
388,ryan,11
389,west,31
390,13,115
391,comedian,6
392,going,307
393,nights,3
394,12,68
395,critic,12
396,seemed,3
397,enjoying,1
398,absurdity,1
399,whole,19
400,setup,2
401,much,195
402,actual,8
403,content,138
404,presenting,3
405,joe,18
406,pyne,2
407,everett,1
408,collection,13
409,diaries,1
410,remembers,1
411,controversial,10
412,broadcasters,34
413,american,75
414,history,50
415,paved,1
416,way,193
417,face,20
418,rush,280
419,limbaugh,1
420,white,75
421,lotus,6
422,star,24
423,prepared,7
424,outcome,3
425,natasha,11
426,rothwell,10
427,shares,17
428,advice,22
429,happily,2
430,ignored,7
431,finds,11
432,power,150
433,solitude,2
434,wallace,5
435,attends,5
436,essence,3
437,awards,29
438,fairmont,1
439,century,9
440,plaza,1
441,february,353
442,27,51
443,los,28
444,angeles,28
445,california,25
446,leon,6
447,bennett,2
448,stand,32
449,fifty,1
450,known,51
451,evergreen,1
452,humor,7
453,practically,2
454,royalty,5
455,las,2
456,vegas,6
457,done,75
458,many,280
459,residencies,1
460,lost,61
461,count,8
462,talks,33
463,bullseye,6
464,70s,1
465,welcoming,1
466,everyone,146
467,room,17
468,performer,1
469,preaching,1
470,actually,39
471,found,80
472,myth,5
473,happy,15
474,still,339
475,funny,3
476,bill,21
477,burr,6
478,hulu,9
479,contrarian,2
480,fiery,3
481,lately,4
482,feeling,46
483,lighter,3
484,stage,14
485,latest,40
486,special,39
487,drop,4
488,dead,86
489,high,38
490,risk,115
491,reward,7
492,whether,60
493,musical,23
494,performances,8
495,ceremonies,5
496,sports,15
497,shows,36
498,electric,6
499,charge,11
500,watching,11
501,something,314
502,happening,33
503,debating,2
504,greatest,6
505,moments,13
506,pop,26
507,culture,45
508,viral,3
509,blooper,2
510,travolta,2
511,adele,2
512,dazeem,2
513,flub,2
514,oscars,18
515,kanye,2
516,stating,2
517,bush,12
518,care,59
519,beatles,4
520,debut,11
521,ed,3
522,sullivan,5
523,land,70
524,wins,7
525,documentary,14
526,jason,7
527,armond,3
528,times,160
529,via,169
530,last,188
531,weekend,32
532,academy,12
533,went,118
534,film,57
535,lacks,10
536,distribution,18
537,deal,33
538,powerful,16
539,look,148
540,palestine,4
541,southern,25
542,bank,18
543,received,59
544,widespread,11
545,acclaim,5
546,holding,18
547,back,127
548,seen,47
549,theaters,13
550,america,115
551,kiefer,2
552,sutherland,2
553,designated,42
554,survivor,2
555,turns,11
556,bitter,2
557,ender,2
558,keeps,12
559,dutifully,2
560,train,56
561,jumped,4
562,tracks,7
563,even,187
564,know,291
565,good,161
566,anyway,27
567,enough,207
568,muddle,2
569,revisiting,4
570,conversation,17
571,terrible,32
572,bingeable,2
573,daredevil,6
574,played,11
575,charlie,4
576,cox,4
577,giovanni,4
578,rufino,3
579,marvel,4
580,thunderbolts,3
581,superman,3
582,fantastic,34
583,four,38
584,steps,15
585,shaping,4
586,year,241
587,superheroes,6
588,born,17
589,hesitance,3
590,embrace,8
591,hero,5
592,characters,6
593,pose,4
594,123,1
595,sign,67
596,celebration,9
597,40th,1
598,anniversary,10
599,2009,4
600,astrid,1
601,stawiarz,1
602,layoffs,12
603,come,122
604,200,16
605,workshop,3
606,employees,60
607,announced,21
608,want,238
609,union,42
610,tina,2
611,fey,2
612,mary,11
613,ellen,4
614,matthews,4
615,snl,8
616,photographer,17
617,25,41
618,book,59
619,art,31
620,portrait,11
621,iconic,11
622,celebrity,4
623,photos,14
624,pete,8
625,davidson,2
626,eating,4
627,pasta,2
628,kansas,5
629,current,32
630,forward,37
631,temwa,2
632,chaŵinga,2
633,portland,32
634,thorns,2
635,fc,3
636,defender,4
637,reyna,2
638,reyes,3
639,2024,273
640,reed,3
641,hoffmann,3
642,ap,144
643,trailblazing,2
644,generation,8
645,players,19
646,retiring,3
647,docuseries,2
648,prime,17
649,video,26
650,hear,25
651,group,108
652,coaches,8
653,vying,2
654,next,81
655,soccer,4
656,l,12
657,r,17
658,ariana,4
659,grande,4
660,marcello,1
661,hernández,1
662,heidi,1
663,gardner,1
664,ego,2
665,nwodim,1
666,saturday,16
667,heath,1
668,nbc,1
669,perhaps,36
670,heard,63
671,celebrating,5
672,50th,6
673,mentioned,3
674,twice,2
675,lazy,1
676,sunday,23
677,domingo,1
678,ton,1
679,fascinating,1
680,music,163
681,favorite,15
682,jeanie,4
683,buss,4
684,running,17
685,point,38
686,la,14
687,premiere,3
688,egyptian,2
689,theatre,8
690,charley,6
691,gallay,2
692,starring,7
693,kate,6
694,hudson,10
695,lakers,3
696,president,307
697,inherited,3
698,flamboyant,2
699,father,11
700,contend,3
701,brothers,10
702,front,21
703,office,67
704,belinda,4
705,travels,1
706,thailand,17
707,fabio,1
708,lovino,1
709,hbo,1
710,reprises,1
711,spa,1
712,manager,8
713,woman,31
714,precipice,1
715,change,49
716,straddles,1
717,line,32
718,guest,1
719,staffer,1
720,ari,10
721,shapiro,7
722,host,47
723,wildfires,67
724,ignited,4
725,normal,34
726,fire,481
727,activity,16
728,anticipated,6
729,large,61
730,parts,16
731,month,171
732,texas,207
733,comes,50
734,residents,79
735,panhandle,17
736,marking,4
737,largest,18
738,wildfire,8
739,consumed,4
740,million,86
741,acres,34
742,newsroom,20
743,osier,91
744,lindley,583
745,reports,41
746,say,286
747,recovery,65
748,take,225
749,byline,30
750,canadian,336
751,dozens,16
752,idyllic,7
753,looking,58
754,small,201
755,towns,9
756,dotting,7
757,plains,9
758,community,52
759,laurie,71
760,ezzell,223
761,brown,231
762,nothing,53
763,smokehouse,18
764,creek,18
765,editor,25
766,publisher,12
767,newspaper,12
768,lived,43
769,moved,85
770,quickly,19
771,damage,70
772,little,227
773,time,410
774,shocking,14
775,see,161
776,killed,44
777,businesses,16
778,homes,77
779,destroyed,26
780,53,15
781,houses,19
782,ranches,14
783,surrounding,16
784,town,63
785,000,196
786,cattle,189
787,died,30
788,economy,25
789,largely,32
790,ranching,80
791,85,19
792,beef,23
793,region,113
794,experienced,18
795,drought,26
796,shane,116
797,pennington,661
798,seatbelt,20
799,outside,122
800,wife,93
801,tatum,126
802,climb,22
803,pickup,23
804,truck,26
805,survey,33
806,fields,101
807,ranch,121
808,place,47
809,compared,26
810,lot,94
811,part,138
812,world,146
813,penningtons,73
814,managed,29
815,pasture,29
816,pulled,40
817,area,65
818,drove,32
819,idea,71
820,fixing,32
821,hard,83
822,enter,33
823,graphic,37
824,mean,182
825,alive,41
826,yeah,168
827,falling,47
828,burned,47
829,calves,43
830,herd,48
831,100,151
832,usually,52
833,three,238
834,size,49
835,mode,51
836,replacing,48
837,miles,113
838,fences,45
839,cost,69
840,anywhere,47
841,mile,184
842,thinking,58
843,maybe,71
844,got,182
845,another,191
846,probably,49
847,burning,57
848,xcel,147
849,energy,102
850,acknowledged,49
851,lines,53
852,started,66
853,later,67
854,facing,72
855,several,142
856,lawsuits,53
857,company,165
858,representative,53
859,told,126
860,already,90
861,resolved,71
862,half,77
863,claims,73
864,landowners,50
865,infrastructure,68
866,improvements,48
867,report,97
868,legislature,51
869,estimated,51
870,impact,89
871,ultimately,57
872,exceed,51
873,billion,67
874,state,178
875,legislatures,50
876,considering,52
877,increasing,52
878,fighting,62
879,rural,61
880,areas,63
881,departments,52
882,run,75
883,volunteers,51
884,initial,52
885,shock,50
886,caused,57
887,transitioned,50
888,massive,63
889,relief,66
890,effort,68
891,months,212
892,despite,68
893,devastation,61
894,pitched,54
895,help,164
896,donating,54
897,supplies,67
898,filled,116
899,county,250
900,exhibition,58
901,center,145
902,mallori,119
903,wilhelm,119
904,mother,78
905,five,181
906,rancher,60
907,rebuilding,62
908,lives,91
909,home,147
910,losing,61
911,go,175
912,wow,60
913,awesome,62
914,beauty,65
915,ashes,62
916,truly,76
917,away,106
918,stayed,65
919,industry,82
920,recover,67
921,grass,63
922,awful,71
923,dry,71
924,kicked,64
925,sparked,69
926,would,393
927,burn,68
928,windy,66
929,always,121
930,60,87
931,per,142
932,hour,161
933,70,73
934,sustained,68
935,wind,75
936,days,161
937,puts,72
938,edge,73
939,www,279
940,final,302
941,accuracy,283
942,availability,280
943,vary,281
944,throughline,9
945,machine,22
946,travel,12
947,beyond,12
948,headlines,9
949,answer,8
950,sound,12
951,bring,23
952,put,50
953,middle,57
954,ancient,6
955,civilizations,1
956,forgotten,1
957,figures,2
958,directly,22
959,hosted,5
960,peabody,3
961,journalists,82
962,rund,1
963,abdelfatah,1
964,ramtin,1
965,arablouei,1
966,subscribe,12
967,reframing,1
968,perspective,5
969,shifting,6
970,warping,1
971,unlock,5
972,bonus,2
973,episodes,2
974,free,194
975,listening,17
976,dinosaurs,8
977,carl,2
978,sagan,1
979,nuclear,8
980,distant,21
981,past,54
982,learned,8
983,extinct,4
984,discovery,4
985,cold,6
986,helped,15
987,save,19
988,humans,11
989,fate,6
990,journey,19
991,prehistoric,2
992,age,21
993,explore,16
994,fears,36
995,end,59
996,25th,1
997,amendment,11
998,jfk,1
999,shot,5
1000,idealistic,1
1001,young,32
1002,lawyer,4
1003,mission,40
1004,convince,1
1005,essential,11
1006,missing,16
1007,constitution,13
1008,clear,45
1009,instructions,3
1010,happen,6
1011,longer,30
1012,able,79
1013,serve,18
1014,ongoing,11
1015,story,176
1016,behind,27
1017,amendments,1
1018,man,17
1019,millions,59
1020,americans,44
1021,depend,2
1022,jobs,35
1023,health,147
1024,insurance,109
1025,case,41
1026,wealthy,1
1027,countries,51
1028,system,88
1029,expensive,53
1030,yet,10
1031,leaves,10
1032,vulnerable,8
1033,temporary,4
1034,solution,48
1035,everlasting,2
1036,problem,64
1037,2020,10
1038,framers,1
1039,powers,14
1040,branch,2
1041,deliberately,2
1042,vague,2
1043,opened,4
1044,door,68
1045,decide,6
1046,claim,13
1047,quite,64
1048,material,15
1049,alleged,50
1050,link,12
1051,vaccines,2
1052,autism,4
1053,published,35
1054,1998,2
1055,retracted,1
1056,study,38
1057,medical,16
1058,journal,18
1059,lancet,1
1060,repeatedly,5
1061,disproven,1
1062,evidence,21
1063,related,45
1064,mid,9
1065,2000s,7
1066,fueled,2
1067,distrust,1
1068,government,170
1069,misinformation,2
1070,profile,4
1071,boosters,1
1072,jim,4
1073,carrey,1
1074,robert,36
1075,f,29
1076,kennedy,55
1077,jr,48
1078,roots,4
1079,modern,14
1080,anti,17
1081,vaccine,6
1082,movement,14
1083,botched,1
1084,polio,1
1085,discredited,1
1086,painted,1
1087,wong,9
1088,kim,7
1089,ark,3
1090,asian,7
1091,heroes,6
1092,mural,2
1093,located,10
1094,san,15
1095,francisco,14
1096,chinatown,4
1097,julie,2
1098,caine,1
1099,chinese,18
1100,returned,12
1101,trip,25
1102,china,142
1103,august,7
1104,1895,1
1105,officials,69
1106,let,73
1107,leave,25
1108,ship,5
1109,citing,5
1110,exclusion,5
1111,act,95
1112,denied,8
1113,citizenship,10
1114,immigrants,6
1115,citizen,4
1116,united,77
1117,states,130
1118,january,152
1119,30,64
1120,owns,2
1121,stolen,3
1122,bloody,7
1123,benin,1
1124,bronze,1
1125,africa,6
1126,halls,1
1127,england,3
1128,elite,1
1129,universities,5
1130,tale,3
1131,imperialism,1
1132,betrayal,3
1133,23,23
1134,eighth,4
1135,cruel,2
1136,unusual,3
1137,punishment,1
1138,define,2
1139,boundaries,1
1140,authors,4
1141,imagine,4
1142,death,21
1143,penalty,2
1144,16,26
1145,pesticides,1
1146,cereal,2
1147,plug,3
1148,flying,9
1149,airplane,4
1150,consumers,4
1151,plenty,37
1152,reasons,6
1153,feel,29
1154,corporations,1
1155,interests,23
1156,heart,26
1157,recalls,29
1158,trust,50
1159,low,11
1160,revisit,3
1161,felt,19
1162,empowered,1
1163,demand,4
1164,accountability,4
1165,companies,72
1166,elected,10
1167,leaders,10
1168,results,21
1169,consumer,10
1170,leader,23
1171,famous,4
1172,infamous,1
1173,ralph,2
1174,nader,1
1175,demonstrators,10
1176,gather,25
1177,offices,13
1178,department,173
1179,education,44
1180,washington,127
1181,c,157
1182,protest,31
1183,mass,66
1184,budget,47
1185,cuts,66
1186,agency,127
1187,bryan,7
1188,dozier,7
1189,east,37
1190,afp,141
1191,trump,397
1192,administration,263
1193,cut,35
1194,clotilde,2
1195,poujade,2
1196,french,15
1197,pronunciations,2
1198,students,28
1199,école,4
1200,pointe,4
1201,au,4
1202,chien,4
1203,immersion,2
1204,school,31
1205,terrebonne,2
1206,parish,5
1207,aubri,2
1208,juhasz,2
1209,wwno,2
1210,louisianans,2
1211,speak,43
1212,schools,28
1213,immersing,2
1214,kids,37
1215,focus,49
1216,teaching,3
1217,local,202
1218,dialects,2
1219,podcasting,1
1220,panic,1
1221,mahmoud,24
1222,khalil,39
1223,legal,58
1224,permanent,4
1225,resident,4
1226,columbia,37
1227,alum,3
1228,detained,18
1229,ice,496
1230,leading,21
1231,pro,15
1232,palestinian,36
1233,protests,24
1234,former,76
1235,university,73
1236,captured,9
1237,nation,21
1238,attention,28
1239,speech,38
1240,advocates,6
1241,test,20
1242,meanwhile,5
1243,argues,15
1244,deport,8
1245,charging,4
1246,crime,37
1247,arrest,57
1248,worry,11
1249,supreme,15
1250,court,100
1251,banned,9
1252,affirmative,2
1253,action,28
1254,higher,18
1255,legitimate,9
1256,hispanic,2
1257,overlooked,6
1258,otherwise,21
1259,shut,9
1260,college,24
1261,admissions,2
1262,enrollment,3
1263,numbers,4
1264,showing,6
1265,different,52
1266,cases,29
1267,aid,26
1268,race,22
1269,decision,33
1270,either,5
1271,increased,1
1272,view,19
1273,campus,20
1274,harvard,3
1275,maddie,1
1276,meyer,1
1277,expanded,9
1278,financial,71
1279,plan,39
1280,tuition,1
1281,make,245
1282,less,33
1283,move,25
1284,barred,1
1285,process,54
1286,math,6
1287,teacher,7
1288,diane,2
1289,laney,1
1290,third,106
1291,grade,5
1292,classroom,2
1293,ider,1
1294,serves,3
1295,grades,1
1296,k,4
1297,counters,2
1298,model,8
1299,multiplication,1
1300,charity,2
1301,rachelle,1
1302,alabama,4
1303,4th,1
1304,scores,4
1305,2019,16
1306,pandemic,16
1307,finalists,1
1308,include,40
1309,familiar,7
1310,surprises,2
1311,according,51
1312,annual,25
1313,online,76
1314,learning,9
1315,officers,7
1316,83,3
1317,programs,60
1318,person,28
1319,courses,2
1320,photo,58
1321,collage,4
1322,rather,9
1323,lowering,1
1324,price,10
1325,subsidize,1
1326,everything,23
1327,else,57
1328,protesters,24
1329,rally,9
1330,support,84
1331,activist,3
1332,decrow,1
1333,delivered,4
1334,ultimatum,1
1335,major,35
1336,changes,25
1337,lose,3
1338,billions,17
1339,federal,264
1340,secretary,43
1341,linda,16
1342,mcmahon,11
1343,arrives,9
1344,joint,4
1345,address,30
1346,congress,83
1347,tierney,5
1348,cross,91
1349,scrutiny,1
1350,ivy,1
1351,leagues,1
1352,private,27
1353,targeted,58
1354,georgetown,2
1355,rice,1
1356,vanderbilt,2
1357,grader,1
1358,ethan,6
1359,williams,35
1360,raises,2
1361,hand,12
1362,reading,18
1363,instruction,1
1364,mhari,2
1365,shaw,4
1366,louisiana,7
1367,fourth,6
1368,graders,1
1369,ranked,1
1370,16th,1
1371,district,9
1372,doors,3
1373,day,154
1374,lay,8
1375,nearly,57
1376,nathan,1
1377,howard,2
1378,reuters,2
1379,civil,55
1380,institute,51
1381,sciences,4
1382,student,26
1383,especially,61
1384,impacted,5
1385,tuesday,42
1386,chloe,3
1387,kienzle,1
1388,arlington,2
1389,va,5
1390,holds,11
1391,stands,7
1392,job,173
1393,schiefelbein,1
1394,unions,1
1395,parent,5
1396,groups,40
1397,condemned,3
1398,choice,30
1399,celebrated,6
1400,dozen,20
1401,institutions,8
1402,nationwide,11
1403,recently,26
1404,hiring,9
1405,freeze,13
1406,uncertainties,2
1407,mel,1
1408,musto,1
1409,bloomberg,12
1410,cutting,14
1411,experts,89
1412,hurt,5
1413,faculty,1
1414,competitive,3
1415,walks,7
1416,building,86
1417,feb,65
1418,gent,1
1419,shkullaku,1
1420,zuma,1
1421,press,56
1422,wire,2
1423,alamy,1
1424,300,33
1425,positions,3
1426,result,9
1427,reduction,7
1428,force,70
1429,roughly,5
1430,600,61
1431,voluntary,2
1432,resignations,1
1433,retired,4
1434,shown,19
1435,encampment,11
1436,april,26
1437,29,25
1438,ted,3
1439,shaffrey,2
1440,inside,51
1441,owned,13
1442,apartment,3
1443,immigration,206
1444,customs,12
1445,enforcement,115
1446,agents,41
1447,entered,4
1448,took,52
1449,custody,4
1450,service,184
1451,loan,3
1452,forgiveness,1
1453,provided,36
1454,hundreds,38
1455,thousands,54
1456,borrowers,2
1457,brynn,1
1458,anderson,2
1459,forgives,1
1460,loans,5
1461,exclude,4
1462,certain,27
1463,organizations,58
1464,organize,5
1465,dueling,1
1466,memorials,1
1467,rallies,2
1468,israel,75
1469,palestinians,23
1470,gaza,104
1471,october,45
1472,7th,1
1473,hamas,50
1474,attack,2
1475,oct,8
1476,alex,10
1477,kent,2
1478,cancelling,1
1479,grants,19
1480,failure,11
1481,protect,21
1482,jewish,6
1483,antisemitism,32
1484,attendees,5
1485,applaud,1
1486,brad,2
1487,schimel,2
1488,announces,1
1489,wisconsin,8
1490,thursday,36
1491,nov,10
1492,2023,55
1493,waukesha,1
1494,wis,1
1495,angela,5
1496,wpr,1
1497,track,8
1498,break,12
1499,spending,19
1500,records,7
1501,contest,7
1502,turned,35
1503,heated,1
1504,races,3
1505,house,100
1506,chamber,1
1507,session,6
1508,capitol,23
1509,jose,2
1510,luis,2
1511,magana,2
1512,draft,7
1513,obtained,14
1514,acknowledges,2
1515,signature,2
1516,responsibilities,3
1517,cannot,40
1518,legally,4
1519,altered,2
1520,congressional,6
1521,approval,3
1522,decades,46
1523,children,61
1524,sleetmute,1
1525,alaska,2
1526,leaking,1
1527,roof,1
1528,requests,13
1529,fix,4
1530,full,67
1531,mold,2
1532,danger,4
1533,collapse,1
1534,illustration,15
1535,shoshana,1
1536,gordon,1
1537,propublica,2
1538,emily,16
1539,schwing,1
1540,kyuk,1
1541,michael,50
1542,grabell,1
1543,districts,4
1544,fund,13
1545,construction,26
1546,maintenance,5
1547,projects,57
1548,lawmakers,14
1549,primarily,2
1550,indigenous,3
1551,pictured,8
1552,senate,47
1553,confirmation,18
1554,hearing,45
1555,previously,15
1556,led,28
1557,business,35
1558,wrestling,6
1559,entertainment,10
1560,wwe,2
1561,saul,1
1562,loeb,1
1563,intends,2
1564,dismantle,7
1565,oversee,1
1566,hold,68
1567,flags,3
1568,umass,1
1569,amherst,1
1570,graduation,3
1571,event,14
1572,tlumacki,1
1573,boston,12
1574,globe,7
1575,warned,4
1576,international,83
1577,deems,1
1578,terrorist,1
1579,find,50
1580,activists,3
1581,anxious,2
1582,martin,109
1583,note,18
1584,actor,11
1585,traction,1
1586,auditions,1
1587,convinced,1
1588,give,17
1589,law,126
1590,exact,2
1591,came,35
1592,saying,16
1593,landed,8
1594,suzanne,6
1595,honestly,3
1596,pretty,34
1597,sure,18
1598,damn,1
1599,sense,28
1600,authority,28
1601,competence,1
1602,playing,9
1603,shirley,1
1604,chisholm,3
1605,mrs,3
1606,therapist,3
1607,brooke,3
1608,taylor,2
1609,treatment,9
1610,shonda,1
1611,rhimes,1
1612,residence,4
1613,detective,3
1614,cordelia,2
1615,cupp,1
1616,suffers,1
1617,zero,9
1618,fools,1
1619,whodunnit,1
1620,trailer,2
1621,lady,12
1622,detectives,177
1623,used,78
1624,weight,4
1625,bear,9
1626,clearly,20
1627,smartest,1
1628,spends,3
1629,explaining,1
1630,things,84
1631,keep,102
1632,yes,71
1633,sliding,1
1634,scenario,2
1635,taken,39
1636,entirely,12
1637,professional,20
1638,direction,9
1639,watched,3
1640,inhabit,1
1641,impossible,4
1642,edited,18
1643,clarity,10
1644,asks,6
1645,guests,4
1646,randomly,1
1647,selected,8
1648,questions,46
1649,deck,3
1650,cards,10
1651,tap,1
1652,play,17
1653,listen,29
1654,podcast,31
1655,read,17
1656,excerpt,3
1657,parents,14
1658,worked,21
1659,humble,1
1660,beginnings,1
1661,financially,2
1662,seven,9
1663,bedroom,2
1664,majority,15
1665,supplement,1
1666,household,3
1667,income,10
1668,mom,21
1669,social,28
1670,worker,14
1671,trade,12
1672,picked,5
1673,shift,8
1674,mcdonald,5
1675,thought,39
1676,cool,26
1677,chicken,3
1678,nuggets,1
1679,ever,29
1680,ask,62
1681,amazing,4
1682,stopped,23
1683,needed,11
1684,supplemental,1
1685,sears,26
1686,clothing,8
1687,section,25
1688,double,9
1689,master,3
1690,self,13
1691,conscious,2
1692,proud,2
1693,remember,16
1694,brat,2
1695,mall,2
1696,afraid,6
1697,somebody,3
1698,whatever,12
1699,meant,10
1700,tolerant,1
1701,piss,1
1702,poor,5
1703,behavior,9
1704,realizing,10
1705,grown,5
1706,version,108
1707,mind,9
1708,fierce,1
1709,academic,1
1710,shifted,2
1711,respect,11
1712,appreciated,1
1713,wound,1
1714,call,193
1715,oh,39
1716,gosh,2
1717,gracious,1
1718,forgive,1
1719,actress,11
1720,accepts,2
1721,outstanding,1
1722,67th,5
1723,primetime,1
1724,emmy,1
1725,september,24
1726,2015,7
1727,kevin,10
1728,winter,8
1729,particularly,7
1730,gone,70
1731,angels,1
1732,teachers,2
1733,neighbors,6
1734,guided,3
1735,guardrails,1
1736,pathways,1
1737,definitely,6
1738,pursued,1
1739,necessarily,3
1740,predestined,1
1741,closest,6
1742,thing,18
1743,wanted,8
1744,completion,3
1745,kind,87
1746,complete,10
1747,piece,6
1748,though,21
1749,supposed,97
1750,husband,7
1751,grief,2
1752,attached,7
1753,meet,36
1754,wonder,6
1755,absolutely,4
1756,huge,30
1757,figure,23
1758,stop,172
1759,period,16
1760,loved,6
1761,rib,2
1762,eve,1
1763,image,43
1764,bummed,1
1765,example,19
1766,developed,5
1767,classic,7
1768,phrase,2
1769,expression,7
1770,finger,2
1771,wag,2
1772,threes,1
1773,sing,4
1774,songy,1
1775,ism,1
1776,nonyem,1
1777,nowhere,4
1778,adaiba,1
1779,dawned,1
1780,baked,2
1781,woo,3
1782,heaven,2
1783,reach,30
1784,miss,11
1785,birthday,9
1786,christmas,6
1787,christening,1
1788,holiday,4
1789,birth,2
1790,well,159
1791,worlds,3
1792,places,35
1793,crying,4
1794,saw,33
1795,dear,1
1796,position,48
1797,faced,8
1798,currently,8
1799,gives,9
1800,strange,20
1801,comfort,3
1802,club,18
1803,scary,5
1804,desperately,5
1805,guess,2
1806,echo,1
1807,asked,40
1808,ill,2
1809,mommy,6
1810,dying,6
1811,wish,5
1812,thus,1
1813,die,7
1814,76th,1
1815,tony,6
1816,palace,4
1817,theater,7
1818,june,26
1819,cindy,1
1820,ord,1
1821,productions,2
1822,goes,14
1823,provide,55
1824,context,5
1825,developments,3
1826,recite,6
1827,prayer,9
1828,bodies,13
1829,victims,12
1830,israeli,62
1831,overnight,12
1832,airstrikes,21
1833,northern,21
1834,strip,22
1835,indonesian,7
1836,hospital,15
1837,beit,9
1838,lahia,8
1839,bashar,16
1840,taleb,13
1841,military,48
1842,ground,32
1843,offensive,15
1844,least,45
1845,80,8
1846,wave,11
1847,strikes,15
1848,rockets,7
1849,broke,14
1850,recent,59
1851,ceasefire,46
1852,conducting,5
1853,killing,8
1854,along,48
1855,400,16
1856,others,78
1857,restarted,3
1858,operations,52
1859,sending,6
1860,troops,8
1861,withdrawn,3
1862,agree,26
1863,release,66
1864,hostages,23
1865,israelis,6
1866,opposed,3
1867,return,30
1868,resumption,5
1869,sounds,10
1870,warning,12
1871,contains,17
1872,descriptions,9
1873,soldiers,3
1874,patrol,4
1875,launched,18
1876,punishing,2
1877,jack,25
1878,guez,3
1879,retreated,3
1880,walk,15
1881,amid,9
1882,rubble,5
1883,strike,5
1884,jabalia,2
1885,deadly,6
1886,drew,8
1887,global,34
1888,condemnation,3
1889,alternative,17
1890,resume,9
1891,order,151
1892,pressure,14
1893,budging,2
1894,freed,5
1895,oppose,3
1896,renewed,2
1897,cries,3
1898,sitting,10
1899,nuseirat,3
1900,refugee,6
1901,camp,6
1902,central,17
1903,eyad,5
1904,baba,21
1905,ended,18
1906,injured,9
1907,fill,108
1908,cans,2
1909,water,51
1910,jabaliya,1
1911,arab,3
1912,negotiators,2
1913,trying,19
1914,broker,1
1915,avert,2
1916,begin,5
1917,serious,52
1918,negotiations,3
1919,toward,13
1920,formal,1
1921,breakdown,5
1922,beginning,3
1923,abdel,3
1924,kareem,2
1925,hana,3
1926,mediators,1
1927,secure,8
1928,living,53
1929,24,28
1930,believed,11
1931,held,89
1932,hani,6
1933,al,21
1934,farra,6
1935,2013,9
1936,assad,8
1937,forces,8
1938,mothers,7
1939,sent,12
1940,youth,9
1941,orphanages,5
1942,syrians,3
1943,whose,39
1944,vanished,6
1945,seeking,8
1946,investigates,7
1947,mourn,1
1948,relatives,2
1949,airstrike,3
1950,lahiya,1
1951,targeting,9
1952,terrorists,2
1953,operating,6
1954,drone,3
1955,defense,28
1956,basal,1
1957,workers,44
1958,london,7
1959,khair,1
1960,foundation,15
1961,jehad,1
1962,alshrafi,1
1963,nine,52
1964,witnesses,2
1965,syria,10
1966,decade,12
1967,ago,38
1968,regime,2
1969,focused,13
1970,crushing,2
1971,uprising,1
1972,challenged,9
1973,rule,3
1974,detention,42
1975,swept,1
1976,arrested,13
1977,investigation,11
1978,separated,1
1979,placed,9
1980,damascus,5
1981,intelligence,7
1982,ordered,19
1983,friends,30
1984,captive,3
1985,attacks,9
1986,militants,3
1987,banner,2
1988,bearing,2
1989,portraits,2
1990,demonstration,12
1991,calling,38
1992,ministry,4
1993,tel,8
1994,aviv,8
1995,militant,2
1996,labeled,2
1997,willing,14
1998,hostage,8
1999,ghassan,1
2000,mamouli,1
2001,inspects,3
2002,site,19
2003,garthwaite,1
2004,upscale,1
2005,destroying,3
2006,vacant,2
2007,steve,60
2008,witkoff,2
2009,envoy,4
2010,speaks,48
2011,leaving,20
2012,qatar,4
2013,anna,22
2014,moneymaker,13
2015,mideast,1
2016,taking,57
2017,stronghold,3
2018,deposed,2
2019,dictator,1
2020,violence,9
2021,alawites,2
2022,religious,9
2023,minority,9
2024,fled,5
2025,highlights,7
2026,challenges,13
2027,faces,10
2028,uniting,1
2029,incident,3
2030,alawite,1
2031,sect,1
2032,abdulwahab,3
2033,omira,5
2034,28,35
2035,2012,2
2036,teenager,3
2037,graduate,3
2038,stanford,6
2039,ways,32
2040,tech,7
2041,rebuild,3
2042,escaped,1
2043,budding,2
2044,entrepreneur,1
2045,hoping,5
2046,jumpstart,2
2047,displacement,4
2048,saudi,2
2049,arabia,2
2050,jordan,39
2051,electricity,5
2052,supply,53
2053,battered,1
2054,separate,12
2055,statements,18
2056,reject,3
2057,ethnic,3
2058,cleansing,1
2059,plans,22
2060,polls,4
2061,suggest,5
2062,open,15
2063,fills,3
2064,cistern,1
2065,desalination,1
2066,plant,17
2067,earlier,61
2068,generators,1
2069,affairs,18
2070,boehler,1
2071,within,54
2072,defends,1
2073,direct,4
2074,syrian,5
2075,security,33
2076,reinforcements,2
2077,deploy,1
2078,latakia,1
2079,omar,3
2080,albam,1
2081,imposed,3
2082,curfews,1
2083,coastal,2
2084,clashes,2
2085,fighters,1
2086,loyal,1
2087,ashraf,1
2088,zughayer,1
2089,released,34
2090,prison,34
2091,hugs,1
2092,kfur,1
2093,aqab,1
2094,jerusalem,5
2095,jan,28
2096,afif,1
2097,h,5
2098,amireh,1
2099,prisoners,2
2100,detainees,5
2101,harassed,1
2102,raided,1
2103,members,69
2104,russian,39
2105,sasha,1
2106,trupanov,1
2107,fellow,7
2108,sagui,1
2109,dekel,1
2110,chen,1
2111,handover,1
2112,red,19
2113,khan,1
2114,younis,1
2115,sixth,2
2116,prisoner,1
2117,exchange,4
2118,official,11
2119,tells,17
2120,dual,10
2121,citizens,5
2122,flag,1
2123,basset,2
2124,sarout,2
2125,homs,1
2126,31,21
2127,yahya,1
2128,nemah,1
2129,poster,2
2130,child,28
2131,revolution,1
2132,anthems,1
2133,saint,8
2134,alone,7
2135,ilana,1
2136,gritzewsky,1
2137,smoke,1
2138,torch,1
2139,domestic,4
2140,battle,2
2141,warnings,1
2142,failed,9
2143,seriously,4
2144,amir,2
2145,levy,1
2146,minister,45
2147,benjamin,7
2148,netanyahu,7
2149,deflected,1
2150,responsibility,8
2151,remarks,3
2152,following,49
2153,meeting,12
2154,speaker,3
2155,mike,7
2156,johnson,48
2157,07,2
2158,dc,22
2159,kayla,6
2160,bartkowski,6
2161,correspondent,14
2162,takes,74
2163,near,27
2164,eyes,8
2165,opposite,4
2166,directions,3
2167,politically,3
2168,wants,49
2169,continue,18
2170,influential,1
2171,wing,5
2172,coalition,4
2173,compounded,91
2174,alternatives,85
2175,zepbound,101
2176,guido,5
2177,mieth,5
2178,vision,13
2179,compounding,156
2180,pharmacies,115
2181,allowed,23
2182,essentially,58
2183,cheaper,23
2184,eli,67
2185,lilly,154
2186,patients,248
2187,wondering,10
2188,covid,14
2189,pushing,59
2190,treatments,7
2191,condition,2
2192,tandem,1
2193,suffering,2
2194,myalgic,1
2195,encephalomyelitis,1
2196,chronic,2
2197,fatigue,4
2198,syndrome,1
2199,cfs,1
2200,anadolu,5
2201,effective,9
2202,researchers,22
2203,finally,9
2204,headway,1
2205,keith,2
2206,thomas,19
2207,paralysis,2
2208,poses,13
2209,northwell,1
2210,feinstein,4
2211,institutes,7
2212,restore,1
2213,lasting,5
2214,arm,2
2215,neural,2
2216,bypass,2
2217,uses,15
2218,brain,14
2219,implants,1
2220,artificial,4
2221,allow,16
2222,signals,4
2223,injury,4
2224,matthew,7
2225,libassi,1
2226,index,4
2227,thanks,6
2228,technology,13
2229,reconnected,1
2230,body,20
2231,jay,6
2232,bhattacharya,3
2233,professor,11
2234,nominee,7
2235,lead,34
2236,hill,19
2237,policy,80
2238,tough,29
2239,questioning,7
2240,committee,31
2241,myra,2
2242,solano,2
2243,garcia,5
2244,upland,1
2245,alzheimer,7
2246,disease,10
2247,approved,16
2248,drugs,66
2249,market,110
2250,try,86
2251,slow,8
2252,symptoms,3
2253,zaydee,2
2254,sanchez,1
2255,drug,61
2256,kisunla,1
2257,drive,6
2258,cook,9
2259,ken,2
2260,susan,9
2261,bell,5
2262,st,10
2263,charles,5
2264,b,39
2265,miketphotog,1
2266,26,38
2267,sue,4
2268,receive,32
2269,marketed,1
2270,leqembi,1
2271,difference,3
2272,telehealth,68
2273,partnered,2
2274,pharmacy,65
2275,lacked,5
2276,required,43
2277,license,7
2278,raising,9
2279,doubts,4
2280,safety,16
2281,efficacy,1
2282,loss,32
2283,medicines,1
2284,mailed,1
2285,ione,1
2286,doug,4
2287,whitney,5
2288,megan,5
2289,farmer,6
2290,washu,1
2291,medicine,47
2292,develop,4
2293,50,11
2294,understand,66
2295,remains,3
2296,healthy,2
2297,75,57
2298,participant,1
2299,mccullough,1
2300,adaptive,1
2301,exercise,17
2302,bike,2
2303,testing,5
2304,pittsburgh,2
2305,nate,8
2306,langer,1
2307,upmc,1
2308,spinal,2
2309,muscular,1
2310,atrophy,1
2311,improved,4
2312,muscle,5
2313,strength,4
2314,farther,1
2315,daily,11
2316,stimulation,1
2317,clinical,1
2318,conducted,2
2319,bethesda,2
2320,md,5
2321,continues,8
2322,recruitment,5
2323,among,35
2324,doctors,10
2325,sprawling,3
2326,dependent,2
2327,meteorologists,1
2328,severe,16
2329,weather,23
2330,storm,4
2331,oklahoma,2
2332,2017,20
2333,close,17
2334,supercell,1
2335,storms,9
2336,tornadoes,1
2337,better,27
2338,formation,1
2339,improve,9
2340,prediction,1
2341,angerer,3
2342,canceled,9
2343,grant,25
2344,review,22
2345,panels,4
2346,unclear,5
2347,pause,3
2348,spravato,1
2349,name,118
2350,esketamine,2
2351,newly,5
2352,indication,1
2353,resistant,1
2354,depression,4
2355,tadamichi,1
2356,istockphoto,7
2357,21,40
2358,fda,38
2359,antidepressant,1
2360,derived,6
2361,anesthetic,1
2362,party,86
2363,ketamine,1
2364,prescribed,1
2365,treat,8
2366,cancer,10
2367,incidence,2
2368,rising,8
2369,faster,4
2370,fstop123,1
2371,e,9
2372,society,11
2373,mix,13
2374,lower,20
2375,rates,20
2376,younger,5
2377,william,6
2378,wilcox,1
2379,marines,4
2380,heavy,9
2381,weapons,6
2382,shoulder,1
2383,mounted,1
2384,missile,4
2385,launchers,1
2386,blast,1
2387,waves,11
2388,arteriovenous,1
2389,malformation,2
2390,avm,1
2391,subsequent,3
2392,surgery,3
2393,epilepsy,1
2394,memory,5
2395,kelly,27
2396,kwest_photo,1
2397,suspect,31
2398,firing,4
2399,rare,11
2400,potentially,8
2401,fatal,1
2402,regulators,1
2403,cracked,1
2404,mushroom,2
2405,edibles,2
2406,containing,1
2407,amanita,2
2408,muscaria,2
2409,fly,3
2410,agaric,1
2411,mounting,1
2412,concerns,16
2413,karl,2
2414,josef,1
2415,hildenbrand,1
2416,dpa,1
2417,december,64
2418,food,114
2419,manufacturers,9
2420,psychoactive,1
2421,authorized,22
2422,standards,11
2423,surgical,1
2424,nyu,2
2425,langone,2
2426,montgomery,1
2427,transplants,1
2428,kidney,2
2429,genetically,5
2430,modified,6
2431,pig,2
2432,patient,5
2433,towana,1
2434,looney,3
2435,dialysis,1
2436,2016,24
2437,carrotta,1
2438,immune,3
2439,human,27
2440,organ,2
2441,hope,54
2442,organs,1
2443,prove,36
2444,safe,9
2445,alleviate,4
2446,shortage,34
2447,geri,2
2448,landman,2
2449,lucy,3
2450,gene,30
2451,editing,3
2452,technique,3
2453,treating,1
2454,illnesses,1
2455,consider,43
2456,conditions,20
2457,approach,125
2458,widely,12
2459,available,78
2460,erica,1
2461,hayes,1
2462,40,9
2463,sits,5
2464,sofa,1
2465,box,18
2466,needs,14
2467,manage,9
2468,irregular,1
2469,rate,8
2470,blood,8
2471,hives,1
2472,migraines,1
2473,internal,8
2474,tremors,1
2475,sarah,6
2476,boden,1
2477,november,42
2478,allocated,2
2479,far,72
2480,bringing,9
2481,push,4
2482,harder,7
2483,breakthroughs,1
2484,type,10
2485,neuron,2
2486,affected,38
2487,early,36
2488,koto_feja,1
2489,cells,10
2490,84,1
2491,brains,6
2492,distinct,3
2493,phases,1
2494,tj,1
2495,35,5
2496,nicole,4
2497,41,2
2498,chimp,3
2499,alamogordo,1
2500,primate,1
2501,facility,5
2502,mexico,23
2503,2018,17
2504,expected,28
2505,arrive,1
2506,coming,19
2507,kierstin,1
2508,luckett,1
2509,chimpanzees,1
2510,deemed,3
2511,feeble,1
2512,nih,2
2513,kept,3
2514,kelsey,1
2515,leonardsmith,1
2516,colleague,15
2517,dylan,1
2518,flunker,1
2519,garden,7
2520,tree,16
2521,clinic,5
2522,minneapolis,7
2523,nurses,2
2524,gender,21
2525,affirming,7
2526,minnesota,61
2527,selena,3
2528,simmons,4
2529,duffin,3
2530,ban,56
2531,clinics,3
2532,capacity,5
2533,influx,1
2534,trans,9
2535,traveling,2
2536,moving,11
2537,veronica,1
2538,des,3
2539,moines,1
2540,iowa,1
2541,estrogen,1
2542,pills,9
2543,regret,5
2544,puberty,3
2545,blockers,3
2546,hormones,5
2547,jama,1
2548,pediatrics,1
2549,showed,2
2550,teens,4
2551,radiologists,1
2552,mammograms,1
2553,signs,6
2554,breast,4
2555,arterial,2
2556,calcification,2
2557,linked,16
2558,cardiovascular,1
2559,bsip,1
2560,22,23
2561,check,12
2562,scan,3
2563,remain,8
2564,iv,5
2565,fluids,2
2566,strain,1
2567,north,67
2568,carolina,7
2569,jae,3
2570,hong,4
2571,hurricane,17
2572,helene,3
2573,flooded,3
2574,fluid,1
2575,factory,1
2576,mitigate,1
2577,shortages,14
2578,username,1
2579,file,12
2580,send,19
2581,code,23
2582,reset,1
2583,password,3
2584,verification,2
2585,emailed,2
2586,account,22
2587,log,1
2588,liking,1
2589,added,30
2590,jury,21
2591,convicted,5
2592,feeding,13
2593,founder,13
2594,aimee,3
2595,bock,21
2596,restaurateur,3
2597,salim,3
2598,charges,42
2599,fraud,11
2600,bribery,2
2601,trial,18
2602,followed,5
2603,lengthy,7
2604,scheme,5
2605,fleece,3
2606,taxpayers,17
2607,250,4
2608,exploiting,1
2609,nutrition,3
2610,jurors,3
2611,deliberated,1
2612,hours,42
2613,finding,10
2614,44,1
2615,guilty,4
2616,counts,3
2617,36,3
2618,included,15
2619,money,162
2620,laundering,1
2621,judge,42
2622,nancy,1
2623,brasel,3
2624,jailed,27
2625,date,18
2626,sentencing,1
2627,deception,3
2628,pair,13
2629,significant,34
2630,sentence,2
2631,cried,1
2632,marshals,1
2633,handcuffed,1
2634,mpr,3
2635,turn,65
2636,noise,1
2637,build,22
2638,shared,26
2639,understanding,18
2640,resource,4
2641,trusted,5
2642,attorney,13
2643,udoibok,1
2644,declined,3
2645,comment,36
2646,courtroom,1
2647,kare,1
2648,quick,8
2649,verdict,13
2650,indicated,4
2651,likely,73
2652,minds,3
2653,prosecutors,33
2654,described,22
2655,cash,4
2656,crisis,7
2657,gripped,1
2658,overwhelming,2
2659,knew,23
2660,prosecutor,2
2661,thompson,45
2662,reporters,10
2663,verdicts,1
2664,acting,7
2665,lisa,7
2666,kirkpatrick,2
2667,called,136
2668,actions,40
2669,reprehensible,1
2670,golden,11
2671,enrich,2
2672,criminal,145
2673,overall,5
2674,charged,8
2675,pleaded,3
2676,fbi,5
2677,irs,13
2678,postal,3
2679,inspection,1
2680,defendants,31
2681,rocked,2
2682,allegations,5
2683,attempted,2
2684,symbolize,2
2685,shame,2
2686,hopefully,1
2687,chapter,3
2688,testimony,4
2689,six,141
2690,32,3
2691,prosecution,1
2692,forensic,2
2693,accountants,4
2694,began,16
2695,2021,26
2696,dismissed,4
2697,served,9
2698,alternate,2
2699,crafted,2
2700,narrative,4
2701,organized,7
2702,facilitate,4
2703,phony,1
2704,board,31
2705,directors,10
2706,stayberg,2
2707,paul,11
2708,bartender,1
2709,listed,9
2710,nonprofit,49
2711,documents,5
2712,testified,9
2713,met,8
2714,mutual,1
2715,signed,50
2716,petition,1
2717,42,2
2718,realized,1
2719,purported,1
2720,jamie,6
2721,phelps,1
2722,senkler,1
2723,knowledge,6
2724,never,54
2725,attended,2
2726,meetings,4
2727,minutes,19
2728,seized,1
2729,headquarters,31
2730,coordinated,2
2731,raids,3
2732,present,13
2733,informal,2
2734,operators,2
2735,restaurants,2
2736,smaller,44
2737,nonprofits,1
2738,cooperated,1
2739,hopes,9
2740,receiving,3
2741,lenient,2
2742,sentences,2
2743,mohamed,1
2744,ali,7
2745,hussein,4
2746,operated,9
2747,somali,2
2748,faribault,1
2749,promised,7
2750,dream,11
2751,filling,1
2752,fraudulent,1
2753,meal,8
2754,reimbursement,1
2755,forms,6
2756,lul,1
2757,bashir,1
2758,stealing,2
2759,agreed,10
2760,cooperate,5
2761,echoing,1
2762,recounted,1
2763,employee,29
2764,abdikerm,1
2765,eidleh,3
2766,restaurant,4
2767,pick,24
2768,kickbacks,1
2769,visits,1
2770,facetime,1
2771,confirm,9
2772,payments,11
2773,native,16
2774,somalia,1
2775,waive,1
2776,fifth,3
2777,incrimination,1
2778,withering,1
2779,examination,1
2780,assistant,4
2781,admitted,2
2782,dollars,29
2783,worth,16
2784,knowing,6
2785,irregularities,1
2786,documentation,3
2787,sites,40
2788,vendors,33
2789,south,36
2790,meals,5
2791,rich,8
2792,multiple,13
2793,operate,9
2794,collect,53
2795,checks,2
2796,ruse,1
2797,transfers,8
2798,investments,4
2799,search,11
2800,pleased,2
2801,announce,1
2802,shaylor,1
2803,morning,22
2804,edition,15
2805,renee,3
2806,montagne,2
2807,allison,4
2808,shelley,2
2809,eric,18
2810,marrapodi,1
2811,voices,12
2812,studios,12
2813,extra,31
2814,communications,14
2815,organizational,4
2816,announcements,5
2817,share,93
2818,occasional,5
2819,peek,2
2820,personalities,2
2821,deliver,8
2822,values,6
2823,connections,2
2824,samantha,1
2825,melbourneweaver,1
2826,krishnadev,2
2827,calamur,2
2828,yukhananov,4
2829,dana,3
2830,farrington,2
2831,yolanda,4
2832,sangweni,1
2833,sommer,4
2834,richards,1
2835,cavin,2
2836,isabel,1
2837,lara,1
2838,meg,2
2839,brennan,2
2840,evans,4
2841,ciera,1
2842,crawford,3
2843,guide,23
2844,sale,14
2845,edith,1
2846,chapin,1
2847,monday,30
2848,9th,1
2849,pallavi,1
2850,gogoi,1
2851,member,89
2852,win,36
2853,edward,1
2854,murrow,1
2855,july,20
2856,ameera,1
2857,multiplatform,1
2858,desk,190
2859,catherine,1
2860,laidlaw,1
2861,russell,21
2862,lewis,4
2863,ammad,1
2864,natalie,2
2865,winston,3
2866,breaking,7
2867,reporting,30
2868,ann,14
2869,cottrell,1
2870,animal,10
2871,biomedical,1
2872,harvest,4
2873,horseshoe,1
2874,crabs,2
2875,regulation,5
2876,fiona,2
2877,ritchie,4
2878,courtesy,37
2879,muthoni,1
2880,muturi,1
2881,andrew,26
2882,sussman,5
2883,starts,6
2884,detrow,3
2885,curates,1
2886,analysis,11
2887,updates,5
2888,47th,3
2889,focusing,5
2890,policies,35
2891,challenge,14
2892,precedent,3
2893,upend,1
2894,norms,3
2895,efforts,26
2896,benefit,4
2897,voters,7
2898,subscribing,5
2899,veneman,1
2900,w,12
2901,agriculture,4
2902,farmers,8
2903,ruled,5
2904,elon,19
2905,musk,22
2906,doge,13
2907,violated,5
2908,effectively,7
2909,usaid,24
2910,appeal,17
2911,flew,2
2912,planes,2
2913,venezuelan,5
2914,el,15
2915,salvador,11
2916,blocking,2
2917,flights,4
2918,demanding,3
2919,doj,2
2920,explain,17
2921,ruling,6
2922,investigated,1
2923,racial,7
2924,discrimination,10
2925,campaign,14
2926,dei,20
2927,fight,14
2928,nullify,1
2929,birthright,1
2930,issued,9
2931,blocked,3
2932,persisting,1
2933,embattled,6
2934,canada,25
2935,impending,2
2936,tariffs,27
2937,european,54
2938,loom,3
2939,bourbon,2
2940,makers,4
2941,kentucky,3
2942,footing,1
2943,path,17
2944,steel,25
2945,aluminum,5
2946,trading,5
2947,effect,13
2948,rescinded,3
2949,rest,11
2950,update,13
2951,halted,4
2952,deportation,8
2953,border,6
2954,quieter,4
2955,vice,7
2956,vance,6
2957,deserves,4
2958,credit,10
2959,migrant,2
2960,apprehensions,1
2961,publishing,2
2962,air,26
2963,pollution,4
2964,data,88
2965,attempts,2
2966,shrink,7
2967,worldwide,5
2968,standard,9
2969,measuring,1
2970,quality,9
2971,feng,5
2972,corrects,1
2973,errors,3
2974,corrections,3
2975,archives,6
2976,written,20
2977,error,3
2978,please,46
2979,incorrectly,45
2980,stated,8
2981,darwin,3
2982,requesting,5
2983,donation,14
2984,costs,12
2985,requested,9
2986,amount,16
2987,150,3
2988,pregnant,4
2989,referred,6
2990,daniela,1
2991,couso,1
2992,liana,1
2993,chau,1
2994,incorrect,6
2995,article,7
2996,ascribed,1
2997,statement,24
2998,gutting,3
2999,backed,8
3000,kremlin,2
3001,spokesperson,8
3002,remark,1
3003,dog,19
3004,unnamed,1
3005,moscow,9
3006,electra,1
3007,paskett,1
3008,pronounced,1
3009,clarify,10
3010,monument,3
3011,embassy,10
3012,briefly,6
3013,removed,23
3014,cleaning,24
3015,fuller,2
3016,description,3
3017,origins,33
3018,ms,27
3019,previous,46
3020,misspelled,16
3021,instrumentation,1
3022,cassandra,1
3023,cummings,1
3024,naltrexone,1
3025,bupropion,1
3026,cerave,1
3027,contrave,1
3028,jerry,1
3029,seinfeld,1
3030,sienfeld,1
3031,massachusetts,3
3032,fair,6
3033,housing,20
3034,director,38
3035,maureen,4
3036,cyr,2
3037,plaintiff,1
3038,lawsuit,37
3039,hud,1
3040,voucher,1
3041,holders,2
3042,joined,14
3043,reported,24
3044,post,31
3045,historian,5
3046,levin,2
3047,substack,1
3048,newsletter,17
3049,task,56
3050,purpose,15
3051,publication,8
3052,6888th,1
3053,directory,1
3054,battalion,1
3055,misstated,7
3056,8666,1
3057,corps,2
3058,olivia,3
3059,briley,1
3060,bryly,1
3061,merritt,3
3062,jacob,2
3063,merrick,1
3064,max,3
3065,freedman,1
3066,friedman,1
3067,abbreviation,1
3068,ski,5
3069,snowboard,2
3070,federation,2
3071,fis,2
3072,ifs,1
3073,reflect,9
3074,sam,12
3075,jones,28
3076,influencer,1
3077,posts,2
3078,instagram,4
3079,web,16
3080,dakota,33
3081,soybean,1
3082,processors,3
3083,exports,2
3084,feed,10
3085,foreign,47
3086,wang,4
3087,yi,3
3088,iranian,20
3089,deputy,4
3090,kazem,1
3091,gharibabadi,2
3092,kazeem,1
3093,associated,19
3094,jane,4
3095,jayne,50
3096,kathy,5
3097,noel,1
3098,jefferson,1
3099,natchitoches,1
3100,desoto,1
3101,misidentified,6
3102,artist,38
3103,ira,2
3104,kaplan,2
3105,refer,7
3106,strategic,7
3107,documented,3
3108,examples,3
3109,produce,6
3110,sperm,2
3111,viable,3
3112,eggs,8
3113,philippine,7
3114,manila,5
3115,manilla,1
3116,mistakenly,4
3117,term,34
3118,228,2
3119,denaturalization,1
3120,justice,39
3121,filed,12
3122,brought,13
3123,2008,3
3124,pearson,1
3125,ripley,1
3126,ridley,1
3127,cape,6
3128,twon,1
3129,rosanne,1
3130,somerson,1
3131,co,20
3132,founded,6
3133,rhode,1
3134,island,95
3135,furniture,2
3136,instance,6
3137,tammy,2
3138,fritsch,3
3139,prior,11
3140,chart,8
3141,map,4
3142,erroneously,1
3143,indian,11
3144,interior,41
3145,services,301
3146,eternal,2
3147,reverie,2
3148,tokimonsta,3
3149,seventh,2
3150,album,48
3151,albums,33
3152,mini,2
3153,general,25
3154,disclosure,5
3155,recipient,3
3156,nea,5
3157,fletcher,1
3158,vallejo,2
3159,calif,17
3160,headline,4
3161,nationality,1
3162,korean,6
3163,myanmar,5
3164,mischaracterized,1
3165,involving,3
3166,victory,2
3167,justices,1
3168,upheld,1
3169,forcing,4
3170,pay,88
3171,contractors,70
3172,returning,2
3173,response,61
3174,merit,4
3175,systems,16
3176,protection,23
3177,mspb,1
3178,reinstated,6
3179,youngest,6
3180,43,2
3181,theodore,1
3182,roosevelt,2
3183,mckinley,1
3184,assassinated,2
3185,mislabeled,1
3186,zimbabwe,1
3187,zambia,1
3188,tariff,8
3189,granted,2
3190,ford,18
3191,motors,1
3192,stellantis,1
3193,automaker,1
3194,meets,4
3195,requirements,10
3196,usmca,1
3197,tom,17
3198,homan,2
3199,homeland,3
3200,czar,4
3201,rep,22
3202,green,45
3203,greene,1
3204,neil,1
3205,bradley,1
3206,bradly,1
3207,adrien,5
3208,brody,5
3209,felicity,3
3210,huffman,2
3211,dialect,1
3212,coach,11
3213,accents,1
3214,hochul,1
3215,discussed,4
3216,mayor,23
3217,adams,5
3218,jeremy,1
3219,pope,4
3220,archie,2
3221,coleman,2
3222,miniseries,1
3223,shell,2
3224,savings,22
3225,spent,16
3226,fiscal,3
3227,dwarfs,3
3228,proposed,5
3229,trillion,6
3230,gop,2
3231,framework,2
3232,increase,10
3233,debt,4
3234,limit,11
3235,ukrainian,16
3236,volodymyr,4
3237,zelenskyy,7
3238,ungrateful,1
3239,thankful,1
3240,westside,2
3241,gunn,3
3242,mixtape,5
3243,flygod,1
3244,god,4
3245,vehicle,38
3246,models,5
3247,eligible,6
3248,tax,33
3249,hackman,5
3250,wed,1
3251,although,5
3252,authorities,13
3253,royal,1
3254,tenenbaums,1
3255,luke,3
3256,wilson,5
3257,son,8
3258,adopted,3
3259,specifically,9
3260,proposal,10
3261,eliminating,5
3262,taxes,10
3263,tips,9
3264,republicans,21
3265,pass,5
3266,broader,3
3267,legislative,4
3268,agenda,11
3269,indicates,1
3270,resolution,9
3271,contained,8
3272,eliminate,5
3273,posted,14
3274,identified,7
3275,victoria,3
3276,spartz,2
3277,ohio,13
3278,indiana,4
3279,promises,4
3280,explicitly,3
3281,proposals,3
3282,enact,2
3283,accurately,2
3284,gwen,1
3285,partridge,1
3286,reid,2
3287,stephen,53
3288,walt,1
3289,refers,1
3290,dutch,1
3291,biden,31
3292,lithograph,1
3293,machines,4
3294,referring,2
3295,asml,1
3296,pronouns,1
3297,quoted,1
3298,alliance,9
3299,homelessness,2
3300,relies,1
3301,ending,5
3302,leeland,1
3303,maggie,2
3304,korman,1
3305,corman,1
3306,stretching,4
3307,delayed,6
3308,onset,1
3309,soreness,2
3310,foam,3
3311,rolling,11
3312,muscles,1
3313,makes,29
3314,reducing,4
3315,minimal,1
3316,suggested,12
3317,eat,40
3318,protein,8
3319,exercising,1
3320,conflicting,2
3321,identity,16
3322,westley,1
3323,ebling,2
3324,transman,1
3325,identifies,3
3326,transmasculine,1
3327,nonbinary,1
3328,jess,22
3329,steier,1
3330,collective,6
3331,communicators,1
3332,katelyn,2
3333,jetelina,1
3334,vought,1
3335,russel,1
3336,capital,3
3337,scalise,1
3338,terry,4
3339,gross,5
3340,hegseth,2
3341,micah,1
3342,cheatham,2
3343,cheatam,1
3344,ideology,2
3345,rules,21
3346,applications,45
3347,q,2
3348,endowment,3
3349,arts,26
3350,crj,1
3351,900,2
3352,aircraft,4
3353,built,9
3354,mitsubishi,1
3355,bombardier,1
3356,topic,2
3357,mortgage,2
3358,communication,3
3359,socal,1
3360,edison,1
3361,leslie,2
3362,addition,11
3363,rudolph,1
3364,giuliani,2
3365,guiliani,1
3366,myers,1
3367,meyers,1
3368,sinéad,1
3369,connor,2
3370,sang,2
3371,compares,4
3372,ripping,2
3373,ii,15
3374,1992,2
3375,bob,7
3376,marley,1
3377,song,14
3378,discord,1
3379,correct,10
3380,participated,3
3381,total,10
3382,attribution,2
3383,quote,3
3384,probationary,11
3385,hired,4
3386,nazak,1
3387,nikakhtar,1
3388,partner,14
3389,firm,4
3390,wiley,1
3391,rein,2
3392,describing,1
3393,debates,1
3394,unprecedented,2
3395,moves,5
3396,using,129
3397,emergency,11
3398,pentagon,8
3399,virginia,10
3400,introduction,2
3401,david,12
3402,bianculli,1
3403,carlin,1
3404,hosting,4
3405,duties,2
3406,rotated,1
3407,albert,1
3408,brooks,5
3409,suggestion,1
3410,dedicated,9
3411,1963,1
3412,project,54
3413,memorial,6
3414,broken,4
3415,1964,1
3416,banning,3
3417,transgender,23
3418,boys,3
3419,competing,5
3420,bans,3
3421,athletes,4
3422,vladimir,4
3423,putin,5
3424,geneva,3
3425,cybertruck,2
3426,deliveries,1
3427,start,31
3428,handles,3
3429,almost,41
3430,contracts,8
3431,gsa,2
3432,procurement,2
3433,agencies,34
3434,contracting,4
3435,ross,3
3436,ambassador,5
3437,geological,7
3438,elimination,2
3439,2026,3
3440,kinds,6
3441,additionally,1
3442,qualified,3
3443,promoting,3
3444,diversity,13
3445,equity,7
3446,inclusion,9
3447,violate,4
3448,applicable,54
3449,laws,32
3450,park,26
3451,responsible,22
3452,upkeep,1
3453,facilities,8
3454,1994,1
3455,trustees,2
3456,versions,5
3457,bolton,6
3458,nations,65
3459,gates,6
3460,supporter,3
3461,investment,4
3462,improvement,3
3463,top,35
3464,replaced,15
3465,jaramana,1
3466,harrison,7
3467,someone,45
3468,em,1
3469,eagles,1
3470,tyler,11
3471,steen,1
3472,barkley,1
3473,super,38
3474,bowl,16
3475,game,64
3476,rushing,2
3477,yards,1
3478,sidney,1
3479,poitier,1
3480,bureau,6
3481,finance,21
3482,jeff,8
3483,brady,7
3484,alejandra,1
3485,borunda,1
3486,protestors,14
3487,supporters,16
3488,confronted,12
3489,pipeline,35
3490,dapl,14
3491,greenpeace,32
3492,protesting,6
3493,sued,20
3494,robyn,9
3495,beck,24
3496,liable,6
3497,defamation,1
3498,trespassing,1
3499,suite,2
3500,infractions,1
3501,pitted,1
3502,environmental,23
3503,advocacy,6
3504,transfer,24
3505,oil,19
3506,awarded,5
3507,damages,9
3508,judgment,13
3509,approximately,5
3510,660,1
3511,significantly,6
3512,organization,42
3513,represents,7
3514,silence,67
3515,bankrupt,2
3516,sushma,1
3517,raman,6
3518,interim,3
3519,usa,11
3520,participation,4
3521,key,14
3522,limits,6
3523,restitution,1
3524,block,9
3525,delay,5
3526,cause,19
3527,concern,6
3528,participate,2
3529,peaceful,3
3530,solidarity,3
3531,praised,1
3532,counsel,3
3533,trey,1
3534,wrote,11
3535,inherent,1
3536,violent,6
3537,destructive,2
3538,unlawful,19
3539,unacceptable,1
3540,writes,3
3541,reckoning,1
3542,opposition,12
3543,standing,6
3544,rock,19
3545,sioux,3
3546,tribe,6
3547,reservation,5
3548,route,4
3549,argued,3
3550,posed,5
3551,threat,6
3552,passed,8
3553,tribal,7
3554,sovereignty,1
3555,alongside,6
3556,climate,34
3557,camped,2
3558,drawing,4
3559,presence,7
3560,draw,3
3561,publicity,1
3562,bottom,9
3563,allegedly,5
3564,denies,2
3565,limited,31
3566,attempt,11
3567,quell,1
3568,chilling,2
3569,activism,2
3570,organizers,2
3571,spoke,7
3572,conference,23
3573,amongst,1
3574,james,20
3575,macpherson,1
3576,jennifer,4
3577,safstrom,1
3578,expert,7
3579,obviously,2
3580,monumental,1
3581,milestone,1
3582,implications,4
3583,liability,9
3584,possibly,5
3585,litigation,14
3586,realm,2
3587,crude,1
3588,172,1
3589,booming,1
3590,hub,3
3591,patoka,1
3592,completed,1
3593,bismarck,1
3594,n,22
3595,crosses,3
3596,reservoir,1
3597,missouri,1
3598,adequately,1
3599,consulted,1
3600,planning,2
3601,sacred,2
3602,disputes,3
3603,assertions,2
3604,demonstrations,1
3605,gained,3
3606,traveled,2
3607,clashed,1
3608,pepper,1
3609,spray,5
3610,nonlethal,1
3611,ammunition,1
3612,remove,12
3613,fires,4
3614,threw,2
3615,rocks,3
3616,sprayed,2
3617,crowd,2
3618,temperatures,1
3619,dropped,9
3620,freezing,1
3621,flowing,3
3622,damaged,2
3623,property,12
3624,relations,8
3625,resulted,1
3626,demonstrable,1
3627,harm,49
3628,cnbc,1
3629,kelcy,1
3630,warren,7
3631,explained,5
3632,step,47
3633,suing,9
3634,happened,14
3635,tragic,1
3636,inaccurate,1
3637,communicate,1
3638,crazy,53
3639,stuff,57
3640,greatly,2
3641,harmed,1
3642,claimed,2
3643,lied,1
3644,solicit,1
3645,donations,7
3646,wrong,15
3647,vigorous,2
3648,gas,6
3649,benefits,26
3650,counter,6
3651,ruin,1
3652,disingenuous,1
3653,simple,11
3654,critics,15
3655,abusing,1
3656,filing,8
3657,slapp,2
3658,opponents,2
3659,spend,11
3660,defending,1
3661,cornell,1
3662,easier,18
3663,plaintiffs,2
3664,josh,72
3665,galperin,2
3666,associate,6
3667,pace,4
3668,sought,1
3669,represented,3
3670,generated,2
3671,82,1
3672,tend,3
3673,persistence,1
3674,capable,1
3675,opinion,5
3676,astounding,3
3677,burger,2
3678,sabin,1
3679,chill,3
3680,reluctant,1
3681,vocal,1
3682,threaten,2
3683,fossil,4
3684,fuels,3
3685,heating,1
3686,hurting,1
3687,letter,15
3688,expressing,2
3689,reads,12
3690,advocating,4
3691,intention,2
3692,roll,4
3693,longstanding,2
3694,regulations,8
3695,discourage,1
3696,wide,11
3697,array,5
3698,zegler,8
3699,snow,11
3700,disney,19
3701,remake,12
3702,princess,13
3703,steroid,4
3704,addled,4
3705,bodybuilder,5
3706,trapped,8
3707,carjacker,4
3708,cineplexes,3
3709,bulldozed,6
3710,training,62
3711,zone,11
3712,cinetic,5
3713,miami,9
3714,beach,12
3715,evict,6
3716,defund,6
3717,cinema,16
3718,strong,13
3719,quaid,8
3720,novocaine,8
3721,paramount,4
3722,pictures,15
3723,gleefully,4
3724,grisly,6
3725,sweet,7
3726,nerdy,4
3727,guy,10
3728,physical,11
3729,pain,10
3730,falls,5
3731,amber,15
3732,midthunder,4
3733,determined,7
3734,averse,5
3735,happens,36
3736,kidnapped,4
3737,robbers,4
3738,sets,9
3739,rescue,12
3740,eydelshteyn,8
3741,mikey,11
3742,madison,14
3743,anora,16
3744,neon,5
3745,cleaned,4
3746,picture,21
3747,directed,12
3748,sean,8
3749,baker,8
3750,follows,16
3751,enterprising,4
3752,sex,18
3753,links,17
3754,immature,4
3755,transactional,4
3756,encounter,29
3757,quickie,4
3758,wedding,8
3759,oligarchs,5
3760,whirlwind,4
3761,romance,6
3762,catch,11
3763,missed,8
3764,kani,7
3765,kunene,6
3766,king,15
3767,shakespeare,3
3768,teresa,3
3769,castracane,3
3770,photography,7
3771,african,29
3772,injustice,3
3773,late,17
3774,playwright,5
3775,athol,4
3776,fugard,4
3777,latvian,5
3778,flow,18
3779,oscar,27
3780,animated,10
3781,feature,14
3782,sideshow,7
3783,janus,9
3784,films,14
3785,caught,4
3786,eye,10
3787,pets,9
3788,researcher,6
3789,furry,4
3790,screen,17
3791,distributor,1
3792,filmmakers,2
3793,deals,2
3794,cinemas,1
3795,screening,2
3796,independently,1
3797,fassbender,12
3798,bag,19
3799,claudette,7
3800,barius,7
3801,features,33
3802,cate,7
3803,blanchett,7
3804,ranking,5
3805,spy,6
3806,couple,12
3807,steven,10
3808,soderbergh,9
3809,offers,22
3810,bond,4
3811,trotting,2
3812,intrigue,3
3813,marital,4
3814,dramedy,2
3815,stylish,3
3816,british,8
3817,spies,3
3818,discover,10
3819,traitor,3
3820,midst,3
3821,lie,3
3822,detector,3
3823,chief,45
3824,suspects,4
3825,kathryn,2
3826,jean,3
3827,woodhouse,2
3828,thriller,4
3829,tunes,2
3830,chardy,5
3831,becoming,12
3832,guinea,10
3833,fowl,10
3834,chibesa,5
3835,mulumba,5
3836,a24,6
3837,watch,13
3838,surreal,5
3839,zambian,3
3840,uncle,4
3841,road,44
3842,brings,13
3843,together,29
3844,resurfaces,3
3845,old,69
3846,wounds,6
3847,elders,3
3848,ignore,5
3849,superficial,3
3850,devastating,4
3851,consequences,10
3852,moviegoers,2
3853,wait,5
3854,amc,2
3855,burbank,4
3856,reopening,3
3857,valerie,10
3858,macon,3
3859,decimated,2
3860,reshaped,2
3861,moviegoing,2
3862,mondello,3
3863,looks,15
3864,morgan,1
3865,freeman,1
3866,chris,11
3867,pizzello,3
3868,hantavirus,1
3869,hillside,1
3870,revealed,3
3871,pattinson,10
3872,various,6
3873,mickey,8
3874,warner,5
3875,bros,5
3876,space,54
3877,traveler,4
3878,resurrected,3
3879,scientific,6
3880,otherworldly,2
3881,farce,2
3882,bong,5
3883,parasite,5
3884,shula,2
3885,filmmaker,3
3886,rungano,2
3887,nyoni,2
3888,weaves,2
3889,defiance,2
3890,ritual,2
3891,secrets,4
3892,flourish,2
3893,bett,4
3894,rickards,4
3895,20th,2
3896,champion,3
3897,trailblazer,4
3898,mildred,4
3899,burke,4
3900,ash,4
3901,avildsen,4
3902,ring,6
3903,squall,2
3904,sumerian,2
3905,single,35
3906,defied,2
3907,odds,4
3908,1930s,2
3909,dollar,4
3910,female,4
3911,athlete,3
3912,male,6
3913,dominated,4
3914,inc,21
3915,writer,22
3916,joon,4
3917,ho,4
3918,sharply,4
3919,satirical,3
3920,sci,3
3921,fi,5
3922,manual,3
3923,laborer,3
3924,spaceship,3
3925,reprinted,3
3926,memories,9
3927,downloaded,6
3928,ruffalo,3
3929,toni,3
3930,collette,6
3931,naomi,4
3932,ackie,3
3933,simu,1
3934,liu,5
3935,saturation,1
3936,diver,1
3937,dave,3
3938,yuasa,1
3939,breath,2
3940,stranded,2
3941,teammate,1
3942,deep,19
3943,sea,3
3944,divers,1
3945,routine,13
3946,operation,5
3947,underwater,13
3948,dive,6
3949,dark,30
3950,recreate,2
3951,harrowing,1
3952,winner,11
3953,performance,18
3954,brutalist,2
3955,dolby,3
3956,strauss,1
3957,invision,3
3958,assist,29
3959,ai,15
3960,holmes,6
3961,knows,9
3962,romantic,7
3963,fan,11
3964,genre,9
3965,novels,7
3966,discuss,23
3967,novel,41
3968,breaks,7
3969,clichés,3
3970,rom,3
3971,coms,3
3972,great,33
3973,tropes,3
3974,stink,3
3975,capybara,2
3976,lemur,2
3977,cat,7
3978,forge,1
3979,unlikely,5
3980,wordless,1
3981,animals,7
3982,forging,1
3983,friendship,14
3984,survive,29
3985,natural,10
3986,disaster,9
3987,flood,10
3988,existential,3
3989,themes,8
3990,bit,18
3991,viewers,5
3992,authentically,1
3993,robust,2
3994,individuals,40
3995,covered,12
3996,misrepresented,1
3997,embracing,3
3998,ideas,23
3999,notions,1
4000,narratives,3
4001,perspectives,5
4002,seek,9
4003,ordinariness,1
4004,mitigating,1
4005,biases,2
4006,prejudices,1
4007,warp,1
4008,coverage,22
4009,distort,2
4010,truth,9
4011,striving,2
4012,workforce,20
4013,level,11
4014,overcome,2
4015,legacy,8
4016,rooting,1
4017,bigotry,1
4018,bias,1
4019,structures,5
4020,processes,4
4021,empowerment,1
4022,fairness,4
4023,expanding,3
4024,shedding,1
4025,flawed,1
4026,consequential,3
4027,views,5
4028,necessary,34
4029,initiative,1
4030,inextricable,1
4031,holly,3
4032,j,153
4033,morris,4
4034,darryl,9
4035,oumi,6
4036,steph,6
4037,chambers,6
4038,jared,8
4039,tilton,7
4040,madness,2
4041,upon,8
4042,legendary,8
4043,seeded,6
4044,loading,6
4045,cheryl,1
4046,contributed,6
4047,featured,6
4048,greg,14
4049,landsman,11
4050,marco,14
4051,rubio,16
4052,asking,18
4053,database,11
4054,abducted,11
4055,russia,95
4056,deleted,12
4057,andrade,6
4058,rhoades,6
4059,ailsa,10
4060,chang,10
4061,lawmaker,6
4062,lucas,5
4063,tinbete,1
4064,ermyas,1
4065,marc,4
4066,rivers,1
4067,michelle,4
4068,aslam,1
4069,patrick,53
4070,jarenwattananon,1
4071,wailin,1
4072,adrian,10
4073,florido,1
4074,aya,1
4075,batrawy,1
4076,anas,13
4077,perez,2
4078,diaa,3
4079,hadid,3
4080,erika,2
4081,christopher,3
4082,intagliata,2
4083,louise,6
4084,donevan,1
4085,claudia,1
4086,grisales,1
4087,wesley,1
4088,woods,5
4089,reserve,11
4090,chairman,10
4091,jerome,4
4092,powell,5
4093,colleagues,21
4094,unchanged,2
4095,inflation,6
4096,eased,2
4097,prices,23
4098,climbing,2
4099,roberto,8
4100,schmidt,3
4101,horsley,2
4102,neda,1
4103,ulaby,1
4104,cloutier,1
4105,jeanette,1
4106,riese,1
4107,kira,1
4108,wakeam,1
4109,gabriel,2
4110,sánchez,2
4111,juana,2
4112,summers,5
4113,comments,9
4114,suggestions,3
4115,reporter,14
4116,returns,17
4117,ears,5
4118,independent,17
4119,territory,8
4120,throughout,9
4121,chose,5
4122,stay,13
4123,cover,24
4124,donald,34
4125,greets,3
4126,ireland,4
4127,micheál,4
4128,luncheon,3
4129,applewhite,6
4130,implementing,5
4131,reduce,19
4132,championed,3
4133,memo,11
4134,gave,9
4135,streets,5
4136,evan,5
4137,simko,3
4138,bednarski,3
4139,escalation,3
4140,crackdown,4
4141,dissent,3
4142,minute,43
4143,traders,2
4144,nyse,2
4145,floor,5
4146,worst,6
4147,markets,4
4148,spencer,5
4149,platt,5
4150,stock,7
4151,need,100
4152,uncertainty,4
4153,sticky,2
4154,helping,42
4155,tumbling,2
4156,sinking,2
4157,crash,5
4158,imminent,2
4159,indicator,4
4160,planet,10
4161,appears,3
4162,ukoh,2
4163,improv,6
4164,collaborate,3
4165,honed,2
4166,skills,9
4167,tokyo,5
4168,store,78
4169,roles,7
4170,memorable,4
4171,ensemble,2
4172,casts,3
4173,insecure,3
4174,spiritual,6
4175,clued,2
4176,biggest,18
4177,covers,7
4178,upends,2
4179,vital,28
4180,stick,2
4181,tomorrow,8
4182,listeners,18
4183,weekday,5
4184,thoughtful,5
4185,commentaries,2
4186,insightful,2
4187,wrapping,2
4188,interviews,7
4189,newsmakers,2
4190,artists,16
4191,control,29
4192,laugh,13
4193,magazine,7
4194,cultural,8
4195,commentary,5
4196,spirits,2
4197,fearless,4
4198,conversations,10
4199,funniest,2
4200,mechanics,6
4201,calls,11
4202,car,7
4203,owners,5
4204,curated,3
4205,brilliant,4
4206,creators,3
4207,intimate,5
4208,concerts,8
4209,recorded,7
4210,spotlight,6
4211,latinx,2
4212,chats,3
4213,emerging,4
4214,classical,5
4215,musicians,13
4216,jazz,18
4217,tile,3
4218,christian,5
4219,mcbride,22
4220,presents,7
4221,wbgo,3
4222,broadcasting,4
4223,folk,3
4224,blues,3
4225,variety,7
4226,hip,9
4227,hop,9
4228,tricks,3
4229,inspiration,2
4230,discoveries,5
4231,everyday,20
4232,mysteries,4
4233,tackling,5
4234,thinkers,2
4235,tools,15
4236,adapting,2
4237,changing,26
4238,demands,2
4239,immersive,2
4240,investigative,26
4241,documentaries,4
4242,untold,4
4243,light,22
4244,neglected,2
4245,latino,4
4246,differently,4
4247,mistranslations,2
4248,lionel,5
4249,messi,2
4250,chance,5
4251,vindication,2
4252,indefinite,3
4253,uncover,3
4254,iraq,2
4255,pulitzer,7
4256,prize,9
4257,gun,3
4258,debate,20
4259,recommendations,10
4260,wilderness,3
4261,nationalism,2
4262,rickwood,2
4263,explores,5
4264,birmingham,3
4265,lens,2
4266,baseball,4
4267,field,9
4268,inheriting,2
4269,ripple,2
4270,generations,17
4271,soundtrack,3
4272,incarceration,2
4273,mental,4
4274,healthcare,2
4275,maze,2
4276,presidential,10
4277,primary,11
4278,partisan,5
4279,rifts,2
4280,divide,6
4281,lit,2
4282,everglades,2
4283,ride,8
4284,sonic,4
4285,adventure,4
4286,corners,4
4287,multi,5
4288,generational,4
4289,afterlives,3
4290,abdulrazak,4
4291,gurnah,5
4292,theft,5
4293,promising,7
4294,none,44
4295,eagerly,7
4296,awaited,4
4297,sunrise,9
4298,reaping,8
4299,books,27
4300,picking,5
4301,chronicles,2
4302,culinary,2
4303,hate,33
4304,amateur,2
4305,karen,6
4306,swamplandia,6
4307,woolf,4
4308,1925,3
4309,dalloway,2
4310,library,13
4311,sherman,2
4312,stores,7
4313,reviews,3
4314,dating,4
4315,1920s,2
4316,librarian,2
4317,explains,16
4318,chimamanda,4
4319,ngozi,4
4320,adichie,4
4321,write,9
4322,reality,8
4323,shape,8
4324,ulf,2
4325,andersen,2
4326,nigerian,2
4327,michel,10
4328,mourning,17
4329,grieving,2
4330,generally,6
4331,bilingualism,2
4332,language,6
4333,cristina,5
4334,rivera,4
4335,garza,4
4336,translated,3
4337,penguin,4
4338,random,6
4339,murder,6
4340,mystery,8
4341,poetry,7
4342,memoirs,5
4343,names,11
4344,shields,2
4345,dawn,3
4346,staley,2
4347,belichick,2
4348,aug,6
4349,jacquelyn,2
4350,shen,5
4351,yun,2
4352,touring,3
4353,dance,12
4354,troupe,2
4355,falun,2
4356,gong,2
4357,author,36
4358,puchner,2
4359,triangle,2
4360,tests,2
4361,justin,6
4362,gellerson,1
4363,named,9
4364,oprah,1
4365,fiction,8
4366,unsanctioned,1
4367,unofficially,1
4368,popular,50
4369,intentionally,1
4370,mainstream,2
4371,trio,1
4372,titles,8
4373,draco,1
4374,hermione,1
4375,dramione,1
4376,fanfic,1
4377,robbins,2
4378,2014,16
4379,memoir,14
4380,tibetan,1
4381,peach,4
4382,pie,2
4383,cedar,3
4384,hills,2
4385,crossing,8
4386,beaverton,1
4387,ore,1
4388,milan,2
4389,tracy,1
4390,dazzled,1
4391,readers,8
4392,whimsy,1
4393,imagination,1
4394,jitterbug,1
4395,perfume,3
4396,skinny,1
4397,legs,2
4398,cowgirls,1
4399,caldecott,1
4400,medal,3
4401,older,8
4402,frustrated,2
4403,baby,19
4404,brother,6
4405,newbery,1
4406,jules,1
4407,feiffer,2
4408,proof,1
4409,sheets,8
4410,sick,8
4411,1958,1
4412,underwood,1
4413,illustrating,1
4414,phantom,1
4415,tollbooth,1
4416,loopy,1
4417,literature,3
4418,screenshot,4
4419,wake,9
4420,scraping,2
4421,literary,3
4422,writers,5
4423,signing,14
4424,licensing,2
4425,unknown,2
4426,poems,3
4427,aunt,2
4428,1902,1
4429,beresford,1
4430,hulton,10
4431,archive,26
4432,stumbled,1
4433,onto,3
4434,silly,4
4435,punny,1
4436,drafted,8
4437,niece,1
4438,nephew,1
4439,sometime,1
4440,1927,1
4441,jimmy,5
4442,carter,8
4443,copy,10
4444,faith,4
4445,barnes,2
4446,noble,2
4447,bookstore,1
4448,lifetime,3
4449,39th,1
4450,nobel,5
4451,philanthropist,2
4452,humanitarian,3
4453,magali,1
4454,cohen,2
4455,borrowed,1
4456,romantasy,1
4457,appeared,5
4458,lists,1
4459,granny,1
4460,molding,1
4461,modeling,1
4462,granddaughter,1
4463,putting,6
4464,hats,1
4465,coats,1
4466,walking,2
4467,navalny,3
4468,rehab,1
4469,posthumous,3
4470,patriot,1
4471,alexei,1
4472,whack,1
4473,travis,9
4474,jonker,1
4475,illustrator,1
4476,cordell,1
4477,inspired,6
4478,mouse,3
4479,voyage,2
4480,han,6
4481,kang,3
4482,seoul,2
4483,korea,4
4484,lee,11
4485,jin,3
4486,citation,1
4487,commended,1
4488,intense,35
4489,poetic,1
4490,prose,4
4491,confronts,2
4492,historical,9
4493,traumas,1
4494,exposes,1
4495,fragility,1
4496,booker,1
4497,vegetarian,1
4498,elvis,3
4499,tribute,1
4500,porthcawl,1
4501,wales,2
4502,robbie,1
4503,griffiths,1
4504,expect,19
4505,presley,2
4506,festival,3
4507,memphis,1
4508,tenn,1
4509,uk,4
4510,seaside,1
4511,anyone,8
4512,determine,5
4513,melania,1
4514,guardian,3
4515,republican,23
4516,convention,2
4517,milwaukee,2
4518,individual,11
4519,freedom,4
4520,kill,4
4521,roe,2
4522,v,2
4523,wade,5
4524,dictionary,2
4525,hungry,1
4526,alligator,2
4527,chasing,1
4528,donut,1
4529,crashes,1
4530,slips,1
4531,soap,9
4532,chaos,5
4533,ensues,2
4534,belief,7
4535,poignant,5
4536,rituals,4
4537,spirituality,7
4538,gardening,6
4539,meditation,4
4540,torrey,4
4541,peters,2
4542,stag,2
4543,brittany,8
4544,empty,4
4545,elementary,3
4546,borough,1
4547,absent,1
4548,reopened,1
4549,closures,1
4550,quarter,2
4551,brittainy,1
4552,newman,1
4553,switch,11
4554,demby,19
4555,portal,3
4556,narc,1
4557,ification,1
4558,shearer,1
4559,wireimage,3
4560,bwr,1
4561,formed,2
4562,1979,3
4563,lambast,1
4564,zach,8
4565,mack,7
4566,dad,4
4567,realities,7
4568,tearing,2
4569,apart,3
4570,attempting,2
4571,depths,1
4572,conspiracy,3
4573,rabbit,3
4574,hole,8
4575,reckon,1
4576,clashing,1
4577,ideological,2
4578,divides,2
4579,startups,1
4580,solve,2
4581,loneliness,5
4582,malte,1
4583,mueller,1
4584,lonely,4
4585,diving,2
4586,parker,24
4587,erased,2
4588,moms,5
4589,natalya,1
4590,perevoshchikova,1
4591,launching,6
4592,shapes,2
4593,acutely,1
4594,hears,1
4595,jessica,4
4596,grose,1
4597,screaming,1
4598,unsustainability,1
4599,parental,3
4600,burnout,3
4601,gawlik,1
4602,airplanes,1
4603,lobotomies,1
4604,tik,1
4605,tok,1
4606,dodging,2
4607,info,1
4608,creeping,2
4609,danielle,3
4610,kurtzleben,2
4611,atlantic,2
4612,jonathan,48
4613,lemire,1
4614,unpack,4
4615,strategy,9
4616,afloat,1
4617,decline,5
4618,gallup,1
4619,labor,46
4620,statistics,3
4621,fewer,2
4622,punxsutawney,2
4623,phil,2
4624,handler,1
4625,groundhog,2
4626,pennsylvania,5
4627,brett,1
4628,carlsen,1
4629,celebrate,5
4630,bizarre,1
4631,quirky,1
4632,strangeness,1
4633,remind,1
4634,subdued,1
4635,nature,12
4636,merely,1
4637,domain,1
4638,intellectualism,1
4639,democracy,5
4640,humanities,3
4641,degree,1
4642,intellectuals,1
4643,ally,4
4644,louks,1
4645,stanley,1
4646,haters,1
4647,worthless,1
4648,silicon,1
4649,valley,3
4650,shawn,1
4651,thew,1
4652,pool,7
4653,stranger,4
4654,buddying,1
4655,ultra,1
4656,display,10
4657,inauguration,3
4658,ceos,2
4659,billionaires,1
4660,zuckerberg,2
4661,bezos,2
4662,lined,1
4663,proceeding,1
4664,optics,1
4665,sheen,2
4666,captain,8
4667,willard,2
4668,apocalypse,4
4669,francis,3
4670,coppola,5
4671,cbs,3
4672,babygirl,3
4673,singing,5
4674,rain,7
4675,common,17
4676,fat,5
4677,skincare,4
4678,pierre,3
4679,crom,2
4680,tallow,2
4681,moisturizer,2
4682,meta,6
4683,censorship,2
4684,yasin,1
4685,baturhan,1
4686,ergin,1
4687,checking,31
4688,loosen,3
4689,restrictions,9
4690,signal,6
4691,beyoncé,4
4692,serving,4
4693,slitz,2
4694,cowboy,1
4695,themed,2
4696,nfl,9
4697,halftime,5
4698,showcased,2
4699,americana,1
4700,propagandist,1
4701,rosalynn,1
4702,attach,1
4703,siding,1
4704,habitat,1
4705,humanity,3
4706,2003,2
4707,lagrange,1
4708,georgia,2
4709,erik,1
4710,lesser,3
4711,lester,2
4712,consume,2
4713,progressive,3
4714,raedle,5
4715,robbert,1
4716,plesch,5
4717,democrats,23
4718,rise,19
4719,alexandria,1
4720,ocasio,1
4721,cortez,1
4722,ousted,1
4723,moderate,1
4724,democrat,10
4725,senator,12
4726,bernie,1
4727,sanders,1
4728,looked,25
4729,nomination,12
4730,squad,3
4731,election,9
4732,bids,1
4733,lambert,134
4734,fiji,100
4735,iguana,7
4736,smithsonian,9
4737,zoological,6
4738,suggests,21
4739,iguanas,232
4740,reached,62
4741,tropical,13
4742,ocean,17
4743,fijian,15
4744,conundrum,2
4745,biologists,14
4746,lizards,1
4747,normally,5
4748,americas,24
4749,isolated,4
4750,pacific,19
4751,floating,47
4752,raft,10
4753,downed,20
4754,trees,32
4755,branches,2
4756,pnas,15
4757,inadvertently,1
4758,intrepid,1
4759,longest,3
4760,transoceanic,1
4761,migration,2
4762,nonhuman,1
4763,vertebrate,1
4764,forget,2
4765,vast,4
4766,mozes,1
4767,blom,3
4768,biologist,11
4769,museum,10
4770,für,1
4771,naturkunde,1
4772,berlin,2
4773,involved,4
4774,seeing,4
4775,dawns,1
4776,unique,9
4777,disperse,1
4778,disagreed,1
4779,supported,7
4780,fetched,2
4781,instead,34
4782,gradually,11
4783,hopping,1
4784,bridges,11
4785,populate,2
4786,asia,20
4787,except,6
4788,distinguish,11
4789,possibilities,11
4790,simon,32
4791,scarpetta,123
4792,evolutionary,2
4793,genomic,15
4794,species,13
4795,estimate,2
4796,diverged,1
4797,cousins,3
4798,surprised,18
4799,closely,20
4800,desert,45
4801,estimates,19
4802,split,22
4803,34,2
4804,timeline,19
4805,bridge,24
4806,routes,1
4807,bering,1
4808,strait,2
4809,antarctica,1
4810,mostly,8
4811,argue,2
4812,dispersal,1
4813,excellent,5
4814,cracking,2
4815,phylogenetic,1
4816,buys,1
4817,argument,17
4818,cautions,1
4819,completely,18
4820,scenarios,1
4821,timescale,1
4822,observed,19
4823,albeit,19
4824,shorter,19
4825,trips,19
4826,caribbean,20
4827,90s,2
4828,tracked,1
4829,hitching,1
4830,tangle,1
4831,safely,2
4832,guadeloupe,1
4833,anguilla,1
4834,distance,3
4835,186,1
4836,reaching,30
4837,creature,25
4838,herbivorous,25
4839,vegetation,53
4840,source,28
4841,given,23
4842,ancestry,1
4843,ideally,2
4844,suited,8
4845,withstand,1
4846,dehydration,27
4847,sun,35
4848,advantages,1
4849,surviving,1
4850,defies,1
4851,timescales,1
4852,improbable,1
4853,ranchers,5
4854,longtime,6
4855,plagued,3
4856,stood,1
4857,surrounded,5
4858,downtown,6
4859,earth,21
4860,scorched,1
4861,winds,3
4862,firefighters,1
4863,talked,7
4864,remembered,1
4865,eventually,27
4866,ranchlands,1
4867,pieces,5
4868,firsthand,3
4869,print,7
4870,maintains,1
4871,immediate,6
4872,aftermath,3
4873,straddled,1
4874,journalist,9
4875,neighbor,2
4876,documenting,1
4877,losses,5
4878,ones,7
4879,homeowners,1
4880,remained,3
4881,population,6
4882,situated,1
4883,buildings,4
4884,leveled,1
4885,traces,2
4886,destruction,6
4887,linger,1
4888,economic,13
4889,anchor,2
4890,sizable,1
4891,immense,1
4892,melted,1
4893,glass,3
4894,bottles,7
4895,machinery,1
4896,belonging,2
4897,beth,2
4898,ramp,2
4899,hemphill,2
4900,sprung,2
4901,warm,1
4902,ranging,8
4903,abnormally,1
4904,extreme,4
4905,monitor,5
4906,gov,6
4907,abbott,2
4908,declaration,4
4909,studies,4
4910,comparatively,1
4911,rains,1
4912,wheel,1
4913,blaze,1
4914,charred,1
4915,poking,1
4916,yellow,1
4917,pastures,1
4918,grazing,1
4919,driving,40
4920,pointed,18
4921,scars,1
4922,roared,1
4923,burnt,1
4924,burying,1
4925,cottonwood,1
4926,eight,9
4927,bills,4
4928,provides,18
4929,rodriguez,6
4930,expedited,1
4931,resolve,1
4932,205,1
4933,humidity,1
4934,hardening,1
4935,package,1
4936,prevent,4
4937,pump,1
4938,volunteer,4
4939,firefighting,1
4940,resources,11
4941,civic,1
4942,rallied,1
4943,contributions,6
4944,donated,4
4945,wishers,1
4946,hay,1
4947,weird,2
4948,opening,7
4949,paper,12
4950,established,4
4951,1893,1
4952,wilhelms,1
4953,settled,1
4954,heal,1
4955,renewal,1
4956,grateful,1
4957,continuing,5
4958,rafting,5
4959,sky,12
4960,atacama,9
4961,cosmology,9
4962,telescope,12
4963,combines,6
4964,wavelengths,6
4965,milky,9
4966,galaxy,8
4967,purple,6
4968,cosmic,8
4969,microwave,9
4970,background,9
4971,gray,114
4972,zoomed,6
4973,orion,7
4974,nebula,6
4975,esa,9
4976,planck,10
4977,cosmos,7
4978,aged,7
4979,380,6
4980,000th,6
4981,snapshot,12
4982,universe,18
4983,newborn,6
4984,relevance,7
4985,believes,8
4986,lions,2
4987,cats,4
4988,aims,6
4989,enhance,3
4990,feline,2
4991,genetics,2
4992,handout,5
4993,nasa,55
4994,teams,10
4995,spacex,13
4996,dragon,7
4997,spacecraft,11
4998,shortly,8
4999,astronauts,20
5000,nick,11
5001,hague,7
5002,suni,12
5003,butch,11
5004,wilmore,11
5005,roscosmos,3
5006,cosmonaut,6
5007,aleksandr,5
5008,gorbunov,6
5009,onboard,3
5010,coast,10
5011,florida,50
5012,keegan,3
5013,barber,7
5014,risks,11
5015,spaceflight,3
5016,exposure,9
5017,radiation,5
5018,astronaut,9
5019,fischer,15
5020,laboratory,6
5021,spacewalk,5
5022,replace,7
5023,relay,5
5024,install,7
5025,wireless,13
5026,antennas,5
5027,aboard,7
5028,station,59
5029,feels,14
5030,ingredient,69
5031,personal,91
5032,products,32
5033,shampoos,2
5034,lotions,2
5035,complicated,11
5036,chemicals,8
5037,bad,6
5038,kit,21
5039,parlayed,2
5040,anxiety,3
5041,spiral,2
5042,helpful,2
5043,gina,2
5044,marielle,4
5045,segarra,4
5046,parabens,2
5047,phthalates,2
5048,measles,16
5049,spreading,3
5050,bilanol,3
5051,spread,8
5052,outbreak,11
5053,capsule,4
5054,floats,2
5055,landing,5
5056,alexander,9
5057,identify,60
5058,cellular,1
5059,structure,3
5060,coale,1
5061,kendra,1
5062,turk,1
5063,kubo,1
5064,jon,2
5065,zehr,1
5066,esther,1
5067,kwan,1
5068,mak,2
5069,uc,1
5070,santa,2
5071,cruz,5
5072,cell,1
5073,discovered,1
5074,revolutionize,1
5075,farming,1
5076,nitrogen,1
5077,convert,1
5078,organisms,1
5079,grow,5
5080,virus,9
5081,giant,27
5082,multinucleated,2
5083,warthin,2
5084,finkeldey,2
5085,hyperplastic,2
5086,lymph,2
5087,nodes,2
5088,course,33
5089,infection,4
5090,kateryna,2
5091,kon,2
5092,contagious,4
5093,infectious,3
5094,diseases,3
5095,ebola,5
5096,smallpox,2
5097,declining,4
5098,vaccination,3
5099,concerned,6
5100,regina,5
5101,g,10
5102,maria,6
5103,godoy,2
5104,shade,3
5105,heat,26
5106,genes,3
5107,impacts,8
5108,ut,3
5109,alter,5
5110,dna,3
5111,effects,5
5112,outcomes,4
5113,moo,2
5114,powered,1
5115,robot,1
5116,revolutionized,2
5117,virtual,4
5118,bytes,1
5119,waving,3
5120,crew,8
5121,arrived,3
5122,boeing,5
5123,starliner,2
5124,extended,7
5125,falcon,4
5126,rocket,8
5127,launches,3
5128,launch,10
5129,complex,6
5130,39a,2
5131,canaveral,3
5132,brandon,9
5133,arrival,4
5134,pave,2
5135,stuck,27
5136,wombats,3
5137,hannover,3
5138,zoo,4
5139,germany,9
5140,outdoor,6
5141,enthusiast,6
5142,criticized,4
5143,australia,8
5144,yanking,3
5145,wombat,7
5146,joey,3
5147,julian,3
5148,stratenschulte,3
5149,posting,5
5150,separating,3
5151,australians,3
5152,cheering,3
5153,departure,3
5154,worrying,3
5155,lunar,9
5156,eclipse,3
5157,moon,14
5158,palm,1
5159,springs,3
5160,fallon,3
5161,shadow,6
5162,illuminated,1
5163,causing,1
5164,appear,5
5165,dipped,1
5166,hue,2
5167,stunning,3
5168,celestial,1
5169,sight,3
5170,activities,20
5171,appreciate,5
5172,birds,9
5173,bees,5
5174,flowers,10
5175,cretaceous,2
5176,sauropods,2
5177,ecosystem,4
5178,engineers,6
5179,knocked,2
5180,distributed,3
5181,nutrients,2
5182,poop,3
5183,dramatically,3
5184,altering,3
5185,landscape,6
5186,regan,4
5187,tiktokers,2
5188,shine,3
5189,earliest,2
5190,influencers,6
5191,heyday,2
5192,forest,9
5193,canopies,2
5194,seeds,5
5195,wiped,2
5196,paleontologists,2
5197,noticed,2
5198,interesting,2
5199,bigger,5
5200,fruit,2
5201,boom,13
5202,equivalent,2
5203,dinosaur,2
5204,kwong,3
5205,doughty,2
5206,ecologist,2
5207,arizona,35
5208,fauna,7
5209,flora,7
5210,elephants,4
5211,roam,2
5212,prey,3
5213,lang,2
5214,wildlife,17
5215,sanctuary,5
5216,preah,2
5217,vihear,2
5218,province,4
5219,cambodia,4
5220,conservation,18
5221,findings,3
5222,underscore,2
5223,duke,6
5224,marshall,6
5225,steam,5
5226,coal,8
5227,operates,6
5228,mooresville,3
5229,announcing,24
5230,undo,3
5231,facts,6
5232,epa,7
5233,announcement,7
5234,administrator,3
5235,zeldin,3
5236,ting,3
5237,details,18
5238,weaken,3
5239,yasuke,14
5240,wields,6
5241,katana,6
5242,foes,6
5243,assassin,20
5244,creed,20
5245,shadows,20
5246,ubisoft,21
5247,reverse,6
5248,crumbling,5
5249,fortunes,5
5250,headwinds,6
5251,monster,2
5252,hunter,4
5253,wilds,3
5254,avowed,2
5255,hazelight,3
5256,capcom,2
5257,obsidian,2
5258,cranked,2
5259,surprising,15
5260,hits,6
5261,cooperative,2
5262,platformers,2
5263,epics,3
5264,contributors,5
5265,round,9
5266,roottrees,4
5267,puzzle,5
5268,battles,3
5269,competition,3
5270,games,25
5271,loves,5
5272,satisfying,2
5273,rocketed,2
5274,charts,3
5275,releases,16
5276,slowed,2
5277,favorites,5
5278,diverse,11
5279,sortable,2
5280,buddies,2
5281,griffin,2
5282,enjoy,24
5283,quiet,4
5284,companionship,2
5285,andy,5
5286,bickerton,2
5287,bioware,2
5288,veilguard,2
5289,superb,4
5290,combat,8
5291,charismatic,3
5292,companions,3
5293,disappointed,3
5294,playstation,5
5295,console,3
5296,richard,6
5297,canvassing,2
5298,breather,2
5299,spot,12
5300,rhythm,2
5301,minigame,2
5302,mario,12
5303,jamboree,4
5304,bowser,3
5305,kaboom,2
5306,nintendo,23
5307,scattered,3
5308,altogether,3
5309,eager,2
5310,mixed,3
5311,chaotic,3
5312,zelda,11
5313,freeing,2
5314,crystal,2
5315,borne,2
5316,1986,3
5317,boasts,2
5318,scadutree,1
5319,towers,1
5320,photonegative,1
5321,erdtree,2
5322,lands,3
5323,bandai,1
5324,namco,1
5325,hug,1
5326,claws,1
5327,gaming,6
5328,phenomenon,3
5329,unravel,1
5330,bosses,1
5331,utterly,1
5332,demolished,1
5333,protagonist,4
5334,zau,2
5335,flanked,3
5336,masks,2
5337,enchanting,1
5338,kenzera,2
5339,surgent,1
5340,platformer,1
5341,tales,3
5342,sleek,2
5343,traversal,1
5344,setting,4
5345,gleaming,1
5346,afro,1
5347,futurist,1
5348,meaty,1
5349,metroidvanias,1
5350,steals,2
5351,2005,9
5352,dashing,1
5353,thief,1
5354,ninja,1
5355,mermaid,1
5356,delightful,2
5357,transformations,1
5358,elevate,1
5359,weighed,1
5360,lackluster,1
5361,boss,1
5362,fights,4
5363,aerith,1
5364,gainsborough,1
5365,fantasy,8
5366,rebirth,4
5367,mastromarino,3
5368,square,4
5369,enix,2
5370,excels,1
5371,builds,2
5372,innovations,1
5373,distracts,1
5374,development,34
5375,donkey,4
5376,kong,4
5377,possessed,1
5378,consumerist,1
5379,frenzy,1
5380,toys,1
5381,ace,2
5382,animation,3
5383,welcome,9
5384,casual,1
5385,op,3
5386,frustrating,2
5387,sweat,1
5388,prepare,7
5389,multimedia,3
5390,empire,2
5391,spin,2
5392,ashley,2
5393,mizuki,1
5394,robins,1
5395,recollection,2
5396,sargon,1
5397,prince,5
5398,persia,2
5399,crown,2
5400,giants,1
5401,exploring,3
5402,vr,2
5403,workouts,1
5404,supernatural,2
5405,fitness,3
5406,app,28
5407,wearing,3
5408,headset,1
5409,elf,1
5410,cleric,1
5411,shadowheart,1
5412,baldur,2
5413,gate,3
5414,larian,1
5415,acclaimed,5
5416,maps,4
5417,dungeons,2
5418,dragons,2
5419,videogames,1
5420,embark,1
5421,epic,2
5422,quest,3
5423,dangerous,33
5424,choices,22
5425,fans,4
5426,longform,1
5427,asgard,1
5428,wrath,1
5429,gameplay,1
5430,divine,1
5431,cast,7
5432,quantity,1
5433,successful,5
5434,oled,2
5435,asus,1
5436,rog,1
5437,atari,2
5438,2600,2
5439,dualsense,1
5440,controller,3
5441,keren,1
5442,carrión,1
5443,rounds,2
5444,gadgetry,1
5445,busy,6
5446,allies,2
5447,mallow,1
5448,geno,1
5449,rpg,1
5450,coat,1
5451,paint,2
5452,tweaking,1
5453,succeed,1
5454,descent,2
5455,legends,2
5456,betrayer,2
5457,lorcana,1
5458,floodborn,1
5459,ticket,4
5460,asmodee,1
5461,ravensburger,1
5462,expansion,2
5463,keen,1
5464,underbaked,1
5465,campaigns,3
5466,invested,2
5467,gamers,2
5468,engaging,5
5469,warioware,1
5470,ludicrous,1
5471,frantic,1
5472,motion,4
5473,controls,4
5474,absurd,1
5475,soars,1
5476,unlike,2
5477,modes,1
5478,twisted,1
5479,reflection,2
5480,alan,4
5481,remedy,1
5482,horror,8
5483,cerebral,1
5484,prestigious,1
5485,title,7
5486,leila,22
5487,fadel,133
5488,reptilian,4
5489,loving,4
5490,answers,10
5491,theories,9
5492,must,26
5493,somewhere,20
5494,doldrums,8
5495,equator,8
5496,equatorial,34
5497,walked,10
5498,hopped,11
5499,detailed,18
5500,thinks,23
5501,tangles,18
5502,kilometers,21
5503,displaced,21
5504,survived,26
5505,slowly,27
5506,drifted,26
5507,towards,28
5508,soundbite,142
5509,cello,31
5510,pitseleh,30
5511,crockett,4
5512,bobby,4
5513,cochran,2
5514,welcomes,14
5515,reilly,4
5516,austin,4
5517,kutx,3
5518,celia,4
5519,gregory,6
5520,nashville,6
5521,wnxp,2
5522,miya,2
5523,folick,2
5524,jonny,3
5525,marlow,2
5526,nettwerk,2
5527,panda,6
5528,nicolás,2
5529,jaar,2
5530,darkside,2
5531,newcomer,3
5532,tala,2
5533,discusses,8
5534,kcrw,5
5535,holcombe,6
5536,fender,4
5537,polydor,2
5538,umg,2
5539,truckers,2
5540,patterson,2
5541,hood,13
5542,jesse,6
5543,welles,2
5544,mattea,4
5545,weekly,6
5546,mountain,3
5547,bartees,9
5548,elizabeth,7
5549,de,15
5550,piedra,2
5551,4ad,2
5552,denison,3
5553,witmer,3
5554,ra,2
5555,arkestra,2
5556,allen,4
5557,chinen,6
5558,wrti,4
5559,valentine,9
5560,sharon,3
5561,van,3
5562,etten,3
5563,tip,6
5564,proverbial,2
5565,iceberg,2
5566,moore,9
5567,90,5
5568,underground,2
5569,spectrum,4
5570,cymande,2
5571,sampled,2
5572,funk,2
5573,dean,3
5574,chalkley,2
5575,weeknd,4
5576,morrison,4
5577,cypher,2
5578,wxpn,4
5579,fka,4
5580,twigs,4
5581,titled,9
5582,eusexua,2
5583,cee,1
5584,desiré,1
5585,moses,4
5586,wnrn,1
5587,mac,2
5588,miller,2
5589,balloonerism,2
5590,rapper,13
5591,33rd,2
5592,katharine,2
5593,lotze,2
5594,kara,3
5595,manning,3
5596,wfuv,2
5597,hitting,5
5598,ethel,2
5599,cain,2
5600,perverts,2
5601,challenging,8
5602,rewarding,2
5603,silken,2
5604,weinberg,2
5605,revamped,2
5606,sza,5
5607,lana,3
5608,soul,5
5609,sault,4
5610,officially,3
5611,acts,3
5612,grandma,2
5613,reindeer,6
5614,pixies,1
5615,solo,5
5616,nobody,3
5617,daoud,7
5618,ameen,7
5619,guides,10
5620,hot,5
5621,compilation,1
5622,traиƨa,1
5623,ganavya,1
5624,temple,2
5625,carlos,9
5626,sol,1
5627,compelling,8
5628,ab,1
5629,coachella,2
5630,walter,2
5631,cure,2
5632,smith,10
5633,ominously,1
5634,songs,26
5635,surprise,3
5636,creator,5
5637,laura,1
5638,marling,1
5639,patterns,5
5640,repeat,4
5641,hazel,6
5642,cills,6
5643,joy,20
5644,oladokun,1
5645,observations,1
5646,crowded,1
5647,deeb,1
5648,sheldon,6
5649,pearce,6
5650,offerings,2
5651,selections,2
5652,ambitious,3
5653,melodic,1
5654,emotional,8
5655,spanning,2
5656,genres,3
5657,jelly,2
5658,beautifully,1
5659,breakthrough,2
5660,leads,7
5661,pack,1
5662,exciting,4
5663,smile,7
5664,thom,1
5665,yorke,1
5666,greenwood,1
5667,skinner,1
5668,lp,1
5669,cutouts,1
5670,shinkatan,1
5671,x,4
5672,weirdcore,1
5673,xl,1
5674,recordings,3
5675,lars,7
5676,gotrich,5
5677,instrumental,3
5678,sparhawk,1
5679,mimi,1
5680,band,11
5681,stark,1
5682,electronic,6
5683,experiment,3
5684,roses,1
5685,sophia,1
5686,thread,3
5687,notable,2
5688,thrilling,2
5689,nubya,1
5690,odyssey,1
5691,verging,1
5692,mythological,1
5693,miranda,3
5694,10th,2
5695,postcards,2
5696,macari,1
5697,sept,2
5698,onetime,1
5699,contestant,1
5700,reliable,3
5701,songwriters,1
5702,abandoned,2
5703,publicly,8
5704,shines,4
5705,monica,1
5706,ringo,1
5707,chiu,1
5708,worm,1
5709,reddish,1
5710,glow,1
5711,occurring,1
5712,visible,7
5713,booster,1
5714,mega,3
5715,starship,6
5716,recaptured,1
5717,flight,5
5718,starbase,3
5719,boca,3
5720,chica,3
5721,gay,13
5722,span,1
5723,entry,3
5724,failures,3
5725,reflects,6
5726,fail,1
5727,fast,9
5728,ethos,2
5729,explosion,3
5730,flaming,1
5731,debris,4
5732,raining,1
5733,turks,1
5734,caicos,1
5735,mammoth,4
5736,impression,1
5737,flinging,2
5738,hypervelocity,1
5739,magellanic,2
5740,cloud,2
5741,cfa,1
5742,melissa,2
5743,weiss,3
5744,supermassive,3
5745,intuitive,4
5746,athena,1
5747,lander,2
5748,commercial,13
5749,probe,1
5750,youcef,2
5751,sellam,2
5752,lab,4
5753,filaments,1
5754,gypsum,1
5755,searching,4
5756,fossils,1
5757,requires,5
5758,specialized,3
5759,mars,4
5760,planets,1
5761,spherex,1
5762,spectro,1
5763,photometer,1
5764,jpl,3
5765,caltech,2
5766,foot,39
5767,jet,8
5768,propulsion,1
5769,objective,2
5770,visitors,2
5771,airlines,4
5772,scattering,1
5773,avoid,14
5774,blue,3
5775,ghost,1
5776,touching,1
5777,firefly,1
5778,aerospace,1
5779,carrying,10
5780,experiments,2
5781,successfully,1
5782,touched,1
5783,surface,5
5784,ushering,1
5785,phase,3
5786,exploration,4
5787,katy,3
5788,perry,1
5789,performs,31
5790,phoenix,1
5791,stadium,8
5792,glendale,1
5793,ariz,1
5794,elsa,2
5795,fiancée,1
5796,lauren,44
5797,brief,1
5798,suborbital,1
5799,scheduled,2
5800,spring,16
5801,jupiter,2
5802,saturn,2
5803,venus,2
5804,parade,4
5805,mercury,1
5806,uranus,1
5807,neptune,1
5808,depicts,1
5809,orbit,5
5810,weighs,2
5811,440,1
5812,lbs,1
5813,feet,5
5814,solar,8
5815,fully,8
5816,deployed,3
5817,lockheed,1
5818,orbiter,1
5819,window,4
5820,catching,1
5821,im,1
5822,pole,1
5823,instruments,3
5824,chandra,1
5825,ray,1
5826,observatory,1
5827,pulsar,1
5828,psr,1
5829,b1509,2
5830,58,1
5831,cxc,1
5832,sao,1
5833,slane,1
5834,et,4
5835,1967,1
5836,jocelyn,3
5837,burnell,1
5838,astronomy,2
5839,detected,2
5840,emitted,1
5841,pulsars,2
5842,encore,2
5843,winding,1
5844,career,18
5845,hawaii,3
5846,asteroid,4
5847,alert,4
5848,yr4,2
5849,dec,6
5850,atlas,1
5851,sentry,1
5852,object,2
5853,sagittarius,2
5854,swirling,1
5855,accretion,1
5856,disk,2
5857,flaring,1
5858,spots,1
5859,resemble,1
5860,flares,2
5861,csa,1
5862,ralf,1
5863,stsci,2
5864,astrophysicists,1
5865,sls,1
5866,mobile,13
5867,launcher,1
5868,rolls,1
5869,assembly,1
5870,pad,1
5871,39b,1
5872,fla,3
5873,preparation,2
5874,joel,1
5875,kowsky,1
5876,artemis,1
5877,apollo,1
5878,casualty,1
5879,overseen,1
5880,combined,3
5881,gravity,1
5882,regular,7
5883,matter,15
5884,cluster,3
5885,warps,1
5886,affects,2
5887,distorting,1
5888,remote,7
5889,galaxies,1
5890,lotz,1
5891,hff,1
5892,physics,1
5893,messy,4
5894,detect,2
5895,mysterious,8
5896,substance,5
5897,astronomers,1
5898,theoretical,1
5899,particle,2
5900,physicist,1
5901,chanda,1
5902,weinstein,1
5903,hypothetical,1
5904,axion,1
5905,tidier,1
5906,xavier,20
5907,courtney,22
5908,stein,22
5909,kung,22
5910,christina,48
5911,cala,19
5912,dalia,18
5913,mortada,18
5914,veralyn,15
5915,betty,6
5916,shamieh,4
5917,soon,12
5918,keating,2
5919,expectation,2
5920,liberation,2
5921,henriquez,1
5922,brian,3
5923,mcconkey,1
5924,ecco,1
5925,leah,8
5926,donnella,7
5927,panama,5
5928,canal,4
5929,geopolitical,1
5930,outreaches,1
5931,51,1
5932,stretch,46
5933,murky,2
5934,turbulent,2
5935,cataclysmic,1
5936,digs,1
5937,connection,21
5938,operas,1
5939,jasmine,11
5940,romero,8
5941,uncapped,1
5942,settlement,4
5943,diagnosed,1
5944,agreement,9
5945,league,6
5946,covering,4
5947,football,8
5948,gotten,2
5949,paid,21
5950,hobson,1
5951,margaret,4
5952,larkin,2
5953,protective,4
5954,gear,1
5955,visiting,4
5956,grandson,1
5957,dejohn,1
5958,childhood,3
5959,jireh,2
5960,deng,2
5961,janet,1
5962,altadena,1
5963,eaton,1
5964,flames,2
5965,tenured,1
5966,underway,1
5967,helmets,1
5968,footballs,1
5969,jackie,14
5970,dominique,1
5971,foxworth,1
5972,2011,8
5973,association,5
5974,describes,5
5975,lawyers,10
5976,clearer,2
5977,dietta,1
5978,ron,6
5979,okmulgee,1
5980,courthouse,3
5981,herrera,2
5982,adreanna,1
5983,considers,4
5984,audible,1
5985,struggle,3
5986,pee,1
5987,wees,1
5988,pros,1
5989,anthropologist,1
5990,tracie,1
5991,ages,3
5992,nudged,1
5993,physically,5
5994,taxing,2
5995,require,10
5996,athleticism,1
5997,speed,1
5998,cared,1
5999,apparent,4
6000,hypocrisy,2
6001,kendrick,8
6002,lamar,8
6003,headlining,2
6004,exactly,2
6005,institution,28
6006,digging,3
6007,opted,3
6008,banjo,2
6009,grammy,5
6010,rhiannon,1
6011,giddens,1
6012,reclaiming,1
6013,instrument,4
6014,historically,2
6015,hajar,1
6016,yazdiha,1
6017,luther,3
6018,pr,1
6019,relatively,4
6020,unpopular,1
6021,stripes,1
6022,invoke,1
6023,youngmi,2
6024,mayer,2
6025,laughing,1
6026,fujio,1
6027,emura,1
6028,schuyler,1
6029,swenson,1
6030,tool,3
6031,survival,1
6032,comedic,1
6033,tradition,6
6034,saddest,1
6035,hardest,1
6036,chenjerai,3
6037,kumanyika,2
6038,friend,20
6039,nypd,1
6040,sprang,1
6041,ecuadorian,2
6042,año,1
6043,viejo,1
6044,fam,1
6045,honor,19
6046,hisham,2
6047,awartani,2
6048,gaber,2
6049,kutchman,1
6050,kai,1
6051,wright,2
6052,owen,1
6053,lindsay,1
6054,foster,3
6055,severely,2
6056,vermont,1
6057,grapples,3
6058,unfolding,1
6059,twenty,1
6060,boy,17
6061,eliaán,1
6062,gonzaález,1
6063,remarkably,1
6064,waters,3
6065,immediately,7
6066,subject,21
6067,cuba,1
6068,futuro,1
6069,chess,1
6070,elián,1
6071,gonzález,1
6072,utopians,1
6073,aaron,5
6074,robertson,1
6075,folks,4
6076,utopian,1
6077,meaningful,5
6078,tension,3
6079,unrest,1
6080,hellscape,1
6081,tradwife,1
6082,lifestyle,7
6083,revered,1
6084,momfluencers,1
6085,tradwives,1
6086,stepping,1
6087,void,3
6088,intersects,1
6089,incoming,4
6090,supremacy,1
6091,color,37
6092,lessons,2
6093,historic,2
6094,match,5
6095,kamala,1
6096,harris,4
6097,astead,1
6098,herndon,2
6099,takeaway,1
6100,elites,1
6101,rethink,3
6102,presumptions,1
6103,representation,3
6104,jago,1
6105,angel,1
6106,ellis,1
6107,caleb,3
6108,karyn,2
6109,pubgliese,1
6110,fraudsters,1
6111,pretend,2
6112,sometimes,12
6113,casting,2
6114,doubt,2
6115,indigeneity,1
6116,pretendians,1
6117,legitimately,1
6118,queens,3
6119,airborne,8
6120,jumping,7
6121,chao,9
6122,phraya,9
6123,bangkok,11
6124,heatwave,9
6125,andre,22
6126,malerba,22
6127,notes,21
6128,leaping,9
6129,height,15
6130,escape,10
6131,cheer,9
6132,perfect,14
6133,exists,10
6134,lend,9
6135,happiness,18
6136,photographers,8
6137,bliss,8
6138,demystify,5
6139,awkwardness,6
6140,intensity,7
6141,mortifying,6
6142,flashbacks,5
6143,gary,4
6144,rivlin,3
6145,deliberate,3
6146,collections,6
6147,prairie,8
6148,witch,6
6149,dust,14
6150,era,22
6151,nebraska,5
6152,recounts,3
6153,hunger,5
6154,telling,42
6155,haymitch,3
6156,abernathy,3
6157,conjure,3
6158,martha,5
6159,stewart,4
6160,soil,5
6161,turkey,2
6162,circa,4
6163,1988,2
6164,westport,2
6165,conn,5
6166,zeschin,2
6167,harpercollins,2
6168,wanting,4
6169,girls,4
6170,101st,2
6171,conan,6
6172,brien,6
6173,ceremony,6
6174,ratings,4
6175,telecast,2
6176,gorgeous,3
6177,plot,4
6178,indians,4
6179,spellbinding,4
6180,yarn,3
6181,bloodiest,3
6182,leadership,44
6183,appointed,1
6184,blunt,2
6185,toured,1
6186,presided,1
6187,expressed,4
6188,dissatisfaction,1
6189,performing,13
6190,eugene,1
6191,eddie,14
6192,ronald,4
6193,osborne,3
6194,glenna,1
6195,firefighter,2
6196,battling,4
6197,saved,2
6198,elving,1
6199,andrea,50
6200,hsu,203
6201,monopoly,1
6202,rick,3
6203,bowmer,3
6204,arezou,1
6205,rezvani,1
6206,kaste,296
6207,goodyear,2
6208,blimp,1
6209,1960,3
6210,airships,1
6211,acted,2
6212,billboards,1
6213,tires,1
6214,veltman,2
6215,barbara,2
6216,sprunt,2
6217,arraf,1
6218,overland,1
6219,jolie,1
6220,peal,1
6221,silver,4
6222,farchana,2
6223,chad,4
6224,mosquito,2
6225,net,4
6226,claire,5
6227,harbage,2
6228,highest,8
6229,maternal,2
6230,midwives,2
6231,terminated,4
6232,dismantled,4
6233,belongings,6
6234,chip,12
6235,somodevilla,11
6236,fatma,3
6237,tanis,3
6238,swasey,1
6239,decisions,13
6240,shutdown,26
6241,mirna,1
6242,alrached,1
6243,charu,1
6244,bahri,1
6245,entries,6
6246,ability,35
6247,wastewater,1
6248,sampling,2
6249,identifying,1
6250,outbreaks,4
6251,inspectors,1
6252,oakland,2
6253,samples,1
6254,labs,1
6255,sars,1
6256,cov,1
6257,chinn,1
6258,chronicle,1
6259,hearst,1
6260,newspapers,3
6261,gabrielle,6
6262,emanuel,6
6263,declared,34
6264,progress,20
6265,backsliding,1
6266,responds,8
6267,burgum,1
6268,cabinet,3
6269,drago,1
6270,melody,4
6271,schreiber,3
6272,cole,5
6273,muhammad,2
6274,louisville,2
6275,exhibit,6
6276,briefed,1
6277,borders,1
6278,undergoing,2
6279,circumcision,4
6280,hiv,6
6281,prevention,3
6282,appalling,2
6283,waste,8
6284,mozambique,2
6285,gianluigi,1
6286,guercia,1
6287,bec,1
6288,roldan,1
6289,funded,15
6290,mulago,1
6291,referral,1
6292,kampala,3
6293,uganda,4
6294,administers,1
6295,dose,2
6296,experiencing,1
6297,hajarah,3
6298,nalwadda,3
6299,accidentally,2
6300,restored,14
6301,specialists,3
6302,raise,5
6303,restoration,3
6304,loveyourself,1
6305,providing,14
6306,philippines,5
6307,suspended,3
6308,due,23
6309,administrations,1
6310,69,1
6311,ezra,4
6312,acayan,1
6313,asiapac,1
6314,frank,12
6315,langfitt,3
6316,terminating,1
6317,assistance,6
6318,guts,1
6319,posters,3
6320,ethiopia,4
6321,lafforgue,1
6322,corbis,2
6323,ethiopian,1
6324,lifesaving,1
6325,positive,4
6326,suppress,2
6327,termination,4
6328,karlan,1
6329,economics,1
6330,northwestern,2
6331,economist,2
6332,resigned,2
6333,literally,1
6334,hereby,3
6335,cancel,17
6336,contract,34
6337,rooney,1
6338,bang,2
6339,buck,1
6340,tried,19
6341,tendered,1
6342,resignation,2
6343,cargo,3
6344,container,8
6345,bears,3
6346,signage,5
6347,lifted,1
6348,jam,2
6349,sta,2
6350,rosa,2
6351,compliance,32
6352,repeated,1
6353,orders,31
6354,unfreeze,1
6355,lesions,1
6356,mpox,1
6357,democratic,21
6358,republic,10
6359,congo,4
6360,epicenter,1
6361,glody,1
6362,murhabazi,1
6363,seem,6
6364,dropping,1
6365,difficult,53
6366,disrupted,4
6367,inaugurated,2
6368,mandel,3
6369,ngan,3
6370,irreparable,1
6371,exceptions,3
6372,hundred,28
6373,critical,12
6374,ethiopians,1
6375,ration,2
6376,programme,1
6377,floods,1
6378,locusts,1
6379,shocks,2
6380,famine,5
6381,1980s,12
6382,impetus,1
6383,establishment,3
6384,fews,2
6385,aida,1
6386,muluneh,1
6387,spitzer,1
6388,examine,3
6389,juba,1
6390,orphanage,1
6391,sudan,1
6392,denis,1
6393,elamu,1
6394,xinhua,2
6395,withdrawing,1
6396,rethinking,1
6397,goals,3
6398,urging,1
6399,contempt,1
6400,reopen,1
6401,traditional,4
6402,tent,5
6403,ortz,2
6404,siberian,3
6405,taiga,2
6406,mongolia,2
6407,norwegian,2
6408,herder,2
6409,location,9
6410,horseback,2
6411,connected,7
6412,wi,2
6413,vicky,1
6414,hallett,1
6415,picks,3
6416,facial,2
6417,scans,2
6418,migrants,74
6419,mongolian,2
6420,transfixed,2
6421,aids,3
6422,froze,4
6423,virtually,5
6424,funds,73
6425,waiver,3
6426,saving,4
6427,halt,2
6428,malaka,7
6429,gharib,7
6430,explanation,2
6431,blanket,1
6432,suspension,3
6433,congressionally,20
6434,appropriated,34
6435,unstaffed,1
6436,reception,1
6437,positives,1
6438,uyp,3
6439,nongovernmental,1
6440,awareness,1
6441,kruish,1
6442,mubiru,1
6443,europe,132
6444,memos,5
6445,removes,1
6446,administrative,17
6447,hansi,2
6448,lo,3
6449,staffers,2
6450,afghan,1
6451,wfp,1
6452,distributes,3
6453,monthly,5
6454,looming,2
6455,delivery,21
6456,supplied,2
6457,peterson,1
6458,joanna,1
6459,kakissis,1
6460,bartlett,1
6461,eyder,1
6462,peralta,1
6463,reactions,1
6464,gamut,1
6465,favor,2
6466,tiny,188
6467,downs,1
6468,ups,2
6469,village,7
6470,curious,4
6471,goats,1
6472,soda,8
6473,robinson,10
6474,uniform,9
6475,farm,12
6476,brooklyn,6
6477,dodgers,6
6478,veterans,20
6479,webpages,7
6480,scrubbing,12
6481,references,15
6482,bettmann,18
6483,scrub,5
6484,websites,16
6485,hasty,4
6486,flagging,4
6487,enola,4
6488,letting,8
6489,loose,6
6490,logo,3
6491,securedrop,1
6492,touch,4
6493,sensitive,2
6494,formula,11
6495,driver,12
6496,owner,13
6497,listens,6
6498,zemlianichenko,5
6499,1990s,5
6500,pundit,5
6501,selling,6
6502,tore,4
6503,heartbreak,4
6504,lingers,4
6505,mehmet,12
6506,oz,44
6507,medicare,28
6508,medicaid,32
6509,craig,9
6510,chops,6
6511,scully,9
6512,spokesman,7
6513,steady,5
6514,yesterday,3
6515,takeover,5
6516,footed,14
6517,ferret,15
6518,clone,6
6519,carr,7
6520,colo,10
6521,driven,12
6522,kika,6
6523,tuff,6
6524,scrambling,6
6525,lights,6
6526,efficiency,12
6527,bite,24
6528,sugerman,14
6529,maintained,7
6530,repaired,5
6531,elevators,73
6532,1965,46
6533,barriers,18
6534,employment,26
6535,setback,6
6536,revoked,23
6537,stefan,11
6538,jeremiah,11
6539,kenneth,9
6540,stern,16
6541,definition,13
6542,stifle,7
6543,campuses,12
6544,bennet,18
6545,colorado,17
6546,caballero,7
6547,reynolds,8
6548,sen,12
6549,chuck,7
6550,schumer,12
6551,darn,5
6552,jiang,3
6553,hui,3
6554,mh370,6
6555,malaysia,3
6556,passenger,3
6557,shirt,3
6558,remembering,3
6559,239,6
6560,11th,4
6561,beijing,16
6562,ng,4
6563,guan,4
6564,777,3
6565,plane,12
6566,radar,5
6567,headed,8
6568,crashed,3
6569,melanie,9
6570,joly,10
6571,ottawa,16
6572,wyld,7
6573,executions,12
6574,crimes,10
6575,noted,11
6576,recognize,11
6577,deported,7
6578,tren,4
6579,aragua,4
6580,mara,4
6581,salvatrucha,3
6582,gangs,23
6583,salvadoran,3
6584,divulge,2
6585,gang,34
6586,giving,12
6587,respond,44
6588,opioid,8
6589,addiction,2
6590,overdose,3
6591,deaths,6
6592,expiration,2
6593,watson,3
6594,overdoses,2
6595,fentanyl,2
6596,bitcoin,5
6597,cryptocurrency,2
6598,asset,6
6599,stockpile,42
6600,crypto,3
6601,disband,3
6602,advisory,7
6603,committees,5
6604,moral,5
6605,promise,53
6606,recruit,24
6607,americanism,3
6608,terrorism,4
6609,fed,1
6610,ease,3
6611,complicate,1
6612,refunds,3
6613,bocchieri,3
6614,payment,32
6615,approaches,4
6616,thirty,1
6617,agreements,3
6618,obama,3
6619,wto,2
6620,referee,1
6621,settle,1
6622,grievances,2
6623,paralyzed,2
6624,dispute,1
6625,pocket,2
6626,cafecredit,1
6627,original,12
6628,prague,24
6629,liberty,94
6630,rferl,3
6631,michal,3
6632,cizek,3
6633,overseas,4
6634,broadcaster,9
6635,demonstrate,2
6636,yosemite,2
6637,laure,2
6638,andrillon,2
6639,judges,30
6640,reinstate,3
6641,illegally,28
6642,placing,4
6643,xi,3
6644,jinping,3
6645,closing,2
6646,lintao,1
6647,zhang,1
6648,target,5
6649,percent,2
6650,hefty,2
6651,goal,10
6652,painful,1
6653,estate,3
6654,slump,1
6655,industries,2
6656,dig,2
6657,tailwinds,1
6658,stagnation,1
6659,surge,1
6660,productivity,1
6661,grocery,48
6662,lawndale,1
6663,egg,17
6664,soared,1
6665,highs,1
6666,avian,4
6667,flu,13
6668,contain,6
6669,laying,3
6670,chickens,2
6671,plentiful,2
6672,affordable,4
6673,farms,1
6674,autopen,3
6675,accusing,2
6676,presidents,5
6677,manuel,5
6678,balce,2
6679,ceneta,2
6680,panel,1
6681,pardons,1
6682,autopens,1
6683,forever,2
6684,lennihan,1
6685,formidable,1
6686,fashion,1
6687,staple,2
6688,bankruptcy,4
6689,retailer,2
6690,customer,3
6691,shops,1
6692,chicago,72
6693,wholesale,2
6694,suit,7
6695,olson,5
6696,economists,1
6697,sharp,1
6698,anticipating,1
6699,tesla,5
6700,behalf,24
6701,rodrique,2
6702,ngowi,2
6703,costa,1
6704,protester,1
6705,management,7
6706,includes,33
6707,coyotes,1
6708,coyote,1
6709,codelco,1
6710,chuquicamata,1
6711,copper,4
6712,mine,2
6713,calama,1
6714,chile,3
6715,antofagasta,1
6716,glenn,2
6717,arcos,1
6718,substances,1
6719,pronounce,1
6720,warn,11
6721,crucial,4
6722,metal,15
6723,concerning,2
6724,decree,1
6725,harnik,10
6726,severing,1
6727,networks,2
6728,embraces,2
6729,candidate,5
6730,butler,1
6731,ranks,2
6732,aggressive,3
6733,negatively,1
6734,affect,5
6735,500,47
6736,straight,1
6737,timothy,1
6738,clary,1
6739,disturbance,1
6740,transition,2
6741,detox,1
6742,phrases,4
6743,describe,3
6744,plunged,1
6745,tupperware,4
6746,offered,10
6747,retail,1
6748,illinois,2
6749,stealthy,2
6750,plastic,2
6751,storage,3
6752,containers,4
6753,ubiquitous,1
6754,fridges,1
6755,pantries,1
6756,closets,1
6757,revolutionary,1
6758,hernandez,1
6759,typical,2
6760,clearest,1
6761,visualizations,1
6762,infancy,1
6763,chilean,1
6764,andes,2
6765,decommissioned,2
6766,faint,1
6767,polarization,1
6768,increasingly,3
6769,entire,20
6770,hydrogen,9
6771,helium,2
6772,staggs,2
6773,adds,4
6774,contrast,3
6775,burst,1
6776,existence,2
6777,theory,2
6778,pervades,1
6779,gases,1
6780,offering,38
6781,hints,1
6782,allows,3
6783,princeton,2
6784,existing,1
6785,mathematical,1
6786,figuring,3
6787,debra,1
6788,kellner,1
6789,measure,9
6790,precisely,2
6791,67,1
6792,68,3
6793,megaparsec,1
6794,cosmological,1
6795,adriaan,1
6796,duivenvoorden,1
6797,astrophysics,1
6798,anaheim,1
6799,narwhal,1
6800,whales,3
6801,pods,1
6802,arctic,2
6803,disagree,1
6804,males,2
6805,tusks,2
6806,corey,1
6807,intriguing,1
6808,narwhals,1
6809,mess,2
6810,fish,11
6811,speculating,1
6812,butterfly,2
6813,populations,1
6814,twomeows,1
6815,rf,4
6816,butterflies,1
6817,2000,4
6818,detection,2
6819,dogs,11
6820,range,10
6821,targets,4
6822,invasive,2
6823,endangered,6
6824,scat,1
6825,poachers,1
6826,yee,2
6827,assigned,1
6828,locate,2
6829,transient,1
6830,whale,7
6831,sinks,1
6832,luckily,1
6833,heeler,1
6834,trained,12
6835,sniff,1
6836,cryptic,1
6837,odors,1
6838,trouble,38
6839,collecting,3
6840,berly,1
6841,mccoy,1
6842,sniffing,1
6843,diseased,1
6844,plants,5
6845,mystic,2
6846,aquarium,4
6847,chappy,2
6848,rescued,6
6849,caitlin,2
6850,zerella,2
6851,nod,1
6852,gastrointestinal,1
6853,latter,1
6854,hair,2
6855,woolly,5
6856,colossal,2
6857,biosciences,2
6858,mice,7
6859,critters,1
6860,dallas,1
6861,biotech,1
6862,appearance,6
6863,mammoths,1
6864,rob,2
6865,neuroscientist,6
6866,kamilla,3
6867,souza,2
6868,waiting,102
6869,humpback,2
6870,offshore,1
6871,dolphins,1
6872,coasts,1
6873,studying,5
6874,teach,5
6875,inner,1
6876,workings,1
6877,adapted,3
6878,brazil,1
6879,accelerates,1
6880,decomposition,1
6881,revival,4
6882,behaviors,2
6883,unconscious,3
6884,cage,1
6885,mates,1
6886,georgejason,1
6887,pdsa,1
6888,protecting,3
6889,grounds,1
6890,peter,1
6891,canine,1
6892,decorated,2
6893,harlequin,1
6894,frog,1
6895,atelopus,1
6896,seminiferus,1
6897,alto,3
6898,mayo,2
6899,elevations,1
6900,iucn,1
6901,trond,1
6902,larsen,1
6903,awajún,1
6904,38,1
6905,peru,6
6906,tucked,2
6907,lush,1
6908,amazon,6
6909,basin,1
6910,mountains,1
6911,tasmania,3
6912,false,2
6913,killer,3
6914,arthur,4
6915,beachings,1
6916,disorientation,1
6917,loud,1
6918,noises,1
6919,illness,3
6920,fleeing,1
6921,predators,1
6922,seal,3
6923,pup,2
6924,recovering,2
6925,nearby,4
6926,lethargic,1
6927,underweight,1
6928,ultrasonic,1
6929,chirps,1
6930,anyaivanova,1
6931,squeak,1
6932,suggesting,1
6933,genetic,1
6934,underpinnings,1
6935,ready,7
6936,beached,1
6937,instituto,1
6938,baleia,1
6939,jubarte,1
6940,brazilian,3
6941,dolphin,1
6942,decompose,2
6943,wisdom,4
6944,laysan,2
6945,albatross,2
6946,mōlī,1
6947,leg,2
6948,tag,4
6949,admire,1
6950,laid,20
6951,midway,1
6952,atoll,1
6953,refuge,3
6954,dan,4
6955,rapp,1
6956,banded,1
6957,marked,4
6958,1956,1
6959,meaning,5
6960,74,2
6961,adrián,1
6962,simancas,1
6963,kayaking,1
6964,magellan,1
6965,surfaced,1
6966,engulfed,2
6967,kayaker,1
6968,camera,4
6969,swallowed,1
6970,maine,3
6971,capture,2
6972,eagle,2
6973,lanzone,1
6974,forests,3
6975,conspicuous,1
6976,secretive,1
6977,voles,2
6978,mate,1
6979,frequently,2
6980,todd,1
6981,ahern,1
6982,emory,1
6983,oxytocin,1
6984,facilitating,1
6985,relied,2
6986,cuddly,1
6987,rodents,1
6988,prompting,1
6989,prevail,1
6990,hormone,2
6991,monty,5
6992,schnauzer,3
6993,149th,3
6994,westminster,5
6995,kennel,5
6996,stier,3
6997,katie,3
6998,bernardin,1
6999,kisses,1
7000,julia,6
7001,demaree,1
7002,nikhinson,2
7003,bichon,1
7004,frisé,1
7005,neal,1
7006,skye,1
7007,terrier,1
7008,archer,2
7009,whippet,1
7010,runner,1
7011,shih,1
7012,tzu,1
7013,comet,1
7014,finalist,2
7015,huo,2
7016,jingnan,2
7017,quil,1
7018,lawrence,1
7019,photographic,3
7020,lgbtq,7
7021,tara,3
7022,anand,2
7023,applying,1
7024,certificates,1
7025,photograph,1
7026,varying,1
7027,genders,1
7028,skin,3
7029,tones,1
7030,smiling,3
7031,sba,3
7032,minor,1
7033,removing,4
7034,strangely,1
7035,urgent,1
7036,instances,5
7037,anonymity,4
7038,fearing,2
7039,reprisal,2
7040,deployment,3
7041,visual,7
7042,uncommon,1
7043,aware,5
7044,categories,7
7045,removals,2
7046,comply,21
7047,accessibility,13
7048,non,10
7049,binary,1
7050,consistent,1
7051,removal,4
7052,historians,3
7053,systematic,2
7054,erasure,1
7055,governments,29
7056,marginalized,1
7057,erase,3
7058,alessio,1
7059,ponzio,1
7060,focuses,4
7061,newfoundland,1
7062,subtle,1
7063,destroy,1
7064,psychology,3
7065,basically,56
7066,immigrant,3
7067,disabilities,3
7068,governors,2
7069,instructed,2
7070,mention,2
7071,attract,1
7072,document,2
7073,educationusa,1
7074,messaging,2
7075,guidance,4
7076,encouraged,1
7077,external,2
7078,underserved,2
7079,jenna,3
7080,mclaughlinhide,1
7081,instructing,1
7082,immutable,2
7083,characteristics,8
7084,ethnicity,4
7085,cemetery,1
7086,armed,2
7087,biographies,1
7088,army,5
7089,navy,7
7090,japanese,10
7091,unit,3
7092,navajo,3
7093,talkers,4
7094,legend,3
7095,integrated,1
7096,piloted,1
7097,specific,4
7098,stealth,2
7099,bomber,1
7100,carried,5
7101,missions,3
7102,archived,40
7103,pilots,1
7104,tens,3
7105,photographs,4
7106,hung,2
7107,fulton,2
7108,senior,8
7109,adviser,8
7110,sparta,1
7111,pride,3
7112,formerly,4
7113,tragedy,2
7114,weaker,1
7115,rid,6
7116,disrupting,1
7117,units,2
7118,spokespersons,1
7119,complying,3
7120,execute,2
7121,implement,2
7122,directives,1
7123,professionalism,2
7124,alignment,1
7125,lieutenant,1
7126,commander,1
7127,chatmas,1
7128,noncompliance,1
7129,comprehensive,3
7130,seems,7
7131,404,1
7132,directive,4
7133,articles,2
7134,featuring,5
7135,rose,2
7136,ferreira,4
7137,dominican,2
7138,intern,1
7139,prompted,1
7140,outcry,1
7141,internet,8
7142,invited,3
7143,harassment,4
7144,messages,9
7145,liar,1
7146,attacking,2
7147,profiled,1
7148,resents,1
7149,whims,1
7150,earned,2
7151,easily,4
7152,removable,1
7153,abundance,3
7154,caution,1
7155,restoring,1
7156,appropriate,12
7157,complies,2
7158,wendy,2
7159,rouse,4
7160,queer,2
7161,suffragist,1
7162,commemoration,1
7163,initially,2
7164,edit,5
7165,active,66
7166,societal,1
7167,recognition,3
7168,cdc,1
7169,introducing,1
7170,stonewall,1
7171,drumbeat,1
7172,misleading,2
7173,unsubstantiated,1
7174,threats,2
7175,minors,2
7176,dysphoria,2
7177,diagnoses,1
7178,conservative,4
7179,garner,1
7180,fame,4
7181,persecuted,1
7182,suspected,2
7183,communists,1
7184,jews,4
7185,nazi,2
7186,marhoefer,2
7187,specialist,3
7188,weimar,1
7189,canary,1
7190,suicide,3
7191,mandates,1
7192,outreach,2
7193,declines,1
7194,average,24
7195,veteran,5
7196,dated,2
7197,perception,2
7198,hva,1
7199,deny,2
7200,myre,1
7201,contacted,2
7202,encrypted,5
7203,_j_h,1
7204,gaga,8
7205,mayhem,7
7206,lebon,2
7207,singer,2
7208,blown,1
7209,produced,14
7210,topping,1
7211,bruno,1
7212,duet,1
7213,bangers,2
7214,ballads,3
7215,fest,1
7216,twitch,1
7217,streamers,1
7218,sway,1
7219,elections,4
7220,videos,6
7221,fifteen,1
7222,seconds,1
7223,dancing,3
7224,kylie,3
7225,minogue,2
7226,1978,1
7227,iii,5
7228,impervious,1
7229,earworm,2
7230,sharing,15
7231,playlist,4
7232,ritchson,1
7233,reacher,3
7234,keri,1
7235,dolly,1
7236,parton,1
7237,dredge,1
7238,bittersweet,2
7239,semma,1
7240,frederic,2
7241,scored,1
7242,upsets,1
7243,kieran,1
7244,culkin,1
7245,zoe,2
7246,saldaña,2
7247,recap,1
7248,hilarious,2
7249,bits,1
7250,discursive,1
7251,speeches,1
7252,stopping,2
7253,accept,6
7254,directing,1
7255,screenplay,1
7256,ayesha,9
7257,rascoe,9
7258,liasson,1
7259,betsy,2
7260,joles,2
7261,mawa,1
7262,iqbal,1
7263,mccarthy,1
7264,larry,1
7265,kaplow,1
7266,paola,1
7267,stephanie,5
7268,shortz,1
7269,presumptive,1
7270,addresses,5
7271,grand,5
7272,westfield,1
7273,ind,2
7274,census,1
7275,tasos,1
7276,katopodis,1
7277,composer,6
7278,reich,2
7279,invented,3
7280,evolved,2
7281,interlocking,3
7282,carolyn,3
7283,huizenga,3
7284,ramos,1
7285,folkenflik,2
7286,clay,6
7287,masters,2
7288,willem,1
7289,marx,2
7290,allyn,1
7291,amy,9
7292,rogers,4
7293,bow,2
7294,boop,6
7295,broadway,5
7296,avery,3
7297,brunkus,2
7298,lunden,1
7299,join,2
7300,colin,1
7301,dwyer,1
7302,collins,5
7303,spoilers,1
7304,kidding,1
7305,shelves,1
7306,laureate,2
7307,vampiric,1
7308,vengeance,2
7309,outlandish,1
7310,optimism,1
7311,klein,2
7312,derek,3
7313,toss,1
7314,stone,4
7315,depiction,1
7316,miseries,1
7317,await,1
7318,zombies,1
7319,heck,1
7320,ritualized,1
7321,sacrifice,1
7322,prominent,1
7323,commentators,1
7324,podcasters,1
7325,sustainable,5
7326,unbound,1
7327,tenacious,1
7328,mistakes,2
7329,outdated,2
7330,solutions,7
7331,purchase,10
7332,buffalo,2
7333,graham,1
7334,genocidal,1
7335,converge,1
7336,prolific,1
7337,craftsmen,1
7338,1870,1
7339,marias,1
7340,massacre,1
7341,murdered,2
7342,unarmed,1
7343,blackfeet,1
7344,haunted,1
7345,brutal,1
7346,literal,2
7347,vampires,1
7348,mr,1
7349,nakamoto,2
7350,word,1
7351,vintage,1
7352,partly,1
7353,greek,1
7354,kruptós,1
7355,hidden,2
7356,concealed,1
7357,fitting,1
7358,pioneer,2
7359,decentralized,1
7360,cryptocurrencies,1
7361,lies,1
7362,unsolved,1
7363,riddle,3
7364,satoshi,1
7365,commonly,2
7366,credited,1
7367,inventing,1
7368,writing,6
7369,professes,1
7370,moniker,1
7371,tries,2
7372,exclusively,1
7373,exploits,1
7374,katniss,1
7375,everdeen,1
7376,mentor,3
7377,hume,1
7378,implicit,1
7379,submission,1
7380,words,6
7381,easiness,1
7382,governed,3
7383,wrestle,1
7384,grim,1
7385,propaganda,18
7386,surely,1
7387,escapism,1
7388,predecessors,1
7389,adaptation,1
7390,colonial,1
7391,zanzibar,1
7392,tumult,1
7393,freshly,3
7394,tanzania,2
7395,exile,1
7396,interrogate,1
7397,looms,3
7398,occupy,1
7399,frame,2
7400,navigate,1
7401,irresistible,1
7402,globalization,1
7403,sweeping,5
7404,murashima,1
7405,capus,174
7406,status,13
7407,alsu,5
7408,kurmasheva,5
7409,temporarily,3
7410,forum,5
7411,slashing,2
7412,abroad,4
7413,autocratic,36
7414,kari,5
7415,lake,10
7416,unsuccessful,2
7417,maga,1
7418,revoking,1
7419,outlets,2
7420,grappling,1
7421,uncertain,1
7422,drastic,23
7423,usagm,70
7424,alleges,2
7425,withholding,1
7426,expressly,5
7427,neither,6
7428,responded,2
7429,outlet,3
7430,regimes,1
7431,enemies,14
7432,lightly,15
7433,languages,9
7434,freedoms,9
7435,gift,25
7436,lifeline,11
7437,types,19
7438,battlefield,11
7439,iran,84
7440,threatened,53
7441,voa,30
7442,silent,36
7443,simply,62
7444,administer,15
7445,shuttered,17
7446,transmitters,38
7447,feeds,44
7448,czech,25
7449,gap,65
7450,immensely,23
7451,gratified,23
7452,stepped,23
7453,value,50
7454,malign,23
7455,controlled,34
7456,crimea,53
7457,azerbaijan,27
7458,belarus,27
7459,thrown,28
7460,dedication,28
7461,whenever,30
7462,anybody,29
7463,bearne,1
7464,treye,1
7465,kristian,1
7466,monroe,1
7467,buy,16
7468,item,4
7469,shop,7
7470,truths,4
7471,monolith,2
7472,invigorated,7
7473,deeper,10
7474,appreciation,12
7475,cultures,7
7476,incorporating,4
7477,expand,11
7478,minded,4
7479,initiated,2
7480,jumps,2
7481,summer,8
7482,boundless,2
7483,feat,2
7484,everydayasia,6
7485,beachwood,4
7486,sugarman,134
7487,elevator,3
7488,constructor,2
7489,apprentice,2
7490,programsfocused,2
7491,electricians,13
7492,bricklayers,2
7493,nassau,278
7494,awaiting,4
7495,shying,3
7496,worried,36
7497,neighboring,3
7498,counties,7
7499,confetti,2
7500,celtics,12
7501,championship,5
7502,esteban,2
7503,bustillos,2
7504,gbh,3
7505,franchise,6
7506,commanders,3
7507,sold,12
7508,05,3
7509,theo,8
7510,croker,12
7511,concert,167
7512,cordae,6
7513,raul,2
7514,midón,2
7515,yseult,4
7516,staves,2
7517,charly,2
7518,scales,2
7519,fourchestra,2
7520,idk,5
7521,sector,4
7522,202,11
7523,moroney,3
7524,saya,5
7525,abel,6
7526,selaocoe,4
7527,marvin,5
7528,sapp,5
7529,igmar,3
7530,revive,3
7531,girl,36
7532,yasmin,4
7533,fonseca,5
7534,braxton,5
7535,faye,5
7536,webster,5
7537,mj,6
7538,lenderman,5
7539,carminho,3
7540,bilal,4
7541,strays,5
7542,machel,4
7543,montano,4
7544,isata,4
7545,kanneh,5
7546,mason,5
7547,sabrina,4
7548,carpenter,19
7549,yo,3
7550,gabba,3
7551,gabbaland,3
7552,waxahatchee,3
7553,billie,3
7554,eilish,3
7555,stereophonic,3
7556,doechii,3
7557,crow,3
7558,rosie,3
7559,tucker,3
7560,teedra,3
7561,wyatt,4
7562,flores,3
7563,magnetic,3
7564,durand,3
7565,yunchan,3
7566,lim,3
7567,elmiene,3
7568,larussell,3
7569,sheer,4
7570,mag,3
7571,chelsea,4
7572,wolfe,5
7573,sylo,3
7574,dua,3
7575,lipa,3
7576,elicit,3
7577,lyrics,3
7578,determination,4
7579,reclaim,3
7580,polluted,2
7581,retreat,2
7582,topshot,2
7583,bombarded,2
7584,pressed,3
7585,issuing,4
7586,improving,4
7587,psychological,3
7588,hsieh,2
7589,antidote,8
7590,knopf,2
7591,kerem,2
7592,yücel,2
7593,stemming,2
7594,fresh,12
7595,swapping,4
7596,basic,26
7597,eco,5
7598,friendly,11
7599,swedish,8
7600,dishcloths,8
7601,reusable,11
7602,cloths,6
7603,detergent,13
7604,tablets,4
7605,mixing,53
7606,blocks,5
7607,becky,8
7608,harlan,23
7609,preparing,3
7610,injection,3
7611,click,3
7612,privacy,103
7613,overview,2
7614,scope,3
7615,affiliated,2
7616,collectively,8
7617,collected,27
7618,computer,6
7619,device,15
7620,newsletters,6
7621,subscription,100
7622,credits,7
7623,marketing,35
7624,network,23
7625,participating,7
7626,interactive,4
7627,applies,3
7628,govern,2
7629,parties,29
7630,table,6
7631,contents,4
7632,providers,47
7633,choose,7
7634,purposes,23
7635,specify,4
7636,automatically,15
7637,interactions,4
7638,logs,2
7639,cookies,7
7640,pixel,4
7641,tags,4
7642,tracking,4
7643,technologies,6
7644,depending,9
7645,analytics,12
7646,programmatic,2
7647,cookie,8
7648,identifiers,16
7649,linking,3
7650,google,6
7651,https,4
7652,liveramp,6
7653,processing,10
7654,obtain,2
7655,customized,2
7656,fundraising,6
7657,perform,12
7658,contractual,4
7659,obligations,13
7660,operational,2
7661,basis,11
7662,consent,18
7663,withdraw,8
7664,disclose,17
7665,maintaining,4
7666,materials,45
7667,submit,17
7668,freely,2
7669,licensees,7
7670,accordance,10
7671,followers,3
7672,subscriptions,5
7673,bundle,13
7674,usage,12
7675,commit,3
7676,membership,5
7677,opt,8
7678,limitation,9
7679,fulfillment,2
7680,suppression,2
7681,sweepstakes,2
7682,giveaway,2
7683,deem,4
7684,devices,4
7685,unhashed,2
7686,pursuant,6
7687,refund,12
7688,processor,2
7689,provider,9
7690,advisors,4
7691,auditors,2
7692,bankers,2
7693,insurers,3
7694,render,2
7695,prohibits,2
7696,developers,4
7697,accessing,6
7698,storing,4
7699,application,39
7700,differ,5
7701,recommend,6
7702,familiarize,4
7703,substantial,2
7704,transaction,7
7705,division,3
7706,merger,2
7707,consolidation,2
7708,subpoenas,4
7709,measures,4
7710,regulatory,7
7711,users,20
7712,enforce,31
7713,defend,7
7714,carriers,6
7715,automobile,6
7716,precise,2
7717,producers,11
7718,interaction,2
7719,files,2
7720,bitly,16
7721,shortened,6
7722,locators,2
7723,urls,4
7724,collects,3
7725,clicked,2
7726,ip,2
7727,url,4
7728,accessed,11
7729,channels,4
7730,foregoing,4
7731,stored,4
7732,browser,2
7733,paste,5
7734,aggregated,4
7735,anonymous,2
7736,reasonably,5
7737,linkable,2
7738,authorize,5
7739,analyze,2
7740,personalized,3
7741,gathered,5
7742,handle,5
7743,jurisdiction,18
7744,relation,2
7745,registration,7
7746,particular,13
7747,verify,4
7748,practicable,2
7749,retain,6
7750,recordkeeping,2
7751,transactions,2
7752,cancellation,5
7753,reside,7
7754,entitled,6
7755,empower,3
7756,agent,9
7757,fulfilling,2
7758,impair,2
7759,interfere,2
7760,protected,10
7761,satisfied,2
7762,complaint,2
7763,contacting,3
7764,kingdom,3
7765,complain,28
7766,regulator,2
7767,violation,8
7768,occurred,3
7769,securitywe,2
7770,employ,14
7771,technical,3
7772,safeguards,6
7773,sensitivity,4
7774,impenetrable,2
7775,guarantee,4
7776,databases,2
7777,intercepted,4
7778,disclosed,4
7779,manner,3
7780,inconsistent,3
7781,transmissions,4
7782,deciding,3
7783,privacynpr,2
7784,cares,2
7785,intended,6
7786,delete,4
7787,retention,6
7788,unauthorized,4
7789,achieve,52
7790,servicesour,2
7791,clicking,5
7792,tapping,2
7793,logos,5
7794,applicantswhen,2
7795,careers,5
7796,portion,7
7797,internship,2
7798,fellowship,2
7799,credentials,6
7800,educational,6
7801,demographic,4
7802,voluntarily,11
7803,evaluating,2
7804,surveys,2
7805,relevant,7
7806,warrants,15
7807,investigate,2
7808,preventing,3
7809,policynpr,2
7810,reserves,5
7811,periodically,2
7812,constitutes,4
7813,apply,6
7814,transfersour,2
7815,transferred,2
7816,processed,3
7817,jurisdictions,56
7818,courts,19
7819,circumstances,6
7820,afford,56
7821,adequate,2
7822,relying,2
7823,eu,2
7824,commission,9
7825,adequacy,2
7826,protections,5
7827,internationally,2
7828,entity,8
7829,attn,2
7830,officer1111,2
7831,newashington,2
7832,20002,3
7833,geolocation,4
7834,inferences,8
7835,responses,5
7836,classification,4
7837,ccpa,4
7838,definitions,2
7839,convenience,3
7840,zamora,2
7841,masterful,2
7842,storyteller,2
7843,singers,2
7844,playboi,2
7845,carti,2
7846,onstage,3
7847,elusive,2
7848,loomed,3
7849,enters,1
7850,windup,1
7851,singles,1
7852,nacion,1
7853,honduran,2
7854,musician,2
7855,politician,2
7856,aurelio,1
7857,martínez,18
7858,photographed,2
7859,judith,3
7860,burrows,1
7861,rico,2
7862,nasty,2
7863,yellenhide,1
7864,excited,2
7865,pianist,2
7866,rosnes,1
7867,devoted,3
7868,paths,3
7869,cafe,4
7870,spirit,5
7871,pimp,1
7872,twin,2
7873,michi,1
7874,stones,3
7875,throw,4
7876,alt,1
7877,felix,2
7878,contreras,2
7879,anamaria,4
7880,sayre,3
7881,primer,1
7882,latin,4
7883,sessions,4
7884,baylor,1
7885,kamasi,1
7886,audrey,3
7887,nuna,1
7888,sheila,1
7889,streams,2
7890,orchestras,2
7891,seasons,4
7892,outlook,2
7893,composers,2
7894,saariaho,1
7895,bacewicz,1
7896,meredith,1
7897,tower,25
7898,gubaidulina,1
7899,comic,5
7900,extremity,3
7901,illustrates,4
7902,viking,3
7903,horns,3
7904,valentina,1
7905,goncharova,1
7906,violin,1
7907,takaat,1
7908,tuareg,1
7909,fuzz,1
7910,terraplana,1
7911,bummergaze,1
7912,yazz,1
7913,ahmed,2
7914,psychedelic,1
7915,classics,2
7916,jams,1
7917,chimero,6
7918,robin,15
7919,hilton,14
7920,spins,1
7921,bands,4
7922,icons,1
7923,latinidad,1
7924,presented,7
7925,luminary,1
7926,fromthetop,1
7927,lincoln,1
7928,bentley,1
7929,piano,3
7930,showcases,1
7931,performers,4
7932,thistle,1
7933,shamrock,1
7934,evolving,1
7935,celtic,1
7936,raina,1
7937,douris,1
7938,settles,2
7939,commence,2
7940,nurture,2
7941,seed,3
7942,sprout,1
7943,ok,4
7944,taryn,1
7945,williford,3
7946,therapy,3
7947,sized,1
7948,kick,2
7949,decluttering,8
7950,drawer,9
7951,onward,1
7952,organizing,5
7953,weighing,1
7954,kc,2
7955,davis,12
7956,licensed,4
7957,drowning,2
7958,method,8
7959,trash,11
7960,dishes,8
7961,glasses,1
7962,bedside,1
7963,sink,4
7964,hamper,4
7965,dirty,26
7966,laundry,13
7967,washing,3
7968,clean,15
7969,thumb,1
7970,wet,2
7971,blinds,1
7972,wipe,3
7973,cleaners,3
7974,dusted,1
7975,gunk,1
7976,rag,2
7977,rags,2
7978,efficient,3
7979,fixtures,1
7980,stripping,1
7981,beds,3
7982,lesson,1
7983,bedsheets,1
7984,fall,39
7985,bare,2
7986,mattress,1
7987,clockwise,4
7988,surfaces,3
7989,fibers,1
7990,rugs,1
7991,grime,1
7992,shoes,3
7993,indoor,1
7994,damp,1
7995,cloth,2
7996,trap,1
7997,resettling,1
7998,elsewhere,2
7999,vacuum,1
8000,hepa,1
8001,filter,2
8002,particulate,1
8003,theoretically,1
8004,99,2
8005,97,1
8006,pollen,1
8007,bacteria,1
8008,particles,1
8009,clutter,9
8010,kitchen,8
8011,deb,1
8012,perelman,1
8013,cooking,4
8014,blog,3
8015,cookbook,2
8016,smitten,1
8017,unsightly,1
8018,appliances,3
8019,cupboards,1
8020,kitchens,1
8021,precious,1
8022,blender,1
8023,weekends,1
8024,chew,2
8025,purse,6
8026,bathroom,5
8027,items,16
8028,paperwork,2
8029,sentimental,3
8030,memorabilia,2
8031,boxes,35
8032,keepsakes,1
8033,garage,3
8034,attic,1
8035,pare,1
8036,mementos,4
8037,aim,4
8038,yearbooks,1
8039,artwork,1
8040,keeping,6
8041,artifacts,2
8042,sew,1
8043,shirts,4
8044,quilt,1
8045,scrapbook,1
8046,closet,4
8047,clothes,2
8048,donate,6
8049,swap,2
8050,sell,8
8051,unneeded,1
8052,resale,1
8053,thredup,1
8054,poshmark,1
8055,depop,1
8056,cultivating,1
8057,mindfully,1
8058,parting,1
8059,voicemail,5
8060,216,5
8061,9823,5
8062,lifekit,5
8063,depenbrock,1
8064,couch,2
8065,wondered,1
8066,engaged,3
8067,counterparts,1
8068,geek,1
8069,veterinary,2
8070,ophthalmologist,2
8071,freya,2
8072,mowat,8
8073,becomes,5
8074,pilot,3
8075,sorts,2
8076,teaches,2
8077,surveyed,3
8078,unsurprisingly,2
8079,sporting,1
8080,herding,1
8081,breeds,1
8082,pups,1
8083,stronger,6
8084,lion,1
8085,dialogue,1
8086,vocalizations,1
8087,catastrophic,2
8088,apocalyptic,2
8089,fixated,1
8090,perked,1
8091,locked,2
8092,matiss,1
8093,kaza,5
8094,theatrical,1
8095,hypnotic,1
8096,engagement,2
8097,resonated,1
8098,catastrophe,1
8099,notice,8
8100,seemingly,1
8101,empathy,1
8102,beautiful,5
8103,colors,2
8104,legged,1
8105,naturalistic,1
8106,soothing,1
8107,striking,1
8108,visuals,3
8109,sort,4
8110,colorful,1
8111,screens,1
8112,realize,5
8113,gentle,1
8114,enjoyable,1
8115,tonic,1
8116,hampton,3
8117,obed,2
8118,induction,2
8119,stove,2
8120,battery,2
8121,oven,2
8122,appliance,2
8123,involves,5
8124,retrofits,2
8125,stoves,2
8126,pumps,2
8127,heaters,3
8128,tourists,3
8129,tuco,2
8130,glacier,2
8131,huascaran,2
8132,tour,4
8133,huaraz,2
8134,mejia,2
8135,peruvian,2
8136,german,3
8137,mona,5
8138,utah,2
8139,analysts,2
8140,nissan,2
8141,leaf,2
8142,recharges,2
8143,pasadena,2
8144,paused,4
8145,emission,4
8146,vehicles,5
8147,federally,6
8148,ev,5
8149,chargers,4
8150,tama,4
8151,noaa,8
8152,bay,4
8153,heuer,2
8154,leases,3
8155,terminates,2
8156,cows,6
8157,hatico,2
8158,cali,2
8159,colombia,6
8160,silvopasture,2
8161,deforestation,2
8162,clearing,3
8163,rainforest,2
8164,hotel,4
8165,satellite,8
8166,beryl,2
8167,forecasts,4
8168,landfall,2
8169,oceans,2
8170,atmosphere,4
8171,endanger,2
8172,core,10
8173,forecasting,2
8174,oceanic,4
8175,atmospheric,6
8176,stella,3
8177,davidsen,2
8178,olsen,2
8179,musher,2
8180,greenland,13
8181,sled,2
8182,grace,5
8183,widyatmadja,5
8184,dogsledding,2
8185,aspect,2
8186,warms,2
8187,naaja,2
8188,nathanielsen,2
8189,nuuk,3
8190,alarm,2
8191,outrage,2
8192,aerial,4
8193,depleted,3
8194,flows,4
8195,irrigation,2
8196,ditch,3
8197,quechan,2
8198,winterhaven,2
8199,halting,2
8200,cannon,2
8201,ball,3
8202,standoff,2
8203,turtle,2
8204,kask,2
8205,suffered,2
8206,fema,9
8207,fell,4
8208,rely,13
8209,chandan,2
8210,khanna,2
8211,codes,4
8212,hurricanes,5
8213,miguel,2
8214,carrillo,2
8215,disasters,6
8216,developing,2
8217,extinction,2
8218,hawaiian,4
8219,crows,4
8220,captivity,4
8221,dlnr,2
8222,safeguarded,3
8223,maui,2
8224,researches,3
8225,overhaul,2
8226,digna,2
8227,benite,2
8228,limon,2
8229,chagres,2
8230,tomas,2
8231,ayuso,2
8232,passes,3
8233,gallons,2
8234,gatun,2
8235,pour,3
8236,hayden,4
8237,dominates,2
8238,steamboat,2
8239,northwest,4
8240,shutting,2
8241,franz,2
8242,kunc,2
8243,radioactive,2
8244,mudslides,4
8245,flooding,2
8246,dumping,2
8247,mcnew,3
8248,phenomena,2
8249,winters,2
8250,cocoa,7
8251,surged,3
8252,levels,6
8253,chocolate,6
8254,deficit,3
8255,shoppers,5
8256,sunbathes,2
8257,montevideo,2
8258,uruguay,2
8259,hottest,3
8260,matilde,2
8261,campodonico,2
8262,shattering,2
8263,cineplex,1
8264,traumatized,1
8265,semi,1
8266,scoop,2
8267,movies,5
8268,spunky,1
8269,assertive,1
8270,proves,3
8271,refreshing,1
8272,1937,2
8273,cgi,1
8274,woodsy,1
8275,burnap,1
8276,plotting,1
8277,overthrow,1
8278,evil,2
8279,gal,1
8280,gadot,2
8281,spitting,2
8282,predecessor,1
8283,petty,1
8284,tyrant,1
8285,interested,6
8286,flattery,1
8287,wealth,1
8288,groundbreaking,1
8289,ditches,1
8290,109,1
8291,webb,1
8292,screenwriter,1
8293,erin,2
8294,cressida,1
8295,texture,1
8296,backstory,1
8297,galore,1
8298,overdone,1
8299,spectacle,1
8300,heroine,1
8301,spine,2
8302,peering,1
8303,castle,6
8304,wishing,1
8305,brave,3
8306,awakened,1
8307,kiss,2
8308,morphed,1
8309,maid,1
8310,marian,1
8311,poppins,1
8312,eponine,1
8313,joan,5
8314,arc,1
8315,heigh,1
8316,skarsgård,1
8317,screw,1
8318,forgets,1
8319,fingered,1
8320,suv,3
8321,dolus,2
8322,deceit,1
8323,angry,33
8324,widower,1
8325,anthony,6
8326,hopkins,1
8327,decided,2
8328,retribution,1
8329,armored,1
8330,soundproofed,1
8331,tight,1
8332,dashboard,1
8333,berating,1
8334,torment,1
8335,excessive,1
8336,conditioning,1
8337,yodeling,1
8338,begging,1
8339,mercy,2
8340,starvation,1
8341,argentinian,1
8342,4x4,1
8343,yarovesky,1
8344,arlen,1
8345,lots,3
8346,sleeves,1
8347,arguments,3
8348,dostoyevsky,1
8349,actors,3
8350,gooseflesh,1
8351,palud,3
8352,inconclusive,1
8353,biopic,1
8354,examines,1
8355,schneider,9
8356,eyed,1
8357,vartolomei,1
8358,inexperienced,1
8359,dreams,6
8360,suffer,3
8361,trauma,2
8362,48,2
8363,icon,1
8364,marlon,1
8365,brando,3
8366,tango,4
8367,paris,9
8368,lays,1
8369,troubled,1
8370,relationships,8
8371,recreates,1
8372,rehearsals,2
8373,scene,7
8374,humiliates,1
8375,rapes,1
8376,butter,2
8377,lubricant,1
8378,bernardo,1
8379,bertolucci,2
8380,filming,1
8381,tell,79
8382,mail,6
8383,2007,4
8384,script,2
8385,cousin,1
8386,vanessa,1
8387,loosely,1
8388,cannes,1
8389,ahold,1
8390,shooting,3
8391,evocative,1
8392,sequences,2
8393,coddled,1
8394,terrific,2
8395,dillon,1
8396,spirals,1
8397,ends,2
8398,abruptly,1
8399,1980,20
8400,alain,1
8401,guiraudie,1
8402,quasi,1
8403,repression,1
8404,jeremie,3
8405,félix,1
8406,kysyl,1
8407,hometown,1
8408,funeral,1
8409,stirring,2
8410,feelings,6
8411,invites,5
8412,adult,2
8413,unaccountably,1
8414,flies,3
8415,jealous,1
8416,rage,1
8417,hardly,1
8418,flirtatious,1
8419,priest,1
8420,figured,1
8421,morel,1
8422,mushrooms,2
8423,graveyards,1
8424,suddenly,2
8425,penchant,1
8426,blending,1
8427,queerness,1
8428,hitchcockian,1
8429,conventions,2
8430,enigmatic,1
8431,killian,3
8432,maddox,1
8433,majors,3
8434,connecting,1
8435,grandfather,2
8436,remaining,6
8437,waking,1
8438,lifting,1
8439,weights,1
8440,practicing,2
8441,naturally,1
8442,steroids,1
8443,threatens,1
8444,trashes,1
8445,hardware,3
8446,scares,1
8447,cashier,1
8448,crush,1
8449,inviting,1
8450,dinner,3
8451,ear,1
8452,delts,1
8453,ordering,1
8454,steak,1
8455,menu,1
8456,elijah,1
8457,bynum,1
8458,forefronts,1
8459,vulnerability,1
8460,premiered,1
8461,sundance,1
8462,buzz,1
8463,convictions,1
8464,misdemeanor,1
8465,assault,6
8466,ex,5
8467,girlfriend,1
8468,derailed,1
8469,oiled,1
8470,musculature,1
8471,reflecting,1
8472,rippling,1
8473,rivet,1
8474,obesity,60
8475,specialty,4
8476,copies,17
8477,pharmaceuticals,41
8478,sydney,65
8479,lupkin,357
8480,dealing,7
8481,jackson,86
8482,agar,264
8483,pizza,17
8484,finish,7
8485,ate,9
8486,throwing,9
8487,pounds,14
8488,tirzepatide,122
8489,needing,12
8490,sleep,22
8491,apnea,14
8492,triggering,15
8493,foods,16
8494,yep,14
8495,laughter,26
8496,yearlong,29
8497,agars,31
8498,sad,32
8499,margot,60
8500,carmichael,279
8501,denial,29
8502,fine,31
8503,confusing,36
8504,nears,33
8505,fritzler,110
8506,olympia,112
8507,orlando,39
8508,production,42
8509,dispense,37
8510,expires,38
8511,nervous,40
8512,scared,39
8513,hopeful,39
8514,scripts,39
8515,regulated,42
8516,stocking,41
8517,borrow,45
8518,sells,45
8519,vials,92
8520,discount,93
8521,renew,48
8522,buying,52
8523,unwilling,53
8524,inbox,1
8525,deportations,55
8526,depends,6
8527,jails,21
8528,cities,7
8529,juggle,4
8530,sheriff,17
8531,duty,7
8532,suffolk,27
8533,errol,19
8534,toulon,43
8535,honoring,10
8536,warrant,37
8537,jail,51
8538,dates,11
8539,unless,25
8540,tread,13
8541,judgments,12
8542,skeptical,14
8543,judicial,16
8544,recording,40
8545,bruce,40
8546,blakeman,40
8547,designate,20
8548,embed,19
8549,commissioner,24
8550,ryder,46
8551,arrests,20
8552,enforcements,49
8553,banger,25
8554,checked,25
8555,detaining,26
8556,perk,27
8557,pretrial,26
8558,bail,29
8559,reform,27
8560,rafael,60
8561,mangual,60
8562,policing,29
8563,manhattan,29
8564,option,31
8565,rerouting,28
8566,guaranteeing,31
8567,whereas,31
8568,certainly,34
8569,stress,37
8570,reassure,32
8571,javier,67
8572,guzman,68
8573,colombian,32
8574,organizer,36
8575,ideal,40
8576,basket,43
8577,foreboding,39
8578,yvette,123
8579,deputized,40
8580,spanish,85
8581,frightening,43
8582,designation,49
8583,gaining,2
8584,popularity,2
8585,purchases,4
8586,streaks,2
8587,insider,2
8588,goods,4
8589,gretchen,4
8590,rubin,4
8591,happier,4
8592,attaining,2
8593,contribute,4
8594,emotion,2
8595,kaitlin,2
8596,brito,2
8597,personality,3
8598,reader,4
8599,aback,2
8600,reaction,2
8601,possibility,2
8602,weigh,5
8603,unstuck,4
8604,markman,2
8605,grad,2
8606,exercises,4
8607,gain,4
8608,grab,6
8609,pen,7
8610,clocks,2
8611,daylight,2
8612,begins,3
8613,artur,2
8614,debat,2
8615,strategies,5
8616,employers,3
8617,cynthia,4
8618,pong,2
8619,cv,2
8620,brochure,2
8621,download,4
8622,deepen,2
8623,enjoyment,3
8624,pings,2
8625,noon,2
8626,longings,2
8627,aizaiah,2
8628,yong,2
8629,claremont,2
8630,theology,2
8631,changyu,2
8632,zou,2
8633,greater,4
8634,examining,2
8635,prompts,2
8636,attorneys,7
8637,boruchov,2
8638,leo,2
8639,gabovich,2
8640,amr,2
8641,bo,2
8642,shanab,2
8643,befuddling,2
8644,software,2
8645,workout,4
8646,snack,2
8647,athletic,2
8648,overspending,2
8649,unhealthy,2
8650,dread,3
8651,fitmencook,2
8652,curry,2
8653,prep,3
8654,techniques,3
8655,unpaid,2
8656,caregivers,3
8657,surgeon,4
8658,leisure,2
8659,parenting,2
8660,toes,2
8661,mentally,2
8662,draining,2
8663,bestie,2
8664,couples,2
8665,miragec,2
8666,wise,3
8667,thorniest,2
8668,topics,7
8669,cheats,2
8670,mending,4
8671,arounna,2
8672,khounnoraj,2
8673,bookhou,2
8674,sewing,4
8675,scrap,2
8676,ripped,2
8677,jeans,2
8678,defeat,3
8679,emotions,5
8680,useful,3
8681,psychologist,5
8682,kross,4
8683,managing,5
8684,woocat,2
8685,busts,2
8686,assumptions,3
8687,deductions,2
8688,shaking,2
8689,knee,5
8690,fidget,2
8691,bowman,4
8692,biomechanist,2
8693,spontaneous,4
8694,kiersten,2
8695,essenpreis,2
8696,restless,2
8697,bouncing,2
8698,unclicking,2
8699,perkins,2
8700,dire,2
8701,totilo,2
8702,expecting,1
8703,wars,1
8704,bombed,1
8705,refine,1
8706,pushed,1
8707,flop,1
8708,mediocre,1
8709,controversies,1
8710,tweeted,1
8711,kills,1
8712,samurai,4
8713,feudal,1
8714,presaging,1
8715,proclaimed,2
8716,woke,2
8717,boycott,1
8718,objected,2
8719,interpretation,1
8720,hurdle,1
8721,debuted,1
8722,medieval,2
8723,sequels,2
8724,settings,1
8725,italian,2
8726,renaissance,3
8727,piracy,1
8728,innovators,1
8729,elden,1
8730,praise,1
8731,bucked,1
8732,popularized,1
8733,scale,3
8734,mirage,1
8735,bold,3
8736,revision,1
8737,imagined,1
8738,languid,1
8739,detours,1
8740,deftly,1
8741,introduces,1
8742,protagonists,1
8743,towering,1
8744,attracts,1
8745,stares,1
8746,wherever,2
8747,portuguese,2
8748,transforms,3
8749,bound,5
8750,warlord,1
8751,oda,1
8752,nobunaga,2
8753,naoe,9
8754,shinobi,1
8755,masked,1
8756,unoriginal,1
8757,motivations,1
8758,faultless,1
8759,revenge,2
8760,blade,1
8761,kanabo,1
8762,clobber,1
8763,opposing,1
8764,achingly,1
8765,puttered,1
8766,countryside,1
8767,befriended,1
8768,meditated,1
8769,flashback,1
8770,tea,3
8771,steeped,1
8772,begun,2
8773,reemerged,1
8774,foe,1
8775,swiss,1
8776,knife,1
8777,hammer,1
8778,habituates,1
8779,playstyle,1
8780,parkour,1
8781,takedowns,1
8782,etc,2
8783,flexibility,2
8784,overlooks,1
8785,compound,1
8786,deviate,1
8787,taught,1
8788,infiltrated,1
8789,kyoto,3
8790,stalking,1
8791,corrupt,1
8792,wary,1
8793,blew,2
8794,flung,2
8795,fought,1
8796,assassination,1
8797,scrambled,1
8798,bar,5
8799,switching,1
8800,unable,4
8801,usual,1
8802,barreled,1
8803,shrugged,1
8804,blows,1
8805,crushed,1
8806,barely,1
8807,dented,2
8808,armor,1
8809,conquered,1
8810,finished,1
8811,rarely,1
8812,payback,1
8813,spur,1
8814,fundamentally,1
8815,boring,1
8816,tired,3
8817,pull,3
8818,playstyles,1
8819,spawned,2
8820,deeply,8
8821,sealed,1
8822,undisclosed,1
8823,depth,3
8824,matters,7
8825,embedded,12
8826,bet,2
8827,predictions,3
8828,brainwashed,1
8829,circular,1
8830,spell,1
8831,uyghur,5
8832,subjected,1
8833,torture,1
8834,sterilization,1
8835,medina,2
8836,kucar,5
8837,encountered,3
8838,unwillingly,1
8839,accused,3
8840,silenced,1
8841,abdullatif,2
8842,boarding,1
8843,uyghurs,6
8844,xinjiang,1
8845,western,2
8846,rounded,1
8847,muslim,1
8848,businessman,2
8849,emilly,1
8850,searches,1
8851,detentions,1
8852,constituting,1
8853,reunite,1
8854,uncovers,1
8855,enabling,1
8856,surveillance,1
8857,sgt,1
8858,joshua,2
8859,abate,2
8860,oath,2
8861,haim,1
8862,lea,1
8863,garn,1
8864,lethal,2
8865,seat,2
8866,headrest,1
8867,lucius,1
8868,punk,2
8869,skullcrusher,1
8870,yeule,2
8871,shortlist,1
8872,vasso,1
8873,vu,1
8874,stubborn,1
8875,dystopia,1
8876,raveena,1
8877,istock,1
8878,nerdom,1
8879,buffoonery,1
8880,recall,6
8881,lucrecia,1
8882,dalt,1
8883,cosa,1
8884,rara,1
8885,camille,1
8886,mandoki,1
8887,cinematic,1
8888,oklou,1
8889,icelandic,1
8890,thorvaldsdottir,1
8891,experimental,2
8892,clipping,1
8893,nominees,5
8894,score,2
8895,prognosticate,1
8896,statues,2
8897,snubs,1
8898,kaitlyn,1
8899,aurelia,1
8900,tim,2
8901,saccenti,1
8902,shredded,1
8903,guitars,1
8904,girlpuppy,1
8905,tunde,1
8906,adebimpe,1
8907,artemisa,1
8908,circuit,3
8909,yeux,2
8910,megaloner,1
8911,halo,1
8912,trippe,1
8913,tamino,1
8914,mitski,1
8915,lux,1
8916,scoring,2
8917,genius,2
8918,glory,1
8919,cody,1
8920,critcheloe,1
8921,highlight,4
8922,upcoming,7
8923,dacus,1
8924,serpentwithfeet,1
8925,breakfast,4
8926,zauner,2
8927,melancholy,1
8928,brunettes,1
8929,pak,1
8930,bae,1
8931,mart,1
8932,sufjan,1
8933,stevens,1
8934,hemingway,1
8935,transfixing,1
8936,savage,1
8937,moody,1
8938,beats,2
8939,80s,1
8940,influenced,5
8941,rat,1
8942,hall,9
8943,blooming,2
8944,richly,1
8945,textured,1
8946,farewell,1
8947,athens,1
8948,psych,1
8949,adventurous,1
8950,mixtapes,1
8951,vikingschoice,1
8952,madi,1
8953,diaz,1
8954,mitra,3
8955,flagship,1
8956,lovers,1
8957,cry,1
8958,gianni,2
8959,versace,3
8960,frazer,2
8961,donatella,1
8962,1997,1
8963,preserving,1
8964,jiakun,1
8965,pritzker,1
8966,architecture,4
8967,chengdu,1
8968,monuments,1
8969,walkways,1
8970,pedestrians,1
8971,chin,1
8972,hyosook,1
8973,reverence,1
8974,chronicling,1
8975,comforting,1
8976,familiarity,1
8977,interpretations,2
8978,erivo,2
8979,est,1
8980,pst,1
8981,abc,1
8982,pioneering,1
8983,architect,1
8984,kennard,1
8985,carson,2
8986,1976,1
8987,sata,1
8988,schoenholz,1
8989,architects,1
8990,preserves,1
8991,ha,1
8992,vietnamese,2
8993,maryland,2
8994,maansi,2
8995,srivastava,2
8996,marks,7
8997,vietnam,3
8998,shamus,3
8999,entertainers,2
9000,severed,2
9001,ties,4
9002,assumed,2
9003,chairmanship,2
9004,wortham,2
9005,diptych,1
9006,mat,1
9007,dryhurst,1
9008,xhairymutantx,1
9009,commissioned,1
9010,larger,3
9011,biennial,1
9012,christie,3
9013,landmark,2
9014,auction,2
9015,ltd,3
9016,augmented,1
9017,syl,1
9018,abaya,1
9019,booth,1
9020,booths,1
9021,infrared,1
9022,mateu,1
9023,fernández,1
9024,soto,1
9025,revealing,1
9026,underneath,1
9027,courtauld,2
9028,analyzing,2
9029,painting,2
9030,unidentified,1
9031,submerged,1
9032,artic,1
9033,emmanuel,3
9034,macron,4
9035,renovate,1
9036,louvre,5
9037,disrepair,1
9038,appropriations,1
9039,feast,1
9040,cana,2
9041,paolo,1
9042,veronese,2
9043,masterworks,1
9044,cease,5
9045,fiddle,1
9046,antoine,1
9047,boureau,1
9048,hans,2
9049,leonardo,2
9050,da,2
9051,vinci,2
9052,masterpiece,2
9053,masterpieces,1
9054,hanging,1
9055,titian,1
9056,tintoretto,1
9057,bertrand,3
9058,guay,2
9059,reimagined,1
9060,aiming,2
9061,success,3
9062,notre,4
9063,dame,4
9064,objects,1
9065,candland,1
9066,points,2
9067,burgeoning,1
9068,trend,1
9069,museums,1
9070,openly,1
9071,repatriate,1
9072,looted,1
9073,layden,1
9074,reviving,1
9075,promote,3
9076,graduating,1
9077,chancellor,2
9078,clayton,1
9079,munoz,1
9080,louis,1
9081,affiliate,1
9082,pasha,1
9083,bombardment,1
9084,napoleon,1
9085,slept,1
9086,1799,1
9087,qattaa,1
9088,irreplaceable,3
9089,ruins,2
9090,visited,1
9091,olivier,3
9092,latry,2
9093,organist,3
9094,beside,2
9095,refurbished,1
9096,philippe,1
9097,guyonnet,1
9098,cathedral,4
9099,transformed,1
9100,acoustics,1
9101,horrific,2
9102,craftspeople,1
9103,thorough,1
9104,reverberant,1
9105,ninson,3
9106,ghana,1
9107,embraced,1
9108,photobooks,2
9109,dikan,1
9110,accra,1
9111,oldest,2
9112,gold,3
9113,1940s,1
9114,nana,1
9115,kofi,1
9116,acquah,1
9117,newfangled,1
9118,continent,1
9119,maxed,1
9120,godfather,2
9121,puzo,1
9122,cazale,1
9123,fredo,1
9124,corleone,2
9125,pacino,1
9126,churns,1
9127,perfected,1
9128,connects,2
9129,cultivate,1
9130,fostering,1
9131,acquire,1
9132,distribute,4
9133,upholds,1
9134,advocate,2
9135,interconnection,4
9136,inform,2
9137,gifts,1
9138,fulfill,4
9139,unending,1
9140,pursuit,2
9141,cascading,1
9142,corner,2
9143,enterprise,2
9144,workplace,1
9145,partnerships,1
9146,collaborations,2
9147,sexual,8
9148,orientation,2
9149,class,20
9150,abilities,1
9151,persuasion,1
9152,geographic,1
9153,origin,2
9154,attainment,1
9155,thrive,1
9156,talented,2
9157,professionals,3
9158,incredibly,2
9159,talents,4
9160,backgrounds,2
9161,designers,3
9162,copyrights,1
9163,trademarks,2
9164,api,6
9165,acknowledgments,5
9166,automatic,2
9167,renewals,2
9168,cancellations,1
9169,representations,4
9170,indemnity,2
9171,disclaimer,1
9172,export,4
9173,shopping,1
9174,downloading,1
9175,millennium,1
9176,dmca,2
9177,notices,3
9178,miscellaneous,1
9179,acknowledge,9
9180,permission,4
9181,modify,5
9182,portions,2
9183,notifying,1
9184,updating,2
9185,governing,2
9186,defined,5
9187,reproduce,1
9188,republish,2
9189,upload,2
9190,transmit,3
9191,derivative,2
9192,scrape,2
9193,replicating,1
9194,republishing,1
9195,assign,1
9196,copyrighted,1
9197,enable,1
9198,noncommercial,7
9199,modification,3
9200,proprietary,4
9201,promotes,2
9202,endorses,2
9203,causes,4
9204,harmful,4
9205,replicate,1
9206,preceding,1
9207,widgets,1
9208,apis,2
9209,therefrom,1
9210,permitted,9
9211,appearing,2
9212,licensors,1
9213,reproduction,1
9214,imitation,1
9215,dilution,1
9216,trademark,2
9217,essays,3
9218,networking,2
9219,discussions,2
9220,routed,1
9221,servers,2
9222,viewed,2
9223,refuse,2
9224,ownership,3
9225,submitting,2
9226,perpetual,1
9227,transferable,1
9228,sublicense,1
9229,framing,1
9230,cache,1
9231,encode,1
9232,adapt,1
9233,formats,1
9234,hereafter,1
9235,devised,1
9236,licensee,1
9237,abide,4
9238,warranties,11
9239,indemnification,1
9240,forth,4
9241,consisting,2
9242,selection,2
9243,summaries,1
9244,blurbs,1
9245,exempt,4
9246,501,4
9247,corporation,3
9248,acknowledgements,2
9249,redistribute,1
9250,adjacent,3
9251,discretion,1
9252,enables,1
9253,registered,4
9254,developer,4
9255,establish,1
9256,registering,1
9257,revoke,1
9258,client,2
9259,rss,1
9260,embeddable,2
9261,displayed,3
9262,paragraphs,1
9263,shall,8
9264,insert,1
9265,advertisement,1
9266,supports,3
9267,creation,1
9268,fee,12
9269,elect,7
9270,fixed,2
9271,specified,3
9272,choosing,1
9273,renewing,1
9274,options,1
9275,renews,2
9276,cancelled,1
9277,fees,19
9278,affirmatively,2
9279,duration,1
9280,expire,2
9281,expired,1
9282,maintain,23
9283,accurate,3
9284,assumes,1
9285,fails,2
9286,faqs,2
9287,administering,1
9288,tied,1
9289,purchased,4
9290,duplicate,1
9291,canceling,3
9292,redeemed,1
9293,partial,4
9294,prorate,1
9295,promotions,8
9296,trials,3
9297,promotional,5
9298,reduced,1
9299,eligibility,1
9300,extent,9
9301,communicated,1
9302,discounted,1
9303,recurring,6
9304,interval,1
9305,confidential,1
9306,confidentiality,1
9307,occurs,3
9308,accounts,3
9309,incurred,4
9310,purchasing,1
9311,billing,1
9312,authorization,1
9313,submitted,5
9314,holder,4
9315,wallet,1
9316,determining,2
9317,compatible,3
9318,preferred,4
9319,subscribed,3
9320,territorial,2
9321,limitations,4
9322,suspend,2
9323,terminate,2
9324,breached,1
9325,selecting,4
9326,disable,1
9327,auto,3
9328,procedures,3
9329,concludes,1
9330,select,3
9331,partnership,5
9332,minimum,1
9333,constitute,3
9334,thank,67
9335,issue,4
9336,receipt,3
9337,receipts,2
9338,elects,1
9339,notify,2
9340,logging,2
9341,journalistic,5
9342,ethics,7
9343,therefore,1
9344,encourages,1
9345,permits,2
9346,inappropriate,1
9347,endorse,2
9348,indirectly,2
9349,reliance,1
9350,facebook,2
9351,unrelated,4
9352,clearances,1
9353,licenses,1
9354,contemplated,2
9355,encumbrances,2
9356,libel,1
9357,infringe,1
9358,patent,1
9359,reputation,1
9360,indemnify,1
9361,harmless,1
9362,liabilities,2
9363,expenses,9
9364,reasonable,2
9365,arising,4
9366,breach,3
9367,faults,1
9368,express,2
9369,implied,3
9370,disclaim,1
9371,statutory,4
9372,merchantability,1
9373,workmanlike,1
9374,liens,1
9375,infringement,3
9376,misappropriation,1
9377,intellectual,4
9378,relating,5
9379,reliability,1
9380,correctness,1
9381,completeness,1
9382,warranty,5
9383,functions,2
9384,therein,1
9385,timely,1
9386,viruses,1
9387,uninterrupted,2
9388,opinions,4
9389,oral,2
9390,substitute,2
9391,diagnosis,3
9392,physician,2
9393,disregard,1
9394,notwithstanding,2
9395,disclaimers,1
9396,resulting,3
9397,intentional,2
9398,misconduct,2
9399,recklessness,2
9400,negligence,2
9401,exclusions,1
9402,fullest,2
9403,indirect,1
9404,incidental,2
9405,punitive,2
9406,defamatory,1
9407,infringing,1
9408,illegal,13
9409,conduct,4
9410,omission,2
9411,interruption,1
9412,defect,1
9413,transmission,1
9414,excess,3
9415,herein,1
9416,carrier,1
9417,solely,6
9418,incur,1
9419,sender,1
9420,receiver,1
9421,exported,2
9422,embargoed,1
9423,treasury,1
9424,specially,1
9425,nationals,4
9426,persons,2
9427,commerce,2
9428,prohibited,3
9429,manufacture,1
9430,chemical,1
9431,biological,1
9432,signifies,1
9433,acceptance,3
9434,withhold,2
9435,shipped,2
9436,sourced,19
9437,branded,1
9438,ios,1
9439,thereof,2
9440,obligation,3
9441,whatsoever,2
9442,furnish,1
9443,conform,3
9444,acknowledging,2
9445,attributable,1
9446,sole,1
9447,addressing,1
9448,possession,2
9449,requirement,1
9450,legislation,2
9451,infringes,1
9452,discharge,2
9453,subsidiaries,1
9454,beneficiaries,1
9455,beneficiary,1
9456,limiting,1
9457,respects,2
9458,copied,1
9459,512,2
9460,detail,3
9461,uploaded,1
9462,subsequently,1
9463,disabled,4
9464,improperly,1
9465,notification,1
9466,1111,3
9467,ne,1
9468,513,2
9469,3240,1
9470,fax,1
9471,3021,1
9472,ogcstaff,1
9473,supersede,1
9474,correspondence,1
9475,construed,1
9476,regard,2
9477,permissible,2
9478,litigated,2
9479,venue,7
9480,provision,3
9481,unenforceable,1
9482,enforced,1
9483,remainder,1
9484,dairy,2
9485,wisc,1
9486,cheese,2
9487,vat,1
9488,usda,2
9489,quirmbach,1
9490,wuwm,1
9491,breathing,1
9492,sigh,1
9493,persists,1
9494,66,1
9495,cents,1
9496,supermarket,2
9497,monterey,1
9498,worse,5
9499,defy,1
9500,expectations,1
9501,plain,2
9502,mashed,1
9503,potatoes,1
9504,wicked,3
9505,cris,1
9506,cantón,1
9507,recipes,5
9508,conceptual,1
9509,halibut,1
9510,dish,1
9511,chef,3
9512,inunnguaq,2
9513,hegelund,2
9514,preserve,2
9515,traditions,1
9516,importance,7
9517,ingredients,4
9518,cuisine,1
9519,fullness,1
9520,satiety,1
9521,neurons,2
9522,hypothalamus,1
9523,sugar,5
9524,hijack,1
9525,horasiu,1
9526,vasilescu,1
9527,500px,1
9528,dessert,2
9529,crave,1
9530,canned,2
9531,soup,1
9532,vegetables,2
9533,beverages,2
9534,malinda,1
9535,1866,1
9536,sweets,2
9537,shampoo,2
9538,cologne,1
9539,remedies,1
9540,toothaches,1
9541,cull,1
9542,hens,1
9543,elevated,1
9544,predict,1
9545,bounce,1
9546,tuna,1
9547,recalled,2
9548,faulty,1
9549,packaging,4
9550,urguplu,1
9551,triggered,1
9552,defective,1
9553,poisoning,1
9554,guys,2
9555,perfectly,2
9556,veni,1
9557,vidi,1
9558,shoot,1
9559,wings,2
9560,quarterback,1
9561,buffets,1
9562,fairly,2
9563,doubled,27
9564,abundant,1
9565,southend,1
9566,treats,1
9567,meat,3
9568,keeble,1
9569,consumption,1
9570,fido,1
9571,eats,1
9572,carbon,1
9573,footprint,1
9574,factors,2
9575,curran,1
9576,substitutes,3
9577,waffle,1
9578,indianapolis,1
9579,isabella,1
9580,volmert,1
9581,slaughter,1
9582,preventive,1
9583,advertised,1
9584,puffs,2
9585,frosted,1
9586,flakes,1
9587,froot,1
9588,loops,1
9589,honey,3
9590,nut,1
9591,cheerios,1
9592,lucky,2
9593,charms,1
9594,pebbles,1
9595,reese,3
9596,toast,3
9597,crunch,1
9598,trix,1
9599,cathy,1
9600,scola,1
9601,diets,1
9602,bowls,1
9603,drives,2
9604,cereals,1
9605,aimed,21
9606,upgraded,1
9607,bags,1
9608,frito,1
9609,potato,1
9610,chips,3
9611,severity,1
9612,undeclared,1
9613,milk,4
9614,sensitivities,1
9615,allergies,2
9616,drink,2
9617,lemon,2
9618,stainless,1
9619,straw,1
9620,petroleum,1
9621,dye,3
9622,candy,2
9623,snacks,2
9624,juice,2
9625,rahim,1
9626,additive,1
9627,sodas,1
9628,dyes,1
9629,rats,1
9630,dislike,2
9631,eby,2
9632,gotta,2
9633,practical,1
9634,dressing,1
9635,instant,1
9636,ramen,1
9637,frozen,1
9638,illustrations,1
9639,mariá,1
9640,toro,1
9641,excerpted,1
9642,quirk,1
9643,confidence,3
9644,boar,2
9645,meats,1
9646,safeway,1
9647,listeria,2
9648,sanitation,1
9649,gruel,1
9650,celebrates,1
9651,bed,1
9652,huntington,1
9653,emma,2
9654,raging,1
9655,surf,1
9656,channel,1
9657,locals,1
9658,mores,2
9659,yay,2
9660,scouts,1
9661,discontinued,1
9662,flavors,1
9663,rip,2
9664,mango,1
9665,cremes,1
9666,nutrifusion,1
9667,cheesy,1
9668,yangles,1
9669,carries,1
9670,bread,2
9671,bakery,2
9672,aris,1
9673,messinis,1
9674,toppled,1
9675,myriad,2
9676,implemented,2
9677,aspires,2
9678,transcript,4
9679,button,3
9680,side,3
9681,typically,1
9682,companion,1
9683,publish,1
9684,reviewed,2
9685,1990,1
9686,libraries,1
9687,recommended,5
9688,guidelines,3
9689,wcag,1
9690,browsers,1
9691,editorial,8
9692,captioning,1
9693,captions,1
9694,venues,3
9695,experiences,3
9696,distributors,2
9697,continually,2
9698,inclusive,1
9699,encourage,2
9700,regularly,3
9701,cory,1
9702,turner,2
9703,closure,3
9704,sheet,13
9705,intentions,1
9706,withheld,1
9707,133,1
9708,chosen,4
9709,resigning,1
9710,183,1
9711,acknowledgment,1
9712,votes,4
9713,filibuster,1
9714,unwinding,1
9715,unforgettable,1
9716,patty,1
9717,murray,2
9718,wash,5
9719,slash,1
9720,pbs,1
9721,marist,1
9722,poll,1
9723,63,1
9724,37,1
9725,justifies,1
9726,claiming,3
9727,founding,1
9728,achievement,5
9729,barometers,1
9730,considerably,1
9731,wrought,1
9732,havoc,1
9733,gaps,2
9734,closed,3
9735,reveal,3
9736,principal,3
9737,controlling,2
9738,fraction,1
9739,senators,6
9740,dismantling,5
9741,assured,1
9742,efficiently,2
9743,coordinate,1
9744,subjects,6
9745,destinies,1
9746,abysmal,1
9747,finishes,1
9748,remarkable,1
9749,kaity,2
9750,kline,2
9751,hardline,1
9752,letters,2
9753,colleges,3
9754,accusations,3
9755,bard,1
9756,drafter,2
9757,holocaust,2
9758,remembrance,2
9759,ihra,1
9760,situation,4
9761,distorted,1
9762,2004,1
9763,zionists,1
9764,judaism,1
9765,zionist,1
9766,label,3
9767,antisemites,1
9768,replied,1
9769,weaponizing,3
9770,liberal,1
9771,radical,1
9772,agitators,1
9773,accountable,3
9774,deporting,2
9775,condensed,1
9776,root,1
9777,failing,3
9778,jd,3
9779,playbook,2
9780,victor,1
9781,orban,1
9782,hungary,1
9783,unfold,1
9784,distinction,1
9785,harassments,1
9786,handing,1
9787,excuse,3
9788,predicate,1
9789,assaulting,2
9790,mccarthyism,1
9791,anymore,4
9792,horrible,1
9793,situations,2
9794,combating,1
9795,safer,1
9796,tremendously,1
9797,schweitzer,1
9798,briefing,3
9799,selcuk,2
9800,acar,2
9801,compromise,2
9802,bellwether,2
9803,seeks,2
9804,departs,2
9805,foyer,1
9806,ana,1
9807,ukraine,23
9808,arbiter,2
9809,mcnamee,4
9810,127,2
9811,enormous,3
9812,usip,2
9813,soft,2
9814,expertise,2
9815,tank,3
9816,crosshairs,2
9817,dynamism,1
9818,summit,3
9819,rnc,1
9820,midterms,1
9821,boasberg,4
9822,overseeing,2
9823,brighter,2
9824,guards,1
9825,escort,1
9826,defended,1
9827,willow,4
9828,winsham,4
9829,witches,5
9830,ponder,2
9831,batsford,2
9832,researched,4
9833,summary,2
9834,enslaved,2
9835,ads,2
9836,spouses,3
9837,siblings,2
9838,giesberg,2
9839,france,3
9840,brigitte,2
9841,giraud,2
9842,haunting,2
9843,revisits,2
9844,motorcycle,2
9845,odd,2
9846,geraldine,2
9847,horwitz,1
9848,grieves,1
9849,kay,1
9850,sohini,1
9851,ridiculous,1
9852,redefinition,1
9853,talese,1
9854,gathers,1
9855,haslett,1
9856,strained,4
9857,asylum,3
9858,fireworks,2
9859,harbour,1
9860,delmotte,1
9861,snake,1
9862,romances,2
9863,jessen,1
9864,luen,1
9865,yang,22
9866,leuyen,1
9867,pham,1
9868,sparking,1
9869,afterlife,1
9870,nuns,1
9871,pounding,1
9872,ya,2
9873,habit,1
9874,depart,1
9875,trodden,1
9876,bedtime,1
9877,tense,1
9878,sacha,1
9879,mardou,1
9880,meow,1
9881,moir,1
9882,nonfiction,2
9883,suspense,1
9884,satire,1
9885,extraordinary,1
9886,corrigan,3
9887,appetite,1
9888,cookbooks,1
9889,assemble,1
9890,irish,4
9891,1962,1
9892,niall,1
9893,avoids,1
9894,cliché,1
9895,investing,1
9896,specificity,1
9897,trends,1
9898,nominated,7
9899,350,3
9900,handpicked,2
9901,billy,1
9902,norbury,1
9903,creatures,1
9904,spider,1
9905,katherine,2
9906,rundell,1
9907,toronto,1
9908,executed,2
9909,canadians,4
9910,westerners,1
9911,mélanie,1
9912,trudeau,2
9913,clemency,3
9914,strongly,1
9915,condemn,1
9916,personally,3
9917,leniency,1
9918,consistently,1
9919,spokeswoman,1
9920,charlotte,1
9921,macleod,1
9922,consular,1
9923,schellenberg,1
9924,sentenced,2
9925,smuggling,1
9926,imposes,1
9927,penalties,2
9928,solid,1
9929,sufficient,1
9930,traditionally,1
9931,gunshot,1
9932,injections,1
9933,introduced,2
9934,guaranteed,2
9935,urged,1
9936,irresponsible,1
9937,tensions,2
9938,retaliatory,1
9939,imports,4
9940,jacques,1
9941,ian,2
9942,brodie,1
9943,harper,3
9944,agricultural,1
9945,prc,1
9946,chong,1
9947,executing,1
9948,huawei,2
9949,meng,3
9950,wanzhou,1
9951,extradition,1
9952,motivated,2
9953,technological,1
9954,amnesty,1
9955,inhumane,1
9956,english,2
9957,ketty,1
9958,nivyabandi,1
9959,personnel,2
9960,sudiksha,2
9961,konanki,2
9962,disappeared,3
9963,punta,1
9964,francesco,1
9965,spotorno,1
9966,lightning,2
9967,ramstein,4
9968,base,4
9969,fighter,6
9970,miesenbach,2
9971,lohnes,2
9972,fits,2
9973,nato,2
9974,thoughts,2
9975,antonio,3
9976,guterres,2
9977,segment,2
9978,58th,2
9979,council,4
9980,switzerland,2
9981,salvatore,2
9982,di,2
9983,nolfi,2
9984,keystone,2
9985,rape,25
9986,abuses,2
9987,peacekeepers,2
9988,bullfighting,6
9989,continuation,3
9990,ginnette,2
9991,riquelme,2
9992,matadors,2
9993,barricade,2
9994,bureaus,2
9995,excerpts,1
9996,downloadable,1
9997,contacts,1
9998,tickets,1
9999,davies,1
10000,tonya,1
10001,mosley,1
10002,fanbase,2
10003,retuned,1
10004,coronavirus,1
10005,reordered,1
10006,interrupting,1
10007,shugerman,1
10008,winkelmeyer,1
10009,clive,2
10010,brunskill,2
10011,pascal,1
10012,le,1
10013,segretain,1
10014,shrank,1
10015,disarray,1
10016,88,1
10017,minimalism,1
10018,barbra,2
10019,streisand,1
10020,devotees,1
10021,unbearable,1
10022,anticipation,1
10023,fusco,1
10024,stunned,1
10025,utter,1
10026,glastonbury,1
10027,teasing,1
10028,insect,1
10029,imagery,1
10030,supersized,1
10031,reissue,1
10032,sos,1
10033,joseph,2
10034,okpako,1
10035,deluxe,1
10036,clunky,1
10037,inessential,1
10038,format,1
10039,dj,1
10040,aka,1
10041,nolwen,1
10042,cifuentes,1
10043,comprehend,1
10044,pays,1
10045,homage,1
10046,biondo,1
10047,noz,1
10048,nosnitsky,1
10049,saafir,1
10050,boxcar,1
10051,inducted,1
10052,canon,1
10053,cowan,1
10054,grammys,3
10055,prompt,1
10056,antagonistic,1
10057,transgressive,2
10058,overtones,1
10059,poised,2
10060,recapture,1
10061,confrontational,1
10062,darkness,1
10063,maestra,1
10064,marin,1
10065,alsop,1
10066,conducts,1
10067,symphony,2
10068,orchestra,2
10069,suchman,1
10070,conductor,1
10071,potent,1
10072,belongs,2
10073,lineage,1
10074,hustler,2
10075,rappers,3
10076,credibility,3
10077,coexists,1
10078,artful,1
10079,exaggeration,1
10080,thankyousnapgod,1
10081,traffic,2
10082,sinister,2
10083,grift,2
10084,46,1
10085,noah,2
10086,lennox,3
10087,unfulfilled,1
10088,shonting,1
10089,00s,1
10090,youthful,1
10091,ramshackle,1
10092,indie,3
10093,faltering,1
10094,midlife,1
10095,fleshed,1
10096,mal,1
10097,emilia,2
10098,pérez,1
10099,shanna,1
10100,besson,1
10101,equally,2
10102,worthy,2
10103,knocks,2
10104,debuting,1
10105,drake,5
10106,ome,4
10107,exy,4
10108,ongs,4
10109,rap,2
10110,billboard,1
10111,collaborative,2
10112,ovo,1
10113,signee,1
10114,partynextdoor,1
10115,breakout,2
10116,norman,3
10117,rebound,2
10118,reverts,1
10119,charting,1
10120,tentative,1
10121,throne,1
10122,mccartney,2
10123,bowery,1
10124,ballroom,1
10125,mpl,1
10126,nyc,1
10127,sophomore,2
10128,horsegirl,2
10129,strips,3
10130,basics,2
10131,ruby,1
10132,phonetics,1
10133,compulsively,1
10134,replayable,1
10135,arrestingly,1
10136,catchy,1
10137,bones,1
10138,songwriting,1
10139,twee,1
10140,treasures,1
10141,hollander,1
10142,mylkweed,1
10143,renowned,1
10144,hurry,2
10145,tesfaye,2
10146,mccandless,1
10147,desmond,1
10148,hedonistic,1
10149,partying,1
10150,auditioned,1
10151,glinda,1
10152,katia,1
10153,tempkin,1
10154,kid,1
10155,karaoke,1
10156,mariah,1
10157,celine,1
10158,endlessly,1
10159,summons,1
10160,tall,2
10161,wrestlers,1
10162,homesteaders,1
10163,gothic,1
10164,prospectors,1
10165,mash,1
10166,macabre,1
10167,cracker,1
10168,barrel,1
10169,speculation,1
10170,uz,3
10171,reaches,1
10172,evoked,1
10173,proving,2
10174,opera,1
10175,framed,1
10176,catastrophes,1
10177,1935,1
10178,suffocated,1
10179,wall,3
10180,inches,3
10181,emotionally,1
10182,coexist,1
10183,huckster,1
10184,healer,1
10185,ails,1
10186,customers,3
10187,chase,2
10188,unbalances,1
10189,cart,1
10190,rainwater,1
10191,venom,1
10192,bottle,8
10193,lying,3
10194,trance,1
10195,absorbs,1
10196,heaviness,1
10197,horrified,1
10198,robbed,1
10199,react,1
10200,withdrawals,1
10201,narrators,1
10202,amplify,1
10203,peculiar,1
10204,dell,2
10205,oletsky,2
10206,teenage,2
10207,victim,1
10208,harp,3
10209,mysteriously,1
10210,untouched,1
10211,enveloping,1
10212,cleo,4
10213,allfrey,1
10214,advertisements,1
10215,painfully,1
10216,twilight,1
10217,haywire,2
10218,photographing,1
10219,futures,1
10220,terrain,1
10221,uncanny,1
10222,swathes,1
10223,buried,2
10224,poland,1
10225,grabbed,23
10226,occupied,1
10227,guiltily,1
10228,recalling,1
10229,hierarchy,1
10230,serf,1
10231,unwashed,1
10232,onion,1
10233,rung,1
10234,ladder,1
10235,porter,1
10236,ticking,1
10237,pulse,1
10238,beating,1
10239,exhumes,1
10240,alas,1
10241,antidotes,1
10242,consolations,1
10243,refract,1
10244,energized,1
10245,andee,5
10246,tagle,5
10247,navied,2
10248,mahdavian,2
10249,cringey,1
10250,embarrassment,1
10251,replaying,1
10252,awkward,1
10253,ty,1
10254,tashiro,1
10255,dahl,1
10256,cringeworthy,1
10257,pilvi,1
10258,takala,1
10259,yorker,1
10260,cartoonist,1
10261,spotify,5
10262,nprlifekit,2
10263,boilen,1
10264,carefully,1
10265,lineup,1
10266,trumpeter,3
10267,unmistakable,1
10268,easy,4
10269,forming,1
10270,fearlessly,1
10271,bounds,1
10272,doc,1
10273,vocalists,1
10274,jill,1
10275,wyclef,1
10276,mentors,1
10277,dee,2
10278,bridgewater,1
10279,saxophonist,2
10280,bartz,1
10281,quantum,1
10282,blk2life,1
10283,ep,1
10284,showcase,1
10285,stripped,2
10286,composition,1
10287,anchored,2
10288,bassline,1
10289,wheeler,1
10290,declarative,1
10291,messenger,1
10292,dazzling,1
10293,trumpet,1
10294,dancers,1
10295,vocals,1
10296,malaya,1
10297,adding,5
10298,aptly,1
10299,calming,1
10300,contemplative,1
10301,zadie,2
10302,morales,1
10303,shoulds,1
10304,ronny,1
10305,chieng,1
10306,blessing,1
10307,eisenberg,2
10308,successes,2
10309,gareth,2
10310,cattermole,1
10311,contour,1
10312,ambition,1
10313,despair,1
10314,produces,1
10315,acquires,1
10316,handbook,6
10317,heights,1
10318,watchdogs,1
10319,principles,9
10320,honesty,1
10321,integrity,2
10322,independence,3
10323,contextual,1
10324,guiding,1
10325,prescriptive,1
10326,ts,1
10327,managers,2
10328,editors,1
10329,newscasters,1
10330,interns,1
10331,divisions,6
10332,freelance,1
10333,editorially,1
10334,adhere,2
10335,engineering,3
10336,pursue,2
10337,diligent,1
10338,rigorously,1
10339,devote,1
10340,verified,1
10341,truest,1
10342,scrupulous,1
10343,criticism,2
10344,unfavorable,1
10345,negative,1
10346,interpret,1
10347,faithful,1
10348,controversy,1
10349,strive,3
10350,strongest,1
10351,sides,2
10352,nuance,1
10353,thoroughly,1
10354,comprehensively,1
10355,inflict,1
10356,incomplete,1
10357,divergent,1
10358,genuine,3
10359,candid,1
10360,attribute,1
10361,hyperbole,1
10362,sensational,2
10363,conjecture,1
10364,construct,1
10365,hypotheticals,1
10366,fabrication,1
10367,rarest,1
10368,stake,6
10369,disguise,1
10370,intent,1
10371,rigorous,2
10372,deliberation,2
10373,allegiance,2
10374,compromising,1
10375,vigilant,1
10376,disclosing,1
10377,supervisors,2
10378,loyalties,1
10379,extending,1
10380,recuse,1
10381,skew,1
10382,assets,2
10383,comport,1
10384,impartiality,2
10385,factual,1
10386,unduly,1
10387,influencing,2
10388,transcend,1
10389,aggressively,2
10390,inspire,2
10391,evaluate,2
10392,funders,2
10393,careful,2
10394,criticisms,1
10395,stakeholders,1
10396,inevitable,1
10397,forthrightly,1
10398,treated,1
10399,decency,1
10400,compassion,1
10401,avoiding,3
10402,arrogance,1
10403,hubris,1
10404,confrontations,1
10405,differences,2
10406,attitudes,1
10407,minimize,1
10408,undue,1
10409,mindful,1
10410,marry,1
10411,craftsmanship,1
10412,illuminate,1
10413,slant,1
10414,obscure,1
10415,aspire,1
10416,maudlin,1
10417,mundane,1
10418,shallow,1
10419,sentimentality,1
10420,faithfully,1
10421,powerfully,1
10422,convey,1
10423,owe,1
10424,complexity,1
10425,reinforce,1
10426,provoke,1
10427,discussion,1
10428,keys,1
10429,ethical,3
10430,strengthen,1
10431,compass,1
10432,compels,1
10433,empowers,1
10434,consciences,1
10435,mutates,1
10436,immunity,1
10437,seasonal,3
10438,hatcher,1
10439,dealt,1
10440,primed,1
10441,fend,1
10442,kurt,2
10443,papenfus,2
10444,keefe,1
10445,cheyenne,1
10446,wells,2
10447,permanently,2
10448,medication,5
10449,abortion,11
10450,physicians,3
10451,prescribe,2
10452,restrict,2
10453,elissa,2
10454,nadworny,2
10455,indicted,3
10456,doctor,5
10457,mailing,2
10458,1961,1
10459,clause,2
10460,1960s,2
10461,entities,2
10462,segregated,2
10463,rooms,3
10464,drinking,1
10465,fountains,1
10466,transportation,3
10467,lovelace,1
10468,dharapak,1
10469,upfront,1
10470,amnajkhetsamtip,1
10471,amended,2
10472,monique,1
10473,alvarado,1
10474,heightened,1
10475,logistics,1
10476,jure,1
10477,imageshide,1
10478,unvaccinated,1
10479,stressing,1
10480,smarter,2
10481,hoz,1
10482,algorithms,1
10483,manipulate,1
10484,wellness,1
10485,nicky,1
10486,sims,3
10487,samson,1
10488,guenterguni,1
10489,religion,4
10490,nimer,5
10491,saddy,2
10492,badir,1
10493,dujja,1
10494,seedra,1
10495,brace,1
10496,salted,1
10497,caramel,1
10498,cream,2
10499,scooper,1
10500,maren,1
10501,caruso,1
10502,neilson,1
10503,barnard,1
10504,vanity,1
10505,piero,2
10506,cruciatti,2
10507,paying,19
10508,nba,3
10509,martinez,5
10510,packed,25
10511,mardi,1
10512,gras,1
10513,chiles,7
10514,duo,1
10515,owl,1
10516,mcintyre,1
10517,terranova,1
10518,isa,1
10519,foltin,1
10520,hoermanseder,1
10521,reborn,1
10522,loccisano,1
10523,yuki,1
10524,iwamura,1
10525,bridget,9
10526,originated,1
10527,loser,1
10528,ozzy,1
10529,morin,1
10530,kevork,1
10531,djansezian,1
10532,throwback,2
10533,roman,1
10534,numerals,1
10535,kelce,1
10536,smirker,1
10537,rfk,4
10538,falconer,1
10539,squire,5
10540,nursery,1
10541,rhymes,1
10542,bodily,1
10543,dimitrios,1
10544,kambouris,1
10545,nods,1
10546,harry,2
10547,barron,1
10548,cryptobro,1
10549,aba,1
10550,dietsch,2
10551,tiktok,1
10552,demi,3
10553,timothée,2
10554,chalamet,2
10555,tackle,2
10556,globes,1
10557,resolutions,1
10558,kopaloff,1
10559,quiz,6
10560,buda,1
10561,mendes,1
10562,sébastien,1
10563,courdji,1
10564,trivia,1
10565,martial,1
10566,décor,1
10567,rot,1
10568,popemobile,1
10569,clickbait,2
10570,arnold,2
10571,lillian,1
10572,suwanrumpha,1
10573,schwarzenegger,1
10574,dwyane,1
10575,klamar,2
10576,chung,1
10577,sung,1
10578,jun,1
10579,mixes,2
10580,celebrities,2
10581,hey,1
10582,shohei,1
10583,ohtani,1
10584,rudy,1
10585,iheartradio,1
10586,offensively,1
10587,blithe,1
10588,fascism,1
10589,tightrope,1
10590,charlamagne,1
10591,tha,1
10592,tyra,1
10593,banks,1
10594,thornton,1
10595,iheartmedia,1
10596,roy,2
10597,rochlin,2
10598,fanatics,1
10599,pandas,2
10600,rehired,2
10601,pugliano,1
10602,prizes,1
10603,predator,1
10604,debated,1
10605,gonna,1
10606,lumi,1
10607,roni,1
10608,rekomaa,1
10609,lamparski,1
10610,concordia,1
10611,packing,1
10612,fabled,1
10613,santiago,1
10614,mtv,1
10615,maori,2
10616,tran,1
10617,bettcher,1
10618,adorn,1
10619,mockingbird,2
10620,smiles,1
10621,famously,1
10622,hanif,1
10623,kureishi,3
10624,function,3
10625,kier,1
10626,reacts,4
10627,finishing,3
10628,uneven,3
10629,bars,5
10630,olympic,8
10631,gymnast,3
10632,afterward,3
10633,collector,1
10634,rebecca,3
10635,romney,2
10636,udolpho,1
10637,radcliffe,1
10638,1794,1
10639,austen,3
10640,bookshelf,2
10641,spotlights,1
10642,novelist,2
10643,weekdays,1
10644,inskeep,3
10645,saturdays,1
10646,sundays,1
10647,upfirst,1
10648,handed,2
10649,tactics,2
10650,vows,1
10651,resumes,1
10652,threatening,3
10653,tenuous,1
10654,venezuelans,2
10655,hostile,2
10656,invoked,3
10657,wartime,1
10658,alien,2
10659,reentry,1
10660,midwest,1
10661,stopgap,3
10662,narrowly,1
10663,vote,6
10664,favorable,1
10665,noor,1
10666,abdalla,1
10667,blamed,1
10668,delivering,2
10669,purges,1
10670,rejects,1
10671,deceptive,1
10672,tehran,1
10673,resuming,1
10674,reviewing,3
10675,concessions,1
10676,steep,1
10677,investors,1
10678,recession,1
10679,investigations,4
10680,mia,2
10681,venkat,2
10682,messiest,1
10683,doorway,1
10684,legos,1
10685,strewn,1
10686,socks,1
10687,wedged,1
10688,cushions,1
10689,cups,1
10690,crusted,1
10691,overwhelmed,1
10692,exist,1
10693,functioning,3
10694,tidying,1
10695,garbage,1
10696,distracted,1
10697,livable,2
10698,functional,2
10699,motivation,2
10700,sudden,3
10701,pile,3
10702,likes,5
10703,baskets,1
10704,holes,2
10705,sucker,1
10706,grinding,1
10707,gears,1
10708,miserable,1
10709,greased,1
10710,smallest,1
10711,adhd,1
10712,gridlock,1
10713,distinctions,1
10714,washed,2
10715,wore,1
10716,thousand,2
10717,wear,1
10718,washer,1
10719,adjust,3
10720,triage,1
10721,aside,3
10722,straightforward,1
10723,shelf,1
10724,belong,2
10725,concentration,2
10726,scissors,1
10727,cutters,1
10728,junk,1
10729,shoe,1
10730,hang,1
10731,laundromat,1
10732,celebratory,1
10733,meghan,2
10734,keane,2
10735,nett,1
10736,enrolled,19
10737,vocational,19
10738,mills,19
10739,industrial,19
10740,repair,20
10741,lyndon,7
10742,obligated,2
10743,supervisor,1
10744,dis,21
10745,trades,60
10746,eo,8
10747,11246,8
10748,sees,4
10749,demeaning,1
10750,immoral,1
10751,preferences,1
10752,guise,1
10753,deia,1
10754,undermine,3
10755,unity,2
10756,discredit,1
10757,excellence,1
10758,corrosive,1
10759,pernicious,1
10760,spoils,1
10761,14173,1
10762,enforces,1
10763,ofccp,5
10764,1983,1
10765,tallest,26
10766,citron,1
10767,tended,1
10768,escalators,25
10769,wonders,28
10770,forays,27
10771,vanish,27
10772,jenny,21
10773,discriminate,1
10774,applicants,2
10775,varied,1
10776,academia,1
10777,proactive,1
10778,annually,1
10779,evaluations,1
10780,camardella,3
10781,clients,2
10782,properly,1
10783,audits,2
10784,conciliation,1
10785,wages,1
10786,salary,1
10787,adjustments,2
10788,professors,1
10789,disparities,1
10790,discriminated,1
10791,fault,1
10792,methodology,1
10793,recovered,1
10794,demanded,1
10795,certify,1
10796,compete,1
10797,confused,1
10798,understands,1
10799,somehow,1
10800,smacks,1
10801,trains,2
10802,repairing,1
10803,grabbing,1
10804,breasts,23
10805,jokes,23
10806,vulgar,1
10807,recruits,1
10808,plumbers,11
10809,carpenters,2
10810,pipefitters,1
10811,laborers,1
10812,passage,3
10813,unleashed,2
10814,vellinga,125
10815,ensuring,18
10816,predominantly,3
10817,earn,2
10818,55,15
10819,nursing,1
10820,assistants,1
10821,emphasis,29
10822,bother,31
10823,builders,33
10824,priority,33
10825,pollack,2
10826,shriver,1
10827,poverty,1
10828,warns,1
10829,resistance,1
10830,mantra,1
10831,hearts,2
10832,diminished,1
10833,andreahsu,1
10834,08,1
10835,kat,2
10836,lonsdorf,2
10837,estrin,1
10838,resumed,1
10839,evacuation,1
10840,prohibitions,1
10841,proceed,1
10842,whereby,1
10843,agrees,1
10844,refuses,1
10845,residential,1
10846,devastated,1
10847,piling,1
10848,mattresses,1
10849,carts,1
10850,escaping,1
10851,muddy,1
10852,roads,1
10853,perimeter,1
10854,buffer,1
10855,separates,1
10856,netzarim,1
10857,corridor,1
10858,dividing,1
10859,addressed,2
10860,katz,1
10861,harsher,1
10862,hebrew,1
10863,arabic,1
10864,subtitles,1
10865,fatalities,1
10866,grandmother,1
10867,umm,1
10868,seif,1
10869,ghurra,1
10870,sheltering,1
10871,grandchildren,1
10872,calamity,1
10873,struck,2
10874,floors,3
10875,wrapped,2
10876,shrouds,1
10877,hallways,1
10878,morgue,1
10879,rami,1
10880,fayez,1
10881,abu,2
10882,nasr,2
10883,bandages,1
10884,badly,1
10885,shrapnel,1
10886,pre,2
10887,ramadan,1
10888,suhoor,1
10889,sirens,2
10890,sounded,2
10891,explosions,1
10892,shook,1
10893,projectiles,1
10894,civilians,2
10895,houthis,1
10896,yemen,1
10897,main,3
10898,airport,2
10899,gurion,1
10900,crossed,2
10901,59,1
10902,banged,1
10903,drums,2
10904,chanted,1
10905,marched,1
10906,forsaking,1
10907,beat,2
10908,uncooperative,1
10909,proper,1
10910,trucks,1
10911,foul,1
10912,smelling,1
10913,attacked,2
10914,251,1
10915,retaliation,3
10916,49,1
10917,differentiate,1
10918,combatants,1
10919,commando,1
10920,yanal,1
10921,jabarin,1
10922,itay,1
10923,abuhamda,1
10924,cairo,1
10925,basketball,9
10926,llc,6
10927,wyc,1
10928,grousbeck,3
10929,governor,2
10930,chemistry,1
10931,appreciates,1
10932,burns,1
10933,passion,1
10934,totally,1
10935,dartmouth,1
10936,excitement,1
10937,shore,1
10938,attending,3
10939,buyers,1
10940,pagliuca,2
10941,2002,1
10942,financed,1
10943,bid,1
10944,saddened,2
10945,zimbalist,1
10946,cousy,1
10947,auerbach,1
10948,undertaking,1
10949,india,6
10950,lure,1
10951,manufacturing,4
10952,rodrigo,3
10953,duterte,3
10954,inquiry,2
10955,favila,2
10956,crackdowns,1
10957,wei,1
10958,taiwan,13
10959,semiconductor,3
10960,tsmc,2
10961,accompanied,1
10962,lutnick,1
10963,sacks,1
10964,invest,2
10965,leverage,2
10966,securing,1
10967,weakened,1
10968,centre,1
10969,chanakarn,1
10970,laosarakham,1
10971,eerie,1
10972,parallels,1
10973,bowed,1
10974,jeffrey,1
10975,wasserstrom,1
10976,afghanistan,1
10977,islamabad,1
10978,pakistan,6
10979,afghans,1
10980,sidelines,2
10981,escalating,1
10982,promoted,2
10983,retreats,1
10984,involvement,1
10985,footage,1
10986,impeached,1
10987,yoon,2
10988,suk,1
10989,yeol,1
10990,bus,2
10991,terminal,1
10992,ahn,1
10993,uphold,1
10994,impeachment,1
10995,bomb,2
10996,accident,1
10997,bombs,2
10998,civilian,1
10999,pocheon,2
11000,yonhap,1
11001,jets,1
11002,drill,2
11003,premier,1
11004,li,3
11005,qiang,1
11006,delegates,1
11007,oval,2
11008,blow,1
11009,roadmap,1
11010,souvenir,1
11011,impose,2
11012,pork,1
11013,soy,1
11014,taiwanese,2
11015,taipei,2
11016,invasion,2
11017,ashish,1
11018,compare,1
11019,shreyas,2
11020,iyer,2
11021,wicketkeeper,2
11022,mohammad,2
11023,rizwan,2
11024,watches,2
11025,icc,2
11026,champions,2
11027,trophy,3
11028,cricket,4
11029,dubai,2
11030,senna,2
11031,tournament,6
11032,crises,2
11033,shakes,2
11034,hands,4
11035,osaka,1
11036,japan,4
11037,walsh,1
11038,rival,1
11039,lord,1
11040,ships,2
11041,harbor,2
11042,keelung,1
11043,hwa,1
11044,cheng,1
11045,unfrozen,1
11046,persecution,1
11047,haruka,1
11048,nuga,1
11049,intercom,1
11050,drills,1
11051,nautical,1
11052,kaohsiung,1
11053,pingtung,1
11054,vessels,1
11055,airspace,1
11056,trafficked,1
11057,scam,4
11058,myawaddy,1
11059,thanaphon,1
11060,wuttison,1
11061,slavery,1
11062,lured,1
11063,exploit,1
11064,bogus,1
11065,pitches,1
11066,gambling,2
11067,schemes,1
11068,2nd,1
11069,thai,1
11070,mae,1
11071,sot,1
11072,tak,1
11073,sarot,1
11074,meksophawannakul,1
11075,bilked,1
11076,tricycle,1
11077,postings,1
11078,aquino,1
11079,sit,3
11080,constantly,1
11081,wrappers,1
11082,headphones,1
11083,mugs,1
11084,hansen,14
11085,classes,2
11086,neat,1
11087,tidy,1
11088,continual,1
11089,philosophy,1
11090,messes,1
11091,accumulates,1
11092,unwanted,1
11093,piles,2
11094,accumulating,1
11095,blazer,1
11096,reveals,2
11097,yearning,1
11098,profession,1
11099,pairs,1
11100,chopsticks,1
11101,guilt,1
11102,sustainability,1
11103,discouraged,1
11104,revamp,1
11105,afternoon,2
11106,constraints,1
11107,declutter,2
11108,intervals,1
11109,realistic,1
11110,tasks,2
11111,manageable,1
11112,inventory,1
11113,drawers,2
11114,cabinets,1
11115,countertop,1
11116,dining,1
11117,neutral,1
11118,attitude,1
11119,frying,1
11120,pan,1
11121,wooden,2
11122,spoons,1
11123,utensil,1
11124,shoeboxes,1
11125,joys,1
11126,iphone,1
11127,sturdy,2
11128,jewelry,1
11129,tidiness,1
11130,luggage,1
11131,staying,2
11132,easiest,1
11133,importantly,1
11134,brag,1
11135,spouse,1
11136,clare,1
11137,marie,2
11138,artistic,4
11139,profits,2
11140,furthering,1
11141,commitment,1
11142,donors,6
11143,donor,5
11144,listings,1
11145,dzhezkazgan,1
11146,kazakhstan,1
11147,sergei,1
11148,ilnitsky,1
11149,pressphoto,1
11150,splashed,1
11151,evening,4
11152,blasted,1
11153,undergo,1
11154,136,1
11155,spacewalks,1
11156,provocative,1
11157,ignoring,1
11158,equilibrium,1
11159,vestibular,2
11160,chutes,1
11161,rocking,1
11162,rollercoaster,1
11163,soyuz,1
11164,stops,1
11165,burch,1
11166,smoother,1
11167,beer,1
11168,alcohol,1
11169,highly,1
11170,margaritas,1
11171,dehydrated,1
11172,taller,3
11173,messed,1
11174,stroll,1
11175,overhead,1
11176,incredible,1
11177,mansee,1
11178,khurana,1
11179,destinee,1
11180,walston,3
11181,maher,1
11182,alfred,1
11183,dupont,1
11184,submissions,1
11185,merkley,2
11186,österreich,1
11187,wien,1
11188,wiener,1
11189,philharmoniker,1
11190,musikverein,1
11191,neujahrskonzert,1
11192,dieter,1
11193,nagel,1
11194,broadcasts,1
11195,vienna,2
11196,curate,1
11197,conrad,1
11198,appalachia,1
11199,strengthening,1
11200,nprpolitics,2
11201,recaps,1
11202,sergeant,1
11203,marine,1
11204,mob,1
11205,yelled,2
11206,louder,1
11207,carmonamedina,8
11208,editorhide,8
11209,labels,2
11210,risky,1
11211,critique,1
11212,answering,1
11213,calm,2
11214,unnerving,1
11215,revises,1
11216,sanewashing,1
11217,advancing,1
11218,repeating,1
11219,loop,1
11220,zamorahide,6
11221,nprhide,3
11222,songwriter,1
11223,nostalgia,1
11224,culminates,1
11225,singalong,1
11226,alanté,3
11227,serenehide,2
11228,influences,1
11229,broad,1
11230,marony,1
11231,catie,2
11232,dull,1
11233,dullhide,1
11234,emo,1
11235,cowgirl,1
11236,blends,1
11237,confessional,1
11238,soulful,1
11239,versatile,1
11240,singular,1
11241,blend,2
11242,uncharted,1
11243,medley,2
11244,gospel,1
11245,herald,1
11246,snowstorm,1
11247,crunching,1
11248,riffs,1
11249,brink,1
11250,tears,1
11251,sofia,4
11252,seidelhide,3
11253,ulven,1
11254,cozy,1
11255,charm,2
11256,unbridled,1
11257,fingerstyle,1
11258,guitarist,1
11259,mastery,1
11260,cuban,1
11261,serene,2
11262,estefania,1
11263,mitre,1
11264,string,1
11265,quartet,1
11266,swooning,1
11267,lyricism,1
11268,wry,1
11269,vocalist,1
11270,fado,1
11271,stellar,1
11272,worthwhile,1
11273,zayhra,1
11274,rodriguezhide,1
11275,grandeur,1
11276,relishes,1
11277,modest,1
11278,fastest,1
11279,ensembles,1
11280,miraculous,1
11281,teenagers,1
11282,forecast,1
11283,soca,1
11284,chopin,1
11285,liszt,1
11286,trusty,1
11287,upright,1
11288,reimagines,1
11289,newsrooms,2
11290,immerses,1
11291,uvalde,1
11292,shooter,1
11293,noticias,1
11294,michele,1
11295,kelemen,1
11296,blake,1
11297,oregon,1
11298,teamed,1
11299,hersher,1
11300,lift,3
11301,frequency,1
11302,examined,1
11303,lack,2
11304,probed,1
11305,cameroonian,1
11306,seekers,1
11307,mississippi,2
11308,preview,2
11309,stream,2
11310,abreast,1
11311,zeitgeist,1
11312,whyy,1
11313,ntshona,1
11314,1973,1
11315,sizwe,1
11316,bansi,1
11317,knot,1
11318,mecca,2
11319,harold,1
11320,leaps,1
11321,lin,1
11322,hamilton,4
11323,garnered,2
11324,agostini,1
11325,appearances,1
11326,storied,1
11327,dowling,1
11328,appointees,1
11329,protested,1
11330,deborah,2
11331,rutter,2
11332,voted,3
11333,chair,6
11334,installed,1
11335,alvin,2
11336,ailey,2
11337,choreographed,1
11338,revelations,3
11339,kolnik,1
11340,seminal,1
11341,potomac,1
11342,undated,1
11343,dwight,1
11344,eisenhower,1
11345,envisioned,1
11346,naming,1
11347,planned,3
11348,esperanza,1
11349,spalding,1
11350,milton,1
11351,nascimento,1
11352,nogueira,1
11353,diaspora,1
11354,medallion,1
11355,plowright,2
11356,95,1
11357,1975,1
11358,vibrant,1
11359,taste,1
11360,mussolini,1
11361,enchanted,1
11362,palisades,4
11363,sunset,1
11364,boulevard,1
11365,windstorm,1
11366,thayer,1
11367,earl,3
11368,michaela,1
11369,deprince,1
11370,newhart,1
11371,nikki,1
11372,dittmar,1
11373,gavan,1
11374,gerald,1
11375,nbcuniversal,1
11376,kirsty,1
11377,wigglesworth,1
11378,audra,2
11379,gypsy,2
11380,julieta,1
11381,cervantes,1
11382,gypsyhide,1
11383,grooving,1
11384,ketanji,1
11385,fulfilled,1
11386,cameo,2
11387,morigi,1
11388,juliet,1
11389,lifelong,1
11390,greer,1
11391,troy,3
11392,edgar,2
11393,testifies,2
11394,governmental,1
11395,reasoning,1
11396,coons,2
11397,coney,1
11398,barrett,1
11399,judiciary,2
11400,delaware,1
11401,prospects,2
11402,kris,2
11403,mayes,2
11404,hillary,1
11405,clinton,1
11406,disagrees,1
11407,dellinger,2
11408,watchdog,1
11409,haass,3
11410,emeritus,1
11411,kaveh,1
11412,sardari,1
11413,wwii,1
11414,commonwealth,1
11415,adolescence,1
11416,tx,1
11417,caucus,2
11418,microsoft,1
11419,optimistic,1
11420,jersey,3
11421,platkin,2
11422,hooley,1
11423,undocumented,1
11424,raphael,2
11425,warnock,2
11426,ga,1
11427,pastor,1
11428,ebenezer,1
11429,baptist,1
11430,church,2
11431,atlanta,1
11432,kaster,1
11433,pulpit,1
11434,preached,1
11435,lifespan,1
11436,bannon,2
11437,strategist,1
11438,warroom,1
11439,populist,1
11440,padilla,1
11441,strings,1
11442,buttigieg,2
11443,shuran,1
11444,huang,1
11445,exit,1
11446,resonate,1
11447,barry,2
11448,rosen,2
11449,diplomat,2
11450,52,1
11451,444,1
11452,1981,1
11453,coburg,1
11454,austria,1
11455,eleanor,1
11456,beardsley,1
11457,chavez,1
11458,sepic,1
11459,aspan,1
11460,alina,1
11461,selyukh,1
11462,finnish,1
11463,helsinki,1
11464,finland,2
11465,heikki,1
11466,saukkomaa,1
11467,lehtikuva,1
11468,shuttering,1
11469,statue,2
11470,1880s,1
11471,pamela,1
11472,rejected,1
11473,symbolic,1
11474,friedrich,2
11475,merz,2
11476,loosening,1
11477,bundestag,1
11478,ebrahim,1
11479,noroozi,1
11480,strict,1
11481,mount,2
11482,guard,1
11483,deportees,1
11484,confinement,1
11485,tecoluca,1
11486,1798,1
11487,provoking,1
11488,sworn,3
11489,equinox,1
11490,maximize,1
11491,advantage,10
11492,lovely,1
11493,awaken,1
11494,spotting,1
11495,backyard,2
11496,hairier,2
11497,odell,5
11498,novelty,1
11499,limbong,1
11500,magnifying,1
11501,insects,2
11502,terrifying,2
11503,dewdrops,1
11504,aspects,1
11505,flowering,1
11506,birdsong,1
11507,smell,3
11508,itsymin,1
11509,shinrin,2
11510,yoku,2
11511,originating,1
11512,bathing,2
11513,qing,1
11514,nippon,1
11515,inhale,1
11516,phytoncides,1
11517,concentrated,2
11518,oils,2
11519,cypress,1
11520,pumped,1
11521,diffuser,1
11522,waxwing,1
11523,binoculars,1
11524,nguyen,2
11525,secluded,1
11526,yamina,1
11527,nater,1
11528,otero,1
11529,coordinator,1
11530,audubon,1
11531,patch,1
11532,locating,1
11533,stems,1
11534,petals,1
11535,florist,1
11536,campbell,1
11537,ac,1
11538,floral,2
11539,arrangement,2
11540,greenery,1
11541,textures,1
11542,palette,1
11543,bouquet,1
11544,drain,3
11545,lisainglasses,1
11546,aarti,1
11547,shahani,1
11548,wine,1
11549,crates,1
11550,pots,1
11551,dresser,1
11552,toxic,3
11553,plastics,1
11554,leach,1
11555,ultraviolet,1
11556,wood,3
11557,pine,2
11558,burrell,1
11559,pollinate,1
11560,redwood,1
11561,durable,1
11562,pallets,1
11563,compaction,1
11564,drainage,1
11565,weeds,1
11566,barrier,1
11567,pests,1
11568,trail,2
11569,wonks,1
11570,wonkier,1
11571,unlocks,1
11572,candidates,2
11573,morry,1
11574,gash,1
11575,walz,1
11576,minn,1
11577,statehouse,1
11578,dnc,1
11579,malley,1
11580,gaylord,1
11581,resort,1
11582,rod,1
11583,lamkey,1
11584,bruising,1
11585,unite,1
11586,factions,1
11587,objectives,1
11588,infighting,1
11589,18th,1
11590,justification,1
11591,reshape,2
11592,purview,1
11593,align,1
11594,circles,1
11595,unitary,1
11596,undertaken,1
11597,negotiator,1
11598,wider,1
11599,semitic,1
11600,lawful,2
11601,vial,1
11602,mumps,1
11603,rubella,1
11604,lubbock,2
11605,conlon,1
11606,infected,1
11607,skeptic,1
11608,attend,1
11609,ncaa,4
11610,landover,1
11611,scarbrough,1
11612,affirmed,1
11613,figurehead,1
11614,advise,1
11615,britain,1
11616,keir,1
11617,starmer,1
11618,caveats,1
11619,polish,1
11620,yup,1
11621,outsourcing,2
11622,generic,1
11623,drugmakers,1
11624,inspected,1
11625,injector,1
11626,preservative,1
11627,complicates,1
11628,drugmaker,1
11629,ricks,1
11630,doses,1
11631,reorder,1
11632,sterile,1
11633,homemade,2
11634,mclaughlin,2
11635,shannon,2
11636,breeding,1
11637,contaminants,2
11638,rangers,2
11639,pockets,1
11640,encompasses,1
11641,433,1
11642,reeling,1
11643,firings,3
11644,reductions,3
11645,assessments,1
11646,mandated,1
11647,sub,1
11648,wasteful,1
11649,unnecessary,1
11650,shoestring,1
11651,staffing,1
11652,decrease,1
11653,consulting,1
11654,representatives,1
11655,disorganized,1
11656,stressful,1
11657,spearheading,1
11658,drastically,1
11659,downsize,1
11660,headcounts,1
11661,budgets,1
11662,footprints,1
11663,stays,1
11664,computers,1
11665,equipment,3
11666,capped,1
11667,affecting,3
11668,regional,2
11669,hydrographer,1
11670,samuel,1
11671,winooski,1
11672,montpelier,1
11673,vt,1
11674,cooper,2
11675,cap,2
11676,nuts,1
11677,bolts,1
11678,usgs,4
11679,gauges,1
11680,constant,1
11681,monitoring,1
11682,anticipate,1
11683,repairs,4
11684,bottleneck,1
11685,emails,1
11686,shenandoah,2
11687,rope,1
11688,cliff,1
11689,propane,1
11690,sledding,1
11691,permitting,1
11692,habitats,1
11693,costly,1
11694,clumsy,1
11695,leaderless,1
11696,jeopardy,1
11697,usfws,3
11698,wyoming,2
11699,oversees,1
11700,consideration,1
11701,listing,1
11702,420,1
11703,fork,1
11704,tessa,1
11705,corsetti,1
11706,bats,1
11707,machete,1
11708,disruptions,1
11709,hesitation,1
11710,ranges,1
11711,fisheries,1
11712,leasing,1
11713,tribes,3
11714,assortment,1
11715,involuntary,1
11716,retirement,1
11717,buyouts,1
11718,treaties,1
11719,alleging,1
11720,consult,1
11721,consolidate,1
11722,restructure,1
11723,involve,1
11724,relocating,1
11725,antiquated,1
11726,equipped,1
11727,judged,1
11728,employs,1
11729,periods,1
11730,scientist,3
11731,chopping,1
11732,restricted,2
11733,eliminated,2
11734,jennamclaughlin,1
11735,54,1
11736,shannonbond,1
11737,01,1
11738,jonlambert,1
11739,greeting,1
11740,frivolous,1
11741,recognizes,2
11742,theme,1
11743,caring,1
11744,photojournalists,1
11745,spark,1
11746,roma,1
11747,bulgaria,1
11748,entertaining,1
11749,anastas,1
11750,tarpanov,1
11751,ruth,1
11752,classmates,1
11753,donned,1
11754,dresses,1
11755,cumbia,1
11756,bogotá,1
11757,respite,1
11758,paulina,3
11759,iza,1
11760,tipán,1
11761,ecuador,1
11762,cotopaxi,2
11763,volcano,1
11764,escobar,2
11765,jiménez,2
11766,kharkiv,1
11767,breakdance,1
11768,relieve,1
11769,sorrows,1
11770,amnon,1
11771,gutman,1
11772,bariga,1
11773,lagos,1
11774,fawaz,2
11775,oyedeji,2
11776,schoolbag,1
11777,dancer,1
11778,radford,1
11779,fabric,1
11780,shintai,2
11781,resembles,1
11782,basks,1
11783,cherry,1
11784,blossoms,2
11785,chiang,1
11786,mai,1
11787,camping,1
11788,wonderful,3
11789,pura,1
11790,batu,1
11791,bolong,1
11792,hindu,1
11793,bali,1
11794,indonesia,1
11795,arch,1
11796,amrita,2
11797,chandradas,2
11798,awe,1
11799,intricate,1
11800,formations,1
11801,frolicking,1
11802,pure,1
11803,tranquility,1
11804,highlighted,1
11805,tuskegee,2
11806,airmen,2
11807,gen,1
11808,calvin,1
11809,442nd,1
11810,regiment,1
11811,ullyot,1
11812,iwo,1
11813,jima,1
11814,salute,1
11815,heroic,2
11816,prism,1
11817,recognizing,1
11818,patriotism,1
11819,warfighting,2
11820,worn,1
11821,discriminatory,1
11822,erodes,1
11823,cohesion,1
11824,interferes,1
11825,rapid,2
11826,mistake,1
11827,outlined,1
11828,instruct,1
11829,components,1
11830,regardless,1
11831,atomic,1
11832,cooperation,4
11833,obliged,1
11834,higgins,2
11835,mayors,3
11836,oversight,3
11837,luna,1
11838,harboring,1
11839,inmates,1
11840,localities,1
11841,detainers,3
11842,ny,3
11843,650,1
11844,judgements,1
11845,probable,1
11846,drag,1
11847,hempstead,1
11848,criminals,4
11849,cuomo,1
11850,prohibiting,1
11851,complained,1
11852,burglars,1
11853,hook,1
11854,undermined,1
11855,attendance,1
11856,workshops,1
11857,creps,2
11858,carecen,2
11859,uncommunicative,1
11860,specifics,1
11861,287,1
11862,authorizes,1
11863,unconfirmed,1
11864,spotted,1
11865,westbury,1
11866,multipliers,1
11867,mechanism,1
11868,deputization,1
11869,shanghai,1
11870,76,1
11871,ej,2
11872,f1,10
11873,extravagant,1
11874,dress,1
11875,bladder,1
11876,prostate,1
11877,pelvis,1
11878,rugby,1
11879,patron,1
11880,peacefully,1
11881,charisma,1
11882,tonnes,1
11883,sorrow,1
11884,stefano,1
11885,domenicali,1
11886,ferrari,3
11887,inexhaustible,1
11888,racing,1
11889,1991,2
11890,schumacher,3
11891,gachot,1
11892,taxi,1
11893,benetton,2
11894,paddock,1
11895,flavio,1
11896,briatore,1
11897,alpine,1
11898,fond,1
11899,drivers,2
11900,damon,1
11901,1996,1
11902,torrential,1
11903,rubens,1
11904,barrichello,1
11905,heinz,1
11906,harald,1
11907,frentzen,1
11908,1999,2
11909,prix,2
11910,competes,1
11911,aston,3
11912,motorsport,2
11913,greats,1
11914,cowell,1
11915,foundations,1
11916,newey,1
11917,bull,1
11918,urge,1
11919,tested,1
11920,chances,1
11921,stupid,1
11922,shy,1
11923,enforcing,6
11924,oversaw,10
11925,whopping,10
11926,pipe,10
11927,fitters,10
11928,earns,15
11929,proven,34
11930,abiding,4
11931,listened,10
11932,installation,2
11933,goodman,1
11934,vicarious,1
11935,emeryville,1
11936,anson,1
11937,franchises,2
11938,sleeper,2
11939,android,1
11940,damian,2
11941,tackles,1
11942,gig,1
11943,barone,3
11944,concernedape,1
11945,stardew,2
11946,chore,1
11947,simulator,1
11948,metroid,2
11949,rockstar,1
11950,gta6,1
11951,horizon,1
11952,stakes,2
11953,taron,1
11954,egerton,1
11955,kopek,1
11956,carry,1
11957,yacht,1
11958,colouring,1
11959,pentiment,1
11960,tsa,1
11961,kidman,1
11962,dickinson,1
11963,mcginley,1
11964,shrinking,1
11965,sawai,1
11966,hiroyuki,1
11967,sanada,1
11968,shogun,1
11969,fx,1
11970,mcavoy,1
11971,susie,1
11972,allnutt,1
11973,quinta,1
11974,brunson,1
11975,gilles,1
11976,mingasson,1
11977,rebel,1
11978,ridge,1
11979,allyson,1
11980,rigg,1
11981,2010,1
11982,inspirational,1
11983,circle,2
11984,xbox,1
11985,pc,1
11986,machinegames,1
11987,indy,1
11988,reinterpreted,1
11989,titular,2
11990,astro,2
11991,bot,2
11992,soundtracks,1
11993,balatro,1
11994,metaphor,1
11995,refantazio,1
11996,trophies,1
11997,sweeps,1
11998,significance,1
11999,roblox,3
12000,dimitar,1
12001,dilkoff,1
12002,lets,1
12003,konami,2
12004,begs,1
12005,revitalizing,1
12006,undergrove,2
12007,mycorrhizal,2
12008,fungi,2
12009,designer,1
12010,hargrave,2
12011,wingspan,1
12012,aeg,1
12013,foragers,1
12014,wootton,1
12015,symbiotic,1
12016,assume,2
12017,mature,1
12018,douglas,1
12019,fir,1
12020,gallery,1
12021,kuhn,1
12022,shigeru,1
12023,miyamoto,1
12024,echoes,1
12025,cote,1
12026,michigan,1
12027,joining,1
12028,intelligent,1
12029,accomplished,1
12030,storytellers,1
12031,equal,4
12032,employer,1
12033,affiliation,1
12034,disability,2
12035,characteristic,1
12036,tolerated,1
12037,eeo,1
12038,polygraph,1
12039,eppa,1
12040,fmla,1
12041,nondiscrimination,1
12042,vasek,1
12043,pospisil,1
12044,serbia,1
12045,novak,1
12046,djokovic,1
12047,adelaide,2
12048,tennis,3
12049,antitrust,1
12050,sport,2
12051,mckenna,2
12052,whitham,2
12053,nj,1
12054,gotham,1
12055,nwsl,8
12056,auburn,2
12057,tigers,1
12058,johni,2
12059,broome,2
12060,naismith,1
12061,crimson,1
12062,tide,1
12063,sumrall,1
12064,sec,1
12065,ucla,1
12066,autographs,1
12067,presentation,1
12068,piazza,1
12069,castello,1
12070,italy,1
12071,australian,1
12072,berman,2
12073,mulcahy,1
12074,adopting,1
12075,abuse,2
12076,scrutinized,1
12077,banda,1
12078,kristoffer,1
12079,eriksen,1
12080,sundal,1
12081,norway,3
12082,suspicion,1
12083,manipulation,1
12084,baron,1
12085,suits,1
12086,aerodynamics,1
12087,nordic,1
12088,championships,3
12089,contenders,1
12090,tournaments,2
12091,flagg,1
12092,juju,1
12093,watkins,1
12094,usc,1
12095,unveiled,1
12096,kerry,1
12097,abello,1
12098,trinity,1
12099,rodman,1
12100,cpkc,1
12101,kicks,1
12102,rests,1
12103,rack,1
12104,bend,1
12105,caterina,1
12106,reckless,1
12107,betting,1
12108,2006,1
12109,golf,1
12110,trafford,2
12111,manchester,2
12112,demolition,1
12113,115,1
12114,strom,2
12115,haskell,3
12116,treaty,1
12117,skiing,1
12118,trondheim,1
12119,nat,1
12120,herz,1
12121,snowboarder,2
12122,fugitive,1
12123,superseding,1
12124,indictment,1
12125,transnational,1
12126,trafficking,1
12127,routinely,1
12128,kilograms,1
12129,cocaine,2
12130,locations,1
12131,dovarganes,1
12132,trafficker,1
12133,shredding,1
12134,powder,2
12135,slopes,1
12136,olympics,1
12137,distributing,1
12138,runners,2
12139,verrazano,1
12140,52nd,1
12141,marathon,2
12142,kena,1
12143,betancur,1
12144,bib,1
12145,lottery,1
12146,fundraise,1
12147,qualifying,2
12148,racers,1
12149,lebron,2
12150,hovering,1
12151,stats,1
12152,metrics,1
12153,haffey,1
12154,joke,1
12155,goat,1
12156,argentina,1
12157,fifa,1
12158,cup,2
12159,lusail,1
12160,heathcote,1
12161,spectaculars,1
12162,slated,1
12163,metlife,1
12164,vucci,1
12165,raleigh,1
12166,pollsters,1
12167,stalled,1
12168,delaying,1
12169,divest,1
12170,stocks,2
12171,swensen,1
12172,unitedhealth,1
12173,shed,1
12174,walmart,1
12175,nvidia,1
12176,jodey,1
12177,arrington,1
12178,brendan,1
12179,boyle,1
12180,pa,1
12181,priorities,2
12182,proposing,1
12183,pushback,1
12184,hospitals,4
12185,curbed,1
12186,reacted,1
12187,cotton,2
12188,arkansas,1
12189,barrasso,1
12190,capito,1
12191,thune,1
12192,prisons,2
12193,oona,1
12194,zenda,1
12195,kff,1
12196,lapses,1
12197,untreated,1
12198,nishimura,1
12199,dismissive,1
12200,restrictive,1
12201,subcommittee,1
12202,weaponization,1
12203,lining,1
12204,stance,1
12205,flurry,1
12206,signaling,1
12207,overturned,1
12208,hhs,1
12209,tsai,2
12210,stethoscope,1
12211,photoalto,1
12212,odilon,1
12213,dimier,1
12214,testosterone,1
12215,rory,1
12216,doyle,1
12217,paramedic,1
12218,91,1
12219,brigham,1
12220,lemoult,1
12221,39,1
12222,acute,1
12223,inpatient,1
12224,extension,2
12225,kathleen,1
12226,sebelius,1
12227,fetterman,1
12228,disclosures,1
12229,pharmaceutical,2
12230,firms,1
12231,conflicts,3
12232,hyatt,1
12233,regency,1
12234,seismic,1
12235,curtailing,1
12236,weakening,2
12237,premium,1
12238,lyon,1
12239,installs,1
12240,windows,2
12241,kensington,2
12242,heavily,2
12243,epidemic,2
12244,solmaira,1
12245,valerio,1
12246,disputed,1
12247,settlements,1
12248,presidency,3
12249,neibergall,1
12250,spiked,1
12251,contraception,1
12252,slate,1
12253,hops,1
12254,sailboat,1
12255,shelter,1
12256,boat,2
12257,radiant,1
12258,selfishness,1
12259,95th,1
12260,stefani,1
12261,conclave,1
12262,vouching,1
12263,shiny,1
12264,monkey,3
12265,identical,1
12266,saddled,1
12267,cursed,1
12268,toy,1
12269,freakish,1
12270,gory,1
12271,osgood,1
12272,longlegs,1
12273,renée,3
12274,zellweger,4
12275,mad,4
12276,maidment,2
12277,keke,2
12278,palmer,2
12279,luck,1
12280,unfortunate,1
12281,whishaw,1
12282,paddington,5
12283,sony,2
12284,remotely,1
12285,suspicious,1
12286,nun,1
12287,colman,1
12288,banderas,1
12289,treasure,1
12290,narrow,1
12291,escapes,1
12292,adjustment,1
12293,tireless,1
12294,sunniness,1
12295,mackie,2
12296,adé,1
12297,thaddeus,1
12298,hiding,1
12299,lynn,2
12300,redgrave,2
12301,eccentric,1
12302,annihilation,1
12303,kino,1
12304,lorber,1
12305,burnett,1
12306,kidder,1
12307,christine,1
12308,tamalet,1
12309,mubi,1
12310,campy,1
12311,fiercely,1
12312,feminist,1
12313,aerobics,1
12314,instructor,1
12315,learns,1
12316,qualley,1
12317,splurt,1
12318,consciousness,1
12319,frontrunner,1
12320,selton,1
12321,mello,1
12322,fernanda,1
12323,torres,1
12324,alile,1
12325,onawale,1
12326,disappears,1
12327,coup,1
12328,steers,1
12329,rapids,1
12330,tyranny,1
12331,ke,2
12332,huy,2
12333,quan,2
12334,hurts,2
12335,fraser,1
12336,remade,1
12337,gangster,1
12338,debose,1
12339,ferrell,2
12340,witherspoon,2
12341,cordially,2
12342,glen,1
12343,mgm,1
12344,raunchy,1
12345,destination,1
12346,weddings,1
12347,booked,1
12348,reluctantly,1
12349,smoothly,1
12350,nicholas,1
12351,stoller,1
12352,forgetting,1
12353,interrelated,1
12354,profit,1
12355,separately,1
12356,sponsorships,1
12357,institutional,2
12358,calculation,1
12359,percentage,2
12360,1a,1
12361,pricing,1
12362,tiers,1
12363,provisions,1
12364,cpb,7
12365,receives,1
12366,revenues,4
12367,firewall,1
12368,prevents,2
12369,objectivity,1
12370,fcc,1
12371,refused,2
12372,litmus,1
12373,npm,1
12374,subsidiary,2
12375,wholly,1
12376,initiatives,1
12377,philanthropic,1
12378,transformational,1
12379,advancements,1
12380,contribution,1
12381,earnings,1
12382,bequest,1
12383,kroc,1
12384,manages,1
12385,prss,6
12386,terrestrial,1
12387,interconnects,1
12388,backbone,1
12389,alerts,1
12390,rental,1
12391,royalties,1
12392,producing,1
12393,1non,1
12394,depreciation,1
12395,amortization,1
12396,disposition,1
12397,managerial,1
12398,consolidated,9
12399,fz,1
12400,jw,1
12401,enterprises,1
12402,referenced,1
12403,audited,6
12404,conjunction,1
12405,fy2022,7
12406,fy2023,3
12407,fy2024,1
12408,supplementary,1
12409,schedules,1
12410,footnotes,1
12411,printed,1
12412,990,10
12413,filings,1
12414,proxy,1
12415,amounts,1
12416,accounting,1
12417,filingsnpr,2
12418,fy2021,6
12419,fy2023npr,3
12420,fy2023american,1
12421,reportsnpr,1
12422,generosity,1
12423,2001,2
12424,finances,1
12425,underpins,1
12426,existed,1
12427,alerting,1
12428,privately,1
12429,opting,1
12430,appropriation,1
12431,autonomy,1
12432,comprises,1
12433,balanced,2
12434,restricting,1
12435,procure,2
12436,thereby,1
12437,economically,1
12438,distressed,1
12439,excluding,1
12440,meiner,4
12441,screenings,2
12442,hateful,1
12443,reversed,1
12444,showings,1
12445,lease,1
12446,antisemitic,2
12447,heinblum,1
12448,portray,1
12449,silencing,1
12450,untrue,1
12451,consul,1
12452,maor,1
12453,elbaz,1
12454,starinsky,1
12455,fernandez,1
12456,censor,1
12457,viewpoint,1
12458,deferred,1
12459,welcomed,1
12460,deliberations,1
12461,tabsch,1
12462,curatorial,1
12463,kavitha,1
12464,cardoza,1
12465,countless,1
12466,spraying,1
12467,moram,12
12468,junkie,1
12469,environmentally,2
12470,sum,1
12471,sustainably,1
12472,greens,1
12473,mint,2
12474,lime,1
12475,towels,4
12476,sponges,1
12477,absorbent,1
12478,reusing,1
12479,spongy,1
12480,cellulose,1
12481,reused,1
12482,washes,2
12483,stack,2
12484,packaged,1
12485,liquid,2
12486,shipping,1
12487,dissolve,1
12488,cycle,1
12489,envelope,1
12490,transport,1
12491,versus,1
12492,jug,1
12493,mirror,1
12494,tablet,1
12495,refill,3
12496,advertise,1
12497,fragrance,2
12498,makeup,1
12499,fragrances,1
12500,unfamiliar,1
12501,specializes,1
12502,researching,1
12503,toxins,1
12504,pollutants,1
12505,avocado,1
12506,diy,1
12507,cleaner,3
12508,combining,2
12509,vinegar,7
12510,wiping,1
12511,mop,1
12512,sour,1
12513,drops,1
12514,citrus,1
12515,lavender,1
12516,dissipates,1
12517,peroxide,8
12518,disinfectant,4
12519,diluted,1
12520,disinfect,2
12521,formulas,1
12522,mixture,3
12523,toilet,1
12524,gloves,1
12525,acid,1
12526,baking,7
12527,spreadable,2
12528,bathtub,1
12529,unclog,1
12530,sprinkling,1
12531,hack,1
12532,levi,2
12533,gorenstein,3
12534,tirelessly,1
12535,cms,8
12536,elderly,1
12537,administrators,2
12538,relative,1
12539,daytime,1
12540,160,1
12541,obamacare,2
12542,exchanges,1
12543,questioned,1
12544,pitching,1
12545,unproven,1
12546,coffee,1
12547,beans,1
12548,raspberry,1
12549,ketones,1
12550,notably,1
12551,sidestepped,1
12552,necessitate,1
12553,regulating,1
12554,confirmed,2
12555,proved,1
12556,contentious,1
12557,tradeoffs,3
12558,535,2
12559,underpaid,1
12560,unhappy,1
12561,inexperience,1
12562,worries,1
12563,draws,1
12564,boosterism,1
12565,appropriately,1
12566,incentives,1
12567,sicker,1
12568,turbocharged,1
12569,lunch,2
12570,wyden,2
12571,versa,1
12572,bannow,1
12573,stat,1
12574,freer,1
12575,voting,2
12576,signaled,1
12577,arguing,1
12578,evils,1
12579,reelection,1
12580,attendee,4
12581,foreseeable,1
12582,ivey,1
12583,postponed,1
12584,armenta,4
12585,understood,1
12586,beforehand,1
12587,180,1
12588,pettersen,3
12589,pedal,1
12590,dramatic,1
12591,frustrations,1
12592,reminder,1
12593,loeff,1
12594,shouted,1
12595,criticizing,1
12596,disruptor,1
12597,pointing,1
