,Sentence,Polarity,Subjectivity
0,"This is an adapted excerpt from the March 17 episode of ""Inside with Jen Psaki.""",0.0,0.0
1,"In 2019, Sen. Chuck Schumer held a news conference on a very pressing issue: research into honeybees. The senator spoke in front of honeybee hives at a local farm in New York and talked about the worrying decline of active hives in recent decades.",0.040606060606060604,0.3209090909090909
2,"Now, that may seem like a little thing, but as a senator for the past quarter century, Schumer’s been all about effectively magnifying the little things, whether that was holding news conferences to stop robocalls to seniors or to deregulate canned wine. There was also the time he warned of the dangers of tasty-looking Tide detergent pods — years before teens launched a viral challenge to eat them.",-0.0062500000000000056,0.5125
3,"My point is, Schumer was an absolute master at drawing attention to issues big and small. He was known as the man who invented the Sunday presser, and he showed how to dominate the Monday headlines. He also knew how to get things done in Washington. In more than two decades of service in the Senate, including nine years as the Democratic leader, he has helped pass — and protect — Obamacare, as well as background checks on gun sales. He shepherded all of former President Joe Biden’s major bills, and he raised millions for Democratic candidates and causes in four years as majority leader.",0.08541666666666665,0.39999999999999997
4,"However, when the once-notoriously aggressive senator was asked by The New York Times last weekend about whether Democrats’ current media strategy was inauthentic and outdated, one part of his answer told you everything you needed to know about the Schumer of today. “We had, like, 60 influencers at the State of the Union,” Schumer said. “And they went on all the social media and, according to the people who tell me, because I get all these reports, it had millions and millions of views.”",-0.04606060606060608,0.3242424242424243
5,"Repeatedly saying “the social media” is, of course, its own dead giveaway, and “I get all these reports” about information that’s readily available to anyone on any of these platforms is the other.",0.14166666666666666,0.44833333333333336
6,"When Schumer was asked why he was the right person to lead Democrats right now, his answer was basically that he had done it before. Michael Jordan was also the best basketball player of all time but would he be starting for the Chicago Bulls this week?",0.39285714285714285,0.3678571428571429
7,"Look, experience is a good thing, but seniority and keeping people in charge simply because they have “done it before” should not be the party’s top criteria for leadership. In fact, doing things the way they’ve always been done is not working.",0.39999999999999997,0.48571428571428577
8,"Case in point: Schumer backed down from a government shutdown threat and helped Republicans pass their funding bill last week. His argument was that a shutdown would have made it harder to resist Donald Trump’s takeover of the government. But in the process, he gave up all Democrats’ leverage. Republican leaders, including Trump, didn’t have to pay any price. Trump even thanked Schumer for “doing the right thing.”",0.007539682539682527,0.2228174603174603
9,"Schumer was a hell of a party leader in his prime. He knew how to dominate media coverage, to raise a boatload of money and to twist the arms of Republicans and of members of his own party. But he is no longer in his prime. The Republican Party of today is not the Republican Party of the past. It’s not the party of John McCain or Mitt Romney — or even George W. Bush.",0.175,0.625
10,And Schumer’s own party is now so mad at him that he had to cancel his book events over the backlash.,-0.012500000000000011,1.0
11,"These days, “the social media,” as Schumer called it, is how the majority of people communicate and consume news, not the Sunday press conference.",0.03333333333333333,0.06666666666666667
12,"So where does that leave the Democrats at this moment? Well, instead of making tweaks at the margins of the message (which is important, too), maybe it’s time to throw out the old playbook and to start thinking about new messengers.",0.21212121212121213,0.5515151515151515
13,"In 2021, Know Your Value and Forbes launched a first-of-its-kind  list dedicated to spotlighting women who are making their greatest impact in life’s second half.",0.2777777777777778,0.3888888888888889
14,"Produced in partnership with ""Morning Joe"" co-host Mika Brzezinski, the 50 Over 50 is a collection of women who reject the conventional wisdom that their best years are behind them. They’re leading a movement: We received more than 10,000 submissions for 2021’s first list of 50 people.",0.24142857142857146,0.43809523809523815
15,"We’ve since expanded the list from the U.S. to Asia, Europe, the Middle East and Africa, South America and beyond. And now, we’re looking to do it for a fifth year in a row.",0.0,0.0
16,"We continue to seek women who are actively stepping into their power in their sixth decade or beyond. We’re looking for new stories about accelerating or recreating careers to reach the highest echelons of a business or field after turning 50—with an eye toward women who have overcome significant odds and are creating businesses at scale. And most importantly, we’re looking for an entirely new group of women for this year’s class of 50 Over 50; no repeats are allowed for this dynamic list!",0.20205627705627707,0.5786796536796537
17,"Want some examples of what we’re looking for? Bobbi Brown is a quintessential 50 Over 50: She sold her first company, the eponymous Bobbi Brown Cosmetics, to Estee Lauder for a reported $74.5 million in 1995. Then 38 years old, Brown signed a 25-year non-compete clause, figuring she’d be happy turning Bobbi Brown Cosmetics into a billion-dollar brand under the umbrella of a bigger company until it was time to retire in her 60s. Only one catch: She didn’t want to retire. Now 67, Brown is the founder and CEO of Jones Road Beauty, a direct-to-consumer clean makeup brand that has achieved viral TikTok success.",0.25952380952380955,0.5333333333333333
18,"Or Bettie Parker. After a 33-year career as a math teacher in Elizabeth City, North Carolina, Parker embarked on a second act as a politician. In 2017, then 69, Parker became her city’s first female mayor—an accomplishment all the more poignant for a Black woman who’d been born into segregation and as a child could not even use her city’s public restrooms.",0.08333333333333334,0.2857142857142857
19,"Do these stories describe you, or someone you know? Submit your nomination for the 50 Over 50 today. The full guidelines are below, and for ideas and inspiration, see our our 2023 50 Over 50 here, or our inaugural edition here.",0.35,0.55
20,CLICK HERE TO SUBMIT YOUR NOMINATION TODAY!!!,0.0,0.0
21,Guidelines are below:,0.0,0.0
22,"• Open to women whose residence or work is primarily based in the United States, born on or before December 31, 1974. If you turn 50 in 2024 (i.e, if your birth date is 1975 or later), you are too young to be eligible!",0.13125,0.35
23,"• Candidates should reflect the full range of career and passion-project paths, including entrepreneurs and business owners; nonprofit and philanthropy leaders; public servants, policymakers and social advocates; C-suite executives; VCs, angels and financiers; STEM visionaries; and arts and culture creators and producers.",0.12777777777777777,0.22777777777777777
24,"• For founders and CEOs of for-profit businesses, we’re looking for businesses with a minimum of $5 million in annual revenue.",0.0,0.0
25,"• We do not allow repeats on this list—once someone is a part of the Over 50 community, she is always a part of the Over 50 community—so we kindly request that you nomination people who were not on the 2021, 2022, 2023 or 2024 lists.",0.6,0.9
26,"• Fill out the form below, making sure all the information is accurate and, most important, highlights why you or your nominees should be on this list. Remember to include how you shifted or accelerated your career at midlife and the impact you’ve made in your field or community.",0.45000000000000007,0.7555555555555555
27,"• We also welcome nominations from family, friends and colleagues.",0.8,0.9
28,• Nominations will be vetted by our editors and judges. Semifinalists will be contacted for any additional material and to confirm information.,0.0,0.0
29,"• The deadline to submit all nominations for the U.S. list is 11:59pm ET on Thursday, May 29, 2025.",0.0,0.0
30,"I know plenty of people who want some sort of wellness tracker or smartwatch, but don’t want to be glued to a tiny screen on their wrist that constantly distracts you with notifications. I get it — most of us are already glued to our phones: why add another screen to the mix?",0.16666666666666666,0.4444444444444444
31,"That’s where I think smart rings get their appeal. Imagine a small, subtle, stylish health tracker that doesn’t grab or need your attention to function. No buzzing notifications, no bulky screen, but all the metrics you might associate with a traditional fitness tracker.",0.026190476190476188,0.6585714285714286
32,Is that vision a reality with the Oura Ring 4? Sort of. I tested it daily for over two months: here’s what you should know.,0.0,0.0
33,SKIP AHEAD How I tried the Oura Ring 4 | My experience with the Oura Ring 4 | Who is the Oura Ring 4 for? | Why trust NBC Select?,0.0,0.0
34,"Want more from NBC Select? Sign up for our newsletter, The Selection, and shop smarter.",0.5,0.5
35,"The Oura Ring 4 ($349) is a smart ring that tracks a plethora of health metrics: heart rate, sleep stages, stress levels, body temperature, blood oxygen and more. It automatically detects and logs some exercise like walking and running, and you can manually record the start and end of any workout using the Oura app.",0.35714285714285715,0.5714285714285714
36,"Since there is no screen, you spend a considerable amount of time viewing data and metrics on the Oura app. The app has been redesigned since the launch of the previous Oura Ring Gen 3 ($299), with a more intuitive home screen that shows your scores for readiness, sleep, activity and stress at a glance. Because the app keeps track of data over a stretch of time, you can also view trend reports to see things like your sleep score across weeks, months or years.",0.14444444444444446,0.37222222222222223
37,"Improvements over the Oura Ring Gen 3 include a longer eight day battery life (up from seven), a wider range of sizes and a fully titanium build (the Oura Ring Gen 3 was partially made of plastic). The Oura Ring 4 comes in six finishes and sizes ranging from four to 15.",-0.1,0.3
38,"You can buy the ring without paying for a subscription, but you’ll get an extremely limited amount of data: only your daily score for sleep, activity and readiness, according to the brand. An Oura Membership subscription costs $5.99 a month or $69.99 a year, and unlocks every tracking feature plus things like guided meditation and sleep stories in the Oura app.",-0.023809523809523808,0.38095238095238093
39,"Display: N/A | Weight: 3.3-5.2 grams | Battery life: up to 8 days | Built-in GPS: no | Sleep tracking: yes (including naps) | Heart-rate monitor: yes, with EKG | Water resistance: yes, up to 100 meters (up to 12 hours) | Works best with: Oura app (iOS or Android)",1.0,0.3
40,"I tested the Oura Ring 4 for over two months after the brand sent me a sizing kit and ring sample for review. I wore the ring on my right ring finger and compared the fit and data collected to other smart rings like the Samsung Galaxy Ring ($399), which I wore on my left ring finger during a week of side-by-side testing.",0.155,0.39071428571428574
41,"NBC Select updates editor Mili Godio coincidentally bought the Oura Ring 4 for herself, and has also been wearing hers for over two months. I spoke with her to get her perspective on the ring and her experience with features I could not test like cycle tracking.",0.0,0.0
42,The Oura Ring Gen 3 was already my favorite smart ring on the market. The Oura Ring 4’s hardware and software improvements help cement it as the best smart ring you can buy right now.,0.4428571428571429,0.6242857142857143
43,"Still, you should know that it cannot replace a fitness tracker or smartwatch for tracking exercise. And competitors like the Samsung Galaxy Ring and Ultrahuman Ring Air ($349) can track similar metrics, minus the subscription fee.",-0.05,0.25
44,Improved design and comfort,0.0,0.0
45,One of my least favorite parts of the Oura Ring Gen 3 is its sensor bumps — it has three round bumps on the inner side of the ring that house its infrared LED sensors. I am already not a ring person — a ring with bumps pushing against my skin? No thanks.,-0.02,0.4333333333333333
46,"The Oura Ring 4 has recessed sensors that are nearly flush with the ring — you don’t notice them unless you are looking very carefully. This makes the ring much more comfortable than the previous version, in my experience.",0.14066666666666666,0.5733333333333334
47,Robust health and sleep tracking,0.0,0.0
48,The sleep and health tracking of the Oura Ring 4 is just as impressive (if not more so) as the previous version.,0.19444444444444445,0.5555555555555556
49,"During my testing, I compared a week of sleep data from the Oura Ring 4 to data from the Samsung Galaxy Ring (paired with the Samsung Galaxy Watch 7 ($299) and the Apple Watch Series 10 ($399). The Oura Ring 4 had the most accurate sleep data. The competition wasn’t wildly inaccurate, but couldn’t match the accuracy of the Oura Ring.",0.3333333333333334,0.5111111111111111
50,"For example, I toss and turn a lot while I sleep, and the Samsung Galaxy Ring often logged those movements as tiny wake windows throughout the night. The Galaxy Ring would also log no data at all for the hour or so I was awake in the middle of the night to take care of my baby, throwing the whole evening’s data out of whack. The Oura Ring 4 never had these issues.",0.06666666666666667,0.3
51,"All of the wearables I tested were confused by the early morning hours I spent with my baby. We would sometimes wake up early and I would rock them in a gliding chair to buy an extra hour of sleep. All the wearables I tested thought this was a brief wake window followed by an hour of sleep. I was very much awake, just sedentary (listening to audiobooks on my Airpods) in a gliding chair.",-0.0057142857142857195,0.2990476190476191
52,Improved app experience,0.0,0.0
53,"I hadn’t used the Oura Ring app in about five months when I synced the Oura Ring 4 for the first time. The app has changed a lot since 2024. The layout is cleaner, with three primary tabs on the bottom (Today, Vitals and My Health) and all your most important scores in small circles on the top (Readiness, Sleep activity, Heart Rate and Stress). The app also loads data from the Ring 4 much faster than when I tested the Oura Ring 3 in 2024 — it only took five seconds or so to load a full day of activity, in my experience.",0.26111111111111107,0.5537037037037037
54,You still need to record a lot of things yourself,0.0,0.0
55,"Ideally the Oura Ring could automatically track everything for me, without any input on my end. After all, if I wanted to micromanage my data and track my heart rate zones as I exercised, I would wear a smartwatch, not a smart ring.",0.39642857142857146,0.8214285714285714
56,"The Oura Ring accomplishes this for most health and sleep tracking, but falls short in other areas, namely exercise tracking. It automatically logs walks decently well, but other exercises like yoga and strength training it did not detect at all, in our experience. It automatically detected and logged outdoor runs, but GPS data was sometimes inaccurate.",0.08333333333333333,0.44333333333333336
57,"When we did pull out our phones and start and stop workouts manually, stats and GPS data were usually acceptable.",-0.25,0.25
58,"But that’s not really the point for Godio and I. Pulling out our phones and manually starting and stopping a workout feels like the opposite of why you would own an Oura Ring. Godio almost never logged her workout classes on her Oura Ring, either because she forgot to in the hustle and bustle of getting ready for class or because the classes themselves had a no phone policy. “If I have to do anything manually on the Oura Ring, chances are I’m not doing it,” says Godio.",0.13999999999999999,0.36
59,"Cycle tracking is a similar story — it is useful and accurate, but requires a lot of manual input. To get the most accurate info about the average number of days your period lasts, cycle variability and the range of days you can expect each month, you need to be diligent and consistent about manually inputting each day of your cycle, says Godio.",0.2428571428571429,0.4023809523809524
60,"We know the Oura Ring 4 can’t magically track everything, we wouldn’t expect it to, but making some of these manual inputs faster and easier to do would be a good start.",0.6,0.8
61,Subscription price,0.0,0.0
62,"Oura Ring 4 may be one of the best smart rings on the market, but it is also one of the few that requires a subscription. I am actively trying to reduce the number of subscriptions in my life, and other smart rings that don’t have a monthly subscription (Ultrahuman, Samsung, Ringconn) may be worth a look, depending on your priorities.",0.1814625850340136,0.3943877551020408
63,"The Oura Ring 4 is the best smart ring you can get, in my experience. It automatically tracks most general health, wellness and sleep activity and presents it in insightful, easy to understand scores on the Oura Ring app. It’s more comfortable than ever, has improved battery life and a more intuitive app experience.",0.44970238095238096,0.5720238095238095
64,It’s not for athletes like marathoners or long-distance cyclists — it cannot compete with the live stats and exercise accuracy of smartwatches from Apple and Garmin.,0.13636363636363635,0.5
65,It’s also not for anyone looking to cull subscriptions (consider subscription-free alternatives like the Samsung Galaxy Ring and Ultrahuman Ring Air instead).,0.0,0.0
66,"But it is the best smart ring I’ve tested. And if you want the best of the best, it’s the Oura Ring 4. For now, anyway.",0.8035714285714286,0.38571428571428573
67,"I am a reporter at NBC Select who covers technology and fitness including recent stories on smartwatches, running shoes, workout earbuds and more. For this piece, I wore the Oura Ring 4 daily for over two months after the brand sent me one to try. I tracked my daily stats, sleep and exercise and compared the fit and feel of the Oura Ring 4 to other smart rings on the market. I also discussed my experience with NBC Select updates editor Mili Godio, who owns and wears her Oura Ring 4 daily.",0.12366071428571429,0.27098214285714284
68,"Catch up on NBC Select’s in-depth coverage of  tech and tools, wellness and more, and follow us on Facebook, Instagram, Twitter and TikTok to stay up to date.",0.5,0.5
69,"A newly unearthed memo from the Trump administration calls to mind the infamous words of the late segregationist and Alabama Gov. George Wallace, who said at his inauguration in 1963, “I draw the line in the dust and toss the gauntlet before the feet of tyranny, and I say segregation now, segregation tomorrow, and segregation forever.” Now the message of a recent Trump administration memo seems to be “segregation again.”",-0.1659090909090909,0.5761363636363637
70,NPR reports that a memo issued by the administration in February omits federal guidelines that prevent contractors from receiving federal funds if they operate segregated facilities.,0.0,0.0
71,Per the report:,0.0,0.0
72,"The disappearance of the language doesn’t alter the fact that federal law, including the Civil Rights Act, and some state laws still ban segregation and other forms of discrimination in all businesses. MSNBC contributor Melissa Murray told NPR the move was “meaningful in its symbolism” because these provisions “were all part of the federal government’s efforts to facilitate the settlement that led to integration in the 1950s and 1960s.”",0.1875,0.4375
73,"Studies have shown that racial segregation persists in various aspects of life, including housing and education, despite federal and state laws.",0.0,0.5
74,"Meanwhile, Charlie Kirk, a far-right influencer and close Trump ally, has argued the Civil Rights Act was a “mistake.” And the person Trump has nominated to lead the Justice Department’s Civil Rights Division, far-right lawyer Harmeet Dhillon, doesn’t inspire confidence that the administration will prioritize cases involving claims of segregation.",0.0,0.0
75,"But the symbolism of the administration’s retracting its prohibition on contractors’ operating segregated facilities is also a message: When the government explicitly says it won’t do business with segregationists, that discourages segregation. When it doesn’t explicitly say that, it provides a permission structure for segregation to occur.",0.0,0.0
76,"With his tariffs, Trump is threatening to drag the U.S. back into the disastrous economic policies of the 1890s. This retraction of anti-segregation guidelines adds to a heaping pile of evidence that he’s looking to replicate that era’s social policies, too.",-0.11333333333333331,0.22749999999999998
77,"The fight for gender equality in 2025 has largely stalled at home and abroad — and in some cases, fallen back. In America, women have fewer rights and protections today than they did nearly 50 years ago. And globally, it will take at least 134 years to reach full gender party. But there’s one significant factor that could move the needle forward: male allyship.",0.09241071428571429,0.34419642857142857
78,Enter investor Alexis Ohanion.,0.0,0.0
79,"The co-founder of Reddit and Seven Seven Six Ventures — an early-stage venture capital firm with nearly $1 billion in assets under management — has made it his mission to invest in underrepresented entrepreneurs, especially women of color.",-0.03333333333333333,0.6
80,"“I’ve seen now from the inside just how … disappointing a lot of these industries have been treated by the men in charge — and women’s professional sports is chief among them,” he told Forbes EVP, Moira Forbes Thursday at the 30/50 Summit in Abu Dhabi.",-0.25,0.39999999999999997
81,"Now in its fourth year, the summit — created by Forbes and Know Your Value — brings together generations of the most influential female leaders, influencers and innovators for unprecedented networking, mentorship, and leadership opportunities — all with the goal of fostering gender equity and lasting allyship.",0.22000000000000003,0.31333333333333335
82,"Ohanian’s role in fomenting investment and attention around women’s sports has transformed the industry. The 41-year-old father and husband to tennis icon Serena Williams helped launch Angel City FC in 2020 as a founding control owner, part of the National Women’s Soccer League. Today, the team is valued at $300 million, the highest valuation ever for a women’s sports franchise, according to Ohanian.",0.0,0.0
83,"“Investing in women’s professional sports was unthinkable five years ago,” Ohanian recalled. “I had so many … random people on the internet, to other investors who I respected — they all told me I was going to lose all my money — it would never work and I’m very happy to prove them wrong.”",0.06071428571428572,0.5964285714285714
84,"The investments in women’s franchises has proven timely. Women’s elite sports have seen unprecedented growth, estimated to reach a record $1 billion in revenues due to the surging fan-base growth, as well as broadcast and commercial interest.",0.15833333333333333,0.425
85,"That’s why Ohanian started his venture firm with founding partner Katelin Holloway, which in turn led to the 776 Foundation, supporting marginalized individuals. He said the companies were in part, inspired by his daughter.",0.024999999999999994,0.325
86,"“Olympia was, in many ways, my North Star,” Ohanian said. “I wanted to keep building businesses and doing it in a way that I know I’m going to be proud of … so I seeded it with $100 million of my own money and said, ‘I’m going to use this to drive the best possible business outcomes.’”",0.58,0.76
87,"So far, the bets have paid off. Ohanian credits his outsider status — coming from tech instead of a traditional sports background — with recognizing undervalued investment opportunities.",0.05,0.875
88,"“In emerging sports and in women’s sports in particular, you have to earn every one of those viewers,” he explained. “You’re not going to be guaranteed to get great premium placement or top broadcast dollars … you have to earn it on social media at the start … and it turns out so many of these fans are digital native.”",0.3333333333333333,0.35833333333333334
89,"He first noticed the shift in fan base three years ago within the NCAA. “The women of college basketball … dominated the men in followers,” he said. “And so then it no longer made sense why the NCAA was not giving [women athletes] a gym or a weight room, was not letting them even use the phrase ‘March Madness,’ was not promoting them on television, because the free market was speaking loud and clear.”",0.01,0.6633333333333333
90,"For Ohanian, the inertia in sports equity represented not only sexism and racism, but “gross business negligence.”",0.0,0.5
91,"Among his efforts to rectify that, he expanded his portfolio of women’s sports enterprises by launching the first annual Athlos NYC, a women-only track and field meet that took place in New York City following the Summer Games. The Coachella-style event — attended by 5,000 fans, celebrities and athletes — featured star Olympians Gabby Thomas, Brittany Brown and Faith Kipyegon, among others who raced for record cash prizes, as well as a concert from three-time Grammy winner Megan Thee Stallion.",0.12878787878787878,0.2959595959595959
92,"""The team did a hell of a job, but it all started with asking these athletes what they wanted,"" Ohanian said about Athlos. ""All we had to do is make sure these athletes, the fastest women in the world, had the best meet of their lives, and if we could do that right then we were going to be a success.""",0.5214285714285714,0.4311507936507937
93,"Amid the success of his recent ventures, Ohanian acknowledged how his marriage to Williams has influenced his perspective and the way he’s tried to motivate others toward more equitable industry change.",0.26666666666666666,0.25
94,"“One of the greatest privileges of being in an interracial relationship in particular is that I get to feel that discomfort often when I get a blind spot called out,” he said. “And I think one of the biggest advantages to being in rooms with folks who are not like you — assuming you’ve got a candid, honest, loving relationship — is you get a bigger perspective, a better perspective on the things you see and the things you don’t.”",0.37083333333333335,0.7062499999999999
95,"Ultimately Ohanian believes that capitalism, when directed responsibly, can be a catalyst for tremendous social change. ""If you're captivated by women's sports today — and you should be  — just wait and see,"" Ohanian said. ""In another 10 years the girls who are watching today — those teenagers going all in on sports, entering the drafts, going on professional teams — you will see the fruits of that and it will be an even better fan experience.""",0.19444444444444442,0.5361111111111111
96,This is an adapted excerpt from the March 13 episode of “All In with Chris Hayes.”,0.0,0.0
97,"The president of the United States, the man with the nuclear codes, is angry, emotional and acting erratically. That’s not my judgment — it’s basically what his own Cabinet defenders are saying.",0.024999999999999994,0.6625
98,"On Thursday, Donald Trump’s Commerce Secretary Howard Lutnick joined Bloomberg Television to talk about how the president is shocked that the trade war he launched against America’s closest allies, Canada and the European Union, is suddenly blowing up in his face.",-0.2333333333333333,0.43333333333333335
99,"“The president was totally annoyed that the Europeans did this,” Lutnick said. “He cares about America, and he wants to take care of Americans. And why are Europeans picking on Kentucky bourbon, Harley-Davidson motorcycles?” When Lutnick was asked if this was an “emotional response” from the president, he called the E.U.’s move “disrespectful.”",-0.06666666666666667,0.5166666666666667
100,"“He wants these countries to respect him, and all of this showed you is that Europe and Canada do not respect Donald Trump,” Lutnick added. “If you make him unhappy, he responds unhappy.”",-0.3333333333333333,0.6333333333333333
101,"On Wall Street, stocks continue to fall amid fears of higher prices from Trump’s tariffs and threats. The S&P 500 fell 10% below its all-time high on Thursday, raising concerns among investors that a sell-off might be happening soon. The Nasdaq is already in that worrying territory. The Dow Jones was on track for its worst week since that string of high-profile bank failures in 2023.",-0.19666666666666666,0.68
102,"All of this is happening for literally no reason whatsoever, other than the fact Trump is picking a fight with our neighbors. Now that our neighbors are fighting back, Trump is big mad, throwing out new threats of massive tariffs and annexation of foreign territories.",-0.10551948051948053,0.4363636363636364
103,"In a vicious cycle of escalation, Canada and the E.U. responded to Trump’s tariffs by imposing new taxes on U.S. exports, including on signature American products like, as Lutnick mentioned, whiskey and motorcycles. When Trump heard about that retaliation, he basically lost it and made an unhinged post on Truth Social:",-0.20757575757575758,0.3803030303030303
104,"Now, to be clear, the U.S. does not technically have any Champagne businesses, but we are the biggest market for Champagne and many other French wines. Trump is threatening a tax at such a high level that the price of a bottle of wine would essentially double for Americans. Everybody who understands trade understands this is insane. I think even people who don’t understand trade understand this is insane.",-0.1365,0.43983333333333335
105,"It was a point that even Emma Tucker, the editor-in-chief of the right-leaning Wall Street Journal, made on Thursday. “[The] mood has shifted pretty much since all the tariffs started coming in,” Tucker said on Fox Business. “I think businesses realize now Trump is serious about this, but the problem they’ve got is that they’re being imposed in a very haphazard way, and that’s creating so much instability.” When asked if companies would pass costs on to consumers, Tucker said “eventually they’re gonna have to.”",-0.09266666666666666,0.6133333333333334
106,"An hour after that interview, Trump posted to Truth Social again:",0.03333333333333333,0.06666666666666667
107,"Later in the White House, sitting next to the secretary-general of NATO, Trump took a question about his tariffs and started musing, yet again, about the territorial conquest of Canada, a fellow NATO member. Trump also talked about annexing Greenland from Denmark.",0.0,0.0
108,"All in all, the American president spent his day annoyed and emotional about the trade war he started, and then obsessed some more about making Canada and Greenland part of America. All while CEOs, investors and regular people are absolutely freaking out about the economy.",-0.0375,0.5033653846153846
109,"And it looks like no one is going to stop him — at least, certainly not Treasury Secretary Scott Bessent, who tried and failed to put a positive spin on this unfolding economic disaster. During an interview on CNBC on Thursday, Bessent said the Trump administration was “focused on the real economy.”",-0.046645021645021635,0.3861471861471862
110,"“I’m not concerned about a little bit of volatility over three weeks,” Bessent said. “The reason stocks are a safe and great investment is because you’re looking over the long term. If you start looking at micro-horizons, stocks become very risky.”",0.2525,0.48999999999999994
111,"It’s gotten so bad that even Tesla, the electric car company owned by Trump’s unelected co-president Elon Musk, is worried about the impact of tariffs on its bottom line. In an unsigned letter, the company warned Trump’s trade representatives that the president’s trade war would make it more expensive to build cars in America.",-0.23333333333333328,0.6222222222222221
112,One person familiar with the process of sending the letter told the  Financial Times: “It’s a polite way to say that the bipolar tariff regime is screwing over Tesla.” The person added: “It is unsigned because nobody at the company wants to be fired for sending it.”,0.19166666666666665,0.19999999999999998
113,"California Gov. Gavin Newsom has a new podcast called “This Is Gavin Newsom.” Many Democrats are not going to be happy about it, because thus far all it shows is that Newsom is not who we thought he was.",0.38409090909090915,0.7386363636363636
114,"As Newsom put it, the show’s premise is talking to “people I disagree with, people I look up to.” Over the first few episodes, the governor’s chat partners have only been far-right activists and commentators, so one would expect them to fall in the first category. Yet Newsom is so deferential to his guests — even when they spread noxious right-wing propaganda — that sometimes they seem to fit more clearly in the latter category.",0.13333333333333336,0.35
115,"Newsom is widely considered a serious contender for the 2028 Democratic nomination, and his decision to start a podcast and invite big-name right-wingers — like former Trump campaign manager Steve Bannon and Turning Point USA founder Charlie Kirk — seems like an obvious attention grab. But it’s not clear if Newsom has a clear command of his new project, or whether the attention he seeks could backfire on him.",-0.03528138528138528,0.3982683982683982
116,"The first episode featured Newsom telling Kirk that his son is a fan of the MAGA activist. Newsom also agreed with or praised Kirk scores of times — so much, in fact, that Kirk later said “Gov. Newsom was being overly effusive in his praise of me.” Listening to the Democrat — who as mayor of San Francisco two decades ago was at the vanguard of the gay rights movement — gush with warmth and admiration for a far-right commentator who has promoted the racist “great replacement theory,” called for completely banning gender-affirming care for trans people and described trans people as “disgusting, mentally ill, neurotic, predatory freaks” was jarring and disheartening.",0.033333333333333354,0.5333333333333333
117,"In the headline-generating moment of the interview, Newsom said it was “deeply unfair” to allow transgender women and girls to compete in female sports. He also objected to “woke culture,” saying nobody in his office ever used the term “Latinx” — even though he has used the term himself in the past multiple times. The conversation seemed to signal that Newsom is moving to the right of the Democratic Party establishment on a number of culture war issues.",-0.09285714285714286,0.39047619047619053
118,"Newsom’s newly revealed positions represent the strain of thinking in some Democratic circles that the party should retreat from less popular policy positions and linguistic norms tied to progressive inclusivity in order to appeal to a wider base. Recent polls from YouGov and The New York Times/Ipsos  have found that a sizable majority of Americans believe trans women should not be able to participate in women’s sports. And some data shows that the term Latinx, which is an attempt to make the term “Latino” more gender neutral, can drive Latino voters away from Democrats.",0.11178451178451176,0.4834175084175085
119,"It is theoretically possible that shifting on the issue of trans women in sports could make Democrats more appealing to the general electorate. But there’s also reason to be skeptical. Vice President Kamala Harris kept trans issues at a distance during her 2024 White House bid, but she was still defined by the right over her earlier positions. And survey data and studies consistently showed trans issues were never a top-tier issue for voters in the election and had little to no effect on voter choice.",0.08982142857142858,0.47857142857142854
120,"In other words, it’s possible that Newsom — who until this podcast had been considered an exceptional LGBTQ ally — is signaling a distance from the trans community that would never endear him to people on the right. The pivot is likely to come off as insincere to many, in part because the binary between Democrats and Republicans on trans rights is so stark that Democratic moderation will go unrewarded.",0.1610544217687075,0.7158163265306122
121,"The other issue for Newsom is that if he were ever to run for president, he’d have to get through the primary electorate first. And it’s clear that Newsom has immediately sparked a backlash online from many progressives who think his pivot is expedient and marks an abandonment of the trans community. Every presidential hopeful has to watch both their right and their left flank — and navigate those challenges without being branded a total phony.",0.1763392857142857,0.42217261904761905
122,"Newsom’s conversation with Bannon was also packed with deference and praise for one of the most influential architects of the Trump era. Newsom allowed Bannon to casually lie about the 2020 election without pushback, and to define right-wing populism as “anti-elitist” without any substantive objection about Trump’s billionaire-friendly presidency. Newsom also chuckled as Bannon implied that the legal cases against Trump were purely political. Given the tone of the rest of the conversation, the laugh came off as sympathetic rather than a recognition of absurdity.",0.16666666666666666,0.4611111111111111
123,"It wasn’t a debate or a dialogue; on everything from DOGE to tariffs, Bannon ran the table and Newsom mostly nodded along. To be sure, on occasion Newsom pushed back on issues like trade, but those were the exceptions proving the rule, and the overall effect was to normalize the rest of Bannon’s noxious misinformation and right-wing theories of society — which went unchallenged.",0.25,0.3472222222222222
124,"It’s hard to tell if Newsom knows what he’s doing or how he’s coming across. Politicians like former Transportation Secretary Pete Buttigieg and Sen. Bernie Sanders, I-Vt., know how to talk in a persuasive and respectful tone to conservative audiences while maintaining their adherence to liberal and social democratic values, respectively.",0.048333333333333325,0.2816666666666667
125,"Newsom, by contrast, comes off in these podcast episodes like a dupe and a pushover to progressives, and it’s doubtful that his acquiescent posture will translate to votes from across the aisle. Even on the level of pure political education, Newsom’s project is irresponsible. He’s effectively sane-washing lots of right-wing talking points that demand more serious engagement than he’s demonstrated he’s capable of providing, and he is not advancing arguments about how folks on the right should see it in their interest to reconsider the left.",0.07407407407407407,0.4891534391534391
126,It begs the question: Who is “This Is Gavin Newsom” for?,0.0,0.0
127,"In response to a judge blocking President Donald Trump’s order banning transgender people from military service, Elon Musk wrote on his social media platform: “This is a judicial coup. We need 60 senators to impeach the judges and restore rule of the people.”",-0.03333333333333334,0.08333333333333334
128,"Putting aside the subjective assessment that rulings against the Trump administration constitute a “judicial coup,” the impeaching body is the House of Representatives. If a House majority votes for impeachment, then the matter moves to the Senate, where two-thirds of senators — that would be 67, not 60 — are required to vote for conviction (which, for example, they declined to do for both of Trump’s impeachments in his first term).",0.25,0.3333333333333333
129,"Musk’s writing on Wednesday follows Chief Justice John Roberts’ rare public statement a day earlier that rebuked the notion of impeaching judges based on disagreement with their rulings. “For more than two centuries, it has been established that impeachment is not an appropriate response to disagreement concerning a judicial decision. The normal appellate review process exists for that purpose,” Roberts said.",0.24166666666666667,0.5194444444444445
130,"It’s not the first time that Musk’s public pronouncements have suggested that the powerful government employee and world’s richest person could benefit from a better understanding of basic government functions. Last month, for example, he proposed “that the worst 1% of appointed judges, as determined by elected bodies, be fired every year.” That proposal was in tension with the Constitution’s provision that federal judges “shall hold their Offices during good Behaviour,” which has been taken to mean life tenure.",0.04861111111111111,0.48657407407407405
131,"But to the extent that Musk was aware of judges’ tenure protections and was suggesting a new regularized impeachment process, he might want to keep the requisite constitutional math in mind.",0.19318181818181818,0.3522727272727273
132,"Subscribe to the Deadline: Legal Newsletter for expert analysis on the top legal stories of the week, including updates from the Supreme Court and developments in the Trump administration’s legal cases.",0.27499999999999997,0.27499999999999997
133,"Jordan Rubin is the Deadline: Legal Blog writer. He was a prosecutor for the New York County District Attorney’s Office in Manhattan and is the author of “Bizarro,"" a book about the secret war on synthetic drugs. Before he joined MSNBC, he was a legal reporter for Bloomberg Law.",0.03409090909090909,0.3886363636363636
134,"Jordan Rubin is the Deadline: Legal Blog writer. He was a prosecutor for the New York County District Attorney’s Office in Manhattan and is the author of “Bizarro,"" a book about the secret war on synthetic drugs. Before he joined MSNBC, he was a legal reporter for Bloomberg Law.",0.03409090909090909,0.3886363636363636
135,"With Elon Musk’s so-called Department of Government Efficiency leading the charge, the Trump administration is intensifying attacks on the Social Security Administration and jeopardizing the vital benefits 1 in 5 Americans rely on. Under President Donald Trump-appointed leadership, the SSA recently announced its intent to eliminate 7,000 jobs, slicing the agency’s already skeletal staff down to the marrow. The SSA’s shrinking workforce already has been covering an increasing number of beneficiaries for years. With no capacity to spare, the consequences could quickly turn dire.",0.062222222222222213,0.3011111111111111
136,"As the baby boomer generation ages, a record number of Americans are hitting retirement each year, making this exactly the moment when seniors most need Social Security’s systems to function in order to access the benefits they have earned. But as former Social Security Commissioner Martin O’Malley recently warned, the administration’s actions could break those systems and interrupt benefit payments.",0.1361111111111111,0.18888888888888888
137,"If Social Security benefits stop — or even experience delays — the impact will be immediate and catastrophic. In a recent survey, 42% of Americans age 65 and up reported they wouldn’t be able to afford necessities like food, clothes or housing without their monthly Social Security retirement benefits. Over 11 million disabled Americans under age 65 also receive benefits through Social Security — payments that are subject to strict rules limiting recipients’ ability to earn wages or accrue savings. For these disabled Americans, too, even a few days’ delay could mean not putting food on the table.",-0.04791666666666668,0.27958333333333335
138,"Even if the Social Security Administration can keep payments flowing to existing beneficiaries despite these cuts, the rollbacks will still harm people seeking benefits. Already, Social Security staff are inundated to the point of being unable to process retirement claims, compounded by an aging IT system experiencing an increasing number of outages. And more than 1 million Americans are waiting on an initial determination for a disability claim. Often they are forced to run up credit card debt or sell their home as they wait for an answer with little to no income and often no health insurance. Staffing cuts and overtime restrictions will slow processing further and worsen the backlog.",-0.0800925925925926,0.3037037037037037
139,"The Trump administration’s cuts will also chip away at the customer service that claimants need. On Wednesday, the agency suddenly stopped allowing claimants to change their direct deposit arrangements by phone. According to the Washington Post, the SSA and Musk’s DOGE team had considered ending phone service entirely, but abandoned the idea after the Post reported on the proposal.",0.03333333333333333,0.5083333333333333
140,"Yet even the smaller change has big consequences: Claimants will be forced to visit a field office in person or use the internet simply to update their bank information. This presents real accessibility challenges: Senior Americans, who make up the majority of claimants, are least likely to have broadband internet access at home, while DOGE posts have stoked fears of upcoming field office closures. As for the services still available by phone, wait times have skyrocketed to hours.",0.0,0.40714285714285714
141,"These attacks on the Social Security Administration coincide with other ominous signals about the program’s future. Trump’s joint address to Congress falsely alleged “shocking levels of incompetence and probably fraud” lurking within Social Security. He threatened to “find out where that money is going,” and suggested it’s “not going to be pretty.” Meanwhile, Musk called Social Security “the biggest Ponzi scheme of all time” — a frequent talking point of the program’s right-wing critics like Project 2025 author Stephen Moore. House Republicans have floated the idea of cutting Social Security benefits for some disabled children, and groups like the Republican Study Committee have sought for years to cut benefits by raising the retirement age. The current attacks on the Social Security Administration may only be the beginning.",-0.10055555555555554,0.3888888888888889
142,"Each month, over 70 million Americans check their mailbox or bank account for their Social Security benefits. For many, these checks can mean the difference between making rent and losing their home, between buying groceries and going hungry. By hamstringing the agency that provides these critical benefits, the Trump administration is putting the well-being of millions on the line.",0.05520833333333333,0.5135416666666667
143,"Almost immediately after returning to power, Donald Trump and his administration got to work firing thousands of federal employees as part of a larger effort to dismantle much of the federal government. Many of these layoffs were legally dubious, which is one of the key reasons judges keep telling the White House to bring back officials who were ousted unjustly.",0.12857142857142856,0.34285714285714286
144,"The Republican president, however, appears undeterred. Reuters reported:",0.0,0.0
145,"Part of what makes developments like these important is the real-world impact the move will have. “By illegally firing two senate-confirmed Democratic commissioners, Trump has given a green light to businesses across the country to gouge consumers and skyrocket prices for American families,” Senate Minority Leader Chuck Schumer said in a statement. The New York Democrat added, “Make no mistake about it: this decision will directly lead to higher prices for Americans.”",0.07329545454545455,0.4818181818181818
146,"In her own statement, Democratic Sen. Amy Klobuchar of Minnesota said: “Illegally gutting the Commission will empower fraudsters and monopolists, and consumers will pay the price.”",0.04999999999999999,0.75
147,"That’s true. The Federal Trade Commission enforces a variety of consumer protection rules, including antitrust laws, and the more the White House undermines the FTC and its work, the worse it will be for the public.",0.09,0.36333333333333334
148,"The senators’ use of the word “illegally” was also highly relevant: The Supreme Court ruled in 1935 that FTC commissioners can only be fired for good cause, such as neglecting their duties. The White House appears to have simply ignored this precedent and ousted two FTC commissioners anyway — not because of poor performance, but because they were Democratic appointees.",0.024999999999999994,0.5571428571428572
149,"Both Bedoya and Kelly are reportedly preparing to take the matter to court, and if recent history is any guide, Trump’s Justice Department will likely struggle to defend the decision.",0.0,0.625
150,"But stepping back, there’s a larger concern that’s worth appreciating.",0.09999999999999999,0.19999999999999998
151,"One of the first reports published about the Project 2025 initiative was published by The New York Times in July 2023, and it focused on one of the endeavor’s principal priorities: Trump and his allies, the report explained, were “planning a sweeping expansion of presidential power over the machinery of government ... reshaping the structure of the executive branch to concentrate far greater authority directly in his hands.”",0.21727272727272728,0.5375757575757576
152,"The Times added that Trump and his team planned to “centralize more power in the Oval Office ... increasing the president’s authority over every part of the federal government that now operates, by either law or tradition, with any measure of independence from political interference by the White House.”",0.16666666666666666,0.19999999999999998
153,The 2023 article specifically referenced the Federal Trade Commission as an independent agency that Trump and the Project 2025 authors wanted to bring “under direct presidential control.”,0.05,0.2625
154,"Nearly two years later, we now know how serious Team Trump was, and is, about this goal. Indeed, we’ve effectively reached the point at which the White House, for all intents and purposes, hardly recognizes any governmental entity as independent.",0.010714285714285716,0.3619047619047619
155,"Even if one were inclined to shrug their shoulders about the fate of a couple of FTC commissioners, moves like these should be seen for what they are: power grabs from a president who appears increasingly indifferent to institutional limits and the rule of law.",0.0,0.0
156,"Tune in to the live audio stream of Morning Joe, The Rachel Maddow Show, Deadline White House and all your favorite MSNBC TV shows. (Want to know what's coming up next? Check out the MSNBC TV schedule.)",0.1590909090909091,0.375
157,"Minnesota state Sen. Justin Eichorn, a Republican, was arrested this week on felony charges of soliciting a minor for prostitution, police said, after he allegedly tried to meet up with an officer who posed as a 17-year-old girl.",-0.07500000000000001,0.15000000000000002
158,"Eichorn, 40, of Grand Rapids, traveled to Bloomington for the meeting and was arrested without incident, according to police. “As a 40-year-old man, if you come to the Orange Jumpsuit District looking to have sex with someone’s child, you can expect that we are going to lock you up,” Bloomington Police Chief Booker Hodges said in a news release.",0.5,1.0
159,"Charges against Eichorn are pending with the Hennepin County Attorney’s Office, according to Bloomington police. Eichorn’s Senate office did not immediately respond to MSNBC’s request for comment on the pending charges against him.",0.0,0.0
160,"A number of state lawmakers, including his fellow Republicans, are now calling on Eichorn to resign. “We are shocked by these reports and this alleged conduct demands an immediate resignation,” Minnesota Senate Republicans said in a statement. “Justin has a difficult road ahead and he needs to focus on his family.”",-0.4333333333333333,0.6333333333333333
161,"Eichorn, whose Senate biography notes that he is married with four children, had made headlines Monday, just hours before his arrest, for a provocative bill he co-sponsored with three fellow Republican senators. The legislation would classify “Trump derangement syndrome” as a mental illness in the state statute, ostensibly meant as a dig at President Donald Trump’s critics.",0.03333333333333333,0.15
162,The bill states:,0.0,0.0
163,"“Trump derangement syndrome” is a term popular among the president’s supporters to deride critics as being irrationally fixated on him. (A version of the phrase has been used to pejoratively describe critics of past presidents as well, including Barack Obama and George W. Bush.) Trump’s billionaire megadonor, Elon Musk, also recently used the term to criticize progressives who he said had turned on him after he spent more than a quarter of a billion dollars to help elect Trump.",0.25833333333333336,0.48333333333333334
164,The bill was roundly ridiculed by Minnesota Democrats. State Senate Majority Leader Erin Murphy called it “possibly the worst bill in Minnesota history.”,-0.39999999999999997,0.7999999999999999
165,"“If it is meant as a joke, it is a waste of staff time and taxpayer resources that trivializes serious mental health issues. If the authors are serious, it is an affront to free speech and an expression of a dangerous level of loyalty to an authoritarian president,” Murphy said.",-0.19444444444444442,0.5388888888888889
166,"Senate Minority Leader Mark Johnson, a Republican, suggested the bill was not meant to be taken seriously, calling it “a little bit tongue in cheek” and “an outlet for some frustration.” Even as he downplayed an actual bill introduced by members of his own party, Johnson accused his Democratic colleagues of talking about Trump more than addressing local issues, adding, “Let’s get focused on what’s important: prioritizing Minnesotans.”",0.13988095238095238,0.5380952380952381
167,"On Tuesday, press secretary Karoline Leavitt repeated one of the White House’s favorite talking points about President Donald Trump’s trade war. After reporters questioned Leavitt about his repeated promises on the campaign trail to lower taxes for everyday Americans, the press secretary said the president is “not implementing tax hikes.” She told reporters Trump’s tariffs were a “tax hike on foreign countries” and a “tax cut for the American people.”",0.034999999999999996,0.34500000000000003
168,"Leavitt is either ignorant about how tariffs work or purposely dishonest — either way, imposing them still leads the United States down the same dangerous economic path. Almost every economist will tell you that tariffs make nations less prosperous. During Trump’s first term, studies showed that his tariffs hurt consumers. This time around, his proposals are much more far-reaching, which means potentially even larger negative economic impacts for everyday Americans.",-0.044017094017094034,0.4318376068376069
169,"But don’t take my word for it. On Wednesday, Republican Sen. Markwayne Mullin of Oklahoma contradicted the press secretary’s claim. “Tariffs is a tax, and it will be passed on consumers,” Mullin told CNN. Mullin then said this is a fact the president is well aware of, “something that the president, who is a businessperson, understands that completely.”",0.175,0.325
170,"The Trump administration’s repeated public denial of basic economics isn’t the only way the White House is trying to spin the president’s trade war. During Wednesday’s briefing, Leavitt again deflected blame over the economy on former President Joe Biden. But the facts tell a different story: Trump inherited a historically strong economy.",0.0619047619047619,0.3607142857142857
171,"So no matter what the White House tries to say, this is not Biden’s fault. The previous president handed Trump a strong post-pandemic economy that was the envy of the world and now, the United States is the embarrassment of the world. Trump owns that — and he owns the disastrous impact his trade war will have on American consumers, as does every other Republican who touches his administration.",-0.09404761904761905,0.35357142857142854
172,"This is an adapted excerpt from the March 15 episode of ""Ayman.""",0.0,0.0
173,"It appears that for Elon Musk, being Donald Trump’s co-president and overseeing the gutting of the federal workforce just isn’t enough. After helping fund Trump’s campaign and working to influence elections in Europe, Musk is throwing his cash at Wisconsin’s Supreme Court race.",0.0,0.5
174,"In January, in a post on his social media site, the billionaire said, “Very important to vote Republican for the Wisconsin Supreme Court to prevent voting fraud!” Now, there’s no basis for alleging fraud in Wisconsin’s elections, but it’s clear Musk is doing all he can to ensure another Republican gets on the state’s bench. Two groups backed by Musk, Building America’s Future and America PAC, have spent more than $11 million in ads attacking progressive judge and candidate Susan Crawford. A third Musk-backed group, dubbed Progress 2028, is running ads that claim to support Crawford but really appear aimed at dissuading moderate voters against her progressive agenda.",0.1537037037037037,0.3416666666666667
175,"Supreme Court races in Wisconsin are officially nonpartisan but Musk has thrown his support behind Trump-aligned candidate Brad Schimel. The conservative has embraced the president's election denialism, claimed Jan. 6 insurrectionists didn’t receive fair trials, and attended Trump’s inauguration. He’s also said he would welcome Trump’s endorsement. Schimel even reportedly dressed as Trump for Halloween.",0.3666666666666667,0.8333333333333334
176,"During last week’s first and only debate between the two candidates, Schimel was asked about the money Musk is dumping into the election and whether he “embraced” the endorsement of the billionaire. “I got in this race over 15 months ago,” Schimel said. “I’ve campaigned in all 72 counties. I’ve gone to every corner of this state. I’m looking for the endorsement of the Wisconsin voters on April 1. Outside help that comes is not something that I control.” Schimel then went on to call out liberal billionaire, and one of the GOP’s top boogeymen, George Soros, for contributing to the race.",0.15,0.39
177,"“I have had generous contributions that have gone to the Democratic Party of Wisconsin. The Democratic Party of Wisconsin has endorsed me and supported my candidacy,” Crawford responded before changing to subject to Musk. “But let’s talk about Elon Musk, talk about somebody who's been dangerous … He has now spent more than $10 million on my opponent’s race. He has basically taken over Brad Schimel’s campaign.”Now, you may be asking yourself: Why would a billionaire like Musk even care about this state race? Maybe it has something to do with the fact that Telsa, Musk’s company, is currently suing the state of Wisconsin over a decision preventing the company from opening dealerships in the state.",-0.07333333333333332,0.44666666666666666
178,"Last year, the state denied Tesla’s request for dealer licenses, saying it did not qualify for an exemption to a state law that prohibits manufacturers from owning dealerships. It’s a case that could eventually head to the state’s Supreme Court.",0.0,0.06666666666666667
179,"This race is also big for the future of Wisconsin. You might remember in 2023 when liberal judge Janet Protasiewicz made history by winning a seat on the bench, flipping control of the court to the left for the first time in 15 years. Since then, the court has struck down the gerrymandered maps that favored Republicans in Wisconsin for more than a decade. It’s allowed Democrats to pick up 14 seats in the state Legislature, giving them a chance to retake both chambers in next year’s elections. If next month’s Supreme Court election goes to Republicans, rollbacks are likely inevitable.The court is also set to decide on several key cases in the coming months, including a draconian 1849 abortion law and a case involving bargaining rights for unions. These are cases that could reverberate across the country.",0.1457264957264957,0.38440170940170937
180,"Regardless of who or why, no billionaire should have this much influence on any election. If Musk’s efforts pay off in Wisconsin, he could feel emboldened to come for an election in your state next.",0.1,0.1
181,Clarissa-Jan Lim is a breaking/trending news blogger for MSNBC Digital. She was previously a senior reporter and editor at BuzzFeed News.,-0.08333333333333333,0.08333333333333333
182,Clarissa-Jan Lim is a breaking/trending news blogger for MSNBC Digital. She was previously a senior reporter and editor at BuzzFeed News.,-0.08333333333333333,0.08333333333333333
183,"As painful as it is to say, it was only a matter of time before the ceasefire in Gaza collapsed. This is precisely what happened in the early morning hours of Tuesday, when Israel resumed its military operation against Hamas with simultaneous airstrikes across the enclave. More than 400 people were killed in the bombings, a tally that, according to UNICEF reports, included more than 130 children in what the organization labeled one of the largest single-day child death tolls in the last year. Israeli airstrikes continued Wednesday, and if one takes Israeli Prime Minister Benjamin Netanyahu at his word, the renewed Israeli air campaign is “only the beginning.”",0.05,0.5166666666666666
184,"The cautious optimism that was generated after Israel and Hamas agreed to the three-stage proposal in mid-January, at the urging of President-elect Donald Trump, has been wiped away and replaced by despair and fear about what comes next. Although the ceasefire gave civilians on the ground some much-needed respite, maintaining it to its completion proved about as difficult as climbing Mount Everest without a shirt. Because the agreement was structured in multiple phases, many of the big political decisions — from coming to a consensus on ending the war to rebuilding Gaza and creating a whole new political authority for the enclave after 17 years of Hamas rule — were effectively kicked to a later date.",0.08512396694214876,0.31404958677685957
185,It gave us all the illusion of progress as Israel and Hamas traded hostages for prisoners. Even the so-called easy part wasn’t without hiccups; the damning handover ceremonies organized by Hamas caused such anger within the Israeli government that it delayed scheduled releases of Palestinian prisoners in response.,-0.08888888888888886,0.5111111111111112
186,"In the end, the deal was going to last only as long as Netanyahu wanted it to last. And Netanyahu wanted it to last for only so long as he could avoid discussions about a permanent end to the war, something Hamas would never tolerate. Indeed, even before Phase 1 was over, Netanyahu refused to authorize negotiations on Phase 2, a technical violation of the deal he signed weeks earlier. When Phase 1 ended, the Israeli premier tried to extend the truce on the condition that Hamas continue releasing hostages and continue deferring talks on terminating the war. Those conditions were unacceptable to the group, which insisted on Israel implementing the terms of the original ceasefire.",0.027500000000000004,0.43499999999999994
187,"The result is what we see playing out now: a bloody outcome that was preordained as long as Israel and Hamas retained irreconcilable positions. Add the fact that Trump didn’t seem particularly interested in protecting the ceasefire he helped push over the finish line — on March 5, he even threatened to blow up the truce himself if Hamas didn’t release all of the remaining hostages — and it’s highly unlikely Netanyahu felt much urgency to stick to terms in the first place. If anything, continuing the fighting would strengthen his political position with the ultra-nationalist parties that are key to the survival of his coalition government.",-0.08125000000000002,0.4916666666666667
188,What does the future have in store for a conflict that will cross the year-and-a-half mark early next month?,0.025,0.10625
189,"Unfortunately, the outlook is anything but positive.",-0.13636363636363635,0.7727272727272727
190,"Netanyahu is betting that an escalation of the war will, over time, compel Hamas’ leadership to do what it hasn’t done over the last 17 months: hand over its arms, demobilize and excommunicate itself from Gaza entirely. In other words, total and complete surrender. Whether or not he genuinely believes this is possible is beside the point. Either way, it sure looks like Netanyahu has calculated that an unending military campaign serves his best political interests, even if this comes at the cost of stymieing further hostage releases. For many of the hostages’ families, this only confirms what they long suspected. The war, which has already claimed the lives of more than 48,000 Palestinians, will claim yet more lives in the days and weeks to come until one of three things happens: Trump puts the screws on Netanyahu like he did in January, ceasefire and hostage-release talks resume or Hamas admits defeat on Israel’s terms.",0.2015625,0.4925347222222222
191,"The last scenario is virtually unthinkable, so we shouldn’t waste much time on it. The second is possible, but only if Trump carries on with the first. That’s hard to envision right now. Over the last few weeks, the president has been in no mood to second-guess Netanyahu’s decision-making, at times speaking as if he would be perfectly fine with whatever the Israeli PM did. This may be complicated by Trump’s professed grand peace plans in the Middle East; he would still like to see Israel and Saudi Arabia sign a normalization deal on his watch, which won’t occur as long as the war in Gaza continues. But given Trump’s unpredictable nature and tendency to sour on foreign leaders who don’t cooperate, one can’t entirely rule out a shift in Trump’s approach.",-0.003854875283446713,0.4473356009070294
192,One can only hope that shift comes soon. Because it’s likely to be the only factor that will move Netanyahu back on the diplomatic track.,0.0,0.75
193,"Charlie Dent is executive director and vice president of the Aspen Institute Congressional Program, where he leads bipartisan, bicameral policy education programs for members of Congress. He is a board member of the National Archives Foundation, CARE USA and Research America and an advisory board member of the U.S. Global Leadership Coalition. Previously, he served seven terms in the House representing the 15th Congressional District of Pennsylvania.",-0.08333333333333333,0.08333333333333333
194,"Charlie Dent is executive director and vice president of the Aspen Institute Congressional Program, where he leads bipartisan, bicameral policy education programs for members of Congress. He is a board member of the National Archives Foundation, CARE USA and Research America and an advisory board member of the U.S. Global Leadership Coalition. Previously, he served seven terms in the House representing the 15th Congressional District of Pennsylvania.",-0.08333333333333333,0.08333333333333333
195,"On Tuesday, Donald Trump broke new ground, calling for U.S. District Judge James Boasberg’s impeachment, not because the jurist did something wrong, but because he issued a ruling the president didn’t like in an Alien Enemies Act case. A day later, White House press secretary Karoline Leavitt kept the offensive going during a briefing with reporters.",-0.12272727272727273,0.4209090909090909
196,"It reached the point, however, in which the presidential spokesperson had to be fact-checked in real time.",0.2,0.30000000000000004
197,"“I would just like to point out that the judge in this case is essentially trying to say that the president doesn’t have the executive authority to deport foreign terrorists from our American soil,” Leavitt began. “That is an egregious abuse of the bench.”",-0.041666666666666664,0.14166666666666666
198,"This was not a good start. Indeed, if the administration is convinced that the hundreds of people that Team Trump flew to El Salvador were “foreign terrorists,” they could present some evidence along those lines to the courts and/or the public. That hasn’t happened.",-0.11875,0.19791666666666669
199,"Nevertheless, Leavitt kept going, condemning Boasberg as “a Democrat activist” who was “appointed by Barack Obama.” The White House press secretary then complained about the judge’s wife’s campaign contributions before concluding that Boasberg has “consistently” shown “disdain” for the Republican administration.",-0.016666666666666663,0.15
200,"If Leavitt thought this was persuasive, she was mistaken. For one thing, to simply assume that Obama-appointed jurists can’t be impartial is ridiculous. For another, that the White House is talking about the private decisions of a federal judge’s wife is inherently sketchy.",-0.08333333333333333,0.4330357142857143
201,"As for the suggestion that Boasberg’s record is one of a Democratic “activist,” reality tells a very different story.",0.0,0.78
202,"But if that weren’t quite enough, NBC News’ Garrett Haake took a moment to remind Leavitt that Boasberg was first made a judge by George W. Bush — who, if memory serves, was not exactly a far-left Democratic partisan — before Obama elevated him to the federal district court. (What’s more, it’s worth noting for context that Boasberg was also appointed to the Foreign Intelligence Surveillance Court by Supreme Court Chief Justice John Roberts, who has also never been mistaken for a liberal ideologue.)",0.13333333333333333,0.3013888888888889
203,"Reminded of these relevant details, the White House press secretary didn’t question what Haake said, but she did seem eager to change the subject, arguing that “67% of all of the injunctions in this century have come against which president? Donald J. Trump.”",0.07777777777777779,0.41111111111111115
204,"I have no idea if that statistic is accurate, but even if it is, there are two ways to look at it. One way, which Leavitt apparently prefers, is to see it as proof that a cabal of nefarious judges are hostile to the incumbent Republican’s agenda.",0.22500000000000003,0.4916666666666667
205,"The other way is to note that courts keep enjoining Trump’s provocative and legally dubious moves because — wait for it — Trump keeps pushing provocative and legally dubious moves, far more than his predecessors from either party.",0.175,0.45499999999999996
206,"As lawyer David R. Lurie summarized, in response to Leavitt’s curious argument, “Maybe, just maybe, it is an indication that Trump — a convicted felon — habitually breaks the law.”",-0.1,1.0
207,"As for the president’s remarks from last week in which he suggested criticizing judges should be seen as “totally illegal,” apparently the White House has moved on from that rather quickly.",-0.023333333333333338,0.2833333333333333
208,"A director I coach recently shared her frustration with a Gen Z employee. “It’s a respect thing,” she told me. “Some of it is the casualness with which he approaches the job... and some of it is the fact that he talks to me like he’s chatting with his friends on the weekend.” While her concerns were valid, I explained that this isn’t about disrespect — it’s about shifting workplace norms.",0.0,0.25
209,"Gen Z is reshaping the workplace in bold ways, bringing a more relaxed and egalitarian approach to professional interactions. They’re also sparking plenty of conversation along the way — a recent LinkedIn post I shared on this very topic racked up over 20 million impressions and sparked intense debate in the comments. While some managers may interpret Gen Z’s leanings as a failure to recognize traditional status, it’s actually part of a larger cultural change that reflects Gen Z’s values and workplace expectations. Instead of bristling at this trend, savvy leaders can embrace it to build stronger, more connected teams. Here’s why Gen Z avoids calling you “boss” — and how you can lead them effectively.",0.17051282051282052,0.45128205128205123
210,Collaboration Outweighs Hierarchy,0.0,0.0
211,"Many Gen Z employees view workplace dynamics as a web of collaboration rather than a chain of command. They prefer leaders who are approachable and willing to roll up their sleeves alongside them. For Gen Z, authority isn’t granted by title alone — it’s earned through authenticity and competence.",0.375,0.625
212,"Manager Tip: Emphasize a “we’re in this together” mindset. Engage Gen Z employees by inviting their ideas, giving them parts of a meeting agenda to lead, and modeling teamwork over authority.",0.0,0.0
213,Authenticity Drives Connection,0.0,0.0
214,"Gen Z places a premium on realness. They respect leaders who are transparent about challenges, willing to admit mistakes, and demonstrate genuine care for their people. Putting an authority figure on a pedestal can feel overly formal or even performative to them.",0.325,0.625
215,"Manager Tip: Focus on building rapport. Rather than relying on formality, spend time connecting with Gen Z employees through regular one-on-one check-ins where they can share ideas, concerns, or personal wins. Don’t succumb to the pressure to appear bulletproof, they’ll value you showing some vulnerability when you don’t have all the answers.",0.09999999999999999,0.1923076923076923
216,Flat Communication Wins Trust,0.13749999999999998,0.1625
217,"Growing up in digital spaces where everyone has access and a voice, Gen Z is accustomed to interacting with people across levels. They don’t automatically defer to hierarchy; instead, they value open dialogue and transparency and expect their voices to carry weight.",0.0,0.25
218,"Manager Tip: Create ongoing channels for open feedback. Whether through anonymous surveys, Slack channels, or informal brainstorming sessions, show that you value their input as much as anyone else’s.",0.1,0.35
219,"Leadership Is Earned, Not Assigned",0.0,0.0
220,"Gen Z tends to view leadership as an earned behavior rather than something attached to tenure or a title. They respect those who inspire, teach, and empower — regardless of where they fall on the org chart.",0.0,0.0
221,"Manager Tip: Demonstrate leadership through action. Show that you’re willing to mentor, coach, and freely share knowledge rather than relying on your rank alone. You can also inspire this group by sharing the “why” or bigger purpose behind their day to day work (i.e. improving patient safety, achieving financial security, or helping an underserved community).",-0.0642857142857143,0.5357142857142857
222,The Gen Z Leadership Shift,0.0,0.0
223,"Gen Z’s approach to authority and workplace interactions is rooted in a deep desire for collaboration, authenticity, and equitable consideration. Growing up in an era where poor leadership was often called out publicly, they’ve developed a baseline expectation that respect should be mutual. It’s no surprise then that they’re less inclined to follow leaders who demand respect without demonstrating it themselves. For Gen Z, leadership isn’t about status or hierarchy; it’s about creating a partnership.",-0.09333333333333334,0.2866666666666667
224,"To connect with Gen Z employees, who will make up a sizeable one-third of the workforce by 2030, it’s crucial to recognize that their reluctance to embrace traditional power dynamics isn’t a rejection of leadership, but a preference for a more inclusive and engaging approach. When you actively seek their insights, coach and develop them, and show you value their contributions, you build trust and foster loyalty. This mindset helps you connect with Gen Z and step up your leadership. And who knows — you might actually prefer their way of doing things.",0.1277777777777778,0.6083333333333334
225,"The fourth annual Forbes and Know Your Value 30/50 Summit in Abu Dhabi concluded on Friday with an International Women’s Day Awards Gala to celebrate women who have helped shape history with their fearless commitment to equality, value and freedom.",0.0,0.0
226,"Mika Brzezinski, chair of the summit and founder of Know Your Value, said honoring the women could not come at a more important time.",0.45,0.75
227,"“This year, women are facing daunting challenges across the world,” said Brzezinski at the Louvre Abu Dhabi.  “…In America, women’s rights have been set back. Across the world, the threat to women is often far more dramatic and takes on consequences that are life or death … Perhaps, that is why it is so important who we are honoring tonight. Women who are leading the charge, owning their voices and rising up to meet the moment.”",0.11333333333333333,0.62
228,"The Lifetime Achievement honor went to European Commission President Ursula von der Leyen, who was scheduled to be at the ceremony but had to chair emergency meetings with European leaders to discuss the long-term security of Ukraine.",0.0,0.0
229,"“It is scary that America has decided to cease military assistance and intelligence assistance to Ukraine. But with Ursula von der Leyen at the helm, there is actually reason for optimism,” said Brzezinski, who noted Von der Leyen spearheaded Europe’s response to the Covid-19 pandemic and launched a breakthrough European green deal that transformed the continent’s economy while helping to meet ambitious climate goals. “If there is a person who can catalyze a unity of purpose and a shared definition of the challenge it’s her.”",-0.09166666666666667,0.375
230,The Know Your Value Award went to Sheryl Lee Ralph. The 68-year-old actress and activist is best known for her performance in “Dream Girls” and as her role as an unflappable kindergarten teacher in the hit TV series “Abbott Elementary.”,0.65,0.6
231,"After 40 years working in Hollywood, Ralph won her first Emmy in 2022 – at the age of 66 – and became the second Black woman to win for Best Supporting Actress in a Comedy. Off camera, Ralph is also a fierce advocate for education, in addition to women’s rights and representation. She continues to elevate the voices of marginalized communities.",0.35555555555555557,0.2861111111111111
232,"“Knowing your value is not always easy. For many of us, it has been a journey — a journey of finding our voice, standing our ground, and learning to take up space in rooms that were not always built for us,” said Ralph during her acceptance speech.",0.4666666666666667,0.6666666666666667
233,"“Like so many women, I’ve faced moments of doubt. I’ve been underestimated. I’ve been told to wait my turn, to be grateful for what I have, to not ask for too much. But at every step, I had a choice: to shrink or to rise. To accept less or to demand more. And I chose to rise.”",0.2583333333333333,0.31666666666666665
234,"The Hometown Heroine award went to Dr. Fatima Al Kaabi, the executive director of Abu Dhabi Bone Marrow Transplant Program. In 2012, she discovered that patients in the United Arab Emirates did not have access to stem cell treatment, one of the most effective therapies against Leukemia. She decided to study cancer, stem cells and genetics abroad and then brought her knowledge home to the UAE. She continues to view public safety as a core part of her overall mandate and aims to help her country become self-sufficient in healthcare.",0.275,0.3416666666666667
235,The Torch of Freedom award went to photojournalist Lynsey Addario.,0.0,0.0
236,"Addario has been covering conflict, humanitarian crises, and women’s issues around the world on assignment for The New York Times and National Geographic for more than two decades. Since September 11, 2001, Addario has covered conflicts in Afghanistan, Iraq, Libya, Lebanon, Darfur, South Sudan, Somalia, the Democratic Republic of Congo, Yemen, Syria, and the ongoing war in Ukraine.",0.3181818181818182,0.4772727272727273
237,"Addario’s own survival story is equally compelling, having been kidnapped by pro-Gaddafi forces in Libya in 2011 and later released after a harrowing experience. Through her lens, Addario continues to shed light on the stories of those affected by crisis and war.",0.32499999999999996,0.575
238,"The Young Changemaker award went to Yusra Mardini. Mardini, 26, is a Syrian-born Olympic swimmer and refugee who became famous for her bravery in helping fellow refugees while crossing the Mediterranean in 2015.",0.3,0.7
239,"When the boat she and 19 others were traveling in started to sink, Mardini and her sister swam for hours — pushing to boat to safety and helping save the lives of everyone on board. Today, she is a UNHCR Goodwill Ambassador and advocate for refugees and continues to inspire with her story of survival, hope and perseverance.",0.0,0.0
240,"Mardini said earlier at the summit that when she left Syria as a young girl she had two choices. “The first choice was to stay home and risk our lives every day in a war zone…and the second choice was maybe if we risked our lives one more time we would be a peace, and that’s what we chose.”",0.14166666666666666,0.2888888888888889
241,"She added,  “It’s okay to be afraid but the most important thing to remember is that you need to always move forward…You need to take risks, you need to say, ‘Hey, if I fail, I need to try again tomorrow.”",0.06000000000000001,0.6399999999999999
242,"This is an adapted excerpt from the March 11 episode of ""All In with Chris Hayes.""",0.0,0.0
243,"On Tuesday, as the stock market continued to slide, President Donald Trump sat down with America’s top business executives. The president attended the quarterly meeting of the Business Roundtable, a Washington-based economic advocacy group comprised of more than 200 CEOs. The meeting came as Trump’s trade war continues to shake confidence in the U.S. economy.",0.2611111111111111,0.37222222222222223
244,"The White House has tried to tamp down fears of an economic downturn. They’re telling people to calm down, claiming the market is just a snapshot in time. But what the American people need to understand is that the markets are not a snapshot in time, they’re a reflection of what investors expect future earnings to look like.",0.02698412698412698,0.23611111111111113
245,"Just consider Amazon’s history. It’s now one of the most valuable companies in the world, but for years, its stock tumbled month after month. Still, people continued to buy it. You know why? They were betting that eventually things would turn around for Amazon — and they were right. So when the markets continue to tumble, it’s not because of a rough day. It’s because the investment community is looking at the actions the president is taking and thinking, “This is going to be bad for us in the future.”",-0.0028571428571428246,0.4454761904761904
246,"But what surprised me most about Trump’s meeting with those top business leaders Tuesday is that no one asked the president anything about this. That’s not because these CEOs aren’t worried. I can assure you that based on my conversations with the business community, privately, they’re in a panic. They’re trying to follow Trump’s constant back-and-forth on tariffs. One day the tariffs are on, the next day they’re off. If you’re running any sort of business, whether big, medium or small, you need to understand the road ahead so you can figure out your map. Trump isn’t giving these leaders a clear map.",0.10555555555555557,0.38796296296296295
247,"Instead, the president and his allies are trying to convince people not to believe what’s happening right in front of their eyes. They’re trying to spin it: If the stock market goes down, that’s a buying opportunity. If prices go up, that’s making America great. If the eggs cost too much at your local grocery store, build a chicken coop in your backyard.",0.08835978835978836,0.4541005291005291
248,"What makes this all the more frustrating is that if the president had just kept his hands at 10 and 2 and kept driving Joe Biden’s economy, he would have been able to cruise to success. If the president had continued with business as usual, it would have been a win for him. Instead, he has everybody scratching their heads and asking, “What is he doing this for, and for whom?” Because it’s not for the American people, and it’s certainly not for American businesses.",0.1492063492063492,0.36071428571428565
249,"Just over a year ago, Kimberly and David Manzano were eagerly trying for their first child. After they suffered a miscarriage in November of 2022, Kimberly Manzano found out she was pregnant just two months later. The couple was elated.",0.19444444444444442,0.27777777777777773
250,"But 10 weeks into the pregnancy, they heard news from a fetal specialist that rocked their world — the baby had several abnormalities.",0.0,0.0
251,"The couple, who live in the Dallas/Fort Worth area and are devout Christians, didn’t lose hope, however. They sought out second and third opinions with pediatric surgeons and maternal fetal medicine physicians in Texas. After a fetal MRI revealed several more severe complications to their baby, including a leakage of spinal fluid due to the spinal cord not having fused, a missing kidney, a defect to the baby’s abdominal wall, and a lack of genitalia, the Manzanos knew they were looking at a fatal pregnancy. Both Kimberly and her husband were heartbroken and devastated.",0.06792929292929292,0.18055555555555558
252,"“We literally walked into our worst nightmare,” said Kimberly Manzano, 34.",-1.0,1.0
253,"But despite doctors telling the Manzanos that the baby “would never see the outside of the hospital,” they were unable to advise her medically on termination options, Kimberly Manzano recounted. That’s because Texas, like several other states with abortion bans, does not have exceptions for lethal abnormalities.  Currently in the state of Texas, abortion is illegal. The state has a pre-Roe abortion ban, a six-week abortion ban, and a trigger ban (a ban on abortion known as The Human Life Protection Act that took effect after the Supreme Court overturned Roe v. Wade), with exceptions for the life and health of the mother.",-0.140625,0.24062500000000003
254,"“My hands are tied,” Kimberly Manzano recalled her doctor saying. “If it was my son, I would want him to be with God now sooner than later.” The nurse at her doctor’s office then sent Kimberly Manzano the name of an abortion clinic in New Mexico over email, leaving it to her to send her medical records to the New Mexico clinic in order to avoid ties or communication with the abortion clinic.",0.06818181818181818,0.22727272727272727
255,"After long deliberation with their pastor, family and friends, the Manzanos decided to travel to New Mexico for an abortion — the very thing she admitted she had always been strongly against.",0.17992424242424243,0.47196969696969693
256,"Kimberly Manzano is the latest plaintiff to join the ongoing case, Zurawski v. State of Texas. The lawsuit was filed by the Center for Reproductive Rights on behalf of Texas women, like Kimberly Manzano, who were allegedly denied abortions despite serious pregnancy complications. The lawsuit was originally filed in March and started with seven plaintiffs and has since grown to 22, including 20 women who were denied abortion care and two Texas obstetrician-gynecologists. This is the first apparent lawsuit led by women affected by the abortion bans since Roe v. Wade was overturned in the summer of 2022.",0.09166666666666669,0.4571428571428572
257,"In August, a decision in the case by a Texas District Judge brought a temporary block to the state’s abortion law, letting doctors use their own medical judgment to determine when to provide abortion care. But on the same day, an appeal filed by the office of Attorney General Ken Paxton — who has been a fierce defender of the current abortion law — blocked the judge’s order from taking effect. On Tuesday, the Texas Supreme Court will hear oral arguments on whether to uphold the ruling.",0.13,0.40499999999999997
258,"“What we are essentially asking the courts to do is to translate this non-medical terminology in this abortion ban into language physicians can understand, so that they know they can provide a standard of care treatments to their patients, and that they can exercise their medical judgment,"" Marc Hearron,  a senior attorney for the Center of Reproductive Rights said. Hearron said that while this is still a narrow case, that won’t restore abortion access across Texas, it’s a step in the “right direction” in securing women’s essential healthcare in the state.",-0.0020408163265306207,0.23367346938775513
259,"Lauren Miller, from Dallas, Texas, is one of the original plaintiffs in the lawsuit. Like the Manzanos, Lauren and her husband were eagerly awaiting to get pregnant with a sibling for their first son.",0.3194444444444444,0.5277777777777778
260,"Then when their son turned 1 in 2022, they found out they were pregnant — not with one but with two babies. “Here we go again!!!!,"" she wrote, in the first entry of her pregnancy journal.",0.5319010416666665,0.41666666666666663
261,"“We were really excited. We had wanted to have kids fairly close together,” Miller recalled. Then at 12 weeks, Miller learned that one of her twins had trisomy 18—a condition that causes multiple structural abnormalities.",0.35833333333333334,0.5499999999999999
262,"When she had conversations with her doctors about what that meant, she was frustrated at the lack of clarity she received. She blames the Texas abortion ban laws for the fear she believes prevented her medical team from being direct about what her condition meant and the medical care she needed. “It just eliminates trust in a healthcare environment,"" she said.",-0.15,0.15000000000000002
263,"In a conversation with a genetic specialist Miller recalled, “The genetic counselors would be going down a train of thought, and then just stop in the middle of a sentence, and you could just feel the fear. They were scared to say anything else, and then they would start apologizing to us. And then we were apologizing to them because their job has become impossible. They’re trying to help us through the worst news that we’ve ever received, and she can’t say anything. She’s trying to counsel us and she can’t do that.”",-0.45555555555555555,0.5722222222222222
264,"Without having a clear understanding of what her diagnosis meant for the other twin, Miller was terrified to lose both babies. “All anybody can say to me is that the longer this pregnancy continues, the more risk it is for the healthy twin and myself.”",0.24375000000000002,0.4395833333333333
265,"While there is no law that prevents doctors in Texas from counseling a patient to go get an abortion somewhere outside of the state, Hearron says he hears cases like Millers, where doctors are hesitant to have conversations around pregnancy termination, too often.",0.0,0.05
266,"“Physicians are so terrified to come close to violating the law because of the extraordinary extreme penalties — life imprisonment, fines of over $100,000, loss of their license, ending their livelihoods…They are being so risk averse that they don’t even want to say the word 'abortion.' And we’ve heard that time and again.” The Texas trigger law criminalizes performing an abortion from the moment of fertilization, except in life-threatening cases to the pregnant mother.",0.18055555555555555,0.8333333333333334
267,"Having abortion bans in place is making physicians' job to treat patients even harder Hearron said, “Physicians are trained to not wait until their patients are on the verge of death before they provide treatment. Yet because they are not trained on how to read these vague and ambiguous statutes, they don’t know, is this the point that I can intervene? Does a patient have to be showing signs of infection? Do they have to be literally on death’s door? We don’t know. And so, we’re trying to get the courts to clarify.”",-0.3,0.25
268,Miller landed again in the hospital the same week one of her twins was diagnosed with trisomy 18. She had severe dehydration and was diagnosed with hyperemesis gravidarum — a symptom characterized by severe nausea and vomiting — for the second time.,0.0,0.0625
269,"“It was such a frustrating situation, and you could feel that from the hospital staff, because they could see they couldn’t do anything for me. They could see that the pregnancy was what was causing me to be so sick. They could see that I had this unviable twin. They could see the risk to me. They could see the risk to my healthy twin, and they couldn’t do anything,” Miller recalled. It’s not clear if her condition was caused the baby’s trisomy 18 diagnosis, but doctors told her it could be caused by the higher hormones that come from a twin pregnancy, and she felt frustrated that they didn’t give her a clearer explanation outside of that.",-0.1392857142857143,0.4863095238095238
270,"It was then she decided to travel out of state to Colorado to obtain a fetal reduction abortion to give the healthy twin a chance of survival. She gave birth to baby Henry, the surviving twin, in March of this year — three weeks after she joined the lawsuit.",0.5,0.5
271,"Both Miller and Manzano hope the November 28 hearing will reaffirm the Texas district judge’s short lived injunction on the case back in August. The Center for Reproductive Rights has filed similar cases in Tennessee, Idaho and Oklahoma, seeking clarification and expansion around the exceptions to the abortion bans in those States.",-0.025,0.2
272,"Of the Texas lawsuit, Nancy Northup, president of Center Reproductive Rights said, “Everyone should be paying attention to this case…because right now, in the state of Texas, it is unsafe to be pregnant because you do not know if you will be one of the people who ends up with an obstetric emergency that threatens your life, your health, your future fertility…So this is important for everyone, including people who think they would never decide to end a pregnancy.”",0.1838095238095238,0.4521428571428571
273,"This is an adapted excerpt from the March 18 episode of ""Deadline: White House.""",0.0,0.0
274,"Normally, recessions are caused by a spike in interest rates or an outside event, like the Covid pandemic, but what we’re witnessing happen to the U.S. economy right now is all Donald Trump. The president’s nonsensical trade war with some of America’s closest allies isn’t based on any actual economic policy, it’s a result of his own resentment.",0.20595238095238097,0.4226190476190476
275,"Trump didn’t hide his affinity for tariffs on the campaign trail, but I’m sure a lot of business leaders thought he didn’t mean it. They may have believed they could talk him out of it, or he would look at the bond market and quickly come to his senses. But now they’re realizing this was Trump’s plan all along. He sees tariffs as a cudgel, as a weapon of his own resentment and his own ego.",0.3441666666666666,0.8152777777777779
276,"This has injected uncertainty into the U.S. economy, and it’s rattling the markets. We are headed into rough waters. Every week the business world has to ask: Are the tariffs going to go up? Are they going to go down? What are they going to be applied to? No one has the answer to those questions, so no one can plan ahead.",-0.1277777777777778,0.34444444444444444
277,And it’s already having an effect on the American people. A new poll from NBC News shows 54% of voters disapprove of Trump’s handling of the economy. Numbers like this will likely get to Trump. It’s not his brand to be perceived as weak.,-0.05965909090909091,0.5198863636363636
278,"But Trump also believes he can talk himself out of virtually anything. For the president, it’s all marketing — he doesn’t actually have to build the wall, he just has to say that he built the wall. However, this becomes more difficult when people are experiencing the effects of his policies right in front of their eyes, in their communities or in their pocketbooks. One of the things we learned over the last couple of years is that the daily experience of the economy — inflation, loss of jobs, loss of income — is very difficult for any political party or politician to spin.",-0.04553571428571429,0.4127976190476191
279,"The extraordinary thing about all of this is that it’s self-inflicted. Trump inherited a sound, healthy, growing economy, and almost everything that’s happened has been a result of his voluntary actions. I’m not sure that there’s any precedent in American history in which a president’s own policies, without any help from an outside force, risked driving the country into a recession. But that’s what Trump is doing.",0.22619047619047622,0.5484126984126984
280,President Donald Trump kicked off his first presidential campaign by implying that most everyone crossing the U.S.-Mexican border was a criminal.,0.11666666666666665,0.4611111111111111
281,"Now he’s using 1798’s Alien Enemies Act to operationalize that idea by deporting people accused of being gang members without any due process that might allow them to challenge the claim. And he’s citing the centuries-old law as his rationale for sending those he deems gang members to one of the most brutal and notorious prisons in El Salvador and, indeed, the Western Hemisphere.",-0.15,0.525
282,"Trump’s use of the Alien Enemies Act, turned into grotesque display via a three-minute propaganda video shared by El Salvadoran President Nayib Bukele, is chilling. It allows him to dehumanize and vilify migrants as ""monsters"" to justify the expense of and obsession with deporting as many of them as possible. It also serves as an example of Trump using obscure legal provisions to test how far he can take his autocratic agenda to expand executive power.",-0.075,0.68125
283,"Understand, nothing compels Trump to use the Alien Enemies Act. If he wants to deport undocumented migrants from the U.S., even adjudicated gang members, he could cite the same laws his predecessors used to detain and deport them. (He’s been citing those more commonly used laws for most deportations.)",0.10833333333333334,0.41250000000000003
284,"The Alien Enemies Act has only been used to detain and deport people from the U.S. during three times in American history, and in those cases it was used against nationals from countries at war with the U.S. But the more than 200 Venezuelans whom Trump has sent to El Salvador under the auspices of that law are from a country that the U.S. is not at war with. Trump’s effort to use the law was temporarily blocked by a federal judge who ordered the administration to turn the planes around, but unsuccessfully. (The Trump administration's position is that the courts can’t review Trump’s political determinations under the act.) Bukele taunted the judge on X, “Oopsie … Too late,” and Secretary of State Marco Rubio and Tesla CEO Elon Musk reposted it.",-0.008333333333333331,0.4916666666666667
285,"When I asked Aaron Reichlin-Melnick, a senior fellow at the American Immigration Council, what’s the point of Trump using the Alien Enemies Act, he said: “I can’t speak exactly to their arguments, because they have yet to fully articulate that rationale, but the seeming obvious argument is that Trump campaigned on the issue, and he is trying to make a spectacle.”",0.0,0.375
286,"That spectacle is best captured by the astonishing video Bukele shared on X on Sunday celebrating his imprisonment of the people accused of being members of the Venezuelan gang Tren de Aragua. The video is a hard but necessary watch, showing El Salvadoran authorities roughly handling the alleged gang members, shaving their heads and sending them into prison cells — all alongside menacing-sounding synth-heavy music. Bukele said they will be imprisoned there for at least a year. The Salvadoran strongman — who has called himself the “world’s coolest dictator” — has sharply curtailed civil liberties in El Salvador and suspended constitutional rights for years under the banner of a “state of emergency” and has frequently swept innocent people into his Center for Terrorism Confinement mega prison.",0.09848484848484845,0.5083333333333333
287,"A CNN report about the prison described the cells as “built to hold 80 or so inmates,” and “the only furniture is tiered metal bunks, with no sheets, pillows or mattresses … an open toilet, a cement basin and plastic bucket for washing and a large jug for drinking water.” The men are kept in the cells 23.5 hours a day, and Bukele said in his post that they will “labor under the Zero Idleness program.”",0.04523809523809524,0.48214285714285715
288,"This video is a remarkable artifact, inviting viewers to see the migrants as deserving of exploitation and brutality from a kind of international alliance of draconian carceral states.",0.48750000000000004,0.6125
289,"But the premise that everyone sent to this hellish site is a gang member is dubious. “We have only the government’s word that any of these people are members of the gang,” Reichlin-Melnick said. “The government has offered no evidence to confirm gang membership. It has not offered those individuals subject to this any opportunity to argue that they are not a member of a gang, and the people that have been sent to this prison are very likely to include some individuals who have been falsely labeled a member of a gang.”",-0.1416666666666667,0.7333333333333333
290,Families of some of the people suspected to have been deported over the weekend have denied that the deportees have ties to gangs. And a U.S. Immigration and Customs Enforcement official admitted in a sworn declaration that “many of the [Tren de Aragua gang] members removed under the AEA do not have criminal records in the United States.”,0.04999999999999999,0.525
291,"Even if we were to grant that many, or even all, of the people deported to El Salvador’s mega prison were gang members, Trump’s deportations would still be disturbing. Because neither the Alien Enemies Act nor peacetime immigration law permits people to be imprisoned abroad. On what authority does Trump get to decide that someone suspected of gang membership should do hard labor in a foreign prison? And what happens to them when they get there? (This prison is explicitly run on the ethos that its inmates are beyond rehabilitation.) This is effectively vigilante justice, being practiced upon the most legally vulnerable population in the U.S.",-0.008333333333333345,0.5645833333333333
292,Trump’s use of the Alien Enemies Act is a power grab that relies on — and further fuels — the demonization of migrants as a class of people who should not be accorded rights. It must be rejected.,-0.125,0.625
293,"President Donald Trump on Tuesday called the federal judge adjudicating a challenge to recent deportation orders a “Radical Left Lunatic of a Judge, a troublemaker and agitator” and called for his impeachment. In response to this and other, similar attacks on judges, Supreme Court Chief Justice John Roberts took the extraordinary step of issuing a public statement condemning such attacks.",0.02976190476190476,0.37023809523809526
294,"As the chief justice explained in his statement, “For more than two centuries, it has been established that impeachment is not an appropriate response to disagreement concerning a judicial decision. The normal appellate review process exists for that purpose.”",0.3833333333333333,0.5499999999999999
295,This could be a signal that Roberts might not be willing to rule with the Trump administration when it comes to its many forays into seemingly unconstitutional territory. And not a moment too soon.,0.375,0.625
296,"Like most chief justices who have preceded him, Roberts tends to let his judicial opinions deliver his messages. This time, as the Trump administration’s attacks on the courts are growing, we face the likelihood of seeing federal officials defy court orders in the very near future (if they haven’t done so already). That’s why the chief justice’s statements couldn’t come at a better (or more perilous) time for the rule of law, which seems constantly under threat.",0.27166666666666667,0.41305555555555556
297,"Federal judges, like many other federal officials, are subject to removal from their otherwise lifetime appointments through impeachment. Removal of federal judges through impeachment is very rare, however. It has happened only five times over the last 100 years and typically for things like outright corruption. The purpose behind the lifetime appointment of federal judges and the high bar of impeachment is, as Alexander Hamilton explained, to insulate judges from the political winds and outside pressure.",0.01742424242424243,0.4695454545454545
298,"Indeed, Hamilton argued in Federalist 78 that not just independence, but also “complete independence of the courts” was “peculiarly essential in a limited Constitution,” one in which other branches were constrained by the Constitution and the courts had to help enforce those constraints.",-0.024107142857142855,0.3044642857142857
299,The recent attacks on judges fly in the face of this “complete independence.”,0.3,0.5166666666666666
300,"Since the start of Trump’s second administration, calls for impeachment have emanated from members of Congress, Elon Musk and now from the president himself. What is more, we seem to be headed for a significant constitutional crisis over whether the Trump administration is willing to defy court orders.",0.28125,0.53125
301,"Almost at the same time that the chief justice was issuing his statement, in a courthouse down the street, lawyers for the federal government were trying to defend the actions of the administration over the weekend, when it seemed they might have ignored a direct order of another judge, this one from James Boasberg, the chief judge of U.S. District Court for the District of Columbia. This is the same judge Trump called a “radical left lunatic,” who just happened to have been confirmed by the Senate in a 96-0 vote in 2011.",0.05740740740740741,0.32314814814814813
302,"In that case, Judge Boasberg had directed the government to stop its deportation of hundreds of migrants without due process of law, including directing the government to turn any planes around that might contain such migrants and might have already taken off.",-0.0625,0.4375
303,"Despite some defiant statements over the last few days that the court had no power to issue such orders or that the government didn’t have to obey them, lawyers were in court Tuesday afternoon trying to explain that the actions of the federal government weren’t actually in contravention of the court’s order. Their position in court has been very different from the bold statements from several Trump officials, made to the media, that the administration could simply flout the court’s directives.",0.016666666666666663,0.3213095238095238
304,While it is obviously critical for the chief justice to speak up against unconscionable attacks on judges because they might disagree with the Trump administration over the law — which is all that the judges who have been attacked so far have done — the Roberts defense could signal that he may serve as a bulwark on the court against the more extreme positions of the Trump administration more generally and the arguments raised by its lawyers.,0.1708333333333333,0.7166666666666667
305,"When an emergency application came before the Supreme Court over cuts to the U.S. Agency for International Development, at first Roberts issued an administrative stay of a lower court order to give the entire court a chance to consider the Trump administration’s request to enable it to continue to devastate this agency. That gave some court watchers pause, and many expressed concerns that the Trump administration would be unleashed to take action against not just USAID but also other government agencies.",0.12083333333333333,0.32222222222222224
306,"Several days later, though, the entire court ruled, with Roberts in the majority (with Justice Amy Coney Barrett and the three liberal justices), to allow the lower court’s order protecting USAID to take effect once again.",0.0,0.20833333333333334
307,"During his confirmation hearing in 2005, Roberts famously said his job was to “call balls and strikes,” like an umpire in a baseball game, and not to set the strike zone. Perhaps he realizes now that he has to do more than sit by impassively passing judgment, however. Perhaps he is starting to understand that without a sustained, vocal and affirmative defense of the judiciary, he might find that there might be little left to adjudicate in the event the branch whose job it is to “say what the law is,” as former Chief Justice John Marshall once said, finds itself hobbled and silenced by such overt threats to the rule of law.",0.06124999999999999,0.47000000000000003
308,"President Donald Trump has always had a skeptical view of judicial independence. He’s long praised those who rule in his favor as wise jurists while denouncing any who rule against him as biased and not worthy of their robes. But he reached a new low in this area on Tuesday, when he called for U.S. District Judge James Boasberg to be impeached for halting his attempts to ship Venezuelan migrants to El Salvador.",0.019949494949494936,0.5924242424242424
309,This escalation added fuel to an already simmering debate on the right about how to respond to federal judges who block Trump’s agenda. Chief Justice John Roberts and billionaire Elon Musk have weighed in on opposite sides of Trump’s call to impeach Boasberg. And both Musk’s and Roberts’ positions are wrong.,-0.07142857142857144,0.4785714285714286
310,"The chief justice prompted breaking news push alerts on Tuesday when he issued a rare statement criticizing Trump’s call for impeachment. “For more than two centuries, it has been established that impeachment is not an appropriate response to disagreement concerning a judicial decision,” he wrote. “The normal appellate review process exists for that purpose.”",0.3625,0.6375
311,"Throughout his career, Roberts has loved to hunt for the smallest nuance that can leave him technically correct. And here, again, he does have a point. Article III, Section 1 of the Constitution says federal judges “shall hold their Offices during good Behavior.” This has been interpreted as granting them essentially lifetime appointments, in which they can’t just be replaced because political control changes hands in Washington.",0.27999999999999997,0.38
312,"The exception, of course, is when federal judges are impeached, something that has happened 15 times since the nation’s founding. Article II of the Constitution lays out frustratingly vague grounds for impeachment of the president and other “civil Officers of the United States”: “Treason, Bribery, and other high Crimes and Misdemeanors.” The standard established over the years is that federal judges are impeachable only for actions taken outside the normal bounds of their role.",-0.05499999999999999,0.43624999999999997
313,"But Roberts also well knows that impeachment is a political tool, not a legal one. The question isn’t whether impeachment is constitutional or legal; it’s whether it would be, as the chief justice puts it, “appropriate.”",0.15,0.25
314,"The Constitution gives the power of impeachment to the legislative branch, not the judicial branch. Article I states that the House has the “sole Power of Impeachment,” while the Senate has the “sole Power to try all Impeachments.” Unlike under the Federal Standards of Criminal Procedure that prosecutors must adhere to in court, the bar for investigating impeachable offenses and determining guilt is essentially whatever the House and the Senate says it is. And the courts have constantly upheld the idea that they can’t really step in on matters of impeachment, including against members of the bench, as those powers are given solely to Congress. In theory, there’s nothing stopping Republicans from lining up an impeachment vote on every federal judge a Democratic president has named.",-0.03333333333333333,0.3138888888888889
315,"Which brings us to Musk, who has endorsed an “impeachathon” event that far-right Rep. Andy Ogles, R-Tenn., plans to hold online, targeting at least 11 judges for removal. On Wednesday, he said on X that America is experiencing a “judicial coup” that requires “60 senators to impeach the judges and restore the rule of the people.” As my colleague Jordan Rubin explained, Musk is instantly wrong on several fronts here, including the threshold for removal in the Senate. It requires two-thirds of the Senate to agree, or 67 votes, which is 14 more than the GOP currently has in its caucus.",-0.06000000000000001,0.44000000000000006
316,"It’s up to the House to impeach an official first, though, and there’s a math problem there, too. Republicans do control the House and need only a majority vote to impeach. But that majority is so narrow that Speaker Mike Johnson, R-La., has little room for error for anything to pass on a party-line vote. That didn’t stop Rep. Brandon Gill, R-Texas, who wrote on X on Tuesday that he had introduced articles of impeachment against Boasberg. That makes Boasberg the fifth federal judge to have articles filed against him since Trump was inaugurated but the first with the president’s endorsement.",0.0225,0.5133333333333334
317,"This situation is set to be a political headache for Johnson. The speaker already has enough on his plate, including passing a major tax cut plan and other parts of the Trump agenda. Now he also is feeling pressure from his right flank to at least consider impeaching judges, something that at best crowds the House’s schedule further and calls attention to Trump’s consistent losses in court. Johnson was in a similar position last year when dealing with the laughable attempts to impeach President Joe Biden. This year, though, Trump is on his case from the White House, not Mar-a-Lago.",0.05178571428571429,0.379029304029304
318,"Even if Johnson does push through an impeachment resolution or two, those are simply analogous to a prosecutor’s filing charges in the criminal justice system. The Senate would hold the trial, and Politico reports that there is simply no appetite for that right now in the upper chamber. Yes, the Senate could conduct those trials via a specialized committee to keep the proceedings from taking up time on the floor. But a show trial behind closed doors that ends in acquittal would be doubly pointless.",-0.10803571428571429,0.3875
319,"The floundering that we’re seeing because Trump hates losing is all very funny to me, personally, amid a very unfunny time. Impeachment should be used to hold public officials accountable, especially those who are unelected, but it’s been shown to be toothless in cases when partisanship can come into play. In this case, what is almost always taken as a flaw in the system is ironically exactly what’s preventing impeachment from being abused to Trump’s benefit.",0.12916666666666668,0.48611111111111116
320,"Amazon just announced that it’s once again hosting a major discounted shopping event months before Prime Day. Running from March 25 to 31, The Big Spring Sale, will have deals on beauty products, tech, home goods, travel necessities, Amazon gadgets (like Kindle devices) and more. One of the biggest differences between The Big Spring Sale and Amazon’s Prime Day? You don’t have to be a Prime member to cash in on the deals — anyone will be able to shop the sale on the retailer’s website starting on March 25, 2025.",0.17708333333333334,0.32083333333333336
321,"Amazon will drop new deals throughout the sale, so once it begins, it’s smart to keep checking for additional offers. Below, we outlined some of the best savings to keep an eye on, plus included information on how you can become a Prime member in case you’re ready to make that leap.",0.33012987012987016,0.3794805194805195
322,SKIP AHEAD What will be on sale during Amazon’s Big Spring Sale? | Early Big Spring Sale deals | What is Amazon Prime? | How much does Amazon Prime cost? | Why trust NBC Select?,0.07500000000000001,0.175
323,"As mentioned, during the Big Spring Sale, you’ll be able to find deals across various categories. So far, Amazon’s announced that you can expect: :",0.15,0.55625
324,"While anyone — regardless of their Prime status — will be able to shop deals during the Big Spring Sale, there will be select deals only Prime members can take advantage of. You’ll be able to identify these deals because they’ll have a “Prime Spring Deal” badge on them.",0.25,0.5875
325,"During the sale, Amazon will also offer 50% off Amazon Haul purchases. Not familiar with Haul? It’s a newly launched section on the Amazon Shopping app and mobile app that offers products that are under $20.",0.016287878787878785,0.3181818181818182
326,"We’ll be covering The Big Spring Sale extensively, but in the meantime we rounded up some on-sale Amazon finds you can shop right now. You can also bookmark this page to stay up to date on our deals coverage.",0.09523809523809523,0.32301587301587303
327,"Currently 50% off, this cordless stick vacuum has an infrared sensor that detects dirt and automatically increases power to pick it up, according to Shark. The brushroll has soft microfibers to collect stuck-on dust, plus silicone fins to dig deeper into carpet and bring up debris. The vacuum’s LED display allows you to change the suction mode and see how much battery life is left (you can get up to 40 minutes of run time on a single charge). It also comes with a crevice attachment to help you reach tight areas like couch creases and corners.",0.004166666666666666,0.18124999999999997
328,"Our pick for the best reusable water bottle with a handle, this Stanley’s tumbler holds 30-ounces of liquid and is designed to fit in most car cup holders, according to the brand. Like the best water bottles, it has double-walled vacuum insulation that keeps the temperature of your drinks steady — it can stay cool or hot for hours, according to our editors. Currently, 10 different shades are 25% off — including fuschia, glacier and nectarine.",0.40648148148148144,0.4555555555555555
329,"This 4-pack of Apple AirTags is currently on sale for its lowest price ever on Amazon. One of our favorite travel accessories, these trackers can help you find or monitor your items by syncing it with your iPhone and the Apple FindMy app. When you’re near your item, the app will guide you to it with an arrow. If you are further than 30 feet from the item you’re looking for, the AirTag will ping off other iPhones and send location data to your phone so you can track it.",0.095,0.5349999999999999
330,"Bagsmart’s carry-on won an NBC Select Travel Award last year and the brand also makes some of our favorite packing cubes. Right now, its tote is at its lowest price ever on Amazon. It has a side pocket for your water bottle and a padded laptop compartment inside. This bag is made of water-resistant nylon and weighs just 1.43 pounds.",0.2619047619047619,0.5341269841269841
331,"You can use this Anker device as a wall charger or a general power bank when you’re on the go. For the latter, it has enough juice to not only charge phones, but also iPads and laptops, according to the brand. Also nice: It has two USB-C ports and one USB-A port, allowing you to charge up to three devices at once.",0.13,0.6
332,"Free of alcohol and peroxide, this mouthwash whitens teeth without leaving them sensitive, according to the brand. Beyond whitening, the formula combines sage, coconut and lemon peel oils to give your  breath that fresh and clean smell. Two 16-ounce bottles come in the set, which has a 4.4-star average from over 2,330 reviews on Amazon.",0.20333333333333337,0.66
333,"The Ninja Flip is a toaster oven and air fryer in one. But what makes it even more unique is the ability to flip it upright for tidier storage. It has eight cooking settings — including air fry, roast, bake, broil, toast, bagel, pizza and dehydrate. It can fit up to a 12-inch pizza and roast up to four pounds of veggies at once, according to the brand. The toaster oven comes with a baking sheet and a ventilated air fry basket.",0.425,0.6333333333333333
334,"This projector is a favorite of NBC Select commerce editor Jordan Bowman. It can project a maximum screen size of 120 inches and has a 1080p display. A single charge can play a 2.5-hour movie or play 8-hours of music, according to the brand. It also weighs just over a pound, making it easy to bring it outside or over to a pal’s house. “It’s about the size of a soda can and produces a better image than my old television,” says Bowman. “A portable projector isn’t perfect, but if it fits your needs, it can completely change how you enjoy entertainment in your living space.”",0.3291005291005291,0.521957671957672
335,"Haven’t gotten around to doing your taxes? With just a few weeks left to get them in, Amazon is currently offering 30% off tax software from TurboTax. The downloadable program works on a Mac or PC and includes five federal e-files and one state e-file. With your purchase, you’ll also get access to live support to get one-on-one advice from a tax professional as you work on your return. This program will also automatically import your return from last year from TurboTax or other select tax software, to save you time having to fill out information that has remained the same.",-0.011079545454545457,0.20833333333333334
336,"Amazon Prime launched in 2005 and is a paid loyalty program that gives its members various perks including free shipping on a number of items, as well as streaming and entertainment benefits.",0.2,0.65
337,"A Prime membership costs $15 monthly, or you can pay $139 annually. The yearly Prime membership includes a 30-day free trial for new members. You can sign up for either at amazon.com/prime.",0.2681818181818182,0.6272727272727273
338,Amazon also offers a discounted membership for students. Prime Student costs $69 yearly and there is also a lower-priced option for those who qualify for certain types of government assistance programs.,0.15714285714285714,0.2857142857142857
339,"I’m a writer at NBC Select who covers a variety of topics, including home, tech and beauty. I have been covering major shopping events like Amazon Prime Day, Black Friday and Cyber Monday for over a decade.",-0.05208333333333333,0.4666666666666667
340,"Catch up on NBC Select’s in-depth coverage of tech and tools, wellness and more, and follow us on Facebook, Instagram, Twitter and TikTok to stay up to date.",0.5,0.5
341,"When President Donald Trump spoke at the Department of Justice headquarters last week, it was already unusual for him to be there.",0.1,0.5333333333333333
342,His wildly inappropriate remarks vowing to seek vengeance against his enemies and the media — in some cases identified by name — made his remarks unprecedented.,0.35,0.65
343,"I served 25 years in the Justice Department as an FBI agent and assistant director, and I’ve never seen anything this ominous. What makes it worse is that the two men who now lead the bureau are well-positioned to carry out the retribution that Trump called for in his speech.",-0.4,0.6
344,"The FBI is now in the hands of two men who have never led anything. FBI Director Kash Patel, with a smattering of experience in criminal defense work in Miami and a stint as a prosecutor and political flunky at the Pentagon and the White House, says he’ll bring FBI credibility to new heights as director. Dan Bongino, a former Fox News host, failed U.S. Senate candidate and far-right conspiracy theory podcaster — who was permanently banned from YouTube and temporarily suspended from Twitter — will serve as the bureau’s deputy director.",-0.1272727272727273,0.2340909090909091
345,But their lack of qualifications is the least concern.,-0.3,0.4
346,"Patel and Bongino are poised to turn the FBI into a cudgel to bash the bureau into a politicized spearpoint aimed directly at perceived enemies of Trump. During his confirmation, Patel faced questions about an enemies list of 60 people he referred to in his book as “deep state” and his stated intentions to pursue them. Bongino, for his part, seems hell-bent on firing any FBI employee involved in Jan. 6 cases or Trump investigations. It won’t matter whether those who face the FBI’s wrath ultimately prevail in the courts. Their lives, finances and careers can be ruined by the investigation alone.",0.03333333333333333,0.6
347,"(Patel testified before Congress that ""there will be no politicization at the FBI"" under him, while Bongino has said he would get rid of politicization already in the agency and focus on crimes such as drug dealing.)",0.0,0.5
348,"Patel and Bongino aren’t rogue actors in their plans to utilize the power of the FBI for Trump. They’re enabled by a Trump-branded federal justice system. Trump’s attorney general, Pam Bondi, promises to fire DOJ employees who “despise Trump.” (Note: That’s illegal). And, every U.S. attorney in every district across the nation — the prosecutors who decide which cases to open and close, are being replaced by Trump loyalists. In his first term, Trump ranted about locking up his political opponents and railed against the “fake news” media, but this time he’s enabled by his control of the House and Senate, the Justice Department and the FBI.",-0.11666666666666665,0.48888888888888893
349,"We’ve seen this before. When J. Edgar Hoover led the FBI, the agency, with the approval of Attorney General Robert F. Kennedy and later with the encouragement of President Lyndon Johnson, illegally wiretapped Martin Luther King Jr. and other civil rights leaders. The FBI sent a letter to King, using details uncovered in the wiretap, essentially suggesting he kill himself. There were countless other “black bag jobs” where the FBI, without court authorization, broke into people’s homes, took evidence, opened and read mail, and planted microphones — all outside the law, because someone in power deemed those American citizens to pose some threat.",-0.08666666666666666,0.30333333333333334
350,But we’re facing a perfect storm. The justice system is positioned to unleash injustices on a scale not seen in decades. The storm will be devasting. We ignore it at our peril.,1.0,1.0
351,Subscribe to Trump’s First 100 Days newsletter for weekly updates and expert insight on the key issues and figures defining his second term.,0.08333333333333333,0.4444444444444444
352,"From using the White House’s South Lawn to shill cars for his biggest campaign donor to demanding taxpayer-funded ads that claim he victoriously closed the southern border, President Donald Trump is demonstrating that, as he stated in his first term, he has “the right to do whatever I want.” That’s his twisted interpretation of Article 2 of the Constitution, which describes the power of the president.",-0.010714285714285713,0.3281746031746032
353,"Yet the president of the United States is not a king. He’s not a monarch ordained by a god. As former President Barack Obama said in a “60 Minutes” interview in November 2020, the “president is a public servant.” The person elected to that office should represent and serve the public’s best interest — not his own.",0.32,0.2866666666666667
354,"As mass protests against the Trump administration take place across the nation, let us remember the historical role and responsibility of the president and what others who’ve held the office have had to say about the responsibility that comes with the position. “The President is merely the most important among a large number of public servants,” former President Teddy Roosevelt wrote in a May 1918 editorial in The Kansas City Star. In 1954, former President Harry Truman said, “I would much rather be an honorable public servant and known as such than to be the richest man in the world.”",0.07402597402597402,0.2965367965367966
355,"The president is supposed to serve us, the American people. Not just the people who voted for him or who donated to his campaign or inauguration — but all the people. Toward that end and in keeping with America’s long-standing policies, Trump should be working to preserve and strengthen our democratic society and democracies around the world — not undermining them by playing nice with dictators.",0.3,0.5
356,"The American people elected Trump and have entrusted him to serve their bests interests. “Public service is a public trust,” reads Executive Order 12674 from 1989, spelling out one of the primary principles of ethical conduct for government officers and employees. President Thomas Jefferson even asserted, “When a man assumes a public trust, he should consider himself as public property.”",0.08571428571428573,0.19523809523809524
357,"You just have to laugh at the idea of Trump — who wants to privatize public services from the U.S. Postal Service to education and even sell off public lands to private interests — ever considering himself public property. The absolute, fiendishly calculated chaos he has unfurled in the first weeks of his second term proves that serving the public’s best interest was never a part of his — or, let’s be honest, Project 2025’s — agenda. In that way, Trump, who has always loved flaunting his wealth, is the opposite of Truman.",0.184375,0.2984375
358,"In that 1918 editorial, Roosevelt asserted it was as important that the public “blame [the president] when he does wrong as to praise him when he does right … in rendering loyal, able, and disinterested service to the nation as a whole.”",0.17414965986394557,0.6229591836734694
359,The problem is that Trump and his supporters don’t always appear to be committed to codes of ethical conduct or the law. And Trump has shown over the course of his career that he doesn’t take accountability for his actions. “Deny everything” is one of the lessons he learned from his lawyer and mentor Roy Cohn. Trump has decimated independent federal agencies likely because they are units of accountability — specifically in terms of offering oversight and regulation — in our government system of “checks and balances.”,0.06666666666666667,0.5750000000000001
360,"Notably, Roosevelt’s words about the president being the most important public servant were not directed to then-President Woodrow Wilson but to his fellow Americans to encourage them “to tell the truth about [the president’s] acts. … Any other attitude in an American citizen is both base and servile. To announce that there must be no criticism of the President, or that we are to stand by the President, right or wrong, is not only unpatriotic and servile, but is morally treasonable to the American public.”",0.020054945054945043,0.47646520146520144
361,"In other words, we, the American people, are responsible to each other to secure the health of our democracy. This means we must elect to office presidents who are committed to public service, and if we fail at that, then we must use our First Amendment rights to protest against them.",0.10000000000000002,0.3888888888888889
362,"They’re there to serve us, not the other way around.",-0.125,0.375
363,"A federal judge still has questions about the Trump administration’s compliance with his orders, and the administration is still trying not to answer them.",0.0,0.0
364,"On Wednesday, U.S. District Judge James Boasberg gave the government another day to get back to him on the matter. But his latest order suggests he isn’t pleased — or persuaded — by the government’s arguments thus far regarding its deportation flights over the weekend and its litigation conduct since then.",0.275,0.725
365,"Following a hearing Monday at which the government didn’t want to answer Boasberg’s questions, the judge issued an order requiring officials to submit a sealed declaration answering outstanding questions about Saturday’s deportations, which the judge had ordered halted while litigation continues over President Donald Trump’s authority under the Alien Enemies Act.",0.08333333333333333,0.5750000000000001
366,"Those answers were most recently due by noon Wednesday, but ahead of that deadline, the government asked Boasberg for more time. The request noted that the Justice Department is appealing his orders and said addressing his questions “would undermine the Executive Branch’s ability to negotiate with foreign sovereigns in the future by subjecting all of the arrangements resulting from any such negotiations — as well as the negotiations themselves — to a serious risk of micromanaged and unnecessary judicial fishing expeditions and potential public disclosure.” The government also said it’s evaluating whether to invoke the state secrets privilege regarding information sought by the judge.",0.046969696969696974,0.47803030303030297
367,"In his latest order on Wednesday, Boasberg wrote that he wasn’t seeking information for a “fishing expedition” but rather “to determine if the Government deliberately flouted” his orders and “if so, what the consequences should be.”",0.5,0.9
368,"Boasberg expressed doubt about whether the government could successfully keep information under wraps on state secrets grounds, noting that it “appears to be an uncommon occurrence for the disclosure of unclassified information to threaten state secrets.” The judge questioned the purported danger raised by the government about giving him that information in private, observing that the government itself has publicly promoted details of the flights.",0.3875,0.5979166666666668
369,And the fact that officials are appealing his temporary restraining orders doesn’t affect the judge’s interest in finding out whether the government violated them. He wrote that he’s seeking information “to determine whether the Government complied with the TROs. Whether those TROs were legally defective or legally sound does not govern the compliance inquiry.”,0.3666666666666667,0.3666666666666667
370,"The most recent order followed Trump’s call for Boasberg’s impeachment and a rare public statement from Chief Justice John Roberts that reiterated that the proper way to respond to an adverse ruling is to appeal it, not to try to impeach the judge. Boasberg seemed to acknowledge that broader issue in his order Wednesday, writing: “As the Supreme Court has made crystal clear, the proper recourse for a party subject to an injunction it believes is legally flawed — and is indeed later shown to be so flawed — is appellate review, not disobedience.”",-0.024242424242424235,0.3303030303030303
371,"Whether Boasberg becomes officially convinced that such disobedience has occurred in this case remains to be seen. The administration has a new deadline of noon Thursday to answer his questions or to invoke the state secrets doctrine. Boasberg has already expressed skepticism of how the latter might apply, but even if a state secrets argument is unsuccessful, it could buy the government more time, to the extent that delay is part of its litigation strategy. If instead it attempts to answer his questions, we should learn whether the judge finds those answers satisfactory — and if not, what the “consequences” of such a finding will be.",0.12727272727272726,0.39090909090909093
372,"Subscribe to the Deadline: Legal Newsletter for expert analysis on the top legal stories of the week, including updates from the Supreme Court and developments in the Trump administration’s legal cases.",0.27499999999999997,0.27499999999999997
373,"Senate Minority Leader Chuck Schumer was supposed to be touring the country this week, signing and selling copies of his new book. Instead, the New York senator postponed the whole tour over “security concerns.” More specifically, the concern was that liberal activists, angry at his decision to acquiesce to Republicans’ recent government funding bill, were planning large protests at every event.",0.0981447124304267,0.49823747680890534
374,It’s undoubtedly embarrassing for Democrats that their leader in the Senate is ducking scenes of being called a coward by voters in his own party. But that the very fact that the party’s base is so livid at its leadership could be good news. Recent history tells us that that anger may be crucial if the Democrats are to come back from their current lowly position.,0.0,0.505
375,"And that position is truly lowly. In new polls by NBC News and CNN, the Democratic Party has reached its lowest approval rating ever recorded: 27% and 29%, respectively. In both cases, these declines came about because many Democrats now say they disapprove of their own leadership.",0.3090909090909091,0.5136363636363637
376,"And why wouldn’t they? As Democratic voters watch in dismay while Donald Trump and Elon Musk dismantle the federal government and explore new frontiers of authoritarianism, they see few encouraging signs from too many of their leaders. The three living Democratic ex-presidents haven’t been heard from since Trump took office. Former Vice President Kamala Harris has been mostly invisible. California Gov. Gavin Newsom, whose presidential ambitions are no secret, is chatting it up with far-right activists and commentators on his new podcast. And while House Minority Leader Hakeem Jeffries, unlike Schumer, kept his caucus together to oppose the recent funding bill, he has largely been ineffectual.",0.1652236652236652,0.3764069264069264
377,"Anyone active on social media has seen a Democratic electorate enraged at Schumer and the other Senate Democrats who joined him in voting to advance the budget bill. In fairness to Schumer and these other senators, they argue that as bad as the bill was, a government shutdown would have done even more damage, especially since Trump and Musk could use the opportunity to eviscerate key agencies and shove thousands more government workers out the door. One might disagree with this view — and with Schumer’s messaging strategy — but it isn’t a crazy position to take.",-0.06499999999999997,0.5983333333333334
378,"Nevertheless, voters in the Democratic base are clearly hungry for representatives who will not only find the most pragmatic ways to counter Trump, but who will oppose him loudly and without embarrassment. That’s why figures such as Reps. Alexandria Ocasio-Cortez (D-N.Y.) and Jasmine Crockett (D-Tex.) are commanding ever-larger followings as Democrats who seem to grasp the urgency of both the moment and their voters’ emotions.",-0.016666666666666677,0.6972222222222223
379,"That desire for fighting spirit is reflected in the polls. When NBC’s poll asked at the beginning of Trump’s first term whether Democratic voters wanted representatives who would “make compromises with President Trump to gain consensus on legislation” or “stick to their positions even if this means not getting things done in Washington,” they favored compromise by a 59-33 margin. Today, the numbers have flipped: Democratic voters now favor fighting, 65-32.",0.525,0.6166666666666667
380,"Some Democrats in Congress would protest that without formal institutional power, there’s only so much they can do to thwart the president. That was the dilemma Republicans found themselves in during Barack Obama’s presidency. Even GOP voters considered Republican lawmakers feckless and weak, so they voted to repeal the Affordable Care Act an astonishing 70 times (depending on how you count).",0.08125,0.70625
381,"In the end, the repeal votes became a symbol of Republican impotence rather than resistance. Speaker of the House John Boehner was hounded from office in 2015 by tea party activists who considered him too weak to lead the fight against a president they despised. And Obama comfortably beat Mitt Romney in the 2012 presidential election.",0.012500000000000011,0.7125
382,"But look what else happened. Republicans took back the House, then the Senate and eventually the White House. They won sweeping gains at the state level: Democrats lost a net of 948 seats in state legislatures while Obama was president, the most a party had lost since Herbert Hoover was president, and 19 states saw chambers flip to Republican control.",0.125,0.125
383,"How could that have happened while the national GOP looked so hapless? Ironically, the the national party’s poor standing may have helped spur its gains. That’s because an angry base is a motivated base, and a base that has decided it can’t rely on leadership will start organizing for itself.",-0.6499999999999999,0.9333333333333332
384,"That appears to be exactly what is beginning to happen now. Grassroots Democrats are organizing protests. Bernie Sanders is drawing crowds to his “Stopping Oligarchy” tour. The progressive group Run For Something, which helps liberals run for state and local offices, says it has signed up almost as many prospective candidates just since Trump’s inauguration as it did in all of 2017 and 2018. And activists are advocating primary challenges against Democratic leaders, just as tea partiers did to Republican leaders a decade ago.",0.2875,0.3125
385,"That experience was uncomfortable for those running the party, but it showed that the party’s base was riled up and mad. And if some of Democrats’ anger is directed at their own leaders, that might be the most encouraging sign of a revival not just for the party’s institutions but its broader fortunes.",-0.25416666666666665,0.7833333333333333
386,"The stock market rose to record heights after Donald Trump’s 2024 re-election. Wall Street reveled in Trump’s promises of even more tax cuts and defanged regulators, not to mention making the world safe for saying all those politically incorrect thoughts about DEI. What could go wrong?",0.22000000000000003,0.59
387,"Plenty, it turns out. Trump’s only been in office two months and the S&P 500 is lower than it was before Nov. 6 and in correction territory. The risk of a recession is rising, and confidence for consumers and small businesses is plummeting, even as fears of inflation are increasing. Multiple Fortune 500 companies report a softening in consumer spending. The dreaded word “stagflation” is getting tossed around.",-0.08333333333333333,0.4666666666666666
388,"No wonder so few people, it seems, want to plan a getaway: The Conference Board reports that under 40% of Americans are planning a vacation in the next six months. In the last 40 years, that number has only been lower during the Covid-19 pandemic and the Great Recession.",0.12000000000000002,0.38333333333333336
389,"The Trump administration is hardly offering reassurance. Not only do the president and staffers like Treasury Secretary Scott Bessent refuse to rule out the possibility of a recession, they are even arguing that economic pain will result in a better future. The president called it “a period of transition.” Commerce Secretary Howard Lutnick insisted Trump’s tariff policies will be “worth it” even if they lead to a recession.",0.11805555555555554,0.41111111111111104
390,"As one banker told the Financial Times, “With hindsight, we did not appreciate the nature of what the administration was going to be like.”",0.0,0.0
391,You don’t say.,0.0,0.0
392,"Wall Street’s enthusiasm for Donald Trump was always a triumph of hope over experience and evidence. True, absence makes the heart grow fonder, but there were signs everywhere, long before Trump was elected, that he was serious about tariffs — which Wall Street, rationally or irrationally, abhors — and other policies that have both roiled the markets and sparked warning signs in the economy since his inauguration. And if nothing else, you would think the chaotic management of the Covid pandemic and violent end of his first term would give the masters of the financial universe pause.",-0.09010416666666668,0.42812500000000003
393,It did not.,0.0,0.0
394,"Even in the best of circumstances, Trump is a chaos monster. More than ever before, he’s embraced chaos as both an economic and governing strategy. That is, you shouldn’t need me to tell you, is a risky way to run an economy.",0.5666666666666667,0.3333333333333333
395,"For example, there is a case to use tariffs in a way that is strategic, stable and reliable, and that would promote the long-term goal of strengthening the nation’s manufacturing capacity. Trump’s approach has none of these qualities. His goals include nonsense like attempting to annex Canada. He imposes them one day only to call them off the next. And even his choice of targets, according to Lutnick, depends not on any rational criteria but on which countries “make him unhappy.”",-0.19999999999999998,0.6333333333333333
396,"The administration’s approach to slashing government is another issue. Trump has allowed Elon Musk’s minions at the so-called Department of Government Efficiency to fire tens of thousands of federal workers, cancel scores of federal contracts and even stiff businesses that have already performed work for the federal government. Many of these actions might well get reversed in the nation’s courts, but for now, universities and other impacted businesses are instituting hiring freezes and laying off employees. Others — like former Social Security Commissioner Martin O’Malley — fear that DOGE cuts to Social Security amid false claims of rampant fraud are risking a “total system collapse.” All this uncertainty and fear, in turn, is contributing to increasing consumer pessimism.",-0.021577380952380966,0.3572916666666667
397,"Then there is Trump’s open corruption and vengeance politics. He’s attacking multiple law firms that have played a role in his various legal woes. At the same time, he and his family are profiting from everything from cryptocurrency sales to Amazon’s $40 million deal to stream an “unprecedented, behind-the-scenes” documentary about Melania Trump.",0.1142857142857143,0.3178571428571429
398,"As I have pointed out in the past, the United States is a financial giant not just because it is a resource-rich country. We are — or were — considered a stable country as well, where the rule of law is enforced fairly and consistently. Financial markets and businesses crave stability and predictability; they react poorly to chaos and political favoritism. Just as people need some assurance that their job will be there for them tomorrow before they make a big purchase, the same is true for businesses. They can’t plan for the future if they don’t have a secure sense of what their underlying expenses and sales will be — something that is increasingly impossible in the Trump economy.",0.010256410256410255,0.41923076923076924
399,"“The problem for the markets is when they don’t know what to do,” said billionaire investor Marc Lasry last week. “An economy can’t survive like that.”",0.0,0.06666666666666667
400,"Let me reiterate that uncertainty is bad for all of us, not just the financial markets.",-0.3499999999999999,0.3333333333333333
401,There’s a pervasive myth that Republicans are better for the economy than Democrats. Nothing could be further from the truth. Job growth is higher when a Democrat is in the White House. The S&P 500 performs better under Democratic presidents. Nine out of the last 10 recessions — including each of the last five — have begun with a Republican sitting in the Oval Office.,0.17857142857142858,0.30476190476190484
402,But many who should know better don’t want to believe the evidence.,0.5,0.5
403,"It’s all personal. Even as inequality soared to near-record levels, many of the wealthiest Americans — from Wall Street to Silicon Valley and everywhere in between — have insisted they were the true victims, lashing out at the Biden administration and complaining about any regulation or possible tax increase. These supposed financial experts let their greed and pique blind them to the reality that always was and always will be Donald Trump.",0.05833333333333333,0.5194444444444445
404,"The fourth annual Forbes and Know Your Value 30/50 Summit in Abu Dhabi concluded on Friday with an International Women’s Day Awards Gala to celebrate women who have helped shape history with their fearless commitment to equality, value and freedom.",0.0,0.0
405,"Mika Brzezinski, chair of the summit and founder of Know Your Value, said honoring the women could not come at a more important time.",0.45,0.75
406,"“This year, women are facing daunting challenges across the world,” said Brzezinski at the Louvre Abu Dhabi.  “…In America, women’s rights have been set back. Across the world, the threat to women is often far more dramatic and takes on consequences that are life or death … Perhaps, that is why it is so important who we are honoring tonight. Women who are leading the charge, owning their voices and rising up to meet the moment.”",0.11333333333333333,0.62
407,"The Lifetime Achievement honor went to European Commission President Ursula von der Leyen, who was scheduled to be at the ceremony but had to chair emergency meetings with European leaders to discuss the long-term security of Ukraine.",0.0,0.0
408,"“It is scary that America has decided to cease military assistance and intelligence assistance to Ukraine. But with Ursula von der Leyen at the helm, there is actually reason for optimism,” said Brzezinski, who noted Von der Leyen spearheaded Europe’s response to the Covid-19 pandemic and launched a breakthrough European green deal that transformed the continent’s economy while helping to meet ambitious climate goals. “If there is a person who can catalyze a unity of purpose and a shared definition of the challenge it’s her.”",-0.09166666666666667,0.375
409,The Know Your Value Award went to Sheryl Lee Ralph. The 68-year-old actress and activist is best known for her performance in “Dream Girls” and as her role as an unflappable kindergarten teacher in the hit TV series “Abbott Elementary.”,0.65,0.6
410,"After 40 years working in Hollywood, Ralph won her first Emmy in 2022 – at the age of 66 – and became the second Black woman to win for Best Supporting Actress in a Comedy. Off camera, Ralph is also a fierce advocate for education, in addition to women’s rights and representation. She continues to elevate the voices of marginalized communities.",0.35555555555555557,0.2861111111111111
411,"“Knowing your value is not always easy. For many of us, it has been a journey — a journey of finding our voice, standing our ground, and learning to take up space in rooms that were not always built for us,” said Ralph during her acceptance speech.",0.4666666666666667,0.6666666666666667
412,"“Like so many women, I’ve faced moments of doubt. I’ve been underestimated. I’ve been told to wait my turn, to be grateful for what I have, to not ask for too much. But at every step, I had a choice: to shrink or to rise. To accept less or to demand more. And I chose to rise.”",0.2583333333333333,0.31666666666666665
413,"The Hometown Heroine award went to Dr. Fatima Al Kaabi, the executive director of Abu Dhabi Bone Marrow Transplant Program. In 2012, she discovered that patients in the United Arab Emirates did not have access to stem cell treatment, one of the most effective therapies against Leukemia. She decided to study cancer, stem cells and genetics abroad and then brought her knowledge home to the UAE. She continues to view public safety as a core part of her overall mandate and aims to help her country become self-sufficient in healthcare.",0.275,0.3416666666666667
414,The Torch of Freedom award went to photojournalist Lynsey Addario.,0.0,0.0
415,"Addario has been covering conflict, humanitarian crises, and women’s issues around the world on assignment for The New York Times and National Geographic for more than two decades. Since September 11, 2001, Addario has covered conflicts in Afghanistan, Iraq, Libya, Lebanon, Darfur, South Sudan, Somalia, the Democratic Republic of Congo, Yemen, Syria, and the ongoing war in Ukraine.",0.3181818181818182,0.4772727272727273
416,"Addario’s own survival story is equally compelling, having been kidnapped by pro-Gaddafi forces in Libya in 2011 and later released after a harrowing experience. Through her lens, Addario continues to shed light on the stories of those affected by crisis and war.",0.32499999999999996,0.575
417,"The Young Changemaker award went to Yusra Mardini. Mardini, 26, is a Syrian-born Olympic swimmer and refugee who became famous for her bravery in helping fellow refugees while crossing the Mediterranean in 2015.",0.3,0.7
418,"When the boat she and 19 others were traveling in started to sink, Mardini and her sister swam for hours — pushing to boat to safety and helping save the lives of everyone on board. Today, she is a UNHCR Goodwill Ambassador and advocate for refugees and continues to inspire with her story of survival, hope and perseverance.",0.0,0.0
419,"Mardini said earlier at the summit that when she left Syria as a young girl she had two choices. “The first choice was to stay home and risk our lives every day in a war zone…and the second choice was maybe if we risked our lives one more time we would be a peace, and that’s what we chose.”",0.14166666666666666,0.2888888888888889
420,"She added,  “It’s okay to be afraid but the most important thing to remember is that you need to always move forward…You need to take risks, you need to say, ‘Hey, if I fail, I need to try again tomorrow.”",0.06000000000000001,0.6399999999999999
421,"Frank Figliuzzi is an MSNBC columnist and Senior National Security and Intelligence Analyst for NBC News and MSNBC. He was the assistant director for counterintelligence at the FBI, where he served 25 years as a special agent and directed all espionage investigations across the government. He is the author of ""The FBI Way: Inside the Bureau's Code of Excellence.""",0.35714285714285715,0.5714285714285714
422,"Frank Figliuzzi is an MSNBC columnist and Senior National Security and Intelligence Analyst for NBC News and MSNBC. He was the assistant director for counterintelligence at the FBI, where he served 25 years as a special agent and directed all espionage investigations across the government. He is the author of ""The FBI Way: Inside the Bureau's Code of Excellence.""",0.35714285714285715,0.5714285714285714
423,"When federal agents arrested Columbia graduate student Mahmoud Khalil this month, he was reportedly told that his student visa was being revoked. The supposed offense: leading protests denouncing Israel’s war in Gaza on the school’s New York City campus last year. When Khalil said he was a permanent resident with a green card, he was told that status was being revoked by the State Department.",-0.02121212121212122,0.2737373737373738
424,"Secretary of State Marco Rubio told CBS’s “Face the Nation” on Sunday that the Trump administration will continue to revoke the legal immigration status of folks he terms ""Hamas supporters"" in order to deport them. Rubio’s bold assertion may succeed in court thanks to a rarely used power the secretary of state possesses that can circumvent other statutes that could have protected Khalil from arrest and deportation.",0.14305555555555557,0.3902777777777778
425,"A 1990 update to the Immigration and Nationality Act says the rules that let the State Department deny a noncitizen admission into the U.S. can also be used to make a legal alien eligible for deportation. Immigrants can’t be barred from entry for holding beliefs that would be legal in the United States and, for now at least, there’s no question that believing Israel’s war in Gaza should end is, in fact, still legal for American citizens, as is protesting universities’ support in that war.  But the law makes an exception if “the Secretary of State personally determines that the alien’s admission would compromise a compelling United States foreign policy interest.”",-0.0024999999999999966,0.3525
426,"President Donald Trump’s advisers and administrators have been laser-focused on finding potential edge cases in the law, that is, areas where loopholes and emergency powers can be exploited. In the flurry of executive orders issued from the White House, agencies have consistently been told to comply with their instructions “to the maximum extent of the law.” But that boilerplate language obscures how this administration is pushing the limits and trying to establish a new normal where there are no checks on whatever the president wants to do.",0.09090909090909093,0.35064935064935066
427,"Admittedly, the federal code is filled with laws that leave plenty room for bad-faith interpretation. Congress has developed a habit of writing bills that allow the executive branch to bypass lawmakers in case of emergency or otherwise divest authority on the details of how the law will be executed. The Trump administration seeks to trigger those authorities in ways that Congress may not have intended, and the courts may not agree with, to give the veneer of legality as they proceed with their plans.",0.25,0.6
428,"In Khalil’s case, leapfrogging the normal immigration channels means the Trump administration doesn’t need to accuse Khalil of a crime. Under this reading, as Trump lawyer Alina Habba told Fox News, even handing out of pamphlets the administration doesn’t like could be grounds for deportation.",0.15,0.6499999999999999
429,"Trump is trying to use every legal provision, regardless of how flimsy, to justify the mass deportations that are central to his immigration policy. On the first day of this term, he declared an “emergency” along the southern border, invoking the powers granted in the National Emergencies Act to mobilize resources and the armed forces. Trump also issued a proclamation declaring that an “invasion” is ongoing, and that he would use the “inherent powers to control the borders” he possesses, regardless of the limitations of the Immigration and Nationality Act.",0.1125,0.19583333333333333
430,"Those orders became the foundation on which his administration invoked the Alien Enemies Act to rapidly deport Venezuelans it accused of gang activity this weekend. The 1798 statute was part of the infamous Alien and Sedition Acts, which were passed in a time of quasi-war against France and Britain. In the proclamation announcing the policy, Trump claimed that the law grants him the authority to expel Tren de Aragua, a gang designated as a terrorist organization under another questionable executive order. A federal judge paused the administration’s use of the law in an order issued Saturday, but an unknown number of immigrants have now been deported to El Salvador, even though many of them reportedly have no proven connection to the gang in question.",-0.18333333333333335,0.7666666666666666
431,"Meanwhile, Trump officials continue to hunt for the slightest pretense to invoke other emergency powers. The administration is reportedly looking for a reason to use Title 42, a public health provision triggered early in the pandemic, to fully close the southern border again. Trump is waiting on a report from the Pentagon and Department of Homeland Security on whether he should call upon the Insurrection Act’s powers to deploy the military deeper into the United States. Civil liberties groups fear the 1807 law could be used to stifle civil protests, as Trump advocated during his first term, wrongly transforming the armed forces and National Guard into a domestic police force.",-0.046875,0.27187500000000003
432,"The administration has also been busy in other areas finding weak points in the law to consolidate power. Office of Management and Budget Director Russel Vought has been especially adept at playing this game. Even before being sworn-in, he had helped draft orders that twisted the rules for hiring special government employees to quickly staff up the Department of Government Efficiency. He has since then been finding ways to skirt federal employment laws to downsize the government, effectively shuttering whole agencies and encouraging department heads to illegally fire staffers by deliberately misusing the authorities granted to fire “probationary” workers for their performance.",0.06277056277056277,0.5883116883116883
433,"And where there is no foothold in the U.S. Code to exploit, the Trump administration has argued even greater authority: Article II of the Constitution. Justice Department lawyers have already claimed a constitutional power to ignore judges’ rulings on foreign affairs in the Alien Enemies Act case and defended his ability to impound whatever money he doesn’t want to spend. In a proclamation on defending the states from “invasion,” Trump claimed that under his Article II role as commander-in-chief of the military, he has a duty under Article IV, Section 4, to repel whatever immigrants he says shouldn’t enter the country.",0.006249999999999999,0.36875
434,"Trump’s infamous 2019 claim that Article II means “I have to the right to do whatever I want as president” has thereby gone from the simplistic notion of a political neophyte to the core tenet of his second administration. And the GOP-controlled Congress has been quick to quietly bolster existing gray areas of the law to grant him even more leeway. For example, in passing the recent six-month spending bill, the House explicitly stripped away Congress’ power to challenge Trump’s use of the National Economic Emergencies Act in deploying his tariffs.",0.0319047619047619,0.3919047619047619
435,"There’s still a chance the courts override Rubio’s determination on Khalil’s deportability. The government will likely have to establish how it reached its conclusion about the supposed foreign policy threat the Columbia grad student poses. (Rubio was also supposed to notify Congress of his decision, but no such notification has been reported as of Tuesday.) But if Rubio is willing to make that call in this case, how hard would it be for him to keep the ball rolling? What other “foreign policy interests” could be used to hastily deport legal permanent residents? It is a twisting of the intent of the law to bypass due process and establish a norm that could stifle dissent among American citizens as well. Trump has long been keen on the idea of being able to strip protestors of their citizenship; it would be foolish to put it past this administration to try it given the groundwork now being laid.",-0.010897435897435897,0.40512820512820513
436,"These attacks on the system from within are ongoing. In Khalil’s case and others, we are seeing the arcane nature of the U.S. federal bureaucracy being used as a weapon against itself. There’s a term in medicine for when a previously benign bit of biological code gets twisted and begins attacking the rest of the body: a cancer.",-0.3333333333333333,0.5833333333333334
437,"Congress and the courts need to excise this tumor before it metastasizes. It needs to happen soon though, as the prognosis for the rule of law is otherwise grim.",-1.0,1.0
438,"Mahmoud Khalil, the Palestinian activist who has been in federal detention since his arrest in New York City on March 10, said he was targeted for his activism — and as part of the Trump administration’s “broader strategy to suppress dissent.”",0.043181818181818175,0.22727272727272727
439,"In a letter dictated to progressive magazine In These Times from a Louisiana detention center where he is being held, Khalil said his arrest “was a direct consequence of exercising my right to free speech as I advocated for a free Palestine and an end to the genocide in Gaza, which resumed in full force Monday night.”",0.19795918367346937,0.45510204081632655
440,"The end of the ceasefire between Israel and Hamas, he said, has brought about all-too-familiar scenes of suffering in Gaza.",0.0,0.0
441,"“It is our moral imperative to persist in the struggle for their complete freedom,” Khalil said, adding that he saw parallels between his circumstance and that of Palestinians held in administrative detention by Israel.",0.05,0.325
442,"A legal U.S. permanent resident and Columbia University graduate student, Khalil was arrested by federal immigration officers at his apartment building in New York. Video of his arrest, which was filmed by his wife — who is eight months pregnant — and released by the American Civil Liberties Union, shows plainclothes officers with badges handcuffing Khalil and placing him in a car before driving away without answering questions from his wife about their names or which agency they represented.",0.12393939393939393,0.2309090909090909
443,Khalil’s arrest has alarmed civil rights advocates and sparked protests across the country. The Trump administration has claimed without evidence that Khalil and other Columbia protesters have supported Hamas and warned that more such arrests are imminent.,0.08125,0.34375
444,"“This is not about free speech,” Secretary of State Marco Rubio said last Wednesday in comments to the press.",0.2,0.43333333333333335
445,Khalil has not been charged with any crime or convicted of any terror-related activity. A federal court temporarily paused his deportation last week as his legal team has sought to remove him from detention in Louisiana. A judge Wednesday morning ordered Khalil’s case be transferred to New Jersey.,0.11212121212121212,0.2404040404040404
446,"In his letter, Khalil said his detention was indicative of “the anti-Palestinian racism that both the Biden and Trump administrations have demonstrated over the past 16 months.” It has also driven the violent repression of Palestinians, Arabs and other communities in the U.S. for decades, he said.",-0.39166666666666666,0.5416666666666666
447,He called out Columbia University’s leadership and its recent moves to appease the Trump administration under threat of losing millions in federal funding:,0.0,0.25
448,"Khalil suggested that the administration is seeking to make an example out of him to suppress dissent, warning that others will be targeted for their political beliefs, regardless of their immigration status or citizenship.",0.0,0.1
449,"“In the weeks ahead, students, advocates, and elected officials must unite to defend the right to protest for Palestine. At stake are not just our voices, but the fundamental civil liberties of all,” Khalil said.",0.2857142857142857,0.5357142857142857
450,"“Knowing fully that this moment transcends my individual circumstances,” he added, “I hope nonetheless to be free to witness the birth of my first-born child.”",0.2,0.6000000000000001
451,"Steve Benen is a producer for ""The Rachel Maddow Show,"" the editor of MaddowBlog and an MSNBC political contributor. He's also the bestselling author of ""Ministry of Truth: Democracy, Reality, and the Republicans' War on the Recent Past.""",-0.08333333333333333,0.19999999999999998
452,"Steve Benen is a producer for ""The Rachel Maddow Show,"" the editor of MaddowBlog and an MSNBC political contributor. He's also the bestselling author of ""Ministry of Truth: Democracy, Reality, and the Republicans' War on the Recent Past.""",-0.08333333333333333,0.19999999999999998
453,"This weekend, the FDA announced that two types of Savage Pet raw cat food are being recalled for potential contamination with Highly Pathogenic Avian Influenza (HPAI) H5N1, commonly known as bird flu.",-0.09269230769230768,0.6253846153846154
454,"The brand initiated the recall itself after multiple cats were reported to have gotten the flu after consuming the products. For more information about the recall, including alternative cat foods that you can try instead.",0.25,0.25
455,SKIP AHEAD  Why was the cat food recalled? | The best cat food to try instead | Why trust NBC Select?,1.0,0.3
456,"On March 15, the FDA announced a recall of Savage Pet raw cat food for possible bird flu contamination. According to the recall, Savage Pet, based in El Cajon, California, is recalling 66 Large 84 oz. Chicken Boxes and 74 Small 21 oz. Chicken Boxes, with the lot code/best before date of 11152026. The FDA says the products were distributed to California, Colorado, New York, Pennsylvania, and Washington retailers. If you purchased these products, you can return it to the retailer to be properly destroyed for a full refund (you can also contact Savage Pet for more information).",-0.04801198801198804,0.5794655344655344
457,"The recall follows reports of two cats in Colorado and New York who ate the recalled products and contracted H5N1, also known as bird flu. The FDA’s testing process is still ongoing. However, the recall was initiated to maintain maximum safety.",0.13636363636363635,0.45454545454545453
458,"If your cat has been fed the recalled Savage Pet products, the FDA suggests watching for the following symptoms:",0.0,0.1
459,"If your cat shows any of these symptoms, the FDA recommends immediately contacting their veterinarian.",0.0,0.0
460,"Want more from NBC Select? Sign up for our newsletter, The Selection, and shop smarter.",0.5,0.5
461,"If you’re looking for a replacement for your cat’s favorite Savage Pet food or are just in the market to try a new cat food, we have a few options that our staff (and their pets) love. All products included have either been recommended by an expert, are an NBC Select staff-favorite, or are highly rated with a 4.0 or higher rating from hundreds of reviews.",0.22439393939393937,0.5324242424242425
462,"This dry cat food is an NBC Select Pet Award winner for its high protein formula and fiber blend, which helps cats maintain a healthy weight, according to the brand. NBC Select reporter Zoe Malin regularly feeds it to her cats and likes that it’s made without any artificial flavors or preservatives.",-0.0013333333333333196,0.5433846153846154
463,"First ingredient: turkey | Texture: triangle pellets | Sizes: 7, 16, 22 or 32 lbs. | Other flavors: salmon",0.0625,0.35416666666666663
464,"Another Pet Award winner, this wet cat food from Hill’s Science Diet is made with lean protein and whole ingredients like carrots, rice and spinach, according to the brand. The lean protein can help your cat to maintain or lose weight, and it’s made without artificial colors or flavors.",-0.16666666666666666,0.6
465,"First ingredient: chicken broth | Texture: stew | Sizes: 2.9-oz. can | Other flavors: minced liver & chicken, salmon & vegetable stew, turkey & vegetable stew",-0.26875,0.6520833333333333
466,"This dry cat food was formulated specifically for cats with sensitive stomachs. It’s made without any artificial flavors or preservatives, corn, wheat, soy or poultry by-product meals, according to the brand. It also includes prebiotics to help support digestion.",-0.18888888888888888,0.8333333333333334
467,"First ingredient: deboned chicken | Texture: round pellets | Sizes: 3, 5, 7 10 or 15 lbs. | Other flavors: none",-0.03500000000000001,0.6116666666666666
468,"Malin’s cats love the tender texture of this cat food from Fancy Feast, which is made with a protein-rich formula and without any colors or preservatives, according to the brand. Malin also likes that this cat food comes in a variety pack, which makes it easier to switch things up for cats that are picky eaters.",0.5,0.6
469,"First ingredient: fish broth | Texture: flakes in gravy | Sizes: 3-oz. can | Other flavors: poultry and beef collection, can purchase three flavors individually or as variety pack",0.041666666666666664,0.36944444444444446
470,"I’m an associate SEO Reporter at NBC Select who regularly covers sales and deals, breaking product news, and topics like wellness, lifestyle and more.",0.25,0.28846153846153844
471,"Catch up on NBC Select’s in-depth coverage of tech and tools, wellness and more, and follow us on Facebook, Instagram, Twitter and TikTok to stay up to date.",0.5,0.5
472,"With the threat of a government shutdown averted after the Senate passed a government funding bill Friday, Washington and the nation can breathe a sigh of relief. But in the aftermath, Senate Minority Leader Chuck Schumer is the object of angry Democrats in Congress and across the country who wanted a fight with President Donald Trump and congressional Republicans. As a former senior member of the House Appropriations Committee, I am a veteran of numerous government-funding fights. I know what causes shutdowns and the difficulty of reopening the government after a shutdown. Schumer faced an incredibly difficult predicament and he was right to support keeping the government open.",-0.10204081632653061,0.5051020408163265
473,"Let’s start with the basics. Since the start of the fiscal year in October, the federal government has been operating on a continuing resolution, which means the government was being funded (with limited exceptions) at levels set the previous fiscal year. The bill enacted on Friday extends funding through September, the end of the fiscal year. It funds the government largely at current levels, although defense spending is slightly increased while domestic spending is a slightly decreased.",-0.13412698412698412,0.2793650793650793
474,"There is a word to describe governing by CR: failure. CRs represent Congress’ failure to do its most fundamental task: responsibly fund the government. The executive branch, especially the Pentagon, have real difficulty operating under CR’s. Some funding accounts will be depleted and in need of replenishment; others will be too flush and in need of reduction. It is very difficult for the executive branch to move monies between accounts without congressional sign-off — not that this fact will discourage the Trump administration from trying.",-0.054761904761904776,0.5642857142857143
475,"But while a yearlong CR is a terrible way to run the federal government, it is better than a government shutdown. Schumer is being pummeled for his decision by his angry Democratic base for not fighting the CR, but he understood things could get much worse for federal employees and congressional Democrats during a shutdown. Trump would be empowered to determine which federal employees were essential or nonessential. Trump surely would have designated as many federal employees as possible nonessential and furlough them. The so-called Department of Government Efficiency would run wild, putting even more employees at risk of permanent dismissal. Recalling all those furloughed nonessential employees would have been enormously challenging.",-0.00833333333333334,0.724074074074074
476,"As for Democrats’ political struggles against the Trump administration, a shutdown would have redirected the focus away from the economy, Trump’s destructive tariffs, appeasement of Russia and betrayal of Ukraine, and Elon Musk’s chainsaw and wood chipper approach to reducing the federal workforce. Furthermore, the party making the policy demand is blamed for a shutdown. Republicans were blamed in 2013 and 2018-19 shutdowns for wanting to defund Obamacare and immigration demands, respectively. That’s because demanding policy concessions to keep the government open is not a winning argument. It’s the equivalent of a small child holding his breath and waiting for everyone else to turn blue. It doesn’t work.",-0.15714285714285717,0.36428571428571427
477,"Furthermore, Schumer was likely honoring the wishes of members who wanted him to save them from themselves. Punchbowl reported Monday that “based on our conversations with Democratic senators, many more Senate Democrats than just the nine who voted with Schumer agreed with his ultimate decision.” This is a familiar strategy in Washington, known as “vote no, hope yes.” Leadership can be a lonely job when tough decisions like this one are required. After all, a leader with no followers is just a guy taking a walk.",0.12658730158730158,0.719047619047619
478,"To be clear, Schumer’s handling of this situation was not perfect. First, if he intended to fold, he should have done so sooner and not raised expectations of fighting the House-passed GOP funding bill. Second, congressional Democrats failed to articulate clearly what they even wanted in the bill, which muddled their message. Third, Schumer and House Democratic Leader Hakeem Jeffries were not coordinated in their negotiating strategy with congressional Republicans.",-0.07857142857142856,0.34285714285714286
479,"But had Schumer chosen to fight, Democrats would likely have shouldered at least part of, if not most, of the blame for what could have been a protracted, painful shutdown. The bottom line is Senate Democrats were in a terrible, no-win position. The choice was to fight and shut down the government, or fold and find better ground for another day. Schumer, smartly but painfully, chose the latter. He made the right choice and took one for the team.",-0.19141414141414143,0.6061327561327562
480,"After actress Blake Lively sued director Justin Baldoni in December, saying he had retaliated against her for reporting sexual harassment on a film set, an unusual group of online talkers dove into this Hollywood dispute.",0.2787878787878788,0.7777777777777778
481,"Right-wing personality Candace Owens — who split from The Daily Wire last year amid conflicts over her antisemitic rhetoric — was not previously known for covering celebrity litigation. But she has become one of Baldoni’s loudest defenders online, helping propel the feud and gaining new audiences for herself along the way.",0.05492424242424242,0.17196969696969697
482,"In an interview, Baldoni’s lawyer Bryan Freedman recognized the role of podcasters and social media influencers like Owens: “You’ve seen social media, and these TikTokers and people on YouTube, they’re amazing,” he said. Since January, Owens has dedicated at least 19 episodes of her online show to Lively and Baldoni. Her YouTube videos and TikToks on the topic have garnered over 130 million views.",0.10060606060606063,0.3866666666666667
483,"Other right-wing hosts like Brett Cooper and former Fox News and NBC personality Megyn Kelly have also tried to reel in new audiences, mentioning Lively or Baldoni at least 440 times on their online shows since the beginning of the year. After Kelly interviewed   Baldoni’s lawyer (who she says is also her lawyer), Kelly told her audience: “The thing that stood out to me was, I don’t understand this, because she’s the one in the power position here. It’s Blake Lively and some guy who pretty much nobody knows.” She added: “I’m neck-deep in this weird industry that I really want nothing to do with, but it’s the case everyone’s been talking about.”",0.013409090909090909,0.4629545454545455
484,"This strategy appears to be successful in multiple ways. These influencers are keeping this story in the spotlight — Owens predicts it’s “going to be bigger than” the Johnny Depp and Amber Heard’s legal battle — and they’re gaining engagement and new audiences as they do it. Pro-Baldoni content is spreading wildly online, with some saying that all they know about the story is from Owens, that they’re closely following and are invested in her content about the legal tussle, or that this content led them to her other content.",0.14015151515151517,0.3532828282828283
485,"Owens has also tried capturing true crime fans with a series in which she “transvestigates” the first lady of France and another about Hollywood producer and convicted sex offender Harvey Weinstein that she says will include an interview with him. In just two months, she has added 1.75 million followers to her social media accounts. Kelly’s TikTok video of her interview with Baldoni’s lawyer is one of her most-viewed, with 9.1 million views.",0.2111111111111111,0.35000000000000003
486,"For decades, the right has built a massive media ecosystem to prop up right-wing narratives and politicians. In recent years, they’ve successfully expanded beyond print and television media into talk radio, social media and now podcasts, streams and other online shows. Some, like Owens and Kelly, are now drawing even bigger audiences by stretching outside their comfort zones. Meanwhile, right-wing narratives have been seeping into supposedly nonpolitical shows, like those of Joe Rogan at Theo Von.",0.11800595238095238,0.46592261904761906
487,"Those shifts have impacts. For instance, you may have heard about how Trump’s appearances on popular podcasts brought young men into his winning coalition. But just how bad is the disparity between audiences of these right-leaning versus left-leaning shows? A new Media Matters study assessing popular online shows found that the right’s online audiences are five times larger than those of progressives. And many of those shows don’t present themselves as political at all.",0.18382526564344745,0.5188114915387643
488,"In fact, 72% of the shows we examined that describe themselves as focused on topics like sports, pop culture or comedy were actually right-leaning in terms of their content or guests. Some of the top online shows — like those of Rogan, Von, Andrew Schulz and the Nelk Boys — fall in this category. That means that their tens of millions of followers are hearing not just from celebrity guests like Timothée Chalamet but also from Trump, his allies and right-wing media personalities.",0.25,0.3
489,"Many of these shows’ hosts are also spreading right-wing narratives themselves, such as praising and bolstering Trump’s actions and policies.",0.25,0.5
490,"Take Joe Rogan, whose show is listed as “comedy” on both Apple Podcasts and Spotify. But during the first 30 days of Trump’s second presidency, Rogan repeatedly praised Trump and promoted his policies while chatting with comedians — claiming “the new government is emphasizing privacy and freedom of speech,” praising Trump for getting a deal done in Gaza “in a day” while “the Biden administration had two years, couldn’t get anything done,” and repeating debunked claims that Trump is rooting out widespread fraud and corruption in government agencies like USAID.",0.12878787878787878,0.2626262626262626
491,"Or PBD Podcast, a self-described “business” show. Each episode in Trump’s first 30 days mentioned him dozens of times, and guests included right-wing media personality Glenn Beck and Rep. Byron Donalds, R-Fla. The hosts said that “we’re gonna have four years of this just kicking ass,” “the market — it’s cool to be pro-Trump,” and “Trump is always five, six, you know, 10 steps ahead of the other person that he’s negotiating with.”",0.15833333333333333,0.4527777777777778
492,"As the right seeps into these traditionally nonpolitical spaces, they’ve also been pushing mainstream media and social media to the right. Just look at CNN laying off staff while reportedly giving pro-MAGA pundit Scott Jennings a hefty raise. Or Meta rolling back its content moderation policies to appease Republicans.",0.12095238095238095,0.37761904761904763
493,"The right’s expansive online ecosystem plays into a fundamental aspect of the current online environment: Outrage and fearmongering garner more attention and engagement than facts. And right-wing media figures have leaned into pop culture to garner more audiences for their content, while comedians, sports commentators and entertainers are pushing right-wing content. The result is that right-wing narratives are seemingly everywhere. And this environment allows Trump and his allies to easily spread propaganda to wide swaths of Americans.",0.21700680272108838,0.4670068027210884
494,"Linda Rama, 60, might be known on the world stage as the wife of Albanian Prime Minister Edi Rama, but her decades of advocacy work in human rights and economic social justice following the fall of communism in her country has been pivotal, particularly for women and girls.",0.15,0.26666666666666666
495,"“Three decades ago, I couldn’t have imagined meeting one of you,” she the global audience at the Forbes and Know Your Value 30/50 Summit on Friday. “In three decades, I am with 300 of you and this is a miracle for the generation of my age living in communism.”",0.0,0.0
496,"Now in its fourth year, the 30/50 Summit brings together generations of the most influential female leaders, influencers and innovators for unprecedented networking, mentorship, and leadership opportunities — all with the goal of fostering global change and gender equity.",0.22000000000000003,0.31333333333333335
497,"The researcher, economist, co-founder and activist joined 30/50 Summit chair Mika Brzezinski on stage to talk about her country’s dynamic transition and the part she’s played in that process.",0.0,0.16666666666666666
498,"“[Albania] was called the North Korea of Europe,” she recalled of her childhood in communism, widely regarded as one of the harshest dictatorships among former communist bloc countries.",-0.05,0.2
499,"While she felt love and care at home, she also saw her family struggle under the regime, which controlled its citizens through fear tactics. “Fear was like a glue that kept the society together,” she said. “When we were very young, we were constantly told by our parents not to whisper anything … not to trust anyone and to keep our head down.”",0.11861111111111111,0.4355555555555556
500,"By the late 1980s, Albania reached a state of extreme poverty due to heavy repression, strict isolation from the outside world, and a highly centralized economy — one that ultimately failed.",-0.1557142857142857,0.4807142857142857
501,"But after the regime’s collapse in 1992 and its transition to a Democratic system, Rama realized the underlying crisis for her people was not climbing out of poverty. “I think that it was the trauma, because if circumstances are changed, you can deal with poverty and you can take opportunities to recover,” she said. “But even though you might have a good economy it’s very difficult to escape from the trauma.”",0.024999999999999967,0.8
502,"The experience inspired her to pursue earn a master’s degree in economics in Prague, later notching a PhD in Economic Sciences. “We knew nothing about what was coming, nobody knew,” she recalled. “And I understood over the years that the biggest lessons and the biggest learning was by our mistakes … and with extreme cost for the whole population.”",0.06875,0.4
503,"In 1998, after spending years of contributing to government reforms on property transformation and leading the National Agency for Privatization, she co-founded the Human Development Promotion Center, a think tank that provides critical research insights on the socio-economic development of Albania. Through the transformative decades since the end of communism, Rama herself has authored more than 50 publications focusing on economic, social, and civil developments that have lifted the country from deep darkness into the daylight.",0.09047619047619049,0.3095238095238095
504,"“We ended up at the end of communism as survivors. Being a survivor, you are a fantastic fighter, a warrior,” Rama told Brzezinski. “Before the Second World War started, the country was 90 percent illiterate and now the country [is] ahead compared to all countries in the region.”",0.2,0.45
505,"Additionally, while Albania has been a member nation of NATO since 2009, the country formally began the process of applying for EU membership in 2014.",0.0,0.0
506,"“So Albanians have managed over these three-and-a-half decades to overcome a large part of all the trauma,” she said.",0.21428571428571427,0.42857142857142855
507,"To that end, Rama acknowledged the support the country received from Democratic nations, including the U.S., during the difficult transition period.",-0.5,1.0
508,"“The most important thing [was] their presence,” she recalled. “The message was given to everyone that we were not alone and you can’t imagine what it means for someone in need, for a country in need … transforming from extreme communism to a democratic country is a long path and you cannot do it alone.”",0.18125,0.725
509,"A strong believer in the principles of an open society and a dedicated advocate for human rights, particularly for women and children, she co-founded the Albanian Children Alliance, an Albanian-based civil society movement for the protection of children’s rights.",0.15,0.4166666666666667
510,"Rama does not shy away from prioritizing these issues as the wife of prime minister Edi Rama, who also served three terms as Mayor of Tirana.",0.25,0.5
511,"“I take the opportunity to share [the issues], but what I have learned over the years is to be patient, to give myself time to understand better,” she said. “Edi, with time, has increased his patience a lot, his capability to hear, and I think this is an amazing combination because we can be very helpful to each other.”",0.29375,0.51875
512,"Despite the ongoing conflicts in places including Ukraine and the Middle East, Rama maintains hope for their future as a survivor of political trauma. “With all the challenges that are in front of us, I think that we are lucky because we know a lot — by being altogether, by sharing the values, by resisting and by making our kids capable to take on whatever challenges would be ahead of us.”",0.10666666666666666,0.2916666666666667
513,"NBC News (including The TODAY Show, MSNBC, NBC Nightly News and CNBC) is pleased to offer closed captioning across a wide variety of its programming that it makes available on television and online. To report an issue or concern regarding closed captioning on MSNBC programs viewed on television or online, please contact us at ccfeedback@nbcuni.com or 1-866-787-6228.",0.12000000000000002,0.4
514,* * * * * *,0.0,0.0
515,Please detail your issue or concern by providing the following information:,0.0,0.1
516,"If you wish to submit a written complaint, please send it to:",-0.3,0.2
517,Angela Ball,0.0,0.0
518,"Senior Vice President, Regulatory Affairs",0.0,0.0
519,NBCUniversal,0.0,0.0
520,"300 New Jersey Ave., NW Suite 700",0.13636363636363635,0.45454545454545453
521,"Washington, DC 20001-2030",0.0,0.0
522,ccfeedback@nbcuni.com,0.0,0.0
523,"UPDATE (March 18, 2025 8:51 p.m. E.T.): The state of Louisiana executed Jessie Hoffman Tuesday evening with nitrogen gas. The Associated Press reports that, according to Louisiana authorities, he was officially pronounced dead at 7:50 p.m. E.T.",-0.2,0.4
524,"The day before Thanksgiving 1996, 18-year-old Jessie Hoffman, a valet at the New Orleans parking garage where Mary “Molly” Elliott parked for work, kidnapped the recently married 28-year-old ad executive, made her withdraw money from an ATM, raped her, shot her and left her to die at a boat launch in neighboring St. Tammany Parish.",0.12878787878787878,0.23484848484848486
525,"Tuesday, in retaliation for the indisputable terror and violence Hoffman inflicted upon Elliott more than 28 years ago, Louisiana plans to suffocate him to death. If the execution by nitrogen gas proceeds according to the state’s schedule, Hoffman, now 46, will be the first Louisiana Death Row inmate executed in 15 years.",0.375,0.41666666666666663
526,"And Gov. Jeff Landry and Louisiana Attorney General Liz Murrill, both Republicans, will get the taste of blood they seem to crave. Landry was critical of his predecessor’s opposition to the death penalty, and Murrill seemed annoyed that an 81-year-old Death Row inmate died last month before the state could kill him.",-0.0875,0.5416666666666667
527,"Over 13 consecutive days in June 1998, I covered Hoffman’s trial for The Times-Picayune. Take it from someone who was there: There was never any doubt that Hoffman did everything the state says he did.",0.0,0.0
528,"In one of the increasingly preposterous stories he told to explain his 2½-hour absence from the parking garage, he told police he had been kidnapped by men who made him have sex with a woman they had in their car. The jury deliberated 36 minutes before finding Hoffman guilty.",-0.25625,0.5
529,"The only open questions were whether Hoffman accidentally shot Elliott — as the defense argued — and whether his crime spree had been rash or premeditated. Hoffman would have been guilty regardless, but to persuade 12 people to put a man to death, you can’t allow them to believe the defendant lost control and committed a series of escalating crimes. You try to convince them, as a prosecutor did, that Hoffman had “ice water in his veins.”",-0.16666666666666666,0.8333333333333334
530,But what’s colder than keeping a man in a cage for almost 30 years and then killing him?,0.0,0.0
531,"I never bought the state’s theory that Hoffman put a lot of thought into his attack on Elliott. But even if he did, the state has put exponentially more aforethought into killing him.",0.5,0.5
532,"Louisiana officials traveled to Alabama, the first state to use nitrogen gas as an execution method, and then built a facility at the Louisiana State Penitentiary to carry out that method of killing. Hoffman’s legal team, which produced an expert who says Hoffman will feel like he’s drowning if he’s forced to breathe pure nitrogen, has argued that the method is painful and cruel. Louisiana doesn’t even allow dogs and cats to be euthanized in such a manner, they point out. But Louisiana counters that “breathing in the mask is ‘very comfortabl[e]’” and that “the mask is very similar, if not identical, to the one used in Alabama’s system.”",-0.12619047619047621,0.4948148148148148
533,"One of Hoffman’s advocates told me during a phone interview that the 46-year-old Hoffman isn’t the same person the 18-year-old was. I’m sure that’s true, but even if it weren’t, and even if dying of nitrogen hypoxia were painless, it’s still wrong for the state to kill him.",0.0875,0.6409722222222222
534,"Andy Elliott, who’d been married to Molly for a little more than a year before Hoffman violated and murdered her, said in a statement to USA Today that he’s “become indifferent to the death penalty vs. life in prison without possibility of parole” and knows Hoffman’s being killed “will not provide closure” but that he wants the legal process to end. “My sincere hope is either to get the execution done or commute his sentence to life in prison without parole, one or the other, as soon as possible,” he told USA Today.",0.12638888888888888,0.38055555555555554
535,"Kate Murphy, a sister-in-law of the murder victim, in a Monday letter requesting a pardon hearing for Hoffman, wrote, “Executing Jessie Hoffman is not justice in my name, it is the opposite.”",-0.037500000000000006,0.025
536,"Obviously there are survivors who are eager for the state to avenge their murdered loved ones, but even in those cases in which a victim’s family is clamoring for it, the state calmly and coolly killing a person is an offense. It’s barbaric.",0.255,0.55
537,"The one image from Hoffman’s trial that I’ll never shake is of his grandmother Rosa Lee Hoffman, who begged jurors not to condemn him to death. Hoffman, as other relatives had testified, was the only person gentle enough to administer his grandmother’s insulin shots, and Rosa Lee Hoffman testified that he was her favorite.",0.11499999999999999,0.735
538,"“He was the best one,” she said. “I raised him. He just ain’t the kind. He got too much good in him to do something like that.” Then she put her forehead on the handle of her walking cane and wept.",0.7666666666666666,0.6
539,"But Hoffman did “do something like that.” And he eventually came to admit it. His attorney Cecelia Kappel told USA TODAY, “He takes full responsibility for this very tragic, awful crime.” She said, “He is so sorry to the family of Molly Elliott and he wishes to have opportunity before he dies to have a face-to-face conversation where he can apologize in person.”",-0.53125,0.8812500000000001
540,"In June 1998, as Hoffman’s defense team was trying to get a panel seated with at least one person who wouldn’t vote for death, one of his attorneys — who acknowledged that his client had committed “a terrible crime” — said, “I’m doing the very best I can to see to it that Jessie Hoffman gets a fair trial.” He also said, “If they want to take the only thing he’s got, then they’ve got to do it right. Will you promise me that if they do it, you’ll make them do it right?”",0.1387755102040816,0.6802040816326531
541,"It’s almost 27 years later. Let’s admit: When it comes to executing a human being, the state can’t do it right.",0.09523809523809523,0.2119047619047619
542,"Paul Waldman is a journalist and author whose writing has appeared in dozens of publications. He writes The Cross Section, a newsletter about politics and culture, and hosts the podcast of the same name. His latest book is ""White Rural Rage: The Threat to American Democracy.""",0.08333333333333333,0.1708333333333333
543,"Paul Waldman is a journalist and author whose writing has appeared in dozens of publications. He writes The Cross Section, a newsletter about politics and culture, and hosts the podcast of the same name. His latest book is ""White Rural Rage: The Threat to American Democracy.""",0.08333333333333333,0.1708333333333333
544,"Just in time for your seasonal scrubbing, Dyson is discounting a handful of its bestselling products on Amazon right now, so you can have everything you need to start your spring cleaning off on the right foot. During the sale, you can shop deals of up to 36% off top-rated cordless vacuums, air purifiers, fans and more.",0.35714285714285715,0.5238095238095238
545,"Below, I rounded up the best deals to shop during the Dyson sale on Amazon. Keep in mind that these items may sell out quickly, so be sure to shop while you still can.",0.75,0.5944444444444444
546,SKIP AHEAD Best Dyson deals on Amazon | More Dyson sales | Why trust NBC Select?,0.75,0.4
547,"Want more from NBC Select? Sign up for our newsletter, The Selection, and shop smarter.",0.5,0.5
548,4.3-star average rating from 956 reviews on Amazon,-0.15,0.39999999999999997
549,"This cordless vacuum can clean both carpets and hard floors, and you can get up to 60 minutes of runtime on a single charge, according to the brand. It has an LCD screen that displays the remaining battery life, maintenance alerts and the total number of particles it picks up. It also comes with two types of cleaner heads for dust and hair. This vacuum converts to a handheld version for cleaning smaller areas like upholstery and cars.",-0.0018707482993197294,0.38656462585034007
550,"4.2-star average rating from 5,375 reviews on Amazon",-0.15,0.39999999999999997
551,"This vacuum is very lightweight and comes with a brush and crevice attachment for cleaning hard-to-reach spots like corners and windowsills, according to the brand. It has up to 40 minutes of power and includes a hair screw tool designed to specifically suck up hair from pet beds, stairs, bathroom floors and more.",0.23055555555555554,0.26666666666666666
552,4.3-star average rating from 304 reviews on Amazon,-0.15,0.39999999999999997
553,"You can use this bladeless fan and air purifier combo year-round — it’s designed to release both hot and cool air, making it adjustable depending on the season, according to the brand. It oscillates up to 350 degrees and has a magnetized remote control that you can store right on the fan itself. This fan also has a night mode, which dims the display and purifies air on the quietest settings, according to Dyson.",0.19642857142857142,0.5589285714285714
554,"4.4-star average rating from 1,684 reviews on Amazon",-0.15,0.39999999999999997
555,"This heater-fan hybrid has personalizable settings, making it great for single or multi-person households. The control settings let you choose between focused airflow (so you can use it as a personal fan) and diffuse mode (for the whole room). You can also set a sleep timer, which automatically shut-off after a preset interval ranging anywhere from 15 minutes to nine hours, according to the brand.",0.23214285714285715,0.41607142857142854
556,4.2-star average rating from 542 reviews on Amazon,-0.15,0.39999999999999997
557,"You can use this as an air purifier, humidifier and fan, according to the brand. It comes with multi-layered filters that help to trap and remove pollutants from your air, along with 99.9% of the bacteria in the humidifier’s water supply, according to Dyson. It can also detect and remove formaldehyde in your home, and instead converts it into water and carbon dioxide.",0.0,0.0
558,"I’m an associate SEO reporter for NBC Select who’s been covering deals and sales for over a year. To find the best Dyson deals on Amazon, I rounded up highly rated, on-sale Dyson products on Amazon.",0.58,0.41999999999999993
559,"Catch up on NBC Select’s in-depth coverage of tech and tools, wellness and more, and follow us on Facebook, Instagram, Twitter and TikTok to stay up to date.",0.5,0.5
560,"This is an adapted excerpt from the March 18 episode of ""The Rachel Maddow Show.""",0.0,0.0
561,Some Republican lawmakers supporting President Donald Trump and Elon Musk’s slash-and-burn rampage against the federal government are facing incredible blowback in their home districts.,0.575,0.575
562,"In deep-red Idaho on Monday, Republican Sen. Mike Crapo gave a speech at a paid ticketed event in Boise. He was met with hundreds of people, including many military veterans, who stood outside protesting the senator, demanding that he try to stop Trump.",0.13333333333333333,0.21666666666666667
563,"In deep-red West Virginia, large crowds were asked to move their demonstration outside of the Morgantown offices of Republican Rep. Riley Moore.",0.10714285714285714,0.23928571428571427
564,"In middle Georgia, the top story in the local news Monday night was the constituents of Republican Rep. Austin Scott, again including many military veterans, demanding that he meet with them and take a stand against what Trump is doing. They convened in the parking lot outside Scott’s district office.",0.15,0.19166666666666668
565,"In Colorado Springs, an image of Republican Rep. Jeff Crank was made into a cardboard cutout and propped up as hundreds of his constituents protested his not standing up to Trump and refusing to meet with them about it.",0.0,0.0
566,"In Greensboro, North Carolina, nearly 1,000 people turned up for a town hall with Republican Sen. Thom Tillis, at which the senator was represented by an empty chair — almost 1,000 people mocking Tillis for refusing to meet with them and for being too chicken to stand up to Trump. The event even began with an appearance from the Raging Grannies, a singing activist group, who performed a song called “Oh, Tillis, Please Just Do Your Job,” to the tune of “Oh, When the Saints Go Marching In.”",-0.19999999999999998,0.6166666666666667
567,"But for all the different ways that Trump and Musk — his top campaign donor and now one of his top advisers — are terrifying and turning off their own voters, there’s one element of what the president is doing that is so radically out of step with the American people that I don’t think it’s sustainable in normal democratic terms.",0.10714285714285714,0.6071428571428571
568,"According to a new NBC News poll, 61% of Americans say they sympathize more with Ukraine, while only 2% say they sympathize with Russia. When those same Americans were asked where they believe Trump’s sympathies lie, 49% said Russia and just 8% said Ukraine. Overall, Trump is underwater 13 points on his handling of the war between Russia and Ukraine.",0.12727272727272726,0.4159090909090909
569,"When asked about their view on Russia generally, the proportion of Americans who view the country positively is 6%. The proportion of those who view Russia negatively, according to the poll, is 68%. Only 3% of Americans have a positive view of Russian President Vladimir Putin, while 84% have a negative view.",-0.013636363636363632,0.48441558441558435
570,"Those are the views of the American people. Keep that in mind when you consider Trump’s phone call with Putin this week. Amid all the other chaos Trump has been wreaking on our government — the administration’s crackdown on Social Security, which an internal memo says could force up to 85,000 retired and disabled Americans to physically go in person to Social Security offices every week; the disaster scene at Food and Drug Administration headquarters, where they told 10,000 people to show up at an office that has 6,000 parking places and no chairs and limited office supplies; and the news that the administration fired hundreds of operators and engineers servicing hydroelectric dams in 17 states — amid all of that chaos, the president chose to spend over two hours Tuesday on the phone with Putin. A man who, again, has a 3% approval rating with the American people.",-0.036640211640211647,0.12156084656084655
571,"After the president got off the phone, NBC News reported the Trump administration is considering undertaking a significant restructuring of the U.S. military’s combatant commands. That plan would include the U.S. giving up the role of NATO’s Supreme Allied Commander Europe, according to two defense officials familiar with the planning and a Pentagon briefing reviewed by NBC News.",0.21666666666666667,0.4916666666666667
572,"This isn’t something Trump campaigned on. In fact, the president is doing a lot of things he never campaigned on. He’s talking about invading Mexico, taking over Canada, going to war with Denmark — which means NATO — in order to take Greenland. He wants to seize Gaza. He wants to invade Panama.",0.2,0.1
573,"He didn’t talk about this at rallies; he didn’t publish tweets about it; he didn’t air ads about it; he didn’t campaign on it. It’s just what he’s apparently planning on doing now that he’s in office — while he talks frequently, and at length, with his friend Putin.",0.07500000000000001,0.32499999999999996
574,"When that NBC News poll came out this week, pollster Jeff Horwitt of Hart Research Associates, who conducted the survey along with GOP pollster Bill McInturff of Public Opinion Strategies, talked about those Putin and Russia numbers, noting how far apart the American people are from their president on this one, honestly bizarre issue.",0.125,0.41666666666666663
575,"“I cannot recall a moment in history when American public opinion and voters’ views of a president, as to which country they are more aligned with, have been more in conflict with each other,” he said.",0.175,0.28833333333333333
576,"The American people are against Putin. The American president is very much for him. This, amid everything else, is a test for us — because that should be unsustainable in a democracy.",0.08666666666666667,0.08666666666666667
577,"After nine months in space, NASA astronauts Suni Williams and Butch Wilmore finally came back down to Earth on Tuesday. Their return from the International Space Station marks a close to a trip that was supposed to last a week. Their odyssey highlighted how needlessly dependent the United States has become on private businesses to ferry brave American scientists and explorers to space and back.",0.014444444444444449,0.3730555555555556
578,The politics of space funding have shifted over the decades as enthusiasm grew for a more cost-effective solution to launches. But we’ve hit a point where the private ownership of America’s spaceflight capabilities has become a severe national security risk that threatens future projects.,0.16666666666666666,0.3333333333333333
579,"Williams and Wilmore ventured to the space station in June aboard the first crew-tested flight of the Boeing Starliner capsule, but two issues made it unsafe to deliver them home. They returned in a SpaceX Dragon capsule, which has been used in most of NASA’s manned spaceflights in recent years. Boeing, a venerable aeronautics institution, and SpaceX, an upstart owned by Elon Musk, are now primarily how NASA delivers astronauts and cargo into low-Earth orbit.",0.2875,0.3958333333333333
580,"NASA wasn’t so dependent on private companies when it conceived Project Mercury, the country’s first human spaceflight program. Given the pressures of the space race against the Soviet Union, there was no question that the new civilian program would own and operate its rockets and capsules. The work of building the Mercury spacecraft, like all military aircraft, was contracted out to corporations to carry out engineers’ designs. But NASA controlled the launches and crews.",0.14772727272727273,0.3938131313131313
581,"That remained true for the Gemini and Apollo programs and the eventual development of the space shuttle, a reusable spacecraft that could glide to a landing rather than be recovered from the ocean. But the program was wildly more expensive than anticipated, and the prediction that businesses deploying satellites would prefer NASA over commercial rockets fell short.",0.06999999999999999,0.43
582,"Challenger exploded seconds after launch in 1986, and Columbia exploded shortly after re-entering Earth’s atmosphere in 2003. Those two catastrophes drove the impression that the shuttle would never be truly safe. The shuttle program’s 30-year-run ended in 2011 when Atlantis landed at Florida’s Kennedy Space Center. There was no clear vision of what would come next, and by 2013, American astronauts were forced to ride Russian rockets into space at the cost of over $70 million per seat.",0.006249999999999999,0.18541666666666665
583,"It makes sense that NASA would prefer a homegrown alternative, and as NBC News reported in 2011, the agency turned “to private industry with fixed prices, contracts and profit margins” as a solution, in an arrangement whereby the “space agency will be the customer, not the boss.”",0.05,0.2875
584,"Since then, companies including SpaceX, Boeing and Jeff Bezos’s Blue Origin have vied for contracts to deploy people to the International Space Station as part of the Commercial Crew Program. In the meantime, there’s been plenty of opportunity to launch satellites and other cargo, as well. It’s proved to be a lucrative market for SpaceX in particular, which over the last decade has snapped up NASA contracts worth $13 billion.",0.04880952380952381,0.1392857142857143
585,"NASA announced in August that a Crew Dragon spacecraft owned by Musk would be launched in February to retrieve Williams and Wilmore as part of a planned return mission for two other astronauts. But last month, Musk, who has thrown in his lot in with President Donald Trump, falsely claimed that he’d been blocked from sending a mission to retrieve Williams and Wilmore sooner for “political reasons.” Musk had lied that Trump had cleared the SpaceX recovery mission when it was President Joe Biden who did.",-0.13125000000000003,0.28541666666666665
586,"Musk, who is already profiting handsomely off NASA’s inability to launch its own flights, is positioned to steer even more business toward himself and away from his competitors. We should all be grateful that Williams and Wilmore are back home, but I’m frustrated that bringing them back further lined Musk’s pockets.",0.1285714285714286,0.4571428571428572
587,"NASA should require that Musk divest from SpaceX and any profits it makes from government contracts for as long as he is serving in the government. This would most likely put a damper on further crewed missions until his competitors have a chance to safely catch up, but it would be better in the long run for the stability of America’s space program. But the thought of Trump’s putting constraints on SpaceX so long as he and Musk are friendly is as far-fetched as Musk’s dreams of colonizing Mars.",0.19166666666666665,0.5222222222222223
588,"This is an adapted excerpt from the March 10 episode of ""The Rachel Maddow Show.""",0.0,0.0
589,"It started with an advertisement in The New York Times. On March 29, 1960, the paper ran a full-page ad soliciting donations for Martin Luther King Jr. and for the college students in the South who were fighting segregation.",0.13636363636363635,0.45454545454545453
590,"The fundraising appeal, entitled “Heed Their Rising Voice,” listed numerous ways in which the students were allegedly being harassed and terrorized. It also accused Southern officials of committing acts of violence and intimidation and violating the U.S. Constitution.",-0.03333333333333333,0.19999999999999998
591,"Soon, L.B. Sullivan, a city commissioner in Montgomery, Alabama, one of the cities mentioned in the ad, filed a lawsuit against The New York Times, accusing the paper of libel. Although he was not named in the ad, Sullivan claimed the Times had defamed him — a Southern official — because, he said, some details in the ad were exaggerated or incorrect. At the time, a headline in the local Montgomery paper summed it up this way: “State Finds Formidable Legal Club To Swing at Out-of-State Press.”",-0.03272727272727273,0.33090909090909093
592,"In his new book, “Murder the Truth: Fear, the First Amendment and a Secret Campaign to Protect the Powerful,” New York Times reporter David Enrich describes what happened next:",0.07045454545454545,0.4904040404040404
593,"​“For racist Southerners, this was the equivalent of a green light,” Enrich writes. “The courts could be used to scare the press into silent submission … The Times, fearing a tidal wave of litigation, barred its reporters from setting foot in Alabama, and its lawyers urged staff members not to write articles about the state’s racism.”",0.06666666666666667,0.3666666666666667
594,"But that was not the end. The Times eventually got its case with Sullivan before the United States Supreme Court. And in 1964, the Supreme Court surprised everybody with a landmark, unanimous decision that would change journalism in this country forever.",0.1,0.9
595,"In the simplest terms, the court ruled that there cannot be free speech and a free press if news outlets can be sued into oblivion over mistakes or good-faith errors. The court established a new standard: A public figure suing a media outlet for libel would have to prove that the outlet knowingly lied, or acted with reckless disregard for the truth.",0.18727272727272729,0.4242424242424243
596,"As Enrich describes, the Sullivan decision “helped usher in a new age of American journalism devoted to exposing malfeasance, questioning authority and promoting the public interest.” He writes that shortly after the court’s ruling:",0.03409090909090909,0.20530303030303032
597,​Nixon did not succeed at putting the media back in a pen. But he would not be the last to try.,0.0,0.03333333333333333
598,"More than six decades after the Supreme Court’s landmark decision in New York Times Co. v. Sullivan, Enrich makes a compelling and alarming case that the legal protections that undergird the free press in this country are on much shakier ground than we may realize.",0.2337662337662338,0.4792207792207793
599,The attack on this foundational protection for the free press in this country has been a long time coming. But it looks like it may have finally arrived.,0.11666666666666668,0.7333333333333334
600,"Over the past several days, Senate Minority Leader Chuck Schumer has sought to quell fury within his party over his leadership, stemming largely — but not completely — from his recent support for a Republican-devised spending bill that will impose deep spending cuts to critical federal programs.",-0.012244897959183676,0.36122448979591837
601,Schumer’s appearance Tuesday on “All In with Chris Hayes” proved his critics are right to voice concerns about whether he's up to the challenge of facing off against President Donald Trump's illiberal administration and its allies in Congress.,0.2857142857142857,0.5357142857142857
602,"After Hayes showed a supercut of Democrats criticizing Schumer's vote in favor of the bill, the senator insisted that a government shutdown — which would have happened had the spending bill not passed by last Friday's deadline — would give the executive branch maximum power to control and cut federal programs.",0.0,0.06666666666666667
603,"“If you don’t have a shutdown, you can go to court,” Schumer said at one point, nodding to one of the few tools Democrats have used to take on the Trump administration’s aggressive cuts. Schumer told Hayes a shutdown would mean giving Republicans “the keys to the city.” Hayes, however, argued a shutdown could have been used as leverage and an opportunity to make Americans understand the seriousness of the Trump administration’s lawlessness.",-0.25625,0.39375
604,"It was fair for Schumer to argue, as he did, that he made a tough decision. The problem is that his job isn’t merely to make tough decisions, even if those decisions are the correct ones (and I’m not certain this one was). As the leader of Senate Democrats, his job is arguably to devise and unify his party — and fundamentally, voters who empowered them — around a substantive plan to push back against Trump, amid widespread concerns about Trump’s imposition of what Hayes has rightly called an “American dictatorship.”",-0.049900793650793654,0.5217261904761905
605,"And Schumer fell short on that front. In the most revealing exchange of the night, he told Hayes he didn’t think the United States is currently in a constitutional crisis, but that we’re “getting there” and that Trump defying a Supreme Court ruling would truly amount to such a crisis.",0.125,0.42500000000000004
606,"Polling has shown Democratic Party voters overwhelmingly want leaders in their party to fight harder against Trump’s administration, but Schumer’s claim suggested he doesn’t share their urgency.",0.2,0.5
607,"It’s a point Ezra Levin, co-founder and co-executive director of the progressive activist group Indivisible, made during an interview on ""All In"" immediately following Schumer's appearance.",0.0,0.1
608,"""Now that I understand Schumer doesn’t believe we’re yet in a constitutional crisis, his tactical shortcomings make sense,"" Levin told Hayes. ""But his position here is also deeply out of line with rank and file Dems. We need new leadership.""",-0.22121212121212122,0.5848484848484848
609,"On social media, various liberal activists and commentators let out what was essentially a collective groan over the Schumer interview. The Senate Democratic leader’s support from his party’s base was already unstable. Tuesday’s interview was revelatory — and did little to alleviate concerns from some of his party members.",-0.19083333333333335,0.47333333333333333
610,"Zeeshan Aleem is a writer and editor for MSNBC Daily. Previously, he worked at Vox, HuffPost and Politico, and he has also been published in, among other places, The New York Times, The Atlantic, The Nation, and The Intercept. You can sign up for his free politics newsletter here.",0.04893939393939395,0.35924242424242425
611,"Zeeshan Aleem is a writer and editor for MSNBC Daily. Previously, he worked at Vox, HuffPost and Politico, and he has also been published in, among other places, The New York Times, The Atlantic, The Nation, and The Intercept. You can sign up for his free politics newsletter here.",0.04893939393939395,0.35924242424242425
612,"Jen Psaki is the host of ""Inside with Jen Psaki"" airing Sundays at 12 p.m. ET and Mondays at 8 p.m. EST. She is the former White House press secretary for President Joe Biden.",0.0,0.0
613,"Jen Psaki is the host of ""Inside with Jen Psaki"" airing Sundays at 12 p.m. ET and Mondays at 8 p.m. EST. She is the former White House press secretary for President Joe Biden.",0.0,0.0
614,"President Donald Trump is warning America that his economic plan could cause pain, unsettling the American public and financial markets. He’s not hiding it — he’s openly selling the idea that tariffs, government layoffs and cuts to social programs will send the economy into a downturn. His argument? That a recession now will lead to some vague ""golden age"" later. But that’s not how economies work.",-0.04666666666666666,0.2533333333333333
615,"Recessions aren’t detox cleanses; they don’t flush out inefficiencies and leave you leaner and stronger. They are periods of mass job losses, closed businesses and financial ruin that leave lasting scars on families, workers and entire communities.",-0.025,0.18125
616,"We know this because we’ve lived it — and not even that long ago. The 2008 financial crisis and Great Recession didn’t make the U.S. economy more efficient — it wiped out a generation of wealth, particularly for Black and Latino families, and left millions behind. The recession caused by the outbreak of the Covid-19 pandemic deepened inequality and exacerbated housing insecurity, despite the fastest policy response in modern history.",0.11666666666666667,0.37962962962962954
617,Recessions don’t set the stage for prosperity; they cause long-term damage that even a decade of growth can’t fully undo.,0.0,0.0
618,"To be sure, some economists have argued recently that fears of a recession are possibly overblown. But an economic plan focused on causing deliberate harm to the American economy relies on old, discredited thinking: that recessions purge the system of waste, discipline workers into accepting lower wages and force companies to innovate.",0.0857142857142857,0.36269841269841274
619,"In reality, recessions kill small businesses while the biggest corporations consolidate power. They drive up unemployment, forcing workers to take worse jobs for lower pay, and they weaken the very public institutions — like schools, health care and infrastructure — that enable long-term economic growth.",-0.1125,0.32166666666666666
620,"Even worse, the current slate of proposed policies would actively make the economy more fragile.",-0.006666666666666665,0.52
621,"Imposing broad tariffs would raise prices for consumers and manufacturers alike, increasing inflation while slowing down economic activity. Mass layoffs of government workers wouldn’t lead to leaner government — it would gut essential public services, hurting businesses that rely on those workers’ paychecks. And cutting Medicaid and Social Security wouldn’t create a more “dynamic” workforce; it would push millions into poverty, reduce consumer spending and force older Americans to stay in the workforce longer, crowding out younger workers from job opportunities.",0.01881313131313131,0.2849747474747475
622,We don’t have to theorize about what works. The past four years of economic policy have demonstrated how to grow an economy the right way: by investing in people.,0.07857142857142857,0.32857142857142857
623,"Since 2021, the U.S. economy has outperformed most other advanced economies, achieving strong gross domestic product growth beyond expectations. Here’s why.",0.20138888888888887,0.38472222222222224
624,"The American Rescue Plan injected direct financial relief into households, expanded the child tax credit and extended unemployment benefits, boosting consumer spending, preventing mass layoffs and cutting child poverty to record lows. The Bipartisan Infrastructure Law accelerated investment in long-overdue infrastructure projects, creating jobs across industries like construction, transportation and water management while saving the average American household $700 per year. Meanwhile, the Inflation Reduction Act and the CHIPS Act have revitalized domestic manufacturing, reducing reliance on foreign supply chains — all while keeping unemployment at historic lows.",-0.08611111111111111,0.2138888888888889
625,"Rather than forcing hardship in the name of a distant, uncertain recovery, these policies focused on expanding economic opportunity in real time.",0.10000000000000002,0.2833333333333334
626,"This approach works because economic growth isn’t just about GDP figures — it’s about people’s ability to build secure, thriving lives. When workers have good wages and stable jobs, they spend money in their communities, supporting local businesses and driving demand. When public investments create new industries, they lay the foundation for long-term prosperity. And when economic policies prioritize affordability — lowering the cost of prescription drugs, housing and child care — they ensure that growth is shared, not just hoarded by the wealthiest few.",0.1873737373737374,0.27457912457912464
627,"The Trump administration’s vision is clear: force a recession, break the public sector and weaken social protections, all hoping that something better will emerge on the other side. But history has shown us what actually happens — higher inequality, lower wages and an economy rigged even further in favor of the ultrawealthy. Economic downturns don’t just disappear once the pain subsides; they leave behind long-term damage.",0.055833333333333325,0.33916666666666667
628,"Hayes Brown is a writer and editor for MSNBC Daily, where he helps frame the news of the day for readers. He was previously at BuzzFeed News and holds a degree in international relations from Michigan State University.",-0.05555555555555555,0.05555555555555555
629,"Hayes Brown is a writer and editor for MSNBC Daily, where he helps frame the news of the day for readers. He was previously at BuzzFeed News and holds a degree in international relations from Michigan State University.",-0.05555555555555555,0.05555555555555555
630,"If you are receiving unwanted headlines from MSNBC.com, your e-mail client may be subscribed to one of our RSS feeds. Please follow instructions in your email to unsubscribe.",0.0,0.0
631,"To report an error or comment on MSNBC.com, please email MSNBCTVinfo@nbcuni.com.",0.0,0.0
632,"For press inquiries only, please call the 24/7 PR hotline at 212-413-6142 or e-mail MSNBCTVinfo@nbcuni.com.",0.0,1.0
633,"If you want to reach the lawyers at NBCU News Group, or have a contract with NBCU News Group and wish to send a notice under the contract, please mail send your correspondence by internationally-recognized mail or courier service (e.g., FedEx), or certified or registered mail, to General Counsel, NBCU News Group Legal, 30 Rockefeller Plaza, Building 620, 5th Floor, New York, NY 10112, and email a copy to newslegalnotices@nbcuni.com. This is not a waiver of service of legal process, just an address for correspondence. Any service of legal process on NBCU News Group must comply with applicable legal rules.",0.1643939393939394,0.2924242424242424
634,"If you have even a passing interest in cameras, chances are you’ve seen the Fujifilm X100VI. For the past few years, the X100VI (and the previous X100V) has been the it camera: everyone wants one, but no one can get one. It’s easy to use, stylish and most importantly, very popular on TikTok. Demand is so high that retailer wait-lists are measured in months, not days.",0.21740740740740738,0.49888888888888894
635,"I pre-ordered mine the day it was announced in February of 2024 — it took five months to arrive at my door. Having used the X100VI for over seven months, I understand the hype — it is a fantastic camera. But is it worth the wait?",0.35,0.5
636,SKIP AHEAD My experience with the Fujifilm X100VI | Who is the Fujifilm X100VI for? | Why trust NBC Select?,0.0,0.0
637,"Want more from NBC Select? Sign up for our newsletter, The Selection, and shop smarter.",0.5,0.5
638,"The Fujifilm X100VI is a compact camera with a retro design and modern guts — it may look like a vintage film camera, but it has high-tech features like AI-based subject detecting auto-focus and 6.2K video recording. It uses a fixed (non-removable), slightly wide-angle 35 millimeter (mm) lens that is small and compact on the camera. The lens and camera are flexible and versatile for taking pictures of everyday life, even in less-than-ideal lighting, in my experience.",-0.08055555555555556,0.3333333333333333
639,"It is the sixth and latest version of the Fujifilm X100 series camera, originally introduced in 2011. The previous X100V was extremely popular, and sold out at most retailers for years. The X100VI, despite Fujifilm doubling its production capacity, is similarly hard to find at most retailers — I received mine five months after pre-ordering it on the first day it became available.",0.2962962962962963,0.5546296296296296
640,"Focal length: 35mm | Screen: tilting | Viewfinder: yes, digital and optical | Built-in Flash: yes | Weight: 1.12 lbs. (512g) | Aperture: f/2-16 | Shutter speed: 60 min. to 1/4000 sec. | ISO: 125-12,800 | Photo resolution: up to 7728x5152 | Battery life: up to 310 shots or 45 min. of video",-0.05,0.3
641,"The X100VI is more than just a small, stylish camera. (Though, to be fair, of all the camera’s I’ve used, it is the one that gets the most compliments from friends and strangers alike.) It takes stunning photos, and has powerful and versatile tools built-in that inspire me to be more creative, without having to lug around a bunch of extra camera gear or do a ton of photo editing at home.",0.375,0.69
642,Excellent image quality,1.0,1.0
643,"The images from the X100VI are consistently excellent. Other cameras of a similar size simply cannot compete with the large image sensor, accurate auto-focus, rich colors and low-light performance. Buildings and landscapes maintain sharp lines and fine detail, even when you zoom into the photos later. Portraits are detailed and can have pleasing bokeh or out of focus backgrounds. Shadows and contrast are clear and defined. Looking at the images on my computer, I would guess they were taken with a much larger, “more professional” camera than the X100VI.",0.21706349206349207,0.49515873015873013
644,Beautiful and versatile Fujifilm Film Simulations,0.85,1.0
645,"Fujifilm Film Simulations are photographic “looks” you can select before (and after) you shoot a photo or video. These film simulations are based off of real-world Fujifilm films — the brand started in the 1930s as a photo film manufacturer, and still produces film to this day.",0.0,0.0
646,"As such, most film simulations feel robust and full of character, not gimmicky. I often used the simulation Velvia for shooting colorful nature, Acros for creating moody black and white scenes, and Provia or Reala Ace for anything spontaneous. Using these film simulations let me create a more specific look in each photo, and made me less inclined to do any photo editing after the fact.",0.18333333333333332,0.4068181818181818
647,It encourage creativity and experimentation,0.0,0.0
648,"The X100VI has a lot of built-in tools — put together, they create a very flexible, unrestricted shooting experience.",0.2,0.3
649,"For example, the camera has very effective in-body image stabilization (IBIS) — basically, the camera will eliminate slight hand movement to ensure more steady shots. That means I can take pictures in lower-light conditions, without flash, and still get pretty sharp results.",0.23416666666666666,0.6527777777777778
650,"IBIS, paired with the camera’s built-in neutral-density filter (basically sunglasses for your lens), means you can get pretty creative with your photos. I took the following photo (my sixth attempt) by placing the camera on a bench, turning on the neutral-density filter and experimenting with a long exposure time (about 4 seconds).",0.175,0.625
651,"No other small camera I’ve tested has made me feel as free as the X100VI. My creative vision is almost never limited by the camera, just my imagination.",0.14964285714285713,0.5435714285714286
652,"Beginner friendly, up to a point",0.375,0.5
653,"The Fujifilm X100VI is beginner friendly to a certain extent. The camera itself has a vintage-inspired design with controls to match. You may find this control scheme easier or harder to use compared to more modern-focused cameras like the Fujifilm X-S20 ($1,299) or Sony a6700 ($1,399). Regardless, you can set all the settings and dials to the automatic mode (A), keep auto-focus wide and just point and shoot — you’ll still capture some fantastic images.",0.2148809523809524,0.4785714285714286
654,"But, like many modern cameras, the X100VI settings menu feels like an archaic labyrinth to anyone outside of a professional photographer. I have watched hours-long YouTube videos explaining each and every option in the Fujifilm settings menu. Most people I know who are interested in the X100VI are beginners — I don’t think they are interested in hours-long camera tutorials.",0.2571428571428571,0.35000000000000003
655,Lack of availability,0.0,0.0
656,"I pre-ordered the X100VI the day it was announced in February of 2024. It took me five months to receive it. The camera is still out of stock at every online retailer charging its regular $1,599 sticker price, and you can find many folks online commiserating about how long they have been waiting to receive their order.",0.15,0.32564102564102565
657,"I understand that a huge part of the X100VI’s appeal is its compact size and stylish design. But you can make other, similarly stylish Fujifilm cameras like the Fujifilm X-T50 ($1,399) or Fujifilm X-T30 II ($899) nearly as compact by pairing them with a small Fujifilm pancake lens ($399) or TTArtisan pancake lens ($149).",0.18750000000000003,0.6791666666666667
658,"The Fujifilm X-T50 in particular is arguably just as good as the X100VI, technically-speaking, but it is also widely available in most camera stores with little to no waiting period to ship an order. Pairing the X-T50 with a pancake lens costs around the same as the price of the X100VI too.",0.26319444444444445,0.40972222222222227
659,"The Fujifilm X100VI is arguably the best compact camera you can buy. It takes stunning photos, has advanced auto-focus, a built-in neutral density filter and enables creativity and expression with tools like Fujifilm Film Simulations. It’s fun to use, easy to carry anywhere, and stylish too.",0.5222222222222221,0.6555555555555556
660,"It’s also the camera everyone wants. It’s nearly impossible to find in-stock at retail price, and if you do decide to purchase one, you’ll probably have to wait months to receive it. If you want a small camera that takes excellent photos tomorrow, you’re better off looking at a camera like the Fujifilm X-T50 and pairing it with a small lens. Even more direct competitors like the Leica D-Lux 8 ($1,595) and Ricoh GR IIIx ($1,049), while hard to find in stock, have fewer backorders than the X100VI.",0.09351851851851853,0.537962962962963
661,"But if patience is your virtue, the X100VI may be worth the wait — it was for me.",0.3,0.1
662,"I am a reporter at NBC Select who covers technology and fitness including recent stories on point-and-shoot cameras, smartwatches, running shoes and more. I’ve been using the Fujifilm X100VI for over seven months. For this piece, I compared the experience of using the X100VI to other cameras I own and have tested over the past four years.",0.145,0.475
663,"Catch up on NBC Select’s in-depth coverage of  tech and tools, wellness and more, and follow us on Facebook, Instagram, Twitter and TikTok to stay up to date.",0.5,0.5
664,"Victoria Ellen Bruce, my mom’s younger sister, loved to play bid whist, hear a good joke and never saw a purse she didn’t need. “Oooh, girl, give it here,” she’d say on the regular.",0.35,0.36923076923076925
665,"Aunt Vicki, who lived with multiple sclerosis for most of her adult life, died last year at a long-term residential facility where not even my mother’s dogged and formidable advocacy kept her from being neglected.",0.15,0.21666666666666667
666,"Most people living in long-term care facilities are on Medicaid. The program keeps them alive, paying for their care and housing. Shamefully, my House Republican colleagues just passed a budget proposal that cuts Medicaid to help fund tax breaks for wealthy Americans. Medicaid needs more money, not less.",0.33666666666666667,0.49333333333333335
667,"The loss of Aunt Vicki has been painful for my family. My mother grieves every day. She thinks about her, talks about her and cries over her. Losing a younger sibling is incredibly hard, especially one as full of life, love, hope and faith as my aunt.",-0.02361111111111112,0.5986111111111111
668,"Just as Aunt Vicki’s nursing career was taking off, we would go out to places and she would fall. It didn’t happen often but, after too many of these unresolvable episodes, she went in for tests and was diagnosed with the debilitating and incurable disease that is MS. We were all shocked. No one else in the family had ever had MS. The falls became more frequent. She was not able to continue her  nursing career. A walker led to a wheelchair, a scooter and eventually a bed at a long-term residential facility.",-0.05833333333333333,0.5541666666666667
669,"My aunt had the best caregivers in my grandmother (a nurse) and my mom (a Leo). They both fought hard against the system. Aunt Vicki loved receiving phone calls from me. We would talk, laugh and share stories. Eventually, she would tell me about some grievance with the nursing home, and then she would say how grateful she was for my mother for making it right. We should all be so lucky to have a caregiver as fierce as my mom.",0.3878968253968254,0.518452380952381
670,"In January, my mom came to Washington to watch me get sworn into Congress. Before she left, we discussed an article she had read about Melinda Lunday, who works for the Long-Term Care Ombudsman Program. The ombudsman’s job is to visit assisted living facilities and residential care homes to ensure that patients, our family members, are not abused. Through my own research, I read about a patient who died after mistaking cleaning chemicals for juice. In some facilities, elderly individuals or patients with disabilities have gone unwashed for more than a year, do not get their teeth brushed regularly or are forced to sleep overnight in soiled briefs.",0.13333333333333333,0.3128205128205128
671,"Again, even with my mother staying as vigilant as she was, Aunt Vicki was neglected by the system. As the MS worsened, she needed more consistent and observant care, but her health and safety became increasingly compromised because she didn’t get what she deserved.",0.375,0.375
672,"The disease eventually made her completely bedridden. Because she stayed in the same position for hours at a time without being moved, she developed bed sores that turned into open wounds. The first time mom saw one of Aunt Vicki’s wounds, she said, “It was so deep, I could see to the bone.”",0.075,0.3430555555555555
673,"My mother would ride the nursing home administrators. That is the life of a caregiver. She would visit regularly, write letters, make phone calls and chew people out; Vicki’s care would improve for a little while and then backslide again.",-0.09375,0.28846153846153844
674,"In 2023 and 2024, annual federal funding for the nationwide ombudsman program was set at $22 million and $27 million, well below what’s needed to fund the recommended ombudsmen-per-bed ratios. In 2023, there were 202,894 complaints regarding long-term care facilities, but only 4,943 ombudsmen staff and volunteers available to investigate.",0.2,0.7
675,That is a disgrace.,0.0,0.0
676,"For many patients, their only advocate and hope is an ombudsman. Without them, many of our loved ones will suffer and die. That’s why it’s so unconscionable that Republicans are trying to slash Medicaid when it helps states pay for this critical program and others like it.",0.33999999999999997,0.72
677,"House Speaker Mike Johnson, R-La., is lying when he says Republican cuts will not touch Medicaid. According to the nonpartisan Congressional Budget Office, it’s impossible to cut $880 billion from the House Energy and Commerce Committee budget, which Republicans want to do, without gutting Medicaid, Medicare or the Children’s Health Insurance Program. It’s mathematically unavoidable.",-0.3333333333333333,0.5
678,"Caregivers like my mom and patients like my aunt deserve a Medicaid program that is properly resourced so that it works for those who rely on it. Government programs cannot be efficient if workers are fired, funding is slashed and services are eliminated.",0.0,0.1
679,"I encourage people who’ve had an Aunt Vicki in their life to share their stories with their representative in Congress. We must breathe life into Medicaid with our experiences, so that everyone understands how vital this program is for our families and for the people we love.",0.3,0.5
680,"Whether you’re struggling with dryness, puffiness or dark circles, the right cream can help address specific under-eye concerns — and some of the best formulas are at the drugstore.",0.2839285714285714,0.34017857142857144
681,"“The under-eye area has the thinnest skin on the entire body, making it incredibly delicate,” says Dr. Sarah Sung, a board-certified dermatologist in Seattle. “Eye creams are specifically formulated for the thin, sensitive under-eye area and are able to provide the nourishment that a facial moisturizer cannot.”",-0.016666666666666663,0.65
682,"To help you find the best eye creams at a drugstore price, I talked to skin experts about what to look for in a quality formula, and included their recommendations for the best ones to shop.",1.0,0.3
683,"The best drugstore eye creams help hydrate the skin without feeling greasy, according to our experts. Below, we highlight their suggestions about what to consider.",1.0,0.3
684,"Want more from NBC Select? Sign up for our newsletter, The Selection, and shop smarter.",0.5,0.5
685,"Sung recommends this eye cream from Olay because it combines three all-star ingredients: vitamin C, niacinamide and peptides, which she says all help visibly improve the look of dark circles and fine lines under the eyes. “The combined effects of brightening, moisturizing and boosted collagen production leave the under-eyes refreshed and rejuvenated,” she says.",0.13333333333333336,0.45
686,"Key ingredients: vitamin C, niacinamide, peptides | Best for: dark circles | Size: 0.5 oz.",0.2833333333333333,0.5666666666666668
687,"“This is one of my favorite eye creams to address under-eye puffiness since one of its key ingredients is caffeine, which helps constrict blood vessels to depuff,” says Sung. “It also has peptides to help brighten up the under-eye area over time.” Plus, because it comes in a tube (versus a pot), it’s more sanitary to use.",0.3333333333333333,0.8333333333333334
688,"Key ingredients: caffeine, peptides | Best for: depuffing, dark circles | Size: 0.5 oz.",0.2833333333333333,0.5666666666666668
689,"This fragrance-free eye cream, which has the seal of acceptance from the National Eczema Association, comes recommended by Sung who says it’s a great option for those with sensitive skin. “The ceramides and hyaluronic acid work to hydrate the under-eyes while also repairing the barrier function of the skin overall,” she says. Also, the niacinamide in the formula can help improve the appearance of dark circles. “The Cerave eye cream bottles (I’ve used another version in the past) are really easy to use and dispel a tiny amount of product at a time giving you a lot of control,” says NBC Select editor Lindsay Schneider.",0.13333333333333333,0.5190476190476191
690,"Key ingredients: ceramides, niacinamide, hyaluronic acid | Best for: dryness, puffiness | Size: 0.5 oz.",0.5,0.65
691,"“I’ve tried a lot of expensive eye creams since I started working at NBC, but I still reach for this $13 drugstore option daily,” says NBC Select social media assistant Caitlin Cusack. “It immediately makes my under eyes look brighter, a lot less puffy and hides my dark circles. The gel formula is easy to blend into my skin and feels super light, which is a must for me since the skin under my eyes is sensitive. The only downside is that there’s not too much product, so I go through it quickly — I probably repurchase this more than any other product I own.”",0.13277777777777777,0.5272222222222223
692,"The key ingredient in this eye cream is retinol, which Sung says boosts collagen production and cell turnover to minimize the look of fine lines under the eyes. Because retinol can make skin more sun-sensitive, make sure to use this formula at night and follow up with sunscreen during the day. “I would also recommend starting this product two to three times weekly, and increasing as tolerated to allow the skin of the under-eye area to adjust to the retinol,” she says.",0.2833333333333333,0.5977777777777777
693,"Key ingredients: retinol | Best for: puffiness, dark circles, fine lines | Size: 0.2 oz.",0.31666666666666665,0.55
694,"This fragrance-free eye cream from Neutrogena is ideal for those who struggle with dry under-eyes because it has hyaluronic acid, which attracts and retains water, giving you that smooth-looking skin, according to Neutrogena. It also has a gel consistency that doesn’t feel greasy upon application, making it great for all skin types — oily included. I love using this as part of my daytime skin care routine because it moisturizes my perpetually dry under-eyes without feeling heavy. It’s also a great hydrating base layer for concealer and powder.",0.2333333333333333,0.7250000000000001
695,"Key ingredients: hyaluronic acid | Best for: hydrating, smoothing | Size: 0.5 oz.",0.5,0.65
696,"For an emollient eye balm that plumps the skin and minimizes the look of fine lines, this formula from Honest Beauty is a reliable option. Shea butter and argan oil help support the skin barrier while aloe gently soothes and hydrates, according to Honest. To use, pat the eye balm around the eyes until it melts into the skin.",0.4541666666666666,0.775
697,"Key ingredients: shea butter, argan oil | Best for: hydrating, smoothing | Size: 0.5 oz.",0.5,0.65
698,"This rich formula from Revolution has vitamin C to brighten the skin and squalane to hydrate it, making a good option for those with dry skin or uneven skin tone. You can wear it on its own or underneath makeup thanks to its lightweight consistency, and has a luminous finish that reflects light, making dark circles less apparent.",0.17416666666666666,0.4866666666666667
699,"Key ingredients: vitamin C, squalane | Best for: dark circles, fine lines | Size: 0.5 oz.",0.31666666666666665,0.55
700,"When shopping, our experts recommend looking at several factors, including the key ingredients and what under-eye issue the formula targets to know whether it’s going to give you what you need. Below, we highlight their suggestions of things to consider.",0.0,0.5
701,Look at the texture,0.0,0.0
702,"Eye creams can come in gel, cream and balm consistencies, and the one you choose will depend on your preferences and skin type.",0.0,0.0
703,Consider your specific needs,0.0,0.125
704,Your specific under-eye concerns will determine which formula and ingredients you use.,0.0,0.125
705,"An eye cream is a product formulated specifically for the area around the eyes, which tends to be thinner and more sensitive than other parts of the face. “Compared to a face cream, eye creams often contain milder ingredients with targeted benefits, such as depuffing or brightening,” says Sung. Eye creams also tend to have a thicker texture than facial moisturizers, which is particularly helpful because the skin underneath the eyes doesn’t have as many oil glands as the cheeks and nose, which may make this area more prone to dehydration, says Bottiglione.",0.20520833333333333,0.4510416666666667
706,"You should typically apply an eye cream after cleansing and applying a serum. Depending on how thick your facial moisturizer is, you may prefer applying before to ensure it absorbs directly into the under-eye area.",-0.09166666666666667,0.34375
707,"Most eye creams are safe to use twice a day. Sung recommends using a pea-sized amount for both eyes on your ring finger since it applies the least pressure and ensures there’s no tugging in this delicate area. “Tap gently around the orbital bone in an upward motion, avoiding the eyelids unless the product specifically says it’s safe,” says Sung.",0.18333333333333335,0.6
708,"The most important thing to remember when using an eye cream is to avoid pulling on the skin or pushing too hard during the application, as the skin around the eyes is thinner and naturally more sensitive, says Bottiglione.",0.2416666666666667,0.6883333333333332
709,"Especially if you have sensitive skin, Sung recommends conducting a patch test on your arm or jawline before applying any new product around the eyes. “If you notice ongoing irritation or have underlying conditions like eczema, it’s best to consult a dermatologist for personalized guidance,” she adds.",0.3090909090909091,0.6636363636363636
710,"With the right ingredients, eye creams can help the skin around the eyes appear healthier, brighter and firmer, says Bottiglione. The constant movement of the area combined with thin, fragile skin makes the skin around the eyes more susceptible to signs of fatigue including dark circles, fine lines, dryness and puffiness, according to Sung. “Specialized eye creams can be a helpful part of skin care routine, as they help maintain hydration and can specifically address specific under-eye concerns through targeted ingredients,” she says.",0.08154761904761905,0.4680059523809524
711,"At NBC Select, we work with experts who have specialized knowledge and authority based on relevant training and/or experience. We also take steps to ensure all expert advice and recommendations are made independently and without undisclosed financial conflicts of interest.",0.13333333333333333,0.3416666666666666
712,"Michelle Rostamian has more than 10 years of experience covering beauty and skin care topics. For this story, Rostamian spoke to board-certified dermatologists and included their direct recommendations and products based on their guidance.",0.3,0.45
713,"Catch up on NBC Select’s in-depth coverage of tech and tools, wellness and more, and follow us on Facebook, Instagram, Twitter and TikTok to stay up to date.",0.5,0.5
714,Ja’han Jones is an MSNBC opinion blogger. He previously wrote The ReidOut Blog. He is a futurist and multimedia producer focused on culture and politics. His previous projects include “Black Hair Defined” and the “Black Obituary Project.”,-0.16666666666666666,0.3
715,Ja’han Jones is an MSNBC opinion blogger. He previously wrote The ReidOut Blog. He is a futurist and multimedia producer focused on culture and politics. His previous projects include “Black Hair Defined” and the “Black Obituary Project.”,-0.16666666666666666,0.3
716,"Last week, the Trump administration crossed a red line in its unprecedented attack on American higher education. In a letter to Columbia University, the administration laid out a series of sweeping changes that the school must take to reverse the administration’s cancellation of $400 million in federal funding. The letter affirms that for the faculty and administrators at American colleges and universities, silence is no longer an option. They must speak out and act, both individually and collectively.",0.12142857142857143,0.26666666666666666
717,"In canceling the grants earlier this month, the Trump White House accused Columbia of “continued inaction in the face of persistent harassment of Jewish students.” The administration’s new letter details “immediate next steps that we regard as a precondition for formal negotiations regarding Columbia University’s continued financial relationship with the United States government.” Each of those steps touches on the university’s core functions.",0.022727272727272724,0.1590909090909091
718,"Among other things, the federal government demands that Columbia change its admissions practices and its disciplinary process, including mandating the “arrest and removal of agitators who foster an unsafe or hostile work or study environment.” It requires the university to ban masks “intended to conceal identity or intimidate others.” It even demands that the university put its Middle East, South Asian and African Studies Department in academic receivership.",-0.029166666666666664,0.0625
719,"Putting an academic department in receivership would remove governance of that department, including control over its curriculum, from its faculty. As The Associated Press notes, receivership “is a rarely used practice,” and only if a department cannot manage its own affairs. That is not the case with respect to this particular department. One can (almost) admire the Trump administration’s ingenuity in using receivership as a smoke screen for censorship.",0.21333333333333332,0.6466666666666667
720,Nonnegotiable preconditions like these more commonly come from hostage-takers or terrorists than officials in a democratically elected government. But that is where this country and its higher education institutions now find themselves.,0.15,0.5
721,"If the government can single out an academic department at a college or university because of what it teaches or how it teaches, there would be nothing left of academic freedom. We have seen hints of this kind of attack on higher education in this country before, especially during the Red Scare of the early 1950s. But according to Joan Scott, a historian and member of the academic freedom committee of the American Association of University Professors, the Trump administration’s latest demands on Columbia are “an escalation of a kind that is unheard of. Even during the McCarthy period in the United States, this was not done.”",0.1521978021978022,0.3626373626373626
722,"Before the administration’s latest letter to Columbia, in an article aptly titled “First They Came for Columbia,” Harvard University’s Ryan Enos and Steven Levitsky called on their university to express solidarity with its fellow Ivy League school. “Autocrats — both left-wing and right-wing — always attack universities,” they wrote. “Its claim to be fighting campus antisemitism rings ... hollow ... Autocrats are allergic to sources of dissent, so they almost invariably seek to silence, weaken, or control them.”",0.3125,0.5708333333333333
723,"American colleges and universities are in uncharted territory, and they are temperamentally unprepared for confrontation. They still emphasize discussion over direction and consensus over coercion, particularly as these institutions become more corporate.",0.16666666666666666,0.20833333333333331
724,"As Enos and Levitsky explain, “Most universities — including Harvard — have responded to these attacks with strategies of self-preservation. They are lying low, avoiding public debate (and sometimes cooperating with the administration) in the hope of mitigating the coming assault.” Those schools not yet in the government’s crosshairs are keeping their heads down lest they replace Columbia as the White House’s top target.",0.14074074074074075,0.27592592592592596
725,"Colleges and universities have little time to get their bearings, but passivity is the wrong path. They need to organize in defense of Columbia now. This defense should comprise more than just statements. College presidents should go to Columbia’s campus and be seen with its president, lobby on its behalf with lawmakers, mobilize their alums, and, where possible, offer financial support.",-0.0375,0.58
726,"Failing to do so is, as Enos and Levitsky say, not only “morally objectionable,” but self-defeating. “Columbia’s leadership made repeated concessions to right-wing critics,” they point out, “only to be the first to come under attack.”",0.0625,0.6458333333333334
727,"There is much to scrutinize and criticize about events at Columbia in the post-Oct. 7 period. But addressing those issues is not the federal government’s responsibility. All of us in higher education, not just university presidents, must say so.",0.225,0.35
728,"As the New York Times’ M. Gessen noted last month, history teaches that “for people to be able to stand up (to authoritarianism), they needed the words.” That is why the administration’s attempt to bring Columbia and other universities to heel is so important, not just for the fate of higher education but for every American. Colleges and universities are in the business of fashioning the words and ideas needed to help people understand why standing up for democracy is so important.",0.19517045454545456,0.5026515151515152
729,"All of us in higher education must get busy with that work. We can start by defending Columbia University. If we fail to do so, we will fail higher education and also the entire country.",-0.06666666666666667,0.42083333333333334
730,"It’s been nearly two decades years since Freida Pinto, 40, burst onto the big screen in the Oscar-winning film, “Slumdog Millionaire,” but today she shows no signs of slowing down.",-0.018518518518518528,0.262962962962963
731,"In the years since her breakout role, the Indian actress has cemented her place in Hollywood. She’s appeared in films including “Trishna,” “Rise of the Planet of the Apes,” “Desert Dancer,” “Knight of Cups,” “‘Hillbilly Elegy,”  and most recently in the starring role of the British romantic comedy, “Mr. Malcom’s List,” which she also executive produced.",0.125,0.3125
732,"But there was a time when her career felt uncertain after she experienced bias in the roles she was offered. “I didn’t want to play the cardboard cutout; I didn’t want to be the sidekick girlfriend … I wanted to be seen,” Pinto told Huma Abedin, vice chair of the 30/50 Summit and MSNBC contributor on Thursday at Forbes and Know Your Value’s 30/50 Summit in Abu Dhabi.",0.8,0.9
733,"What started off as an effort to reject being typecast turned into a two-year hiatus from acting, which drove Pinto into a place of deep anxiety, but ended up being the push she needed to find her voice and true mission.",0.11666666666666665,0.35000000000000003
734,"“I just think that the noise of Hollywood, and the pressure that I felt, and the scripts that were fed to me, which was, ‘You’re a beautiful girl, just play the beautiful girl’ — I accepted it almost — and then I had to burst out of it and go through a painful path, but come out of it feeling actually even more empowered than ever before,” she said. “That was like the wake-up call — they’re not going to tell the stories I want to tell — I have to tell them myself.”",0.3,0.7
735,"That led Pinto to explore the production side of her industry — learning how to find allies, cultivate relationships with mentors — and ultimately launch her own production company, Freebird Films, which centers female-driven stories.",0.3,1.0
736,"“First in my life came the allies, second came the mentors … but my allies were male to begin with, and it’s mainly because the industry supports male producers much more than they support female producers — they support male power,” she said. “In my case, when I had those male allies, they could see the injustice, and they could see that I wanted to change that, and they allowed me into their lives to understand what producing was all about, what I would need to do and where I would need to start … the mentors I found after I figured out what I wanted to do and how I wanted to do it.”",0.10185185185185185,0.19259259259259262
737,"She cited her Freebird Films producing partner, as well as Marvel Studios veteran Victoria Alonso among her biggest sources of inspiration and mentorship along the way.",0.0,0.0
738,"But Pinto's drive to tell more complex stories has been informed by her activism and the decades of advocacy work she’s done to uplift the struggles of women, mothers and girls around the world.",0.1,0.45
739,"Following her work with Plan International’s “Because I am a Girl” campaign in 2012, Pinto joined Girl Rising — a global movement focused on girls’ education through storytelling — as an ambassador, co-narrating the organization’s first documentary in 2013. Since then, she’s used her influence to call attention to the more than 60 million girls worldwide who have little or no access to education.",0.08035714285714286,0.20476190476190476
740,"The “Mr. Malcom’s List” star has also been vocal about women’s health and postpartum care for mothers after becoming one herself in 2021. She co-founded the supplement brand Rookie Wellness and joined the postpartum subscription and education platform, Anya, as the company’s chief impact officer.",0.45,0.8500000000000001
741,"“I’ve been through the experience of having a baby, miscarrying, getting pregnant again, going through the postpartum journey,” Pinto said. “In America, we have 10 to 12 visits with the doctor, with your OB/GYN during a pregnancy, and then one postpartum — so who’s taking care of the mother?”",0.3333333333333333,0.5
742,Pinto continues to use her voice and many platforms to spotlight these issues and female change-makers around the world — including one within the Know Your Value family.,0.25,0.3333333333333333
743,"She is currently in the process of adapting Abedin’s best-selling 2021 memoir, “Both/And: A Life in Many Worlds,” for television, where she will portray the longtime Hillary Clinton aide in the Netflix series and executive produce the project alongside Abedin.",0.25,0.45
744,"“The relevance of doing the story is the exact reason why I’m in this industry — to feel seen and heard — and there are a lot of young girls out there, especially young brown girls, who feel limited, and we have to go and create our own opportunities … I feel like we can be so much more in dynamic, but we have to break the shackles of limitation.”",0.22551020408163266,0.46564625850340136
745,"In February, Defense Secretary Pete Hegseth fired the top lawyers for the Army, Navy and Air Force in a bid to ensure “they don’t exist to be roadblocks to anything that happens.” Rosa Brooks, a professor at Georgetown Law, wrote on X at the time: “It’s what you do when you’re planning to break the law: you get rid of any lawyers who might try to slow you down.”",0.01481481481481479,0.3962962962962963
746,"Now the Guardian, citing “two people familiar with the matter,” reports Hegseth is planning a “sweeping overhaul of the judge advocate general’s corps as part of an effort to make the US military less restricted by the laws of armed conflict.” (The report has not been independently verified by MSNBC or NBC News.) The Guardian also says that, according to the same sources, the overhaul of the JAG corps is designed to retrain military lawyers “so that they provide more expansive legal advice to commanders to pursue more aggressive tactics and take a more lenient approach in charging soldiers with battlefield crimes.”",0.18819444444444444,0.3430555555555556
747,"Considering the U.S. military’s long track record of documented human rights abuses and disregarding civilian life, Hegseth’s maneuvering looks like he wants to make the military more vicious and callous than it already is. And while the U.S. military is far from the only one in the world that shows negligence toward civilian life in combat zones, its conduct is the most highly scrutinized and influential in the world given its unrivaled reach, power and interventionism since World War II.",0.009166666666666663,0.45333333333333337
748,"Atop all this, Hegseth is also cutting jobs and offices focused on reducing civilian deaths from U.S. combat operations. Though the Civilian Harm Mitigation and Response Office and the Civilian Protection Center were set up during Trump’s first term, in his second term these offices are being framed as an obstacle to the U.S.’ ability to wage war. But retired U.S. Army Gen. Joseph Votel told NPR last week that he believed that it would be harmful to the military’s functioning to remove them. “I don’t think this is designed to be more constricting on commanders. I think it’s really designed to be more informative in helping us be a better educated and smarter force.”",0.11500000000000002,0.32
749,"These changes are all consistent with what we know about Hegseth’s draconian and primitive attitudes toward combat. The former Fox News host — who has been dogged by allegations of sexual assault, excessive drinking and mismanagement in his previous jobs — is obsessed with the narrative that the U.S. military has gone soft and needs to be reignited with a “warrior ethos.” In particular, Hegseth insists that the military is held back by “wokeness.”",-0.009090909090909087,0.37575757575757573
750,"In his book “The War on Warriors,” Hegseth wrote of his experience as a soldier with the Army National Guard during the George W. Bush administration, “In some cases, our units were so boxed in by rules and regulations and political correctness, we even second-guess ourselves. That needs to end.”",0.0,0.1
751,"Keep in mind that Hegseth was deployed in the occupations of Iraq and Afghanistan. In both conflicts, the U.S. carried out morally and strategically catastrophic wars that resulted in hundreds of thousands of civilian deaths — often due to overly permissive rules of engagement — and torture of locals. The problem wasn’t too many rules, it was too few of them.",0.04375,0.30625
752,"In a breach of norms, Hegseth has appointed his personal lawyer and former naval officer, Timothy Parlatore, as a Navy commander in the Judge Advocate General’s Corps. Jason Dempse, an adjunct senior fellow at the Center for a New American Security and a former U.S. Army officer, wrote in The Atlantic that Parlatore’s appointment reflected “an odious philosophy of warfare”:",0.012337662337662338,0.1935064935064935
753,"Moreover, as my colleague Steve Benen recently reminded us: Parlatore “had another very high-profile client: Parlatore was part of Donald Trump’s legal defense team after the president was charged with multiple felonies in the classified documents/Mar-a-Lago scandal.” It’s safe to predict that Parlatore isn’t going to be elevating the already-beleaguered moral stature of the U.S. military.",0.1142857142857143,0.2285714285714286
754,Hegseth’s vision for American defense policy is consistent with Trumpism more broadly — an appetite for strong man rule and a disregard for rule of law and decency. It certainly doesn’t bode well for Trump’s increasingly preposterous claims that he wants to be a president “of peace.”,0.23715986394557823,0.3524659863945578
755,Ice cream maker Ben & Jerry’s has accused its parent company of firing its CEO over his support of the brand’s progressive politics.,0.0,0.0
756,"On Tuesday, the Vermont-based brand filed an amended complaint in U.S. District Court for the Southern District of New York, alleging that Unilever “has repeatedly threatened Ben & Jerry’s personnel, including CEO David Stever, should they fail to comply with Unilever’s efforts to silence the Social Mission.”",-0.12606060606060604,0.20424242424242425
757,"According to the complaint, Unilever followed through and removed Stever as CEO on March 3, allegedly violating agreements struck during the companies’ 2000 merger that granted Ben & Jerry’s independent board “primary responsibility” over its social mission and brand integrity.",0.006666666666666666,0.19833333333333333
758,"Ben & Jerry’s also accused Unilever of attempting to suppress its social mission in several instances, including by allegedly preventing the brand from commemorating Black History Month on social media and blocking it from sharing a statement online in support of Mahmoud Khalil, a Palestinian activist and legal U.S. permanent resident whom the Trump administration is seeking to deport in what civil rights groups say is an attack on free speech.",0.05714285714285715,0.2380952380952381
759,"Unilever, Ben & Jerry’s and Stever did not immediately respond to NBC News’ request for comment Wednesday. Unilever is expected to file a motion to dismiss, per a letter filed to the court, NBC News reported.",-0.1,0.4
760,"These accusations are the latest point of contention between Ben & Jerry’s and Unilever. Tuesday’s amended filing is part of a lawsuit that the ice cream maker first filed against its parent company in November, alleging that Unilever silenced its public criticism of “the ongoing humanitarian crisis in Gaza” amid the Israel-Hamas war.",0.25,0.43333333333333335
761,"Ben & Jerry’s has previously accused Unilever of bypassing its board with business decisions. In 2022, the brand sued its parent company over the sale of its Israeli business to a local licensee after Ben & Jerry’s announced its decision to stop selling its products in the occupied West Bank and east Jerusalem, which effectively circumvented the boycott. A federal judge ruled against Ben & Jerry’s in that case.",0.14444444444444446,0.32222222222222224
762,"As recently as Monday, White House press secretary Karoline Leavitt was asked about the many prominent Republicans, including Elon Musk, who’ve repeatedly talked about impeaching federal judges who’ve dared to issue rulings the party doesn’t like. Donald Trump’s chief spokesperson didn’t question the premise, but she did emphasize that the president had not made any such declarations.",0.2,0.45
763,"“I have not heard the president talk about impeaching judges,” Leavitt replied. “I know you mentioned Mr. Musk’s tweet, but I have not heard the President of the United States ask that [judges be impeached].”",0.0,0.0
764,"Less than one day later, Trump crossed a line he’d never crossed before: On heels of a Justice Department speech in which he suggested criticizing judges should be seen as “totally illegal,” the president called U.S. District Judge James Boasberg a “Radical Left Lunatic,” a “troublemaker” and an “agitator.” Trump concluded, “This judge, like many of the Crooked Judges’ I am forced to appear before, should be IMPEACHED!!!”",-0.10751488095238096,0.19523809523809524
765,"The Republican didn’t offer any evidence against the jurist. Rather, he seemed to suggest that a judge ruling in a way the White House doesn’t like constitutes a high crime.",0.08,0.26999999999999996
766,"As the day progressed, Trump sat down with Fox News’ Laura Ingraham and kept the offensive going. “[W]e have bad judges. We have very bad judges,” the president said. “These are judges that shouldn’t be allowed. I think at a certain point you have to start looking at — what do you do when you have a rogue judge?”",-0.3878174603174603,0.5984126984126984
767,"To the extent that reality still has meaning, none of the targeted judges have done anything to suggest they’ve gone “rogue.” But even if Trump has come to the opposite conclusion, the answer to his question is simple: As Supreme Court Chief Justice John Roberts reminded Trump, he can simply appeal rulings he believes were wrong.",-0.125,0.4035714285714286
768,"But no matter how serious the White House is about judicial impeachments, it’s not up to Trump or his team to execute such a plan: Presidents have literally no formal or procedural role in the process. Rather, that power rests with Congress — where a group of far-right Republicans apparently interpreted Trump’s appeal as a directive. Axios reported:",-0.07083333333333333,0.37916666666666665
769,"The Texas Republican’s impeachment resolution was unveiled with five co-sponsors: Republican Reps. Eli Crane of Arizona, Buddy Carter of Georgia, Mike Collins of Georgia, Barry Moore of Alabama and Andrew Clyde of Georgia.",0.0,0.0
770,"Boasberg is now the fourth sitting federal judge to face an impeachment resolution filed by far-right GOP House members, joining U.S. District Court Judge Paul Engelmayer, U.S. District Court Judge John Bates and U.S. District Court Judge Amir Ali. (Technically, there are five such resolutions, because Engelmayer is facing two parallel impeachment measures simultaneously.)",0.0,0.15
771,"What’s more, the list is likely to grow: Republican Rep. Andy Ogles of Tennessee recently hosted an online “impeachathon” event, displaying a poster of 11 judges he and his far-right colleagues are focused on. Ogles appeared alongside a caption that read “Woke Judge Hunter.” A clip of the event was promoted soon after by Musk.",0.16666666666666666,0.5833333333333334
772,"To be sure, there are several examples in American history of Congress impeaching jurists, but in each of those instances, the judges were credibly accused of serious crimes. In 2025, however, Republican lawmakers have launched impeachment efforts targeting sitting members of the federal judiciary for ruling in ways that Trump didn’t like.",0.11333333333333333,0.45111111111111113
773,And there is no precedent for that.,0.0,0.0
774,"House GOP leaders, of course, already have their hands full, and they don’t seem overly eager to launch impeachment crusades against judges who’ve done nothing wrong, and who’d never be removed by two-thirds of the Senate.",-0.07500000000000001,0.7250000000000001
775,"What’s unclear, however, is just how much effort the president intends to invest in this, and what Republican leaders on Capitol Hill will do if Trump decides this is a real priority. Watch this space.",0.2,0.25
776,"Trade tensions have torn into the markets. With stocks sliding into correction territory in the last week, a question emerges: Is a recession next?",0.0,0.03333333333333333
777,"Traders on prediction markets — where people wager on such events as the likelihood of a recession — are increasingly betting on an economic downturn. Polymarket, for example, currently places the odds on a recession in 2025 at 40% — a sharp jump of nearly 20 percentage points in under a month.",0.035,0.45
778,"Experts also see recessionary risks, citing trade tensions, policy uncertainty and sputtering consumer confidence. However, they caution that no single measure guarantees the future. A combination of metrics — including spending, jobs, business confidence — hint at what’s ahead. And experts note that signals aren’t red across the board: Job openings and household spending have held steady.",0.050595238095238096,0.20982142857142858
779,"A recession is characterized as a widespread and significant decline in economic activity for multiple months. In the United States, a panel of experts at the nonprofit National Bureau of Economic Research makes the call.",0.19374999999999998,0.31875
780,"Simple as it sounds, this committee typically takes months to officially declare a recession, as the factors that guide this decision can lag. While waiting, economists and other market watchers monitor several signals to gauge the health of the economy. Here are some of the numbers they consult, and what those figures now show:",-0.07291666666666666,0.3080357142857143
781,"Consumer spending represents approximately 70% of the country’s gross domestic product. Jeffrey Frankel, an economist at the Harvard Kennedy School and one of the experts who called recessions for the National Bureau of Economic Research, emphasized that consumer spending is one of the earliest and most direct indicators of economic downturn.",0.08571428571428573,0.2857142857142857
782,"“Retail sales is like if you’re navigating through a foggy ocean, trying to see where the port is — the first rocks, the promise of the mainland as it comes into view — that’s retail sales,” Frankel said.",0.25,0.3333333333333333
783,"So far, data from the Census Bureau shows sales numbers have remained steady.",0.13333333333333333,0.75
784,"Consumer beliefs affect retail sales, said Menzie Chinn, a professor in the economics department at the University of Wisconsin. He notes that policy uncertainty can shake the economy.",0.0,0.0
785,"“If enough people and enough companies put things off because of uncertainty, you can tip the economy into recession,” Chinn told NBC News. “It doesn’t happen overnight, but it multiplies out over time.”",0.0,0.5
786,What consumers think of the economy gives another hint of where their behavior may be headed.,0.0,0.0
787,"“It’s all rooted in consumer confidence and business confidence,” economist Dennis Hoffman said. “All of this is a recipe for confidence erosion — when confidence erodes, consumers seize up, business owners seize up, and they don’t spend — they wait to see clarity.”",0.0,0.0
788,The University of Michigan’s Survey of Consumers’ Index of Consumer Sentiment showed a 10.5% decline in consumer confidence this month.,0.0,0.0
789,"“Consumer confidence and how people feel about their future and the security of their future has a lot to do with how they act in terms of buying goods and services, investing in their businesses, hiring people to work in their businesses,” Hoffman said.",0.0,0.125
790,Other measures economists pay attention to include:,-0.125,0.375
791,There’s a metric with a strong — but not perfect — record of predicting the recessions of the past 50-plus years.,-0.10555555555555557,0.6611111111111111
792,"This oft-used measure compares short-term to long-term interest rates on government debt. Frequently called the Federal Reserve’s favorite recession gauge, a negative spread — or “inversion” — between long- and short-term borrowing costs has reliably preceded recessions, though there was a false alarm in 2022.",-0.030000000000000016,0.54
793,It’s now back in positive territory after a prolonged inversion that ended in late 2024.,-0.024242424242424242,0.38181818181818183
794,"The indicator based on the Sahm Rule, which tracks unemployment changes, shows declining recession risk as of March, reflecting a resilient labor market.",0.0,0.0
795,"While a recession is possible in the near future, there’s not enough data to know. And assessing that data isn’t an exact science: “We’re always looking for different predictors,” Chinn said. “We’re probably getting better at it, except it’s hard to assess because recessions don’t happen very often.”",0.08425925925925926,0.46851851851851856
796,"CORRECTION (March 18, 2025, 12:00 p.m. ET): An earlier version of a chart in this article misstated when the consumer sentiment index started declining. It began its decline in January, not March.",0.0,0.5
797,"Chief Justice John Roberts was concerned enough to go public with a dire warning in hopes that ""people will take notice."" In a 15-page letter, he outlined an ""issue that has been ignored far too long and has now reached the level of a constitutional crisis that threatens to undermine the strength and independence of the federal judiciary.""",0.0125,0.4916666666666667
798,"The crisis that Roberts was warning about in his 2006 year-end report of the judiciary: ""the failure to raise judicial pay.""",-0.3166666666666667,0.3
799,"The chief justice may regret such overheated rhetoric now that he may face an actual constitutional crisis. On Tuesday, Roberts again went public, this time in a more muted fashion, issuing a highly unusual public statement seemingly in response to President Donald Trump's call to impeach U.S. District Judge James Boasberg, who recently issued an order blocking the deportation of immigrants under the 18th-century Alien Enemies Act.",0.056249999999999994,0.4041666666666667
800,"“This judge, like many of the Crooked Judges’ I am forced to appear before, should be IMPEACHED!!!” Trump had posted on Truth Social.",-0.013151041666666695,0.21666666666666667
801,"Right on cue, Rep. Brandon Gill, R-Texas, announced on X that he had introduced articles of impeachment against Boasberg, saying he had ""attempted to seize power from the Executive Branch and interfere with the will of the American people."" Gill's proposed articles of impeachment say that the judge's order, which only temporarily halted the flights, had ""created a constitutional crisis.""",0.09523809523809523,0.5119047619047619
802,The chief justice responded in a dry statement:,-0.06666666666666665,0.6
803,"In recent years, Bill Clinton's impeachment, the drawn-out vote count in Bush vs. Gore, Obama's executive actions protecting Dreamers and Biden's student loan forgiveness program have all been described as constitutional crises in everything from editorials to subtitles of otherwise thoughtful books. Trump, who claimed electing Hillary Clinton would lead to one, had a boomlet of his own in his first term, from withholding funds to Ukraine to potentially firing Robert Mueller to attempting to overturn his 2020 loss. One columnist called Trump ""a constitutional crisis on two legs.""",0.25,0.6166666666666667
804,"A constitutional crisis is sort of like a car crash; it's easy to point it out after it's happened but hard to predict with certainty. Just as you can drive home recklessly, swerving into other lanes and blowing past the speed limit without getting into a crash, politicians can play fast and loose with the Constitution without actually precipitating an actual crisis.",-0.013782051282051282,0.3836538461538462
805,"Watergate is a great example. Richard Nixon ordered his underlings to commit crimes, then covered it up. At various points, he fired prosecutors investigating him, refused to hand over incriminating evidence and appeared poised to potentially defy the Supreme Court. A constitutional crisis seemed imminent right up until it didn't. He backed down, obeyed the court's orders and resigned.",0.18603174603174605,0.6149206349206349
806,"In a 2009 paper, law professors Sanford Levinson and Jack Balkin argued that Watergate was a political crisis and not a constitutional one because Nixon didn't attempt to go beyond his powers. They have a point, although it's cold comfort to the Americans who white-knuckled their way through that dangerous car ride.",-0.39999999999999997,0.6666666666666666
807,"More importantly, the routine misuse of the term may have made it harder to get the public’s attention now that our democracy appears to be heading into one. But it's important to be thoughtful about what the words really mean as we try to figure out if we are in a constitutional crisis right now and what to do about it.",0.1966517857142857,0.536235119047619
808,"Many people seem to think we are in a crisis, including highly regarded law professors, Democratic lawmakers and even people searching the internet. In fact, in mid-February Google searches for the term ""constitutional crisis"" hit the highest levels since records began in 2004.",0.33,0.52
809,"There are several arguments in favor. To pick just a few examples: Trump has fired thousands of federal workers apparently in violation of civil service protections, invoked wartime powers to strip legal residents of their right to see a judge, withheld congressionally approved spending, allegedly leveled punishments on everyone from college students to law firms for exercising their freedom of speech and threatened to cancel pardons from his predecessor.",0.03928571428571428,0.21428571428571427
810,"The Republican-controlled Congress, which could have pushed back on any or all of these actions, has almost entirely rolled over. But courts have pushed back more aggressively, ordering Trump to reinstate fired workers and restore some funding.",0.125,0.28125
811,"In response, Trump administration lawyers have played dumb or tried too-clever-by-half word games to try to get around these orders, while the president and his allies have huffed and puffed on social media and in Congress. (The judges, for their part, have had some sharp words in questioning the lawyers.)",-0.15555555555555556,0.4388888888888889
812,"So far, the administration may have defied a court order in the deportations, but it's still largely following the others. What happens next will determine whether we hit a full-blown crisis. But as with Nixon, avoiding that outcome does not make any of this is OK. And Americans shouldn't wait around to see what comes next. In fact, a strong public reaction can head off a crisis by convincing one side to back down, as Nixon did when he realized that he was likely to lose an impeachment trial.",0.12525252525252523,0.4262626262626263
813,"The Trump administration is at the wheel, and the car is careening all over the road. We shouldn't wait for it to crash to tell it to stop.",0.0,0.0
814,"After the Trump administration lost yet another court fight this week, his top campaign donor, Elon Musk, turned to a familiar complaint. “This is a judicial coup,” the Republican megadonor wrote by way of his social media platform. “We need 60 senators to impeach the judges and restore rule of the people.”",0.15208333333333332,0.31666666666666665
815,"As my MSNBC colleague Jordan Rubin explained soon after, Musk flubbed every relevant detail in his missive: It’s not a “coup” when the White House loses court fights; senators aren’t responsible for impeaching anyone; and the standard for removing a sitting judge from the bench is 67 votes, not 60.",0.06000000000000001,0.31
816,"But despite his lack of familiarity with the impeachment process, the billionaire has been pushing the idea of judicial impeachments with unnerving vigor in recent weeks. Indeed, NBC News noted Wednesday that Musk had posted online about judicial impeachments “17 times within the past 24 hours.”",-0.125,0.25
817,"What’s more, as The New York Times reported, he’s also putting his money where his tweets are.",0.3181818181818182,0.4772727272727273
818,"According to the report, which has not been independently verified by MSNBC or NBC News, the beneficiaries of the campaign contributions include Republican Reps. Eli Crane of Arizona, Lauren Boebert of Colorado, Andy Ogles of Tennessee, Andrew Clyde of Georgia, Derrick Van Orden of Wisconsin and Brandon Gill of Texas. Unexpectedly, Musk also donated to Republican Sen. Chuck Grassley of Iowa, who hasn’t explicitly endorsed impeaching any judges, but who did criticize a recent court ruling in the Alien Enemies Act case.",-0.0375,0.53125
819,"To be sure, the legal maximum for hard-dollar donations is rather modest — for someone of Musk’s wealth, $6,600 checks will not be missed — but there’s a broader political significance: The DOGE chief just sent an unsubtle signal to members of Congress that judicial impeachment advocates on Capitol Hill should expect to be rewarded by the biggest GOP megadonor of them all.",0.19999999999999998,0.5222222222222223
820,"Politico also reported, “House Judiciary Chair Jim Jordan said he plans to hold hearings on recent judicial rulings against the Trump administration’s agenda, after President Donald Trump, Elon Musk and conservatives have called for impeaching federal judges.”",0.0,0.25
821,"The Ohio Republican told CNN, “We’re gonna hold hearings on this entire issue,” adding that he's especially interested in “the 15 injunctions that have been done in an eight-week time frame.”",0.25,0.8125
822,"Of course, as we’ve discussed, that the White House has faced so many injunctions in so little time is less evidence of judicial bias and more evidence of an administration that keeps pushing the legal envelope in radical and unprecedented ways.",0.20654761904761904,0.38095238095238093
823,"Nevertheless, Team Trump wants the idea of judicial impeachments to be taken seriously, and evidently the Jordan-led House Judiciary Committee is prepared to examine the issue in more detail.",0.15416666666666667,0.37916666666666665
824,"There are, however, apparently some divisions among GOP lawmakers. In a separate report this week, Politico quoted one House Republican saying, “I do not support impeaching a sitting judge based solely on a decision with which I disagree.”",0.05,0.35
825,That the unnamed member didn’t want to be identified speaks volumes about the current state of the party.,0.0,0.4
826,"The Trump administration is waging an authoritarian assault on civil rights as it targets universities — institutions often reviled by right-wingers — and tries to deport an activist who’s a legal permanent resident of the United States, all under the guise of thwarting antisemitism.",0.05,0.30000000000000004
827,"Meanwhile, some of the most prominent influencers in the conservative movement are praising Nazi apologists and defending Adolf Hitler.",0.5,0.75
828,"An aptly named blog that closely tracks far-right extremism, AngryWhiteMen.org, published a detailed report on MAGA-aligned podcaster Joe Rogan’s recent praise for a Nazi apologist named Daryl Cooper, who faced fierce condemnation last year for defending Nazi Germany in a podcast interview with Tucker Carlson. On the podcast, Rogan promoted a variation of the racist and antisemitic “replacement theory” while discussing immigration and defended Cooper from allegations of Nazi apologism, saying his work is “very valuable to me, and it’s very valuable to human beings that want to hear this nuanced, comprehensive perspective on these conflicts.”",0.19999999999999998,0.3952380952380952
829,The AngryWhiteMen blog also recently published a thorough report on popular conservative influencer Jake Shields’ abhorrent claim that Hitler “wasn’t pushing hatred towards other races.”,-0.056249999999999994,0.58125
830,"And these aren’t isolated incidents. Hitler-loving rapper Ye and white nationalist influencer Nick Fuentes, whom Donald Trump hosted for dinner in 2022, were both seen this week in a since-deleted video posted by Ye on X, in which the rapper was wearing a swastika necklace seemingly made out of diamonds.",0.0,0.0
831,"And Leo Terrell, the former Fox News contributor tapped to lead Trump’s so-called antisemitism task force, recently shared a prominent white nationalist’s tweet saying the president can “revoke someone’s Jew card,” in response to a tweet with footage of Trump’s antisemitic claim that Senate Minority Leader Chuck Schumer “used to be Jewish — he’s not Jewish anymore. He’s a Palestinian.”",0.08333333333333333,0.20833333333333334
832,"All this to say: Don’t be gaslit. As the Trump administration uses claims of antisemitism to crack down on civil rights, the president is leading a movement growing more emboldened in its support for Nazi apologists, Nazi ideology and Hitler himself.",0.17222222222222222,0.3944444444444445
