,Sentence,Polarity,Subjectivity
0,"“This is a big win for Christians,” the Rev. Franklin Graham told the BBC shortly after Donald Trump’s election victory in November. “We believe the president will defend religious freedom where the Democrats would not.” But the new Trump administration’s focus on attacking diversity, equity and inclusion policies has begun to ensnare Christians and limit their religious freedom.",0.15606060606060607,0.2924242424242424
1,"Last week, for example, the interim U.S. attorney for the District of Columbia threatened to withhold job opportunities from Georgetown Law students unless the school scrapped DEI initiatives.",0.0,0.06666666666666667
2,"“As a Catholic and Jesuit institution, Georgetown University was founded on the principle that serious and sustained discourse among people of different faiths, cultures, and beliefs promotes intellectual, ethical, and spiritual understanding,” Dean William M. Treanor wrote back. “Given the First Amendment’s protection of a university’s freedom to determine its own curriculum and how to deliver it, the constitutional violation behind this threat is clear, as is the attack on the University’s mission as a Jesuit and Catholic institution.”",0.05972222222222221,0.41805555555555546
3,"Georgetown isn’t alone. Diversity, equity and inclusion are deeply rooted ideas in Christian teaching. You can’t read the Gospels and not come away with a strong sense of God’s preference for diversity, equity and inclusion. Yet under the Trump administration, living out those ideas will now invite harassment and targeting of Christians and Christian institutions.",0.10833333333333332,0.2833333333333333
4,"DEI initiatives that promote religious inclusion in government agencies — including for Christians — have also been affected. During the first Trump administration, employees at the State Department formed GRACE, a resource group for Christian employees. Now, under Trump 2.0’s anti-DEI crusade, GRACE has been instructed to pause its operations.",0.08333333333333333,0.19444444444444442
5,"Government and academia celebrating diverse religious expressions benefits people of all faiths. By dismantling these programs, Trump’s policies, ironically, strip away layers of protection from Christians and leave them vulnerable.",-0.25,0.375
6,"The irony only deepens when we examine the president’s public pronouncements. On one hand, Trump has vowed to eradicate “anti-Christian bias” and protect religious freedom. On the other, his aggressive dismantling of DEI initiatives has a chilling effect on institutions that have historically nurtured pluralistic dialogue.",-0.10416666666666667,0.43194444444444446
7,"The same administration that claims to liberate Christians from “woke” interference is, in practice, dismantling the institutions that allow for a vibrant, contested and ultimately more robust expression of faith. When students and employees are forced to choose between their academic or professional futures and the diversity of thought that enriches their community, the promise of religious liberty becomes hollow. When federal agencies begin questioning the value of DEI — even as they purport to protect religious liberty — the result is a dangerous conflation of diversity with disloyalty.",-0.023333333333333338,0.27083333333333337
8,"“We live in times in which feelings that to many had seemed to be outdated appear to be re-emerging and spreading,” Pope Francis said during Trump’s first administration. “These feelings, then, too often inspire real acts of intolerance, discrimination or exclusion that seriously harm the dignity of those involved, as well as their fundamental rights, including the very right to life and to physical and moral integrity. Unfortunately in the political world, too, it happens that one gives in to the temptation to exploit the fears and the objective difficulties of some groups and to make misleading promises out of shortsighted electoral interests.”",0.018704906204906207,0.43521825396825387
9,"In Trump’s second term, Francis’ words remain as true as ever. Exploiting racial and religious grievances for electoral interests is as essential to the MAGA movement as it is contrary to the Gospel.",0.0875,0.3
10,"It’s not just the White House targeting government and academic DEI programs. Far-right groups like the Alliance Defending Freedom are targeting corporate DEI programs. A “loose confederation” of conservative faith-based private funds and state pensions are marshaling half a trillion dollars of investments to influence company behavior, according to one estimate shared with Bloomberg News.",-0.0405982905982906,0.13514957264957264
11,"But, thankfully, other Christians are fighting back. The Rev. Jamal Bryant, senior pastor of New Birth Missionary Baptist Church near Atlanta, and other Black faith leaders are calling on their congregants not to shop at Target during Lent because of the company’s decision to end some of its DEI initiatives.",-0.03005050505050505,0.3396464646464647
12,"“We’re going to break the spirit of racism and sexism,” Bryant said. “The spirit is encroaching back into our community, back into our country and back into our corporations who are intending to take us back into the 1950s.”",0.0,0.0
13,"Attacking Christian institutions for their support of diversity, equity and inclusion strikes at the heart of what it means to follow Christ. The Trump administration shouldn’t be surprised when Christians across the country stand up to this bullying.",0.05,0.45
14,"On Tuesday, press secretary Karoline Leavitt repeated one of the White House’s favorite talking points about President Donald Trump’s trade war. After reporters questioned Leavitt about his repeated promises on the campaign trail to lower taxes for everyday Americans, the press secretary said the president is “not implementing tax hikes.” She told reporters Trump’s tariffs were a “tax hike on foreign countries” and a “tax cut for the American people.”",0.034999999999999996,0.34500000000000003
15,"Leavitt is either ignorant about how tariffs work or purposely dishonest — either way, imposing them still leads the United States down the same dangerous economic path. Almost every economist will tell you that tariffs make nations less prosperous. During Trump’s first term, studies showed that his tariffs hurt consumers. This time around, his proposals are much more far-reaching, which means potentially even larger negative economic impacts for everyday Americans.",-0.044017094017094034,0.4318376068376069
16,"But don’t take my word for it. On Wednesday, Republican Sen. Markwayne Mullin of Oklahoma contradicted the press secretary’s claim. “Tariffs is a tax, and it will be passed on consumers,” Mullin told CNN. Mullin then said this is a fact the president is well aware of, “something that the president, who is a businessperson, understands that completely.”",0.175,0.325
17,"The Trump administration’s repeated public denial of basic economics isn’t the only way the White House is trying to spin the president’s trade war. During Wednesday’s briefing, Leavitt again deflected blame over the economy on former President Joe Biden. But the facts tell a different story: Trump inherited a historically strong economy.",0.0619047619047619,0.3607142857142857
18,"So no matter what the White House tries to say, this is not Biden’s fault. The previous president handed Trump a strong post-pandemic economy that was the envy of the world and now, the United States is the embarrassment of the world. Trump owns that — and he owns the disastrous impact his trade war will have on American consumers, as does every other Republican who touches his administration.",-0.09404761904761905,0.35357142857142854
19,"FBI Director Kash Patel’s tenure hasn’t quite reached the one-month mark yet, but the conspiracy theorist and partisan operative is already off to a difficult start.",-0.5,1.0
20,"In recent weeks, Patel has misstated key elements of the FBI’s recent work. He reportedly confused intelligence and counterintelligence. He said he planned to spend a lot of time in Las Vegas, where he’s been living. He ordered officials to relocate 1,500 employees from Washington, D.C., and when told the bureau didn’t have the resources for such a restructuring, he reportedly told his subordinates to simply figure out a way to execute his directive.",-0.06666666666666667,0.5095238095238096
21,"But perhaps most importantly, the highly controversial new FBI director has taken steps to break down the firewalls that used to exist between his office and the White House. NBC News reported last week that Patel went so far as to ask about creating a possible hotline that would facilitate direct communication between him and Donald Trump.",0.1630808080808081,0.5660101010101011
22,And now Patel will have a likeminded partner at the bureau’s headquarters. The New York Times reported on right-wing provocateur Dan Bongino declaring on his podcast late last week that he wouldn’t be “some partisan” as he joins the FBI as its new deputy director.,-0.0068181818181818205,0.3939393939393939
23,"At this point, some readers might wonder why Bongino only arrived at the bureau this week. If the president appointed the conservative media personality to the position nearly a month ago, and Bongino didn’t require Senate confirmation, why didn’t he get to work sooner?",0.05,0.7
24,"As it turns out, Bongino delayed his arrival at the FBI to fulfill contractual obligations with advertisers who sponsored his podcast.",0.0,0.0
25,"Time will tell how Bongino, who’s never worked at the bureau in any capacity, is received, but NBC News reported last month that current and former FBI officials “expressed shock and dismay” after Trump selected the right-wing podcaster — and ardent FBI critic — to help run the bureau’s day-to-day operations.",0.0,0.15555555555555556
26,"As we discussed soon after, the disconcert was understandable. The podcaster has condemned the FBI as “irredeemably corrupt” and called for mass firings within the bureau. Bongino, an unabashed election denier, is even on record falsely accusing the FBI of playing a role in instigating the Jan. 6 attack.",-0.45000000000000007,0.8
27,"Just as notably, he’s been equally disdainful of Americans who dare to disagree him. “My entire life right now is about owning the libs,” Bongino has said. “That’s it. The libs, because they have shown themselves ... to be pure, unadulterated evil.”",0.05714285714285713,0.5872448979591837
28,"The New York Times’ Michelle Goldberg added in a recent column, “When a New York jury found Donald Trump guilty on 34 felony counts last year, the conservative podcaster Dan Bongino made a veiled threat on social media. ‘The irony about this for the scumbag commie libs, is that the cold civil war they’re pushing for will end really badly for them,’ he wrote. Liberals, said Bongino, had been playing at revolution, and would now get a taste of the real thing. ‘They’re not ready for what comes next.’”",-0.12672176308539942,0.4326446280991736
29,"What comes next will soon come into focus, as the least-experienced FBI leadership team in the history of American law enforcement gets to work.",0.0,0.0
30,This post updates our related earlier coverage.,0.0,0.45
31,"Washington, D.C., and the victims of the violent, pro-Trump insurrection attempt on Jan. 6 lost an opportunity for recompense on Monday when D.C.’s attorney general dropped a civil lawsuit filed against the Proud Boys and Oath Keepers militia groups.",0.01666666666666668,0.8333333333333334
32,"In 2021, then-Attorney General for the District of Columbia Karl Racine announced the suit, relying on the Ku Klux Klan Act to bring the case. At the time, Racine said:",0.05000000000000002,0.5
33,"In the late 19th and early 20th centuries, the KKK Act was used to some success in breaking up chapters of the klan. It was also used more recently to punish extremists who held a deadly rally in Charlottesville back in 2017.",0.049999999999999996,0.25625
34,But D.C.’s current attorney general is Brian Schwalb. And the statement his office issued Monday explaining the decision to drop the case referred to “challenges currently facing the district.”,0.016666666666666673,0.43333333333333335
35,"“Given the challenges currently facing the District and the relatively small potential recoveries the District could obtain, OAG’s resources are now needed and best used elsewhere,” the office said.",0.1875,0.525
36,"Let’s take a look a some of the “challenges” currently facing the district. The federal government just passed a budget that imposed steep cuts on Washington, which has long been the target of a Republican Party eager to impose federal authority over the city (the Senate passed a measure that would restore that funding, but it’s unclear whether Republicans in the House will support it). Meanwhile, Trump is on the record as saying he thinks the feds should “take over” the city altogether. When D.C. Mayor Muriel Bowser recently authorized painting over a street mural in her city honoring the Black Lives Matter movement, she was fairly clear that it was in response to the White House, saying: “I’m not going to talk about specifics, about my conversations, but I think it’s safe to say that people don’t like it, didn’t like it.”",0.05476190476190477,0.3380952380952381
37,"So it certainly seems like the administration is having its way with the city government, whether that’s through Trump’s appointment of Ed Martin, a pro-insurrectionist lawyer tapped as the district’s top federal attorney, or his initial backing of a budget that threatens to impose strict austerity.",0.2380952380952381,0.35714285714285715
38,"This scenario is precisely why I was so disgusted by the Biden administration’s support for a 2023 GOP-backed bill that forced changes to D.C.’s criminal code, which had been changed by the city council in response to the racial justice protests in the summer of 2020. In signing on to that power grab, Trump’s predecessor set the stage for the federal government to impose its will on the district’s residents.",-0.325,0.6375
39,And Trump seems more than willing to take that power grab to the next level.,0.25,0.4166666666666667
40,"Charlie Dent is executive director and vice president of the Aspen Institute Congressional Program, where he leads bipartisan, bicameral policy education programs for members of Congress. He is a board member of the National Archives Foundation, CARE USA and Research America and an advisory board member of the U.S. Global Leadership Coalition. Previously, he served seven terms in the House representing the 15th Congressional District of Pennsylvania.",-0.08333333333333333,0.08333333333333333
41,"Charlie Dent is executive director and vice president of the Aspen Institute Congressional Program, where he leads bipartisan, bicameral policy education programs for members of Congress. He is a board member of the National Archives Foundation, CARE USA and Research America and an advisory board member of the U.S. Global Leadership Coalition. Previously, he served seven terms in the House representing the 15th Congressional District of Pennsylvania.",-0.08333333333333333,0.08333333333333333
42,"The stock market rose to record heights after Donald Trump’s 2024 re-election. Wall Street reveled in Trump’s promises of even more tax cuts and defanged regulators, not to mention making the world safe for saying all those politically incorrect thoughts about DEI. What could go wrong?",0.22000000000000003,0.59
43,"Plenty, it turns out. Trump’s only been in office two months and the S&P 500 is lower than it was before Nov. 6 and in correction territory. The risk of a recession is rising, and confidence for consumers and small businesses is plummeting, even as fears of inflation are increasing. Multiple Fortune 500 companies report a softening in consumer spending. The dreaded word “stagflation” is getting tossed around.",-0.08333333333333333,0.4666666666666666
44,"No wonder so few people, it seems, want to plan a getaway: The Conference Board reports that under 40% of Americans are planning a vacation in the next six months. In the last 40 years, that number has only been lower during the Covid-19 pandemic and the Great Recession.",0.12000000000000002,0.38333333333333336
45,"The Trump administration is hardly offering reassurance. Not only do the president and staffers like Treasury Secretary Scott Bessent refuse to rule out the possibility of a recession, they are even arguing that economic pain will result in a better future. The president called it “a period of transition.” Commerce Secretary Howard Lutnick insisted Trump’s tariff policies will be “worth it” even if they lead to a recession.",0.11805555555555554,0.41111111111111104
46,"As one banker told the Financial Times, “With hindsight, we did not appreciate the nature of what the administration was going to be like.”",0.0,0.0
47,You don’t say.,0.0,0.0
48,"Wall Street’s enthusiasm for Donald Trump was always a triumph of hope over experience and evidence. True, absence makes the heart grow fonder, but there were signs everywhere, long before Trump was elected, that he was serious about tariffs — which Wall Street, rationally or irrationally, abhors — and other policies that have both roiled the markets and sparked warning signs in the economy since his inauguration. And if nothing else, you would think the chaotic management of the Covid pandemic and violent end of his first term would give the masters of the financial universe pause.",-0.09010416666666668,0.42812500000000003
49,It did not.,0.0,0.0
50,"Even in the best of circumstances, Trump is a chaos monster. More than ever before, he’s embraced chaos as both an economic and governing strategy. That is, you shouldn’t need me to tell you, is a risky way to run an economy.",0.5666666666666667,0.3333333333333333
51,"For example, there is a case to use tariffs in a way that is strategic, stable and reliable, and that would promote the long-term goal of strengthening the nation’s manufacturing capacity. Trump’s approach has none of these qualities. His goals include nonsense like attempting to annex Canada. He imposes them one day only to call them off the next. And even his choice of targets, according to Lutnick, depends not on any rational criteria but on which countries “make him unhappy.”",-0.19999999999999998,0.6333333333333333
52,"The administration’s approach to slashing government is another issue. Trump has allowed Elon Musk’s minions at the so-called Department of Government Efficiency to fire tens of thousands of federal workers, cancel scores of federal contracts and even stiff businesses that have already performed work for the federal government. Many of these actions might well get reversed in the nation’s courts, but for now, universities and other impacted businesses are instituting hiring freezes and laying off employees. Others — like former Social Security Commissioner Martin O’Malley — fear that DOGE cuts to Social Security amid false claims of rampant fraud are risking a “total system collapse.” All this uncertainty and fear, in turn, is contributing to increasing consumer pessimism.",-0.021577380952380966,0.3572916666666667
53,"Then there is Trump’s open corruption and vengeance politics. He’s attacking multiple law firms that have played a role in his various legal woes. At the same time, he and his family are profiting from everything from cryptocurrency sales to Amazon’s $40 million deal to stream an “unprecedented, behind-the-scenes” documentary about Melania Trump.",0.1142857142857143,0.3178571428571429
54,"As I have pointed out in the past, the United States is a financial giant not just because it is a resource-rich country. We are — or were — considered a stable country as well, where the rule of law is enforced fairly and consistently. Financial markets and businesses crave stability and predictability; they react poorly to chaos and political favoritism. Just as people need some assurance that their job will be there for them tomorrow before they make a big purchase, the same is true for businesses. They can’t plan for the future if they don’t have a secure sense of what their underlying expenses and sales will be — something that is increasingly impossible in the Trump economy.",0.010256410256410255,0.41923076923076924
55,"“The problem for the markets is when they don’t know what to do,” said billionaire investor Marc Lasry last week. “An economy can’t survive like that.”",0.0,0.06666666666666667
56,"Let me reiterate that uncertainty is bad for all of us, not just the financial markets.",-0.3499999999999999,0.3333333333333333
57,There’s a pervasive myth that Republicans are better for the economy than Democrats. Nothing could be further from the truth. Job growth is higher when a Democrat is in the White House. The S&P 500 performs better under Democratic presidents. Nine out of the last 10 recessions — including each of the last five — have begun with a Republican sitting in the Oval Office.,0.17857142857142858,0.30476190476190484
58,But many who should know better don’t want to believe the evidence.,0.5,0.5
59,"It’s all personal. Even as inequality soared to near-record levels, many of the wealthiest Americans — from Wall Street to Silicon Valley and everywhere in between — have insisted they were the true victims, lashing out at the Biden administration and complaining about any regulation or possible tax increase. These supposed financial experts let their greed and pique blind them to the reality that always was and always will be Donald Trump.",0.05833333333333333,0.5194444444444445
60,"President Donald Trump’s flurry of executive orders seems destined for a showdown at the Supreme Court. Members of Trump’s administration — including Vice President JD Vance and tech billionaire Elon Musk — are already raising the possibility of defying the court should it rule against the administration. This raises the stakes for the court: a ruling against Trump risks the executive branch’s defiance, which could damage the court’s legitimacy.",0.0,0.0
61,"Will Trump comply with its rulings? What will be the consequences of defiance? These are questions not only of law, but also of politics.",0.0,1.0
62,"There are many historical examples that shed light on what the political fallout might look like, but perhaps the best comes from the final months of Richard Nixon’s presidency, in 1974.",0.31666666666666665,0.43333333333333335
63,"Nixon had secretly taped conversations in the Oval Office, with some of the recordings containing evidence about the Watergate cover-up. In April 1974, special prosecutor Leon Jaworski subpoenaed the recordings as part of his investigation. In U.S. v. Nixon, the Supreme Court ordered Nixon to hand over the tapes.",-0.021428571428571436,0.6357142857142857
64,"The court’s opinion, written by Nixon-appointed Chief Justice Warren Burger, left the president with two options. He could comply with the court and deal with the fallout. Or he could defy it and send the country into a constitutional crisis — something he apparently did privately consider.",0.016666666666666666,0.24166666666666667
65,"The political context is important. By the time of the Supreme Court’s ruling, Nixon’s political capital had collapsed. His approval rating hovered around 24%, and his fellow Republicans in Congress had abandoned him. Everyone — including the justices — knew that ignoring the court would probably result in Nixon’s impeachment and removal.",0.13333333333333333,0.4000000000000001
66,"This put the court in a strong position politically, and Nixon in a weak one. Forced into a corner, Nixon complied with the court’s ruling. He reluctantly handed over the tapes and resigned two weeks later.",-0.04833333333333335,0.33166666666666667
67,"Nixon’s story makes clear that, in a possible confrontation between a president and the Supreme Court, public approval and congressional support are enormously important. Nixon had neither: everyone knew that defying the court would likely have led to impeachment and removal. Trump, on the other hand, retains strong support from Republican voters, even as his overall favorability has declined since assuming office. While Nixon’s co-partisans on Capitol Hill hung him out to dry, Trump’s are standing behind him. Congressional Republicans have bent the knee time and time again, seemingly allowing his administration to exercise even those powers, such as the power to appropriate funds, that the Constitution grants to the legislature.",0.07013888888888889,0.5715277777777777
68,"Unlike Nixon, Trump will not face the threat of congressional impeachment and removal if he defies the court. Barring an extraordinary political event — such as an unprecedented rout in the 2026 midterms — that will remain the case for the rest of his term. That reality could embolden him.",0.23333333333333334,0.625
69,"But there is a second important issue: people’s expectations. Not only did Nixon have abysmal public support, but roughly half of Americans wanted him to leave office entirely. Fast-forward to today, Trump himself is not unpopular, but many of his policies are not particularly well liked. Ending birthright citizenship, abolishing executive agencies and expansions of presidential power have proved unpopular. And large shares believe that Trump is overstepping his presidential authority. Would enough of the Supreme Court’s swing votes, such as Chief Justice John Roberts, stick their necks out to save policies that Americans dislike?",0.12202380952380952,0.4933531746031747
70,"Most important is the fact that Americans firmly believe that presidents must obey Supreme Court rulings — for example, a recent poll showed that 83% of Americans (including 77% of Republicans) believe this. That is a striking level of bipartisan public consensus in a deeply polarized era. People want the president to comply with rulings, and they fully expect him to do so.",0.17142857142857143,0.5166666666666667
71,"If public consensus remains firm, a blatant defiance of the Supreme Court could be politically perilous for Trump. This expectation may also influence the court itself, making it feel more emboldened to rule without fear of being ignored.",-0.039999999999999994,0.31333333333333335
72,"History doesn’t repeat itself, but it does offer guidance. Nixon was a politically weak president pushing unpopular views; he could not realistically survive a conflict with the court given the credible threat of impeachment from Congress. As for Trump, even though his policies are not popular, Congress is currently no check on his power. This all suggests that if Trump defied the court, he would probably survive in the sense that he would not be impeached. But it could be a pyrrhic victory: he could emerge severely politically damaged, perhaps cripplingly so.",-0.05499999999999999,0.545
73,"The deeper worry is this: Trump has tested the boundaries of executive power like few presidents before him. Even if defying the Supreme Court carries significant political costs, those costs may be relatively meaningless — especially if the standoff involves elections or an expansion of his own authority. Political damage after the fact would mean little if defying the court works to secure more presidential power at the expense of democratic norms. And in the end, the most significant check would be a credible threat of congressional impeachment and removal — something that was historically present, but for now remains absent.",0.13,0.5691666666666666
74,"This is an adapted excerpt from the March 11 episode of ""All In with Chris Hayes.""",0.0,0.0
75,"On Tuesday, as the stock market continued to slide, President Donald Trump sat down with America’s top business executives. The president attended the quarterly meeting of the Business Roundtable, a Washington-based economic advocacy group comprised of more than 200 CEOs. The meeting came as Trump’s trade war continues to shake confidence in the U.S. economy.",0.2611111111111111,0.37222222222222223
76,"The White House has tried to tamp down fears of an economic downturn. They’re telling people to calm down, claiming the market is just a snapshot in time. But what the American people need to understand is that the markets are not a snapshot in time, they’re a reflection of what investors expect future earnings to look like.",0.02698412698412698,0.23611111111111113
77,"Just consider Amazon’s history. It’s now one of the most valuable companies in the world, but for years, its stock tumbled month after month. Still, people continued to buy it. You know why? They were betting that eventually things would turn around for Amazon — and they were right. So when the markets continue to tumble, it’s not because of a rough day. It’s because the investment community is looking at the actions the president is taking and thinking, “This is going to be bad for us in the future.”",-0.0028571428571428246,0.4454761904761904
78,"But what surprised me most about Trump’s meeting with those top business leaders Tuesday is that no one asked the president anything about this. That’s not because these CEOs aren’t worried. I can assure you that based on my conversations with the business community, privately, they’re in a panic. They’re trying to follow Trump’s constant back-and-forth on tariffs. One day the tariffs are on, the next day they’re off. If you’re running any sort of business, whether big, medium or small, you need to understand the road ahead so you can figure out your map. Trump isn’t giving these leaders a clear map.",0.10555555555555557,0.38796296296296295
79,"Instead, the president and his allies are trying to convince people not to believe what’s happening right in front of their eyes. They’re trying to spin it: If the stock market goes down, that’s a buying opportunity. If prices go up, that’s making America great. If the eggs cost too much at your local grocery store, build a chicken coop in your backyard.",0.08835978835978836,0.4541005291005291
80,"What makes this all the more frustrating is that if the president had just kept his hands at 10 and 2 and kept driving Joe Biden’s economy, he would have been able to cruise to success. If the president had continued with business as usual, it would have been a win for him. Instead, he has everybody scratching their heads and asking, “What is he doing this for, and for whom?” Because it’s not for the American people, and it’s certainly not for American businesses.",0.1492063492063492,0.36071428571428565
81,This is an adapted excerpt from the March 13 episode of “All In with Chris Hayes.”,0.0,0.0
82,"The president of the United States, the man with the nuclear codes, is angry, emotional and acting erratically. That’s not my judgment — it’s basically what his own Cabinet defenders are saying.",0.024999999999999994,0.6625
83,"On Thursday, Donald Trump’s Commerce Secretary Howard Lutnick joined Bloomberg Television to talk about how the president is shocked that the trade war he launched against America’s closest allies, Canada and the European Union, is suddenly blowing up in his face.",-0.2333333333333333,0.43333333333333335
84,"“The president was totally annoyed that the Europeans did this,” Lutnick said. “He cares about America, and he wants to take care of Americans. And why are Europeans picking on Kentucky bourbon, Harley-Davidson motorcycles?” When Lutnick was asked if this was an “emotional response” from the president, he called the E.U.’s move “disrespectful.”",-0.06666666666666667,0.5166666666666667
85,"“He wants these countries to respect him, and all of this showed you is that Europe and Canada do not respect Donald Trump,” Lutnick added. “If you make him unhappy, he responds unhappy.”",-0.3333333333333333,0.6333333333333333
86,"On Wall Street, stocks continue to fall amid fears of higher prices from Trump’s tariffs and threats. The S&P 500 fell 10% below its all-time high on Thursday, raising concerns among investors that a sell-off might be happening soon. The Nasdaq is already in that worrying territory. The Dow Jones was on track for its worst week since that string of high-profile bank failures in 2023.",-0.19666666666666666,0.68
87,"All of this is happening for literally no reason whatsoever, other than the fact Trump is picking a fight with our neighbors. Now that our neighbors are fighting back, Trump is big mad, throwing out new threats of massive tariffs and annexation of foreign territories.",-0.10551948051948053,0.4363636363636364
88,"In a vicious cycle of escalation, Canada and the E.U. responded to Trump’s tariffs by imposing new taxes on U.S. exports, including on signature American products like, as Lutnick mentioned, whiskey and motorcycles. When Trump heard about that retaliation, he basically lost it and made an unhinged post on Truth Social:",-0.20757575757575758,0.3803030303030303
89,"Now, to be clear, the U.S. does not technically have any Champagne businesses, but we are the biggest market for Champagne and many other French wines. Trump is threatening a tax at such a high level that the price of a bottle of wine would essentially double for Americans. Everybody who understands trade understands this is insane. I think even people who don’t understand trade understand this is insane.",-0.1365,0.43983333333333335
90,"It was a point that even Emma Tucker, the editor-in-chief of the right-leaning Wall Street Journal, made on Thursday. “[The] mood has shifted pretty much since all the tariffs started coming in,” Tucker said on Fox Business. “I think businesses realize now Trump is serious about this, but the problem they’ve got is that they’re being imposed in a very haphazard way, and that’s creating so much instability.” When asked if companies would pass costs on to consumers, Tucker said “eventually they’re gonna have to.”",-0.09266666666666666,0.6133333333333334
91,"An hour after that interview, Trump posted to Truth Social again:",0.03333333333333333,0.06666666666666667
92,"Later in the White House, sitting next to the secretary-general of NATO, Trump took a question about his tariffs and started musing, yet again, about the territorial conquest of Canada, a fellow NATO member. Trump also talked about annexing Greenland from Denmark.",0.0,0.0
93,"All in all, the American president spent his day annoyed and emotional about the trade war he started, and then obsessed some more about making Canada and Greenland part of America. All while CEOs, investors and regular people are absolutely freaking out about the economy.",-0.0375,0.5033653846153846
94,"And it looks like no one is going to stop him — at least, certainly not Treasury Secretary Scott Bessent, who tried and failed to put a positive spin on this unfolding economic disaster. During an interview on CNBC on Thursday, Bessent said the Trump administration was “focused on the real economy.”",-0.046645021645021635,0.3861471861471862
95,"“I’m not concerned about a little bit of volatility over three weeks,” Bessent said. “The reason stocks are a safe and great investment is because you’re looking over the long term. If you start looking at micro-horizons, stocks become very risky.”",0.2525,0.48999999999999994
96,"It’s gotten so bad that even Tesla, the electric car company owned by Trump’s unelected co-president Elon Musk, is worried about the impact of tariffs on its bottom line. In an unsigned letter, the company warned Trump’s trade representatives that the president’s trade war would make it more expensive to build cars in America.",-0.23333333333333328,0.6222222222222221
97,One person familiar with the process of sending the letter told the  Financial Times: “It’s a polite way to say that the bipolar tariff regime is screwing over Tesla.” The person added: “It is unsigned because nobody at the company wants to be fired for sending it.”,0.19166666666666665,0.19999999999999998
98,"This is an adapted excerpt from the March 10 episode of ""The Rachel Maddow Show.""",0.0,0.0
99,"It started with an advertisement in The New York Times. On March 29, 1960, the paper ran a full-page ad soliciting donations for Martin Luther King Jr. and for the college students in the South who were fighting segregation.",0.13636363636363635,0.45454545454545453
100,"The fundraising appeal, entitled “Heed Their Rising Voice,” listed numerous ways in which the students were allegedly being harassed and terrorized. It also accused Southern officials of committing acts of violence and intimidation and violating the U.S. Constitution.",-0.03333333333333333,0.19999999999999998
101,"Soon, L.B. Sullivan, a city commissioner in Montgomery, Alabama, one of the cities mentioned in the ad, filed a lawsuit against The New York Times, accusing the paper of libel. Although he was not named in the ad, Sullivan claimed the Times had defamed him — a Southern official — because, he said, some details in the ad were exaggerated or incorrect. At the time, a headline in the local Montgomery paper summed it up this way: “State Finds Formidable Legal Club To Swing at Out-of-State Press.”",-0.03272727272727273,0.33090909090909093
102,"In his new book, “Murder the Truth: Fear, the First Amendment and a Secret Campaign to Protect the Powerful,” New York Times reporter David Enrich describes what happened next:",0.07045454545454545,0.4904040404040404
103,"​“For racist Southerners, this was the equivalent of a green light,” Enrich writes. “The courts could be used to scare the press into silent submission … The Times, fearing a tidal wave of litigation, barred its reporters from setting foot in Alabama, and its lawyers urged staff members not to write articles about the state’s racism.”",0.06666666666666667,0.3666666666666667
104,"But that was not the end. The Times eventually got its case with Sullivan before the United States Supreme Court. And in 1964, the Supreme Court surprised everybody with a landmark, unanimous decision that would change journalism in this country forever.",0.1,0.9
105,"In the simplest terms, the court ruled that there cannot be free speech and a free press if news outlets can be sued into oblivion over mistakes or good-faith errors. The court established a new standard: A public figure suing a media outlet for libel would have to prove that the outlet knowingly lied, or acted with reckless disregard for the truth.",0.18727272727272729,0.4242424242424243
106,"As Enrich describes, the Sullivan decision “helped usher in a new age of American journalism devoted to exposing malfeasance, questioning authority and promoting the public interest.” He writes that shortly after the court’s ruling:",0.03409090909090909,0.20530303030303032
107,​Nixon did not succeed at putting the media back in a pen. But he would not be the last to try.,0.0,0.03333333333333333
108,"More than six decades after the Supreme Court’s landmark decision in New York Times Co. v. Sullivan, Enrich makes a compelling and alarming case that the legal protections that undergird the free press in this country are on much shakier ground than we may realize.",0.2337662337662338,0.4792207792207793
109,The attack on this foundational protection for the free press in this country has been a long time coming. But it looks like it may have finally arrived.,0.11666666666666668,0.7333333333333334
110,"Frank Figliuzzi is an MSNBC columnist and Senior National Security and Intelligence Analyst for NBC News and MSNBC. He was the assistant director for counterintelligence at the FBI, where he served 25 years as a special agent and directed all espionage investigations across the government. He is the author of ""The FBI Way: Inside the Bureau's Code of Excellence.""",0.35714285714285715,0.5714285714285714
111,"Frank Figliuzzi is an MSNBC columnist and Senior National Security and Intelligence Analyst for NBC News and MSNBC. He was the assistant director for counterintelligence at the FBI, where he served 25 years as a special agent and directed all espionage investigations across the government. He is the author of ""The FBI Way: Inside the Bureau's Code of Excellence.""",0.35714285714285715,0.5714285714285714
112,"Last week, the Trump administration crossed a red line in its unprecedented attack on American higher education. In a letter to Columbia University, the administration laid out a series of sweeping changes that the school must take to reverse the administration’s cancellation of $400 million in federal funding. The letter affirms that for the faculty and administrators at American colleges and universities, silence is no longer an option. They must speak out and act, both individually and collectively.",0.12142857142857143,0.26666666666666666
113,"In canceling the grants earlier this month, the Trump White House accused Columbia of “continued inaction in the face of persistent harassment of Jewish students.” The administration’s new letter details “immediate next steps that we regard as a precondition for formal negotiations regarding Columbia University’s continued financial relationship with the United States government.” Each of those steps touches on the university’s core functions.",0.022727272727272724,0.1590909090909091
114,"Among other things, the federal government demands that Columbia change its admissions practices and its disciplinary process, including mandating the “arrest and removal of agitators who foster an unsafe or hostile work or study environment.” It requires the university to ban masks “intended to conceal identity or intimidate others.” It even demands that the university put its Middle East, South Asian and African Studies Department in academic receivership.",-0.029166666666666664,0.0625
115,"Putting an academic department in receivership would remove governance of that department, including control over its curriculum, from its faculty. As The Associated Press notes, receivership “is a rarely used practice,” and only if a department cannot manage its own affairs. That is not the case with respect to this particular department. One can (almost) admire the Trump administration’s ingenuity in using receivership as a smoke screen for censorship.",0.21333333333333332,0.6466666666666667
116,Nonnegotiable preconditions like these more commonly come from hostage-takers or terrorists than officials in a democratically elected government. But that is where this country and its higher education institutions now find themselves.,0.15,0.5
117,"If the government can single out an academic department at a college or university because of what it teaches or how it teaches, there would be nothing left of academic freedom. We have seen hints of this kind of attack on higher education in this country before, especially during the Red Scare of the early 1950s. But according to Joan Scott, a historian and member of the academic freedom committee of the American Association of University Professors, the Trump administration’s latest demands on Columbia are “an escalation of a kind that is unheard of. Even during the McCarthy period in the United States, this was not done.”",0.1521978021978022,0.3626373626373626
118,"Before the administration’s latest letter to Columbia, in an article aptly titled “First They Came for Columbia,” Harvard University’s Ryan Enos and Steven Levitsky called on their university to express solidarity with its fellow Ivy League school. “Autocrats — both left-wing and right-wing — always attack universities,” they wrote. “Its claim to be fighting campus antisemitism rings ... hollow ... Autocrats are allergic to sources of dissent, so they almost invariably seek to silence, weaken, or control them.”",0.3125,0.5708333333333333
119,"American colleges and universities are in uncharted territory, and they are temperamentally unprepared for confrontation. They still emphasize discussion over direction and consensus over coercion, particularly as these institutions become more corporate.",0.16666666666666666,0.20833333333333331
120,"As Enos and Levitsky explain, “Most universities — including Harvard — have responded to these attacks with strategies of self-preservation. They are lying low, avoiding public debate (and sometimes cooperating with the administration) in the hope of mitigating the coming assault.” Those schools not yet in the government’s crosshairs are keeping their heads down lest they replace Columbia as the White House’s top target.",0.14074074074074075,0.27592592592592596
121,"Colleges and universities have little time to get their bearings, but passivity is the wrong path. They need to organize in defense of Columbia now. This defense should comprise more than just statements. College presidents should go to Columbia’s campus and be seen with its president, lobby on its behalf with lawmakers, mobilize their alums, and, where possible, offer financial support.",-0.0375,0.58
122,"Failing to do so is, as Enos and Levitsky say, not only “morally objectionable,” but self-defeating. “Columbia’s leadership made repeated concessions to right-wing critics,” they point out, “only to be the first to come under attack.”",0.0625,0.6458333333333334
123,"There is much to scrutinize and criticize about events at Columbia in the post-Oct. 7 period. But addressing those issues is not the federal government’s responsibility. All of us in higher education, not just university presidents, must say so.",0.225,0.35
124,"As the New York Times’ M. Gessen noted last month, history teaches that “for people to be able to stand up (to authoritarianism), they needed the words.” That is why the administration’s attempt to bring Columbia and other universities to heel is so important, not just for the fate of higher education but for every American. Colleges and universities are in the business of fashioning the words and ideas needed to help people understand why standing up for democracy is so important.",0.19517045454545456,0.5026515151515152
125,"All of us in higher education must get busy with that work. We can start by defending Columbia University. If we fail to do so, we will fail higher education and also the entire country.",-0.06666666666666667,0.42083333333333334
126,"Unless you’ve been living under a rock, chances are you’ve heard of the podcast Call Her Daddy. The podcast has thousands of positive reviews and is one of the most listened-to podcasts. It’s so popular that it’s turned the creator and host of the podcast, Alex Cooper, into a bit of a celebrity. Fans say they love how Cooper cuts through the noise and talks frankly about things that impact women. So, late last year, people were intrigued when Cooper announced she was launching a drink called Unwell Hydration.",0.2545454545454545,0.5353535353535354
127,"When she launched the line, Cooper said she created it specifically for women because she believed staying hydrated was one way that women could stay on top of the many things they juggle. It was also just announced as the official beverage of the National Women’s Soccer League.",0.5,0.5
128,"Initially, Unwell Hydration was launched exclusively at Target, but today you can also get it on Amazon. The online retailer is selling 12-packs of each of the three flavors — strawberry, mango citrus and orange hibiscus — for $25. You can learn more about the drink below.",0.25,0.25
129,"Want more from NBC Select? Sign up for our newsletter, The Selection, and shop smarter.",0.5,0.5
130,"Unwell Hydration has a catchy tagline: “For all of life’s unwell moments — girls trips, breakups, morning afters, return flights, recoveries, hangovers.” But you can drink it anytime you want extra electrolytes — like you might reach for a Gatorade or Vitamin Water. The biggest difference between those drinks and Unwell Hydration is that it contains 75 milligrams of natural green coffee extract, just under the amount of caffeine you’d get in a cup of coffee. The beverage also has 700 milligrams of electrolytes and contains a custom vitamin B blend, according to the brand. It is also free of artificial flavors and colors.",-0.059999999999999984,0.52
131,"There are three flavors of Unwell Hydration currently available — strawberry, mango citrus and orange hibiscus — and one bottle of this drink is 25 calories. If you purchase the beverage on Amazon, you can buy each flavor in a pack of 12 for $24.68 and Prime members will get free shipping.",0.4,0.6000000000000001
132,"I’m a writer at NBC Select who covers various topics, including home, tech and beauty. I have covered major shopping events like Amazon Prime Day, Black Friday and Cyber Monday for over a decade.",-0.03472222222222222,0.4777777777777778
133,"Catch up on NBC Select’s in-depth coverage of tech and tools, wellness and more, and follow us on Facebook, Instagram, Twitter and TikTok to stay up to date.",0.5,0.5
134,"A couple of weeks ago, as Donald Trump made his way out of the U.S. House chamber following an address to Congress, the president stopped to shake hands with Supreme Court Chief Justice John Roberts. A microphone picked up a brief comment the Republican made to the jurist.",0.0,0.21666666666666667
135,"“Thank you again,” Trump said as he patted Roberts on the back. “I won’t forget it.” The exchange prompted immediate speculation that the president might’ve been expressing his gratitude for the high court’s ruling in Trump v. United States — the immunity case in which six Republican-appointed justices effectively elevated to the presidency above the law. (The president insisted his comments were related to the chief justice swearing him in.)",0.152,0.368
136,"But if Trump saw Roberts as an ally at the time, those attitudes are probably different now.",0.0,0.6
137,"The president crossed a new line on Tuesday morning, calling for the impeachment of U.S. District Judge James Boasberg — the chief judge of the federal district court in Washington, D.C. — because of his handling of an Alien Enemies Act case. There’s no evidence that the jurist committed high crimes, but Boasberg ruled in a way that Trump didn’t like — and as far as the president is apparently concerned, that’s an impeachable offense.",0.03927272727272727,0.618909090909091
138,"Though the case hasn’t been appealed to the U.S. Supreme Court, Roberts issued a highly unusual statement soon after that read, “For more than two centuries, it has been established that impeachment is not an appropriate response to disagreement concerning a judicial decision. The normal appellate review process exists for that purpose.”",0.33749999999999997,0.6625
139,"The chief justice didn’t reference Trump by name, but given the context, he didn’t have to.",0.0,0.0
140,"What might not be obvious, however, is that this wasn’t the first time Roberts sent a rhetorical shot across the president’s bow.",0.125,0.41666666666666663
141,"In 2018, Trump derided a ruling from a jurist the Republican described as “an Obama judge.” In response to a question from The Associated Press, the chief justice took issue with the comment.",0.0,0.0
142,"More recently, as 2024 came to an end and attention shifted to Trump’s second inaugural, Roberts issued a public warning about threats to the judicial system.",0.125,0.20416666666666666
143,"In an annual year-end report, the chief justice wrote, “Within the past few years, elected officials from across the political spectrum have raised the specter of open disregard for federal court rulings. These dangerous suggestions, however sporadic, must be soundly rejected.”",-0.10833333333333334,0.375
144,"Again, Roberts didn’t call out anyone by name, though the only prominent political voices who’ve made comments along these lines have offices in the Trump West Wing.",0.16666666666666666,0.7000000000000001
145,"If recent history is any guide, Trump will likely soon start whining about the chief justice by way of his social media platform. At least we’ll know why.",-0.06666666666666667,0.4291666666666667
146,Elon Musk thinks he’s found a foolproof get-rich scheme.,0.0,0.0
147,"As he’s described it in interviews, all you need to do is get a fake Social Security number and file as a 300-year-old person, and the money will come rolling in.",-0.23333333333333334,0.5333333333333333
148,"But don’t be fooled. The only scheme here is Musk’s, and the only people who will get richer are him and President Donald Trump.",0.0,1.0
149,"As the federal government teeters on the edge of a shutdown, these falsehoods about “waste, fraud and abuse” are being spread as a justification for Musk to take his chainsaw to the earned benefits that help keep tens of millions of Americans out of poverty.",-0.2,0.0
150,"If they win this fight, the next shutdown will be of Social Security, achieving a dream of hardcore libertarians and movement conservatives for more than 90 years.",0.33333333333333337,0.24166666666666667
151,"First, let’s get the facts straight.",0.225,0.3666666666666667
152,"According to a 2024 report from Social Security’s inspector general, less than 1% of payments made over a seven-year period were improper, which is a far different standard than fraudulent. Musk, meanwhile, is claiming tens of millions of fraudulent recipients, which, since there are about 73 million Americans on Social Security, would be a fraud rate of at least 25% — or roughly 1 in 4 recipients.",-0.03888888888888889,0.34444444444444444
153,"The references to 150-year-olds getting benefit checks also appears to be driven by how the software responds when a birth date is missing, as well as names that are not receiving benefits but have not been properly marked as deceased, according to an Associated Press fact-check. This is a far cry from the massive fraud and waste that Musk is claiming.",-0.04,0.53
154,"In an interview with Fox Business Network on Monday, Musk also claimed without proof that people are collecting benefits with “fake Social Security numbers.” If it were that easy to sell or make up a Social Security number, there would be a booming black market to fleece Uncle Sam.",-0.03333333333333333,0.48
155,"Maybe there is another explanation. Ever hear of a beneficiary? When someone loses a spouse or parent, they typically are eligible to receive survivor benefits. That’s exactly what happened to my mother after my father died in 2017. That’s not fraud or abuse. That is how the program works. She’s the surviving spouse. This is all stuff you can learn from a quick Google search, by the way.",0.02916666666666666,0.3375
156,"I’d like to point out, too, that “waste, fraud and abuse” are actually three very different things, although Musk and Trump keep lumping them together. Fraud is a crime, and if Musk has evidence there are tens of millions of Americans committing fraud, then he should be referring that to prosecutors. The fact that the Justice Department has filed zero indictments based on these so-called findings should speak for itself.",-0.06666666666666667,0.29333333333333333
157,"In my view, Musk is either intentionally skirting the truth or he just doesn’t understand how Social Security works. Neither option is a good look for the world’s richest man, who has been given unchecked power over the federal government.",0.36666666666666664,0.33333333333333337
158,"While the focus is on Musk, we can’t lose sight of why this is happening: Donald Trump. The president of the United States empowered his biggest political donor to fire thousands of federal workers and undermine the federal government. As a result, Musk’s ratings in polls have dropped. But Democrats on Capitol Hill need to make clear to voters that Musk and Trump are one and the same.",0.03333333333333334,0.20277777777777775
159,Republicans in Congress are essentially taking orders from Trump and an unelected tech tycoon who woke up one day and decided to go to Washington. They currently don’t really have a say in what happens next. They have essentially forfeited their job as a coequal branch of government to keep the executive branch in check. Democrats also need to make clear that this isn’t the job that voters sent them to Washington to do.,0.05000000000000001,0.2638888888888889
160,"As Social Security faces its biggest threat since the George W. Bush administration, Democrats need to do more to draw attention to it. They should highlight stories of real people who rely on these government programs. Voters should hear about how these benefits helped people fill a financial gap during a desperate time in their lives, especially at a time when the cost of living keeps rising.",0.022222222222222237,0.4777777777777778
161,"That would put in context the fact that last month, DOGE announced plans to cut 7,000 jobs from the agency, about a 12% reduction of its workforce.",0.0,0.06666666666666667
162,"Martin O’Malley, a former commissioner of the Social Security Administration, has warned the Trump administration’s actions threaten the “interruption of benefits.” We could find out as soon as next month whether the cuts to the workforce will lead to missed payments for the first time in Social Security’s history.",0.06333333333333332,0.09333333333333332
163,"I’ve heard from people saying my concern over these payments is just a scare tactic. But I have real concerns! Many people don’t want to believe this, but we must be vigilant as those in power gamble with people’s lives.",0.375,0.4
164,"This is not coming from me. It’s their words. Musk told us that he thinks Social Security is a Ponzi scheme, which is not an accurate description. Speaker Mike Johnson has said he wants to target “waste and abuse.” The president, who has long claimed he would protect Social Security, sure seems dedicated to undermining trust in the system. At this point, it would be strange if he didn’t try to cut benefits.",0.10833333333333334,0.2881944444444445
165,People’s lives are on the line. A few missed Social Security payments due to DOGE cuts and many seniors could lose their homes. Others could have to scrimp on food and other basic necessities to get by. And all of this would be happening with no one answering the phone to help. We can’t let this happen.,0.013888888888888886,0.2569444444444445
166,"For more thought-provoking insights from Symone Sanders-Townsend, Michael Steele and Alicia Menendez, watch “The Weekend” every Saturday and Sunday at 8 a.m. ET on MSNBC.",0.45,0.4
167,"The fourth annual Forbes and Know Your Value 30/50 Summit in Abu Dhabi concluded on Friday with an International Women’s Day Awards Gala to celebrate women who have helped shape history with their fearless commitment to equality, value and freedom.",0.0,0.0
168,"Mika Brzezinski, chair of the summit and founder of Know Your Value, said honoring the women could not come at a more important time.",0.45,0.75
169,"“This year, women are facing daunting challenges across the world,” said Brzezinski at the Louvre Abu Dhabi.  “…In America, women’s rights have been set back. Across the world, the threat to women is often far more dramatic and takes on consequences that are life or death … Perhaps, that is why it is so important who we are honoring tonight. Women who are leading the charge, owning their voices and rising up to meet the moment.”",0.11333333333333333,0.62
170,"The Lifetime Achievement honor went to European Commission President Ursula von der Leyen, who was scheduled to be at the ceremony but had to chair emergency meetings with European leaders to discuss the long-term security of Ukraine.",0.0,0.0
171,"“It is scary that America has decided to cease military assistance and intelligence assistance to Ukraine. But with Ursula von der Leyen at the helm, there is actually reason for optimism,” said Brzezinski, who noted Von der Leyen spearheaded Europe’s response to the Covid-19 pandemic and launched a breakthrough European green deal that transformed the continent’s economy while helping to meet ambitious climate goals. “If there is a person who can catalyze a unity of purpose and a shared definition of the challenge it’s her.”",-0.09166666666666667,0.375
172,The Know Your Value Award went to Sheryl Lee Ralph. The 68-year-old actress and activist is best known for her performance in “Dream Girls” and as her role as an unflappable kindergarten teacher in the hit TV series “Abbott Elementary.”,0.65,0.6
173,"After 40 years working in Hollywood, Ralph won her first Emmy in 2022 – at the age of 66 – and became the second Black woman to win for Best Supporting Actress in a Comedy. Off camera, Ralph is also a fierce advocate for education, in addition to women’s rights and representation. She continues to elevate the voices of marginalized communities.",0.35555555555555557,0.2861111111111111
174,"“Knowing your value is not always easy. For many of us, it has been a journey — a journey of finding our voice, standing our ground, and learning to take up space in rooms that were not always built for us,” said Ralph during her acceptance speech.",0.4666666666666667,0.6666666666666667
175,"“Like so many women, I’ve faced moments of doubt. I’ve been underestimated. I’ve been told to wait my turn, to be grateful for what I have, to not ask for too much. But at every step, I had a choice: to shrink or to rise. To accept less or to demand more. And I chose to rise.”",0.2583333333333333,0.31666666666666665
176,"The Hometown Heroine award went to Dr. Fatima Al Kaabi, the executive director of Abu Dhabi Bone Marrow Transplant Program. In 2012, she discovered that patients in the United Arab Emirates did not have access to stem cell treatment, one of the most effective therapies against Leukemia. She decided to study cancer, stem cells and genetics abroad and then brought her knowledge home to the UAE. She continues to view public safety as a core part of her overall mandate and aims to help her country become self-sufficient in healthcare.",0.275,0.3416666666666667
177,The Torch of Freedom award went to photojournalist Lynsey Addario.,0.0,0.0
178,"Addario has been covering conflict, humanitarian crises, and women’s issues around the world on assignment for The New York Times and National Geographic for more than two decades. Since September 11, 2001, Addario has covered conflicts in Afghanistan, Iraq, Libya, Lebanon, Darfur, South Sudan, Somalia, the Democratic Republic of Congo, Yemen, Syria, and the ongoing war in Ukraine.",0.3181818181818182,0.4772727272727273
179,"Addario’s own survival story is equally compelling, having been kidnapped by pro-Gaddafi forces in Libya in 2011 and later released after a harrowing experience. Through her lens, Addario continues to shed light on the stories of those affected by crisis and war.",0.32499999999999996,0.575
180,"The Young Changemaker award went to Yusra Mardini. Mardini, 26, is a Syrian-born Olympic swimmer and refugee who became famous for her bravery in helping fellow refugees while crossing the Mediterranean in 2015.",0.3,0.7
181,"When the boat she and 19 others were traveling in started to sink, Mardini and her sister swam for hours — pushing to boat to safety and helping save the lives of everyone on board. Today, she is a UNHCR Goodwill Ambassador and advocate for refugees and continues to inspire with her story of survival, hope and perseverance.",0.0,0.0
182,"Mardini said earlier at the summit that when she left Syria as a young girl she had two choices. “The first choice was to stay home and risk our lives every day in a war zone…and the second choice was maybe if we risked our lives one more time we would be a peace, and that’s what we chose.”",0.14166666666666666,0.2888888888888889
183,"She added,  “It’s okay to be afraid but the most important thing to remember is that you need to always move forward…You need to take risks, you need to say, ‘Hey, if I fail, I need to try again tomorrow.”",0.06000000000000001,0.6399999999999999
184,"The fourth annual Forbes and Know Your Value 30/50 Summit in Abu Dhabi concluded on Friday with an International Women’s Day Awards Gala to celebrate women who have helped shape history with their fearless commitment to equality, value and freedom.",0.0,0.0
185,"Mika Brzezinski, chair of the summit and founder of Know Your Value, said honoring the women could not come at a more important time.",0.45,0.75
186,"“This year, women are facing daunting challenges across the world,” said Brzezinski at the Louvre Abu Dhabi.  “…In America, women’s rights have been set back. Across the world, the threat to women is often far more dramatic and takes on consequences that are life or death … Perhaps, that is why it is so important who we are honoring tonight. Women who are leading the charge, owning their voices and rising up to meet the moment.”",0.11333333333333333,0.62
187,"The Lifetime Achievement honor went to European Commission President Ursula von der Leyen, who was scheduled to be at the ceremony but had to chair emergency meetings with European leaders to discuss the long-term security of Ukraine.",0.0,0.0
188,"“It is scary that America has decided to cease military assistance and intelligence assistance to Ukraine. But with Ursula von der Leyen at the helm, there is actually reason for optimism,” said Brzezinski, who noted Von der Leyen spearheaded Europe’s response to the Covid-19 pandemic and launched a breakthrough European green deal that transformed the continent’s economy while helping to meet ambitious climate goals. “If there is a person who can catalyze a unity of purpose and a shared definition of the challenge it’s her.”",-0.09166666666666667,0.375
189,The Know Your Value Award went to Sheryl Lee Ralph. The 68-year-old actress and activist is best known for her performance in “Dream Girls” and as her role as an unflappable kindergarten teacher in the hit TV series “Abbott Elementary.”,0.65,0.6
190,"After 40 years working in Hollywood, Ralph won her first Emmy in 2022 – at the age of 66 – and became the second Black woman to win for Best Supporting Actress in a Comedy. Off camera, Ralph is also a fierce advocate for education, in addition to women’s rights and representation. She continues to elevate the voices of marginalized communities.",0.35555555555555557,0.2861111111111111
191,"“Knowing your value is not always easy. For many of us, it has been a journey — a journey of finding our voice, standing our ground, and learning to take up space in rooms that were not always built for us,” said Ralph during her acceptance speech.",0.4666666666666667,0.6666666666666667
192,"“Like so many women, I’ve faced moments of doubt. I’ve been underestimated. I’ve been told to wait my turn, to be grateful for what I have, to not ask for too much. But at every step, I had a choice: to shrink or to rise. To accept less or to demand more. And I chose to rise.”",0.2583333333333333,0.31666666666666665
193,"The Hometown Heroine award went to Dr. Fatima Al Kaabi, the executive director of Abu Dhabi Bone Marrow Transplant Program. In 2012, she discovered that patients in the United Arab Emirates did not have access to stem cell treatment, one of the most effective therapies against Leukemia. She decided to study cancer, stem cells and genetics abroad and then brought her knowledge home to the UAE. She continues to view public safety as a core part of her overall mandate and aims to help her country become self-sufficient in healthcare.",0.275,0.3416666666666667
194,The Torch of Freedom award went to photojournalist Lynsey Addario.,0.0,0.0
195,"Addario has been covering conflict, humanitarian crises, and women’s issues around the world on assignment for The New York Times and National Geographic for more than two decades. Since September 11, 2001, Addario has covered conflicts in Afghanistan, Iraq, Libya, Lebanon, Darfur, South Sudan, Somalia, the Democratic Republic of Congo, Yemen, Syria, and the ongoing war in Ukraine.",0.3181818181818182,0.4772727272727273
196,"Addario’s own survival story is equally compelling, having been kidnapped by pro-Gaddafi forces in Libya in 2011 and later released after a harrowing experience. Through her lens, Addario continues to shed light on the stories of those affected by crisis and war.",0.32499999999999996,0.575
197,"The Young Changemaker award went to Yusra Mardini. Mardini, 26, is a Syrian-born Olympic swimmer and refugee who became famous for her bravery in helping fellow refugees while crossing the Mediterranean in 2015.",0.3,0.7
198,"When the boat she and 19 others were traveling in started to sink, Mardini and her sister swam for hours — pushing to boat to safety and helping save the lives of everyone on board. Today, she is a UNHCR Goodwill Ambassador and advocate for refugees and continues to inspire with her story of survival, hope and perseverance.",0.0,0.0
199,"Mardini said earlier at the summit that when she left Syria as a young girl she had two choices. “The first choice was to stay home and risk our lives every day in a war zone…and the second choice was maybe if we risked our lives one more time we would be a peace, and that’s what we chose.”",0.14166666666666666,0.2888888888888889
200,"She added,  “It’s okay to be afraid but the most important thing to remember is that you need to always move forward…You need to take risks, you need to say, ‘Hey, if I fail, I need to try again tomorrow.”",0.06000000000000001,0.6399999999999999
201,"When President Donald Trump spoke at the Department of Justice headquarters last week, it was already unusual for him to be there.",0.1,0.5333333333333333
202,His wildly inappropriate remarks vowing to seek vengeance against his enemies and the media — in some cases identified by name — made his remarks unprecedented.,0.35,0.65
203,"I served 25 years in the Justice Department as an FBI agent and assistant director, and I’ve never seen anything this ominous. What makes it worse is that the two men who now lead the bureau are well-positioned to carry out the retribution that Trump called for in his speech.",-0.4,0.6
204,"The FBI is now in the hands of two men who have never led anything. FBI Director Kash Patel, with a smattering of experience in criminal defense work in Miami and a stint as a prosecutor and political flunky at the Pentagon and the White House, says he’ll bring FBI credibility to new heights as director. Dan Bongino, a former Fox News host, failed U.S. Senate candidate and far-right conspiracy theory podcaster — who was permanently banned from YouTube and temporarily suspended from Twitter — will serve as the bureau’s deputy director.",-0.1272727272727273,0.2340909090909091
205,But their lack of qualifications is the least concern.,-0.3,0.4
206,"Patel and Bongino are poised to turn the FBI into a cudgel to bash the bureau into a politicized spearpoint aimed directly at perceived enemies of Trump. During his confirmation, Patel faced questions about an enemies list of 60 people he referred to in his book as “deep state” and his stated intentions to pursue them. Bongino, for his part, seems hell-bent on firing any FBI employee involved in Jan. 6 cases or Trump investigations. It won’t matter whether those who face the FBI’s wrath ultimately prevail in the courts. Their lives, finances and careers can be ruined by the investigation alone.",0.03333333333333333,0.6
207,"(Patel testified before Congress that ""there will be no politicization at the FBI"" under him, while Bongino has said he would get rid of politicization already in the agency and focus on crimes such as drug dealing.)",0.0,0.5
208,"Patel and Bongino aren’t rogue actors in their plans to utilize the power of the FBI for Trump. They’re enabled by a Trump-branded federal justice system. Trump’s attorney general, Pam Bondi, promises to fire DOJ employees who “despise Trump.” (Note: That’s illegal). And, every U.S. attorney in every district across the nation — the prosecutors who decide which cases to open and close, are being replaced by Trump loyalists. In his first term, Trump ranted about locking up his political opponents and railed against the “fake news” media, but this time he’s enabled by his control of the House and Senate, the Justice Department and the FBI.",-0.11666666666666665,0.48888888888888893
209,"We’ve seen this before. When J. Edgar Hoover led the FBI, the agency, with the approval of Attorney General Robert F. Kennedy and later with the encouragement of President Lyndon Johnson, illegally wiretapped Martin Luther King Jr. and other civil rights leaders. The FBI sent a letter to King, using details uncovered in the wiretap, essentially suggesting he kill himself. There were countless other “black bag jobs” where the FBI, without court authorization, broke into people’s homes, took evidence, opened and read mail, and planted microphones — all outside the law, because someone in power deemed those American citizens to pose some threat.",-0.08666666666666666,0.30333333333333334
210,But we’re facing a perfect storm. The justice system is positioned to unleash injustices on a scale not seen in decades. The storm will be devasting. We ignore it at our peril.,1.0,1.0
211,Subscribe to Trump’s First 100 Days newsletter for weekly updates and expert insight on the key issues and figures defining his second term.,0.08333333333333333,0.4444444444444444
212,"Linda Rama, 60, might be known on the world stage as the wife of Albanian Prime Minister Edi Rama, but her decades of advocacy work in human rights and economic social justice following the fall of communism in her country has been pivotal, particularly for women and girls.",0.15,0.26666666666666666
213,"“Three decades ago, I couldn’t have imagined meeting one of you,” she the global audience at the Forbes and Know Your Value 30/50 Summit on Friday. “In three decades, I am with 300 of you and this is a miracle for the generation of my age living in communism.”",0.0,0.0
214,"Now in its fourth year, the 30/50 Summit brings together generations of the most influential female leaders, influencers and innovators for unprecedented networking, mentorship, and leadership opportunities — all with the goal of fostering global change and gender equity.",0.22000000000000003,0.31333333333333335
215,"The researcher, economist, co-founder and activist joined 30/50 Summit chair Mika Brzezinski on stage to talk about her country’s dynamic transition and the part she’s played in that process.",0.0,0.16666666666666666
216,"“[Albania] was called the North Korea of Europe,” she recalled of her childhood in communism, widely regarded as one of the harshest dictatorships among former communist bloc countries.",-0.05,0.2
217,"While she felt love and care at home, she also saw her family struggle under the regime, which controlled its citizens through fear tactics. “Fear was like a glue that kept the society together,” she said. “When we were very young, we were constantly told by our parents not to whisper anything … not to trust anyone and to keep our head down.”",0.11861111111111111,0.4355555555555556
218,"By the late 1980s, Albania reached a state of extreme poverty due to heavy repression, strict isolation from the outside world, and a highly centralized economy — one that ultimately failed.",-0.1557142857142857,0.4807142857142857
219,"But after the regime’s collapse in 1992 and its transition to a Democratic system, Rama realized the underlying crisis for her people was not climbing out of poverty. “I think that it was the trauma, because if circumstances are changed, you can deal with poverty and you can take opportunities to recover,” she said. “But even though you might have a good economy it’s very difficult to escape from the trauma.”",0.024999999999999967,0.8
220,"The experience inspired her to pursue earn a master’s degree in economics in Prague, later notching a PhD in Economic Sciences. “We knew nothing about what was coming, nobody knew,” she recalled. “And I understood over the years that the biggest lessons and the biggest learning was by our mistakes … and with extreme cost for the whole population.”",0.06875,0.4
221,"In 1998, after spending years of contributing to government reforms on property transformation and leading the National Agency for Privatization, she co-founded the Human Development Promotion Center, a think tank that provides critical research insights on the socio-economic development of Albania. Through the transformative decades since the end of communism, Rama herself has authored more than 50 publications focusing on economic, social, and civil developments that have lifted the country from deep darkness into the daylight.",0.09047619047619049,0.3095238095238095
222,"“We ended up at the end of communism as survivors. Being a survivor, you are a fantastic fighter, a warrior,” Rama told Brzezinski. “Before the Second World War started, the country was 90 percent illiterate and now the country [is] ahead compared to all countries in the region.”",0.2,0.45
223,"Additionally, while Albania has been a member nation of NATO since 2009, the country formally began the process of applying for EU membership in 2014.",0.0,0.0
224,"“So Albanians have managed over these three-and-a-half decades to overcome a large part of all the trauma,” she said.",0.21428571428571427,0.42857142857142855
225,"To that end, Rama acknowledged the support the country received from Democratic nations, including the U.S., during the difficult transition period.",-0.5,1.0
226,"“The most important thing [was] their presence,” she recalled. “The message was given to everyone that we were not alone and you can’t imagine what it means for someone in need, for a country in need … transforming from extreme communism to a democratic country is a long path and you cannot do it alone.”",0.18125,0.725
227,"A strong believer in the principles of an open society and a dedicated advocate for human rights, particularly for women and children, she co-founded the Albanian Children Alliance, an Albanian-based civil society movement for the protection of children’s rights.",0.15,0.4166666666666667
228,"Rama does not shy away from prioritizing these issues as the wife of prime minister Edi Rama, who also served three terms as Mayor of Tirana.",0.25,0.5
229,"“I take the opportunity to share [the issues], but what I have learned over the years is to be patient, to give myself time to understand better,” she said. “Edi, with time, has increased his patience a lot, his capability to hear, and I think this is an amazing combination because we can be very helpful to each other.”",0.29375,0.51875
230,"Despite the ongoing conflicts in places including Ukraine and the Middle East, Rama maintains hope for their future as a survivor of political trauma. “With all the challenges that are in front of us, I think that we are lucky because we know a lot — by being altogether, by sharing the values, by resisting and by making our kids capable to take on whatever challenges would be ahead of us.”",0.10666666666666666,0.2916666666666667
231,"Around this time eight years ago, as Donald Trump’s first term got underway, the Republican National Committee issued a press release introducing the members of its finance team. It became the stuff of legend — and not in a good way.",0.475,0.4666666666666667
232,"The RNC finance team, the party announced in early April 2017, would be led by Steve Wynn, Elliott Broidy, Michael Cohen and Louis DeJoy, each of whom became controversial for their own reasons. Indeed, two of the four ended up pleading guilty to crimes unrelated to their work with the party.",0.1875,0.8125
233,"Eight years later, the RNC’s finance team is again making headlines, but this time for a very different reason. NBC News reported:",0.0,0.39
234,"Trump said in a statement that Vance will do “a fantastic job,” and that might very well be true. But the prediction overlooked a relevant detail: Doesn’t the vice president already have a job?",0.3375,0.6875
235,"A New York Times report described Vance’s side gig as “an unusual arrangement,” adding, “In both national parties, the finance chair role has typically gone to a reliable party fund-raiser who has time on his or her hands, not someone with significant governing responsibilities.”",0.13617424242424242,0.7073863636363636
236,"And therein lies the problem: The fact that the vice president intends to tackle both jobs simultaneously reinforces the impression that in this White House, the line between governing responsibilities and partisan electoral responsibilities is much blurrier than it should be.",0.1,0.1
237,"What’s more, Vance is joining a growing club of Trump administration officials who’ll apparently maintain two positions at once. Kash Patel, for example, has been tapped to lead both the FBI and the Bureau of Alcohol, Tobacco, Firearms and Explosives. Marco Rubio, meanwhile, is the secretary of state, but Trump also put him in charge of the National Archives in an acting capacity.",0.18333333333333335,0.2833333333333333
238,"Doug Collins was named the secretary of veterans affairs and the acting leader of the Office of Special Counsel and the Office of Government Ethics. Russell Vought is the White House budget director, but that didn’t stop Trump from also tapping Vought to serve as the acting director of the Consumer Financial Protection Bureau.",0.07142857142857142,0.11428571428571428
239,"What Patel, Rubio, Collins and Vought have in common, however, is that all of their jobs are governmental. What makes Vance’s second job unique is that the vice president, during his term in office, is also taking on a job at a private entity.",0.018750000000000003,0.46875
240,"While I imagine some readers will grow tired of seeing the phrase “this has never happened before” in reports about the Trump administration, I promise to stop using it just as soon as the White House stops ignoring American norms and traditions.",-0.13333333333333333,0.2333333333333333
241,"With Elon Musk’s so-called Department of Government Efficiency leading the charge, the Trump administration is intensifying attacks on the Social Security Administration and jeopardizing the vital benefits 1 in 5 Americans rely on. Under President Donald Trump-appointed leadership, the SSA recently announced its intent to eliminate 7,000 jobs, slicing the agency’s already skeletal staff down to the marrow. The SSA’s shrinking workforce already has been covering an increasing number of beneficiaries for years. With no capacity to spare, the consequences could quickly turn dire.",0.062222222222222213,0.3011111111111111
242,"As the baby boomer generation ages, a record number of Americans are hitting retirement each year, making this exactly the moment when seniors most need Social Security’s systems to function in order to access the benefits they have earned. But as former Social Security Commissioner Martin O’Malley recently warned, the administration’s actions could break those systems and interrupt benefit payments.",0.1361111111111111,0.18888888888888888
243,"If Social Security benefits stop — or even experience delays — the impact will be immediate and catastrophic. In a recent survey, 42% of Americans age 65 and up reported they wouldn’t be able to afford necessities like food, clothes or housing without their monthly Social Security retirement benefits. Over 11 million disabled Americans under age 65 also receive benefits through Social Security — payments that are subject to strict rules limiting recipients’ ability to earn wages or accrue savings. For these disabled Americans, too, even a few days’ delay could mean not putting food on the table.",-0.04791666666666668,0.27958333333333335
244,"Even if the Social Security Administration can keep payments flowing to existing beneficiaries despite these cuts, the rollbacks will still harm people seeking benefits. Already, Social Security staff are inundated to the point of being unable to process retirement claims, compounded by an aging IT system experiencing an increasing number of outages. And more than 1 million Americans are waiting on an initial determination for a disability claim. Often they are forced to run up credit card debt or sell their home as they wait for an answer with little to no income and often no health insurance. Staffing cuts and overtime restrictions will slow processing further and worsen the backlog.",-0.0800925925925926,0.3037037037037037
245,"The Trump administration’s cuts will also chip away at the customer service that claimants need. On Wednesday, the agency suddenly stopped allowing claimants to change their direct deposit arrangements by phone. According to the Washington Post, the SSA and Musk’s DOGE team had considered ending phone service entirely, but abandoned the idea after the Post reported on the proposal.",0.03333333333333333,0.5083333333333333
246,"Yet even the smaller change has big consequences: Claimants will be forced to visit a field office in person or use the internet simply to update their bank information. This presents real accessibility challenges: Senior Americans, who make up the majority of claimants, are least likely to have broadband internet access at home, while DOGE posts have stoked fears of upcoming field office closures. As for the services still available by phone, wait times have skyrocketed to hours.",0.0,0.40714285714285714
247,"These attacks on the Social Security Administration coincide with other ominous signals about the program’s future. Trump’s joint address to Congress falsely alleged “shocking levels of incompetence and probably fraud” lurking within Social Security. He threatened to “find out where that money is going,” and suggested it’s “not going to be pretty.” Meanwhile, Musk called Social Security “the biggest Ponzi scheme of all time” — a frequent talking point of the program’s right-wing critics like Project 2025 author Stephen Moore. House Republicans have floated the idea of cutting Social Security benefits for some disabled children, and groups like the Republican Study Committee have sought for years to cut benefits by raising the retirement age. The current attacks on the Social Security Administration may only be the beginning.",-0.10055555555555554,0.3888888888888889
248,"Each month, over 70 million Americans check their mailbox or bank account for their Social Security benefits. For many, these checks can mean the difference between making rent and losing their home, between buying groceries and going hungry. By hamstringing the agency that provides these critical benefits, the Trump administration is putting the well-being of millions on the line.",0.05520833333333333,0.5135416666666667
249,"This is an adapted excerpt from the March 15 episode of ""Ayman.""",0.0,0.0
250,"It appears that for Elon Musk, being Donald Trump’s co-president and overseeing the gutting of the federal workforce just isn’t enough. After helping fund Trump’s campaign and working to influence elections in Europe, Musk is throwing his cash at Wisconsin’s Supreme Court race.",0.0,0.5
251,"In January, in a post on his social media site, the billionaire said, “Very important to vote Republican for the Wisconsin Supreme Court to prevent voting fraud!” Now, there’s no basis for alleging fraud in Wisconsin’s elections, but it’s clear Musk is doing all he can to ensure another Republican gets on the state’s bench. Two groups backed by Musk, Building America’s Future and America PAC, have spent more than $11 million in ads attacking progressive judge and candidate Susan Crawford. A third Musk-backed group, dubbed Progress 2028, is running ads that claim to support Crawford but really appear aimed at dissuading moderate voters against her progressive agenda.",0.1537037037037037,0.3416666666666667
252,"Supreme Court races in Wisconsin are officially nonpartisan but Musk has thrown his support behind Trump-aligned candidate Brad Schimel. The conservative has embraced the president's election denialism, claimed Jan. 6 insurrectionists didn’t receive fair trials, and attended Trump’s inauguration. He’s also said he would welcome Trump’s endorsement. Schimel even reportedly dressed as Trump for Halloween.",0.3666666666666667,0.8333333333333334
253,"During last week’s first and only debate between the two candidates, Schimel was asked about the money Musk is dumping into the election and whether he “embraced” the endorsement of the billionaire. “I got in this race over 15 months ago,” Schimel said. “I’ve campaigned in all 72 counties. I’ve gone to every corner of this state. I’m looking for the endorsement of the Wisconsin voters on April 1. Outside help that comes is not something that I control.” Schimel then went on to call out liberal billionaire, and one of the GOP’s top boogeymen, George Soros, for contributing to the race.",0.15,0.39
254,"“I have had generous contributions that have gone to the Democratic Party of Wisconsin. The Democratic Party of Wisconsin has endorsed me and supported my candidacy,” Crawford responded before changing to subject to Musk. “But let’s talk about Elon Musk, talk about somebody who's been dangerous … He has now spent more than $10 million on my opponent’s race. He has basically taken over Brad Schimel’s campaign.”Now, you may be asking yourself: Why would a billionaire like Musk even care about this state race? Maybe it has something to do with the fact that Telsa, Musk’s company, is currently suing the state of Wisconsin over a decision preventing the company from opening dealerships in the state.",-0.07333333333333332,0.44666666666666666
255,"Last year, the state denied Tesla’s request for dealer licenses, saying it did not qualify for an exemption to a state law that prohibits manufacturers from owning dealerships. It’s a case that could eventually head to the state’s Supreme Court.",0.0,0.06666666666666667
256,"This race is also big for the future of Wisconsin. You might remember in 2023 when liberal judge Janet Protasiewicz made history by winning a seat on the bench, flipping control of the court to the left for the first time in 15 years. Since then, the court has struck down the gerrymandered maps that favored Republicans in Wisconsin for more than a decade. It’s allowed Democrats to pick up 14 seats in the state Legislature, giving them a chance to retake both chambers in next year’s elections. If next month’s Supreme Court election goes to Republicans, rollbacks are likely inevitable.The court is also set to decide on several key cases in the coming months, including a draconian 1849 abortion law and a case involving bargaining rights for unions. These are cases that could reverberate across the country.",0.1457264957264957,0.38440170940170937
257,"Regardless of who or why, no billionaire should have this much influence on any election. If Musk’s efforts pay off in Wisconsin, he could feel emboldened to come for an election in your state next.",0.1,0.1
258,"President Donald Trump took his most dramatic step to claim executive powers in his eighth week in office, invoking the Alien Enemies Act to begin deporting noncitizens without giving them a chance to go before a judge.",-0.061111111111111095,0.6166666666666667
259,"The 1798 law has been invoked only three other times: during the War of 1812, World War I and World War II. The last time it was used as part of the legal rationale for Japanese internment camps.",0.015000000000000003,0.3283333333333333
260,Here’s a mostly complete look at what else the Trump administration has done over the last seven days:,0.05,0.23333333333333334
261,• Invoked the 18th century Alien Enemies Act to deport alleged Venezuelan gang members to El Salvador.,-0.175,0.425
262,"• Denied that it violated a court order temporarily blocking the deportations, arguing it ""had no lawful basis.""",0.0,0.0
263,• Deported a 10-year-old U.S. citizen recovering from brain cancer and her family to Mexico after detaining them on their way to one of her medical checkups.,0.0,0.0
264,"• Claimed that pardons of House Jan. 6 committee members and some others by then-President Joe Biden were now ""void.""",0.0,0.0
265,"• Ruled out an exemption for Australia on steel and aluminum tariffs, as the European Union announced retaliatory trade actions.",0.0,0.0
266,• Threatened to double steel and aluminum tariffs on Canada if Ontario added surcharges to electricity sold to the U.S.,0.0,0.0
267,"• Fired 1,300 workers from the Education Department, effectively gutting an agency he's vowed to shut down.",0.2222222222222222,0.5444444444444445
268,"• Announced that another 1,000 National Oceanic and Atmospheric Administration workers will be laid off.",0.0,0.0
269,"• Put 1,300 staffers at the Voice of America on paid leave amid plans to shutter the news agency, which was set up during World War II.",0.0,0.0
270,"• Passed a spending bill with $485 million more for Immigration and Customs Enforcement and nearly $1 billion in cuts to the budget of Washington, D.C.",0.3,0.45
271,"• Made plans to fire workers who preserve and maintain 26,000 works of art owned by the U.S. government.",0.0,0.0
272,• Promoted Tesla on the White House lawn and said vandalism against the company will be treated as domestic terrorism.,0.0,0.05
273,• Disbanded two federal committees tasked with advising policymakers on food safety.,0.0,0.0
274,"• Expelled the South African ambassador for criticizing the Trump administration, calling him ""persona non grata.""",0.0,0.0
275,• Withdrew a Centers for Disease Control and Prevention nominee who had questioned the measles vaccine.,0.0,0.0
276,• Reversed more than 100 terminations of leases for federal buildings around the country.,0.5,0.5
277,"• Threatened to impose a 200% tariff on European wine, Champagne and liquor amid a trade war with the European Union.",0.0,0.0
278,• Lost in court as two judges ordered the administration to reinstate thousands of fired federal workers.,0.0,0.0
279,• Deported a kidney transplant doctor and professor even though a judge had issued an order blocking it.,0.0,0.0
280,"• Launched investigations into 52 universities, accusing them of ""racial preferences"" for diversity efforts.",0.0,0.0
281,• Threatened to pull federal funding to Columbia University unless it overhauls admissions and cedes control of academic departments.,0.0,0.0
282,• Faced a major protest as demonstrators took over Trump Tower to demand the release of Mahmoud Khalil.,0.0625,0.5
283,• Was sued by a group of Democratic state attorneys general over efforts to dismantle the Education Department.,0.05000000000000002,0.5
284,"• Directed military officials to draw up options for increasing the troop presence in Panama, according to two U.S. officials.",-0.1,0.1
285,• Asked the Supreme Court to narrow court orders so that it can put into effect a new policy against birthright citizenship.,-0.03181818181818183,0.42727272727272725
286,• Terminated $20 billion worth of Biden-era grant agreements to finance clean energy and climate-friendly projects.,0.33333333333333337,0.4
287,"• Refused, in confirmation hearings for Dr. Mehmet Oz to lead Medicare and Medicaid, to commit to not cut Medicaid.",0.0,0.0
288,"• Sued, through various entities affiliated with Trump, Capital One bank for closing accounts after the Jan. 6 attack on the U.S. Capitol.",0.0,0.5
289,• Delivered a highly politicized speech claiming he was persecuted to officials at the Justice Department.,0.16,0.5399999999999999
290,"• Argued in that speech that reporting by independent news outlets is biased and should be ""illegal.""",-0.25,0.3125
291,• Promoted Steak 'n Shake beef tallow-cooked fries in an interview with Health and Human Services Secretary Robert F. Kennedy Jr.,0.0,0.1
292,"• Said, in an interview with the commerce secretary, that Trump's policies would be ""worth it"" even if they led to a recession.",0.3,0.1
293,• Fired a pardon attorney who said she believes she was ousted because she refused to restore Mel Gibson's right to carry a gun.,0.2857142857142857,0.5357142857142857
294,• Made plans for a registry that would require Canadians staying in the U.S. for longer than a month to get fingerprinted.,0.0,0.0
295,"• Criticized The Wall Street Journal by saying it's ""owned by the polluted thinking of the European Union.""",0.0,0.0
296,Subscribe to Trump’s First 100 Days newsletter for weekly updates on and expert insight into the key issues and figures defining his second term.,0.08333333333333333,0.4444444444444444
297,"From using the White House’s South Lawn to shill cars for his biggest campaign donor to demanding taxpayer-funded ads that claim he victoriously closed the southern border, President Donald Trump is demonstrating that, as he stated in his first term, he has “the right to do whatever I want.” That’s his twisted interpretation of Article 2 of the Constitution, which describes the power of the president.",-0.010714285714285713,0.3281746031746032
298,"Yet the president of the United States is not a king. He’s not a monarch ordained by a god. As former President Barack Obama said in a “60 Minutes” interview in November 2020, the “president is a public servant.” The person elected to that office should represent and serve the public’s best interest — not his own.",0.32,0.2866666666666667
299,"As mass protests against the Trump administration take place across the nation, let us remember the historical role and responsibility of the president and what others who’ve held the office have had to say about the responsibility that comes with the position. “The President is merely the most important among a large number of public servants,” former President Teddy Roosevelt wrote in a May 1918 editorial in The Kansas City Star. In 1954, former President Harry Truman said, “I would much rather be an honorable public servant and known as such than to be the richest man in the world.”",0.07402597402597402,0.2965367965367966
300,"The president is supposed to serve us, the American people. Not just the people who voted for him or who donated to his campaign or inauguration — but all the people. Toward that end and in keeping with America’s long-standing policies, Trump should be working to preserve and strengthen our democratic society and democracies around the world — not undermining them by playing nice with dictators.",0.3,0.5
301,"The American people elected Trump and have entrusted him to serve their bests interests. “Public service is a public trust,” reads Executive Order 12674 from 1989, spelling out one of the primary principles of ethical conduct for government officers and employees. President Thomas Jefferson even asserted, “When a man assumes a public trust, he should consider himself as public property.”",0.08571428571428573,0.19523809523809524
302,"You just have to laugh at the idea of Trump — who wants to privatize public services from the U.S. Postal Service to education and even sell off public lands to private interests — ever considering himself public property. The absolute, fiendishly calculated chaos he has unfurled in the first weeks of his second term proves that serving the public’s best interest was never a part of his — or, let’s be honest, Project 2025’s — agenda. In that way, Trump, who has always loved flaunting his wealth, is the opposite of Truman.",0.184375,0.2984375
303,"In that 1918 editorial, Roosevelt asserted it was as important that the public “blame [the president] when he does wrong as to praise him when he does right … in rendering loyal, able, and disinterested service to the nation as a whole.”",0.17414965986394557,0.6229591836734694
304,The problem is that Trump and his supporters don’t always appear to be committed to codes of ethical conduct or the law. And Trump has shown over the course of his career that he doesn’t take accountability for his actions. “Deny everything” is one of the lessons he learned from his lawyer and mentor Roy Cohn. Trump has decimated independent federal agencies likely because they are units of accountability — specifically in terms of offering oversight and regulation — in our government system of “checks and balances.”,0.06666666666666667,0.5750000000000001
305,"Notably, Roosevelt’s words about the president being the most important public servant were not directed to then-President Woodrow Wilson but to his fellow Americans to encourage them “to tell the truth about [the president’s] acts. … Any other attitude in an American citizen is both base and servile. To announce that there must be no criticism of the President, or that we are to stand by the President, right or wrong, is not only unpatriotic and servile, but is morally treasonable to the American public.”",0.020054945054945043,0.47646520146520144
306,"In other words, we, the American people, are responsible to each other to secure the health of our democracy. This means we must elect to office presidents who are committed to public service, and if we fail at that, then we must use our First Amendment rights to protest against them.",0.10000000000000002,0.3888888888888889
307,"They’re there to serve us, not the other way around.",-0.125,0.375
308,"Chief Justice John Roberts was concerned enough to go public with a dire warning in hopes that ""people will take notice."" In a 15-page letter, he outlined an ""issue that has been ignored far too long and has now reached the level of a constitutional crisis that threatens to undermine the strength and independence of the federal judiciary.""",0.0125,0.4916666666666667
309,"The crisis that Roberts was warning about in his 2006 year-end report of the judiciary: ""the failure to raise judicial pay.""",-0.3166666666666667,0.3
310,"The chief justice may regret such overheated rhetoric now that he may face an actual constitutional crisis. On Tuesday, Roberts again went public, this time in a more muted fashion, issuing a highly unusual public statement seemingly in response to President Donald Trump's call to impeach U.S. District Judge James Boasberg, who recently issued an order blocking the deportation of immigrants under the 18th-century Alien Enemies Act.",0.056249999999999994,0.4041666666666667
311,"“This judge, like many of the Crooked Judges’ I am forced to appear before, should be IMPEACHED!!!” Trump had posted on Truth Social.",-0.013151041666666695,0.21666666666666667
312,"Right on cue, Rep. Brandon Gill, R-Texas, announced on X that he had introduced articles of impeachment against Boasberg, saying he had ""attempted to seize power from the Executive Branch and interfere with the will of the American people."" Gill's proposed articles of impeachment say that the judge's order, which only temporarily halted the flights, had ""created a constitutional crisis.""",0.09523809523809523,0.5119047619047619
313,The chief justice responded in a dry statement:,-0.06666666666666665,0.6
314,"In recent years, Bill Clinton's impeachment, the drawn-out vote count in Bush vs. Gore, Obama's executive actions protecting Dreamers and Biden's student loan forgiveness program have all been described as constitutional crises in everything from editorials to subtitles of otherwise thoughtful books. Trump, who claimed electing Hillary Clinton would lead to one, had a boomlet of his own in his first term, from withholding funds to Ukraine to potentially firing Robert Mueller to attempting to overturn his 2020 loss. One columnist called Trump ""a constitutional crisis on two legs.""",0.25,0.6166666666666667
315,"A constitutional crisis is sort of like a car crash; it's easy to point it out after it's happened but hard to predict with certainty. Just as you can drive home recklessly, swerving into other lanes and blowing past the speed limit without getting into a crash, politicians can play fast and loose with the Constitution without actually precipitating an actual crisis.",-0.013782051282051282,0.3836538461538462
316,"Watergate is a great example. Richard Nixon ordered his underlings to commit crimes, then covered it up. At various points, he fired prosecutors investigating him, refused to hand over incriminating evidence and appeared poised to potentially defy the Supreme Court. A constitutional crisis seemed imminent right up until it didn't. He backed down, obeyed the court's orders and resigned.",0.18603174603174605,0.6149206349206349
317,"In a 2009 paper, law professors Sanford Levinson and Jack Balkin argued that Watergate was a political crisis and not a constitutional one because Nixon didn't attempt to go beyond his powers. They have a point, although it's cold comfort to the Americans who white-knuckled their way through that dangerous car ride.",-0.39999999999999997,0.6666666666666666
318,"More importantly, the routine misuse of the term may have made it harder to get the public’s attention now that our democracy appears to be heading into one. But it's important to be thoughtful about what the words really mean as we try to figure out if we are in a constitutional crisis right now and what to do about it.",0.1966517857142857,0.536235119047619
319,"Many people seem to think we are in a crisis, including highly regarded law professors, Democratic lawmakers and even people searching the internet. In fact, in mid-February Google searches for the term ""constitutional crisis"" hit the highest levels since records began in 2004.",0.33,0.52
320,"There are several arguments in favor. To pick just a few examples: Trump has fired thousands of federal workers apparently in violation of civil service protections, invoked wartime powers to strip legal residents of their right to see a judge, withheld congressionally approved spending, allegedly leveled punishments on everyone from college students to law firms for exercising their freedom of speech and threatened to cancel pardons from his predecessor.",0.03928571428571428,0.21428571428571427
321,"The Republican-controlled Congress, which could have pushed back on any or all of these actions, has almost entirely rolled over. But courts have pushed back more aggressively, ordering Trump to reinstate fired workers and restore some funding.",0.125,0.28125
322,"In response, Trump administration lawyers have played dumb or tried too-clever-by-half word games to try to get around these orders, while the president and his allies have huffed and puffed on social media and in Congress. (The judges, for their part, have had some sharp words in questioning the lawyers.)",-0.15555555555555556,0.4388888888888889
323,"So far, the administration may have defied a court order in the deportations, but it's still largely following the others. What happens next will determine whether we hit a full-blown crisis. But as with Nixon, avoiding that outcome does not make any of this is OK. And Americans shouldn't wait around to see what comes next. In fact, a strong public reaction can head off a crisis by convincing one side to back down, as Nixon did when he realized that he was likely to lose an impeachment trial.",0.12525252525252523,0.4262626262626263
324,"The Trump administration is at the wheel, and the car is careening all over the road. We shouldn't wait for it to crash to tell it to stop.",0.0,0.0
325,"Senate Minority Leader Chuck Schumer was supposed to be touring the country this week, signing and selling copies of his new book. Instead, the New York senator postponed the whole tour over “security concerns.” More specifically, the concern was that liberal activists, angry at his decision to acquiesce to Republicans’ recent government funding bill, were planning large protests at every event.",0.0981447124304267,0.49823747680890534
326,It’s undoubtedly embarrassing for Democrats that their leader in the Senate is ducking scenes of being called a coward by voters in his own party. But that the very fact that the party’s base is so livid at its leadership could be good news. Recent history tells us that that anger may be crucial if the Democrats are to come back from their current lowly position.,0.0,0.505
327,"And that position is truly lowly. In new polls by NBC News and CNN, the Democratic Party has reached its lowest approval rating ever recorded: 27% and 29%, respectively. In both cases, these declines came about because many Democrats now say they disapprove of their own leadership.",0.3090909090909091,0.5136363636363637
328,"And why wouldn’t they? As Democratic voters watch in dismay while Donald Trump and Elon Musk dismantle the federal government and explore new frontiers of authoritarianism, they see few encouraging signs from too many of their leaders. The three living Democratic ex-presidents haven’t been heard from since Trump took office. Former Vice President Kamala Harris has been mostly invisible. California Gov. Gavin Newsom, whose presidential ambitions are no secret, is chatting it up with far-right activists and commentators on his new podcast. And while House Minority Leader Hakeem Jeffries, unlike Schumer, kept his caucus together to oppose the recent funding bill, he has largely been ineffectual.",0.1652236652236652,0.3764069264069264
329,"Anyone active on social media has seen a Democratic electorate enraged at Schumer and the other Senate Democrats who joined him in voting to advance the budget bill. In fairness to Schumer and these other senators, they argue that as bad as the bill was, a government shutdown would have done even more damage, especially since Trump and Musk could use the opportunity to eviscerate key agencies and shove thousands more government workers out the door. One might disagree with this view — and with Schumer’s messaging strategy — but it isn’t a crazy position to take.",-0.06499999999999997,0.5983333333333334
330,"Nevertheless, voters in the Democratic base are clearly hungry for representatives who will not only find the most pragmatic ways to counter Trump, but who will oppose him loudly and without embarrassment. That’s why figures such as Reps. Alexandria Ocasio-Cortez (D-N.Y.) and Jasmine Crockett (D-Tex.) are commanding ever-larger followings as Democrats who seem to grasp the urgency of both the moment and their voters’ emotions.",-0.016666666666666677,0.6972222222222223
331,"That desire for fighting spirit is reflected in the polls. When NBC’s poll asked at the beginning of Trump’s first term whether Democratic voters wanted representatives who would “make compromises with President Trump to gain consensus on legislation” or “stick to their positions even if this means not getting things done in Washington,” they favored compromise by a 59-33 margin. Today, the numbers have flipped: Democratic voters now favor fighting, 65-32.",0.525,0.6166666666666667
332,"Some Democrats in Congress would protest that without formal institutional power, there’s only so much they can do to thwart the president. That was the dilemma Republicans found themselves in during Barack Obama’s presidency. Even GOP voters considered Republican lawmakers feckless and weak, so they voted to repeal the Affordable Care Act an astonishing 70 times (depending on how you count).",0.08125,0.70625
333,"In the end, the repeal votes became a symbol of Republican impotence rather than resistance. Speaker of the House John Boehner was hounded from office in 2015 by tea party activists who considered him too weak to lead the fight against a president they despised. And Obama comfortably beat Mitt Romney in the 2012 presidential election.",0.012500000000000011,0.7125
334,"But look what else happened. Republicans took back the House, then the Senate and eventually the White House. They won sweeping gains at the state level: Democrats lost a net of 948 seats in state legislatures while Obama was president, the most a party had lost since Herbert Hoover was president, and 19 states saw chambers flip to Republican control.",0.125,0.125
335,"How could that have happened while the national GOP looked so hapless? Ironically, the the national party’s poor standing may have helped spur its gains. That’s because an angry base is a motivated base, and a base that has decided it can’t rely on leadership will start organizing for itself.",-0.6499999999999999,0.9333333333333332
336,"That appears to be exactly what is beginning to happen now. Grassroots Democrats are organizing protests. Bernie Sanders is drawing crowds to his “Stopping Oligarchy” tour. The progressive group Run For Something, which helps liberals run for state and local offices, says it has signed up almost as many prospective candidates just since Trump’s inauguration as it did in all of 2017 and 2018. And activists are advocating primary challenges against Democratic leaders, just as tea partiers did to Republican leaders a decade ago.",0.2875,0.3125
337,"That experience was uncomfortable for those running the party, but it showed that the party’s base was riled up and mad. And if some of Democrats’ anger is directed at their own leaders, that might be the most encouraging sign of a revival not just for the party’s institutions but its broader fortunes.",-0.25416666666666665,0.7833333333333333
338,"Amazon just announced that it’s once again hosting a major discounted shopping event months before Prime Day. Running from March 25 to 31, The Big Spring Sale, will have deals on beauty products, tech, home goods, travel necessities, Amazon gadgets (like Kindle devices) and more. One of the biggest differences between The Big Spring Sale and Amazon’s Prime Day? You don’t have to be a Prime member to cash in on the deals — anyone will be able to shop the sale on the retailer’s website starting on March 25, 2025.",0.17708333333333334,0.32083333333333336
339,"Amazon will drop new deals throughout the sale, so once it begins, it’s smart to keep checking for additional offers. Below, we outlined some of the best savings to keep an eye on, plus included information on how you can become a Prime member in case you’re ready to make that leap.",0.33012987012987016,0.3794805194805195
340,SKIP AHEAD What will be on sale during Amazon’s Big Spring Sale? | Early Big Spring Sale deals | What is Amazon Prime? | How much does Amazon Prime cost? | Why trust NBC Select?,0.07500000000000001,0.175
341,"As mentioned, during the Big Spring Sale, you’ll be able to find deals across various categories. So far, Amazon’s announced that you can expect: :",0.15,0.55625
342,"While anyone — regardless of their Prime status — will be able to shop deals during the Big Spring Sale, there will be select deals only Prime members can take advantage of. You’ll be able to identify these deals because they’ll have a “Prime Spring Deal” badge on them.",0.25,0.5875
343,"During the sale, Amazon will also offer 50% off Amazon Haul purchases. Not familiar with Haul? It’s a newly launched section on the Amazon Shopping app and mobile app that offers products that are under $20.",0.016287878787878785,0.3181818181818182
344,"We’ll be covering The Big Spring Sale extensively, but in the meantime we rounded up some on-sale Amazon finds you can shop right now. You can also bookmark this page to stay up to date on our deals coverage.",0.09523809523809523,0.32301587301587303
345,"Currently 50% off, this cordless stick vacuum has an infrared sensor that detects dirt and automatically increases power to pick it up, according to Shark. The brushroll has soft microfibers to collect stuck-on dust, plus silicone fins to dig deeper into carpet and bring up debris. The vacuum’s LED display allows you to change the suction mode and see how much battery life is left (you can get up to 40 minutes of run time on a single charge). It also comes with a crevice attachment to help you reach tight areas like couch creases and corners.",0.004166666666666666,0.18124999999999997
346,"Our pick for the best reusable water bottle with a handle, this Stanley’s tumbler holds 30-ounces of liquid and is designed to fit in most car cup holders, according to the brand. Like the best water bottles, it has double-walled vacuum insulation that keeps the temperature of your drinks steady — it can stay cool or hot for hours, according to our editors. Currently, 10 different shades are 25% off — including fuschia, glacier and nectarine.",0.40648148148148144,0.4555555555555555
347,"This 4-pack of Apple AirTags is currently on sale for its lowest price ever on Amazon. One of our favorite travel accessories, these trackers can help you find or monitor your items by syncing it with your iPhone and the Apple FindMy app. When you’re near your item, the app will guide you to it with an arrow. If you are further than 30 feet from the item you’re looking for, the AirTag will ping off other iPhones and send location data to your phone so you can track it.",0.095,0.5349999999999999
348,"Bagsmart’s carry-on won an NBC Select Travel Award last year and the brand also makes some of our favorite packing cubes. Right now, its tote is at its lowest price ever on Amazon. It has a side pocket for your water bottle and a padded laptop compartment inside. This bag is made of water-resistant nylon and weighs just 1.43 pounds.",0.2619047619047619,0.5341269841269841
349,"You can use this Anker device as a wall charger or a general power bank when you’re on the go. For the latter, it has enough juice to not only charge phones, but also iPads and laptops, according to the brand. Also nice: It has two USB-C ports and one USB-A port, allowing you to charge up to three devices at once.",0.13,0.6
350,"Amazon Prime launched in 2005 and is a paid loyalty program that gives its members various perks including free shipping on a number of items, as well as streaming and entertainment benefits.",0.2,0.65
351,"A Prime membership costs $15 monthly, or you can pay $139 annually. The yearly Prime membership includes a 30-day free trial for new members. You can sign up for either at amazon.com/prime.",0.2681818181818182,0.6272727272727273
352,Amazon also offers a discounted membership for students. Prime Student costs $69 yearly and there is also a lower-priced option for those who qualify for certain types of government assistance programs.,0.15714285714285714,0.2857142857142857
353,"I’m a writer at NBC Select who covers a variety of topics, including home, tech and beauty. I have been covering major shopping events like Amazon Prime Day, Black Friday and Cyber Monday for over a decade.",-0.05208333333333333,0.4666666666666667
354,"Catch up on NBC Select’s in-depth coverage of tech and tools, wellness and more, and follow us on Facebook, Instagram, Twitter and TikTok to stay up to date.",0.5,0.5
355,"Hayes Brown is a writer and editor for MSNBC Daily, where he helps frame the news of the day for readers. He was previously at BuzzFeed News and holds a degree in international relations from Michigan State University.",-0.05555555555555555,0.05555555555555555
356,"Hayes Brown is a writer and editor for MSNBC Daily, where he helps frame the news of the day for readers. He was previously at BuzzFeed News and holds a degree in international relations from Michigan State University.",-0.05555555555555555,0.05555555555555555
357,"President Donald Trump is warning America that his economic plan could cause pain, unsettling the American public and financial markets. He’s not hiding it — he’s openly selling the idea that tariffs, government layoffs and cuts to social programs will send the economy into a downturn. His argument? That a recession now will lead to some vague ""golden age"" later. But that’s not how economies work.",-0.04666666666666666,0.2533333333333333
358,"Recessions aren’t detox cleanses; they don’t flush out inefficiencies and leave you leaner and stronger. They are periods of mass job losses, closed businesses and financial ruin that leave lasting scars on families, workers and entire communities.",-0.025,0.18125
359,"We know this because we’ve lived it — and not even that long ago. The 2008 financial crisis and Great Recession didn’t make the U.S. economy more efficient — it wiped out a generation of wealth, particularly for Black and Latino families, and left millions behind. The recession caused by the outbreak of the Covid-19 pandemic deepened inequality and exacerbated housing insecurity, despite the fastest policy response in modern history.",0.11666666666666667,0.37962962962962954
360,Recessions don’t set the stage for prosperity; they cause long-term damage that even a decade of growth can’t fully undo.,0.0,0.0
361,"To be sure, some economists have argued recently that fears of a recession are possibly overblown. But an economic plan focused on causing deliberate harm to the American economy relies on old, discredited thinking: that recessions purge the system of waste, discipline workers into accepting lower wages and force companies to innovate.",0.0857142857142857,0.36269841269841274
362,"In reality, recessions kill small businesses while the biggest corporations consolidate power. They drive up unemployment, forcing workers to take worse jobs for lower pay, and they weaken the very public institutions — like schools, health care and infrastructure — that enable long-term economic growth.",-0.1125,0.32166666666666666
363,"Even worse, the current slate of proposed policies would actively make the economy more fragile.",-0.006666666666666665,0.52
364,"Imposing broad tariffs would raise prices for consumers and manufacturers alike, increasing inflation while slowing down economic activity. Mass layoffs of government workers wouldn’t lead to leaner government — it would gut essential public services, hurting businesses that rely on those workers’ paychecks. And cutting Medicaid and Social Security wouldn’t create a more “dynamic” workforce; it would push millions into poverty, reduce consumer spending and force older Americans to stay in the workforce longer, crowding out younger workers from job opportunities.",0.01881313131313131,0.2849747474747475
365,We don’t have to theorize about what works. The past four years of economic policy have demonstrated how to grow an economy the right way: by investing in people.,0.07857142857142857,0.32857142857142857
366,"Since 2021, the U.S. economy has outperformed most other advanced economies, achieving strong gross domestic product growth beyond expectations. Here’s why.",0.20138888888888887,0.38472222222222224
367,"The American Rescue Plan injected direct financial relief into households, expanded the child tax credit and extended unemployment benefits, boosting consumer spending, preventing mass layoffs and cutting child poverty to record lows. The Bipartisan Infrastructure Law accelerated investment in long-overdue infrastructure projects, creating jobs across industries like construction, transportation and water management while saving the average American household $700 per year. Meanwhile, the Inflation Reduction Act and the CHIPS Act have revitalized domestic manufacturing, reducing reliance on foreign supply chains — all while keeping unemployment at historic lows.",-0.08611111111111111,0.2138888888888889
368,"Rather than forcing hardship in the name of a distant, uncertain recovery, these policies focused on expanding economic opportunity in real time.",0.10000000000000002,0.2833333333333334
369,"This approach works because economic growth isn’t just about GDP figures — it’s about people’s ability to build secure, thriving lives. When workers have good wages and stable jobs, they spend money in their communities, supporting local businesses and driving demand. When public investments create new industries, they lay the foundation for long-term prosperity. And when economic policies prioritize affordability — lowering the cost of prescription drugs, housing and child care — they ensure that growth is shared, not just hoarded by the wealthiest few.",0.1873737373737374,0.27457912457912464
370,"The Trump administration’s vision is clear: force a recession, break the public sector and weaken social protections, all hoping that something better will emerge on the other side. But history has shown us what actually happens — higher inequality, lower wages and an economy rigged even further in favor of the ultrawealthy. Economic downturns don’t just disappear once the pain subsides; they leave behind long-term damage.",0.055833333333333325,0.33916666666666667
371,Clarissa-Jan Lim is a breaking/trending news blogger for MSNBC Digital. She was previously a senior reporter and editor at BuzzFeed News.,-0.08333333333333333,0.08333333333333333
372,Clarissa-Jan Lim is a breaking/trending news blogger for MSNBC Digital. She was previously a senior reporter and editor at BuzzFeed News.,-0.08333333333333333,0.08333333333333333
373,"In 2021, Know Your Value and Forbes launched a first-of-its-kind  list dedicated to spotlighting women who are making their greatest impact in life’s second half.",0.2777777777777778,0.3888888888888889
374,"Produced in partnership with ""Morning Joe"" co-host Mika Brzezinski, the 50 Over 50 is a collection of women who reject the conventional wisdom that their best years are behind them. They’re leading a movement: We received more than 10,000 submissions for 2021’s first list of 50 people.",0.24142857142857146,0.43809523809523815
375,"We’ve since expanded the list from the U.S. to Asia, Europe, the Middle East and Africa, South America and beyond. And now, we’re looking to do it for a fifth year in a row.",0.0,0.0
376,"We continue to seek women who are actively stepping into their power in their sixth decade or beyond. We’re looking for new stories about accelerating or recreating careers to reach the highest echelons of a business or field after turning 50—with an eye toward women who have overcome significant odds and are creating businesses at scale. And most importantly, we’re looking for an entirely new group of women for this year’s class of 50 Over 50; no repeats are allowed for this dynamic list!",0.20205627705627707,0.5786796536796537
377,"Want some examples of what we’re looking for? Bobbi Brown is a quintessential 50 Over 50: She sold her first company, the eponymous Bobbi Brown Cosmetics, to Estee Lauder for a reported $74.5 million in 1995. Then 38 years old, Brown signed a 25-year non-compete clause, figuring she’d be happy turning Bobbi Brown Cosmetics into a billion-dollar brand under the umbrella of a bigger company until it was time to retire in her 60s. Only one catch: She didn’t want to retire. Now 67, Brown is the founder and CEO of Jones Road Beauty, a direct-to-consumer clean makeup brand that has achieved viral TikTok success.",0.25952380952380955,0.5333333333333333
378,"Or Bettie Parker. After a 33-year career as a math teacher in Elizabeth City, North Carolina, Parker embarked on a second act as a politician. In 2017, then 69, Parker became her city’s first female mayor—an accomplishment all the more poignant for a Black woman who’d been born into segregation and as a child could not even use her city’s public restrooms.",0.08333333333333334,0.2857142857142857
379,"Do these stories describe you, or someone you know? Submit your nomination for the 50 Over 50 today. The full guidelines are below, and for ideas and inspiration, see our our 2023 50 Over 50 here, or our inaugural edition here.",0.35,0.55
380,CLICK HERE TO SUBMIT YOUR NOMINATION TODAY!!!,0.0,0.0
381,Guidelines are below:,0.0,0.0
382,"• Open to women whose residence or work is primarily based in the United States, born on or before December 31, 1974. If you turn 50 in 2024 (i.e, if your birth date is 1975 or later), you are too young to be eligible!",0.13125,0.35
383,"• Candidates should reflect the full range of career and passion-project paths, including entrepreneurs and business owners; nonprofit and philanthropy leaders; public servants, policymakers and social advocates; C-suite executives; VCs, angels and financiers; STEM visionaries; and arts and culture creators and producers.",0.12777777777777777,0.22777777777777777
384,"• For founders and CEOs of for-profit businesses, we’re looking for businesses with a minimum of $5 million in annual revenue.",0.0,0.0
385,"• We do not allow repeats on this list—once someone is a part of the Over 50 community, she is always a part of the Over 50 community—so we kindly request that you nomination people who were not on the 2021, 2022, 2023 or 2024 lists.",0.6,0.9
386,"• Fill out the form below, making sure all the information is accurate and, most important, highlights why you or your nominees should be on this list. Remember to include how you shifted or accelerated your career at midlife and the impact you’ve made in your field or community.",0.45000000000000007,0.7555555555555555
387,"• We also welcome nominations from family, friends and colleagues.",0.8,0.9
388,• Nominations will be vetted by our editors and judges. Semifinalists will be contacted for any additional material and to confirm information.,0.0,0.0
389,"• The deadline to submit all nominations for the U.S. list is 11:59pm ET on Thursday, May 29, 2025.",0.0,0.0
390,"California Gov. Gavin Newsom has a new podcast called “This Is Gavin Newsom.” Many Democrats are not going to be happy about it, because thus far all it shows is that Newsom is not who we thought he was.",0.38409090909090915,0.7386363636363636
391,"As Newsom put it, the show’s premise is talking to “people I disagree with, people I look up to.” Over the first few episodes, the governor’s chat partners have only been far-right activists and commentators, so one would expect them to fall in the first category. Yet Newsom is so deferential to his guests — even when they spread noxious right-wing propaganda — that sometimes they seem to fit more clearly in the latter category.",0.13333333333333336,0.35
392,"Newsom is widely considered a serious contender for the 2028 Democratic nomination, and his decision to start a podcast and invite big-name right-wingers — like former Trump campaign manager Steve Bannon and Turning Point USA founder Charlie Kirk — seems like an obvious attention grab. But it’s not clear if Newsom has a clear command of his new project, or whether the attention he seeks could backfire on him.",-0.03528138528138528,0.3982683982683982
393,"The first episode featured Newsom telling Kirk that his son is a fan of the MAGA activist. Newsom also agreed with or praised Kirk scores of times — so much, in fact, that Kirk later said “Gov. Newsom was being overly effusive in his praise of me.” Listening to the Democrat — who as mayor of San Francisco two decades ago was at the vanguard of the gay rights movement — gush with warmth and admiration for a far-right commentator who has promoted the racist “great replacement theory,” called for completely banning gender-affirming care for trans people and described trans people as “disgusting, mentally ill, neurotic, predatory freaks” was jarring and disheartening.",0.033333333333333354,0.5333333333333333
394,"In the headline-generating moment of the interview, Newsom said it was “deeply unfair” to allow transgender women and girls to compete in female sports. He also objected to “woke culture,” saying nobody in his office ever used the term “Latinx” — even though he has used the term himself in the past multiple times. The conversation seemed to signal that Newsom is moving to the right of the Democratic Party establishment on a number of culture war issues.",-0.09285714285714286,0.39047619047619053
395,"Newsom’s newly revealed positions represent the strain of thinking in some Democratic circles that the party should retreat from less popular policy positions and linguistic norms tied to progressive inclusivity in order to appeal to a wider base. Recent polls from YouGov and The New York Times/Ipsos  have found that a sizable majority of Americans believe trans women should not be able to participate in women’s sports. And some data shows that the term Latinx, which is an attempt to make the term “Latino” more gender neutral, can drive Latino voters away from Democrats.",0.11178451178451176,0.4834175084175085
396,"It is theoretically possible that shifting on the issue of trans women in sports could make Democrats more appealing to the general electorate. But there’s also reason to be skeptical. Vice President Kamala Harris kept trans issues at a distance during her 2024 White House bid, but she was still defined by the right over her earlier positions. And survey data and studies consistently showed trans issues were never a top-tier issue for voters in the election and had little to no effect on voter choice.",0.08982142857142858,0.47857142857142854
397,"In other words, it’s possible that Newsom — who until this podcast had been considered an exceptional LGBTQ ally — is signaling a distance from the trans community that would never endear him to people on the right. The pivot is likely to come off as insincere to many, in part because the binary between Democrats and Republicans on trans rights is so stark that Democratic moderation will go unrewarded.",0.1610544217687075,0.7158163265306122
398,"The other issue for Newsom is that if he were ever to run for president, he’d have to get through the primary electorate first. And it’s clear that Newsom has immediately sparked a backlash online from many progressives who think his pivot is expedient and marks an abandonment of the trans community. Every presidential hopeful has to watch both their right and their left flank — and navigate those challenges without being branded a total phony.",0.1763392857142857,0.42217261904761905
399,"Newsom’s conversation with Bannon was also packed with deference and praise for one of the most influential architects of the Trump era. Newsom allowed Bannon to casually lie about the 2020 election without pushback, and to define right-wing populism as “anti-elitist” without any substantive objection about Trump’s billionaire-friendly presidency. Newsom also chuckled as Bannon implied that the legal cases against Trump were purely political. Given the tone of the rest of the conversation, the laugh came off as sympathetic rather than a recognition of absurdity.",0.16666666666666666,0.4611111111111111
400,"It wasn’t a debate or a dialogue; on everything from DOGE to tariffs, Bannon ran the table and Newsom mostly nodded along. To be sure, on occasion Newsom pushed back on issues like trade, but those were the exceptions proving the rule, and the overall effect was to normalize the rest of Bannon’s noxious misinformation and right-wing theories of society — which went unchallenged.",0.25,0.3472222222222222
401,"It’s hard to tell if Newsom knows what he’s doing or how he’s coming across. Politicians like former Transportation Secretary Pete Buttigieg and Sen. Bernie Sanders, I-Vt., know how to talk in a persuasive and respectful tone to conservative audiences while maintaining their adherence to liberal and social democratic values, respectively.",0.048333333333333325,0.2816666666666667
402,"Newsom, by contrast, comes off in these podcast episodes like a dupe and a pushover to progressives, and it’s doubtful that his acquiescent posture will translate to votes from across the aisle. Even on the level of pure political education, Newsom’s project is irresponsible. He’s effectively sane-washing lots of right-wing talking points that demand more serious engagement than he’s demonstrated he’s capable of providing, and he is not advancing arguments about how folks on the right should see it in their interest to reconsider the left.",0.07407407407407407,0.4891534391534391
403,It begs the question: Who is “This Is Gavin Newsom” for?,0.0,0.0
404,"Guthrie Graves-Fitzsimmons is senior director of policy and advocacy at Interfaith Alliance and the author of ""Just Faith: Reclaiming Progressive Christianity.""",0.0,0.0
405,"Guthrie Graves-Fitzsimmons is senior director of policy and advocacy at Interfaith Alliance and the author of ""Just Faith: Reclaiming Progressive Christianity.""",0.0,0.0
406,"Victoria Ellen Bruce, my mom’s younger sister, loved to play bid whist, hear a good joke and never saw a purse she didn’t need. “Oooh, girl, give it here,” she’d say on the regular.",0.35,0.36923076923076925
407,"Aunt Vicki, who lived with multiple sclerosis for most of her adult life, died last year at a long-term residential facility where not even my mother’s dogged and formidable advocacy kept her from being neglected.",0.15,0.21666666666666667
408,"Most people living in long-term care facilities are on Medicaid. The program keeps them alive, paying for their care and housing. Shamefully, my House Republican colleagues just passed a budget proposal that cuts Medicaid to help fund tax breaks for wealthy Americans. Medicaid needs more money, not less.",0.33666666666666667,0.49333333333333335
409,"The loss of Aunt Vicki has been painful for my family. My mother grieves every day. She thinks about her, talks about her and cries over her. Losing a younger sibling is incredibly hard, especially one as full of life, love, hope and faith as my aunt.",-0.02361111111111112,0.5986111111111111
410,"Just as Aunt Vicki’s nursing career was taking off, we would go out to places and she would fall. It didn’t happen often but, after too many of these unresolvable episodes, she went in for tests and was diagnosed with the debilitating and incurable disease that is MS. We were all shocked. No one else in the family had ever had MS. The falls became more frequent. She was not able to continue her  nursing career. A walker led to a wheelchair, a scooter and eventually a bed at a long-term residential facility.",-0.05833333333333333,0.5541666666666667
411,"My aunt had the best caregivers in my grandmother (a nurse) and my mom (a Leo). They both fought hard against the system. Aunt Vicki loved receiving phone calls from me. We would talk, laugh and share stories. Eventually, she would tell me about some grievance with the nursing home, and then she would say how grateful she was for my mother for making it right. We should all be so lucky to have a caregiver as fierce as my mom.",0.3878968253968254,0.518452380952381
412,"In January, my mom came to Washington to watch me get sworn into Congress. Before she left, we discussed an article she had read about Melinda Lunday, who works for the Long-Term Care Ombudsman Program. The ombudsman’s job is to visit assisted living facilities and residential care homes to ensure that patients, our family members, are not abused. Through my own research, I read about a patient who died after mistaking cleaning chemicals for juice. In some facilities, elderly individuals or patients with disabilities have gone unwashed for more than a year, do not get their teeth brushed regularly or are forced to sleep overnight in soiled briefs.",0.13333333333333333,0.3128205128205128
413,"Again, even with my mother staying as vigilant as she was, Aunt Vicki was neglected by the system. As the MS worsened, she needed more consistent and observant care, but her health and safety became increasingly compromised because she didn’t get what she deserved.",0.375,0.375
414,"The disease eventually made her completely bedridden. Because she stayed in the same position for hours at a time without being moved, she developed bed sores that turned into open wounds. The first time mom saw one of Aunt Vicki’s wounds, she said, “It was so deep, I could see to the bone.”",0.075,0.3430555555555555
415,"My mother would ride the nursing home administrators. That is the life of a caregiver. She would visit regularly, write letters, make phone calls and chew people out; Vicki’s care would improve for a little while and then backslide again.",-0.09375,0.28846153846153844
416,"In 2023 and 2024, annual federal funding for the nationwide ombudsman program was set at $22 million and $27 million, well below what’s needed to fund the recommended ombudsmen-per-bed ratios. In 2023, there were 202,894 complaints regarding long-term care facilities, but only 4,943 ombudsmen staff and volunteers available to investigate.",0.2,0.7
417,That is a disgrace.,0.0,0.0
418,"For many patients, their only advocate and hope is an ombudsman. Without them, many of our loved ones will suffer and die. That’s why it’s so unconscionable that Republicans are trying to slash Medicaid when it helps states pay for this critical program and others like it.",0.33999999999999997,0.72
419,"House Speaker Mike Johnson, R-La., is lying when he says Republican cuts will not touch Medicaid. According to the nonpartisan Congressional Budget Office, it’s impossible to cut $880 billion from the House Energy and Commerce Committee budget, which Republicans want to do, without gutting Medicaid, Medicare or the Children’s Health Insurance Program. It’s mathematically unavoidable.",-0.3333333333333333,0.5
420,"Caregivers like my mom and patients like my aunt deserve a Medicaid program that is properly resourced so that it works for those who rely on it. Government programs cannot be efficient if workers are fired, funding is slashed and services are eliminated.",0.0,0.1
421,"I encourage people who’ve had an Aunt Vicki in their life to share their stories with their representative in Congress. We must breathe life into Medicaid with our experiences, so that everyone understands how vital this program is for our families and for the people we love.",0.3,0.5
422,"The Senate voted on Friday afternoon to move forward with a Republican short-term funding bill and avoid a federal government shutdown. Ten Democrats, including Senate Minority Leader Chuck Schumer, voted in favor of cloture, limiting further debate and advancing the bill to final passage. The funding bill then passed in a 54-46 vote, with two Democrats joining all but one Republican senator in support.",0.0,0.5
423,"It was the culmination of a wild week that brought to a head a divide among congressional Democrats over how best to counter President Donald Trump’s agenda. Moreover, it has left Schumer a far cry from his past as once one of the party’s more effective messengers. Now, the caucus he leads, thanks to his own missteps, appears too disjointed and out of sync to have a coherent message.",0.3350000000000001,0.515
424,"For months now, Schumer has advocated for a posture of letting Republicans trip over themselves and reaping the rewards during the midterms. “Trump will screw up,” he told Semafor in early February, urging Democrats to remain patient. Even as it became clear that negotiations over the looming government funding deadline were faltering, Senate Democrats have been more focused on the fight over the GOP’s funding bill for the next fiscal year.",0.175,0.29583333333333334
425,"History was on their side on that front, especially with the extremely narrow GOP majority in the House. The odds of Speaker Mike Johnson, R-La., managing to corral his fractious caucus without support from Democrats to get a funding bill over the line seemed slim. But then the unthinkable happened: the House GOP banded together without any of its usual drama.",-0.1,0.51
426,"The continuing resolution the House approved on Tuesday slashes funding for nondefense spending over the next six months but does so stealthily enough that swing-district Republicans could support it. More significantly, the normally anti-CR House Freedom Caucus jumped on board after Trump and Vice President JD Vance promised that the White House would simply cut whatever spending the resolution authorized that they didn’t like. That alone should have been enough to make clear to congressional Democrats that the language they were demanding to curtail Trump’s illegal impoundment should be required for any support in passing the bill.",0.0625,0.42654761904761906
427,"House Democrats were a bit all over the place in their reasoning for opposing the bill, citing the reduced short-term funding, the longer-term risk to Social Security and other entitlements, and calling it as a free pass to let the Department of Government Efficiency continue its illegal downsizing of the government. But despite differing motives, House Minority Leader Rep. Hakeem Jeffries, D-N.Y., made sure his caucus agreed on the results. All but one House Democrat voted against the bill. Given lawmakers’ — and especially Democrats’ — temptation to avoid blame for a shutdown, this was a major feat for Jeffries and his team.",0.052976190476190475,0.5900793650793651
428,"But even as House Democrats stuck together, it quickly became clear how unprepared Senate Democrats were for this moment. According to NBC News, “Schumer didn’t initiate a full caucus conversation about how to handle the House measure until Democrats met for lunch on Tuesday,” after the House bill had already passed. Two days of closed-door discussions did not lead to consensus among members on how to avoid a shutdown without appearing to capitulate to Trump.",0.2611111111111111,0.4777777777777778
429,"The resulting messaging from Senate Democrats was a mess. On Wednesday afternoon, Schumer announced that there weren’t Democratic votes for the GOP bill and that the caucus was unified on a 30-day funding bill to allow for more negotiations. But getting that alternative to the floor would have required offering it as an amendment, which would have required at least eight Democrats to vote for cloture anyway. It would only be then that Democrats could offer up their plan as amendment — which was guaranteed to fail, given that Republicans control 53 seats. (It and two other amendments, as predicted, failed to pass on Friday afternoon.)",-0.15714285714285717,0.43571428571428567
430,"The strategy seemed like an attempt to use the arcane procedures of the Senate to hoodwink Democratic voters into thinking the caucus had done everything in its power to stop the resolution. That feeling was justified the next day when Schumer turned around to say that he would vote in favor of advancing the bill rather than allowing a shutdown. ""I believe allowing Donald Trump to take even much more power via a government shutdown is a far worse option,” he said in a floor speech. “I will vote to keep the government open and not shut it down.”",0.06349206349206349,0.5412698412698412
431,"It’s not that Schumer’s reasoning was entirely misguided. As one senator reportedly yelled at their colleagues this week, the Trump administration might use a shutdown to declare a national emergency. It could also be used to justify Elon Musk and the Department of Government Efficiency firing “nonessential” personnel. And shutdowns are generally bad politically for the party that’s seen as at fault. But for a party that has struggled to figure out where to draw the line against Trump, it came across as a prime example of giving up without a fight.",-0.23333333333333328,0.46388888888888885
432,"To say that House Democrats were angry at Schumer’s capitulation is an understatement. Their fury was compounded because, according to NBC News, Jeffries’ team had let Schumer know about their plan to unify against the bill and force the GOP back to the table — a plan that could only work if Senate Democrats held strong as well. “I think there is a deep sense of outrage and betrayal, and this is not just progressive Democrats — this is across the board, the entire party,” Rep. Alexandria Ocasio-Cortez, D-N.Y., told reporters on Thursday night.",-0.011111111111111118,0.6263888888888889
433,"This sort of dispute is exceedingly rare for congressional Democrats. What makes this divide even more unusual is that it isn’t based on ideology. Moderate and progressive Democrats alike have either denounced or disregarded Schumer’s argument. Nor can the split be primarily viewed as a battle between the old guard and upstarts, as The New York Times framed the anger at Schumer. Former Speaker Nancy Pelosi, D-Calif., who was Schumer’s partner in countering the first Trump administration, lent her voice to the chorus denouncing his decision. And when asked about the Senate leadership’s performance this week, Jeffries responded with a distinct lack of support for Schumer: “Next question.”",0.12386363636363636,0.4239898989898989
434,"There’s a distinct irony here given how much of Schumer’s rise was fueled by his reputation as being a media whiz. After his predecessor, Sen. Harry Reid of Nevada, announced his retirement in 2015, Schumer was immediately tapped to take the reins. As Politico wrote at the time: “After two cycles running the Democratic Senatorial Campaign Committee and after he’s taken the reins as the messaging guru, Schumer is viewed by many of his colleagues as being one of his party’s savviest political tacticians.” Now that reputation seems ill-deserved given the heartache and lack of clarity along the way from him.",0.25,0.275
435,"In this case, Schumer got what he wanted and managed to bring enough of his members with him to avoid a shutdown. But in the process, he’s alienated the House and accelerated the growing conversation about the need for sitting senators to face primary challengers. Whether he leads the Senate Democratic caucus after the midterms is now in doubt. And in refusing to use every tool in his power to stop Trump’s violation of the Constitution, Schumer has left an already demoralized Democratic base wondering when, if ever, the party’s leaders are going to act like their campaign trail warnings about the threat Trump poses to the country will be reflected in their actions.",-0.1,0.5
436,"Bill Burr talks a whole lot about men in his new comedy special “Drop Dead Years,” which debuted on Hulu on Friday. Why is it, he wonders aloud, that only men “drop dead,” usually between the ages of 49 and 61, sometimes while manscaping “in the upstairs bathroom while listening to AC/DC”? How come “men aren’t allowed to be sad”? “We’re allowed,” he continues, “to be one of two things: mad or ‘fine.’ That’s it.” If you want to see sad men doing sad things in their natural sad habitat, Burr suggests, visit your local Guitar Center.",-0.13530167748917749,0.5922483766233766
437,"Burr is also thinking about men in much more personal terms. “Drop Dead Years” opens up with the comedian, offstage, reflecting candidly:",0.22499999999999998,0.5
438,"Bill Burr is a therapeutic work in progress. He’s bravely figuring himself out ... in public. The process, however, is not free of contradictions. Nor is it going very smoothly.",0.28,0.6291666666666667
439,"In “Drop Dead Years,” as in previous specials, he copiously mocks women, feminists, gays, liberals, trans people, overweight people, etc. And while the results are often very funny, this sure is an odd way to get “everybody” in the room to like him.",0.05833333333333333,0.5411111111111111
440,"The response to his controversial “Saturday Night Live” monologue of 2020, in which he lit up “cancel culture,” is a case in point. As is his postelection 2024 “SNL” appearance, when he counseled women not to wear pantsuits like Kamala Harris did. Instead, the ladies who seek elected office should “whore it up a bit.”",0.3431818181818182,0.725
441,"It’s tempting to situate a comedian like Burr in the present comedic “manosphere.” That would be the dank man cave where Joe Rogan, Tony Hinchcliffe, Theo Von and others trash liberal pieties, garner immense crowds and earn success and influence in the process. Like them, Burr’s got the stage rage. He’s got the confrontational “I’m so mad my heart is about to explode!” affect. He too delights in (rhetorically) coldcocking minorities.",-0.1203125,0.5
442,"But Burr is different. He’s not only older than these boys, he is infinitely more intelligent. A heady gag in “Drop Dead Years” about KKK members riding in the HOV lane reminds us that Burr is a thinking man’s comic in the style of George Carlin. He’s also an exceptionally skilled physical actor. He uses his body, pasty white face and bald dome (which shines like a diamond under the stage lights) in ways that few can rival: I especially appreciated his imitation of a man dropping dead out of a golf cart.",0.13452380952380955,0.3982993197278912
443,"And then there’s what we might call Burr’s balance. He’s not averse to punching up. In an interview with NPR’s Terry Gross this past week, the comic set his sights on Elon Musk. “I just refuse to believe,” Burr declared, reflecting on the billionaire’s Inauguration Day salutes, “that it was an accidental, two-time ‘Sieg heil.’”",0.0,0.25
444,"Yet what truly separates Burr from the manosphere bros is that he appears to be making an earnest attempt at introspection. As the opening comments in this latest special suggest, Burr is doing the work, limning the pain, trying to be a better husband and dad. He’s boldly marching into the aforementioned room — a “room,” I might add, that streams to a few million people — and bleeding out.",0.24841269841269842,0.45634920634920634
445,"Burr’s asking questions. Why can’t men wrap themselves in an afghan, sit in a corner and brood like women can? Why can’t men be sad? The problem is that, like Dave Chappelle, he also demands to know why he can’t use a homophobic slur anymore.",-0.5,1.0
446,"His public therapeutic turn, with all of its contradictions, is equally evident in the NPR interview with Gross. One second he’s decimating Musk’s “laminated face” and the next (like, literally one second later), he’s talking about why he hates liberals. One second he’s confronting his flawed masculinity; moments later, he’s subjecting Gross to the type of off-the-shelf manosphere rebuttals that are guaranteed to drive liberal women, among others, to distraction. (The normally serene Gross, for her part, at some points low-key loses her patience with Burr’s evasions and interruptions.)",-0.028571428571428574,0.11190476190476191
447,"Bill Burr is extremely funny. But politically, the man is completely incomprehensible.",0.11666666666666665,0.5
448,"In terms of psychic self-awareness, I don’t think he’s quite “there” yet (wherever that may be). Admirably, he’s realized that he performs his comedy to avoid getting hurt. It therefore boggles the mind that he seems to make no effort to interrogate whether and how his jokes, broadcast to multitudes, might hurt other people, whether that’s gay men, or women bemoaning Harris’ election loss (and their personal freedoms).",0.09722222222222222,0.41944444444444445
449,"The closing sequence of “Drop Dead Years” provides a clue as to how Burr may presently resolve all this psychic tumult. A few moments earlier, he had mentioned that he was touched inappropriately as a child (“I got touched as a kid”). Now the credits have rolled, we’re in the alley behind the theater. Away from the crowd. Everything’s quiet. Burr is sitting on the stoop of the stage door. His buddy is eating a sandwich and drinking a beer. Burr is smoking a cigar. It’s a good cigar. Maybe, the moment suggests, men achieve psychic resolution by being alone with other men.",-0.02812500000000001,0.37604166666666666
450,"With the threat of a government shutdown averted after the Senate passed a government funding bill Friday, Washington and the nation can breathe a sigh of relief. But in the aftermath, Senate Minority Leader Chuck Schumer is the object of angry Democrats in Congress and across the country who wanted a fight with President Donald Trump and congressional Republicans. As a former senior member of the House Appropriations Committee, I am a veteran of numerous government-funding fights. I know what causes shutdowns and the difficulty of reopening the government after a shutdown. Schumer faced an incredibly difficult predicament and he was right to support keeping the government open.",-0.10204081632653061,0.5051020408163265
451,"Let’s start with the basics. Since the start of the fiscal year in October, the federal government has been operating on a continuing resolution, which means the government was being funded (with limited exceptions) at levels set the previous fiscal year. The bill enacted on Friday extends funding through September, the end of the fiscal year. It funds the government largely at current levels, although defense spending is slightly increased while domestic spending is a slightly decreased.",-0.13412698412698412,0.2793650793650793
452,"There is a word to describe governing by CR: failure. CRs represent Congress’ failure to do its most fundamental task: responsibly fund the government. The executive branch, especially the Pentagon, have real difficulty operating under CR’s. Some funding accounts will be depleted and in need of replenishment; others will be too flush and in need of reduction. It is very difficult for the executive branch to move monies between accounts without congressional sign-off — not that this fact will discourage the Trump administration from trying.",-0.054761904761904776,0.5642857142857143
453,"But while a yearlong CR is a terrible way to run the federal government, it is better than a government shutdown. Schumer is being pummeled for his decision by his angry Democratic base for not fighting the CR, but he understood things could get much worse for federal employees and congressional Democrats during a shutdown. Trump would be empowered to determine which federal employees were essential or nonessential. Trump surely would have designated as many federal employees as possible nonessential and furlough them. The so-called Department of Government Efficiency would run wild, putting even more employees at risk of permanent dismissal. Recalling all those furloughed nonessential employees would have been enormously challenging.",-0.00833333333333334,0.724074074074074
454,"As for Democrats’ political struggles against the Trump administration, a shutdown would have redirected the focus away from the economy, Trump’s destructive tariffs, appeasement of Russia and betrayal of Ukraine, and Elon Musk’s chainsaw and wood chipper approach to reducing the federal workforce. Furthermore, the party making the policy demand is blamed for a shutdown. Republicans were blamed in 2013 and 2018-19 shutdowns for wanting to defund Obamacare and immigration demands, respectively. That’s because demanding policy concessions to keep the government open is not a winning argument. It’s the equivalent of a small child holding his breath and waiting for everyone else to turn blue. It doesn’t work.",-0.15714285714285717,0.36428571428571427
455,"Furthermore, Schumer was likely honoring the wishes of members who wanted him to save them from themselves. Punchbowl reported Monday that “based on our conversations with Democratic senators, many more Senate Democrats than just the nine who voted with Schumer agreed with his ultimate decision.” This is a familiar strategy in Washington, known as “vote no, hope yes.” Leadership can be a lonely job when tough decisions like this one are required. After all, a leader with no followers is just a guy taking a walk.",0.12658730158730158,0.719047619047619
456,"To be clear, Schumer’s handling of this situation was not perfect. First, if he intended to fold, he should have done so sooner and not raised expectations of fighting the House-passed GOP funding bill. Second, congressional Democrats failed to articulate clearly what they even wanted in the bill, which muddled their message. Third, Schumer and House Democratic Leader Hakeem Jeffries were not coordinated in their negotiating strategy with congressional Republicans.",-0.07857142857142856,0.34285714285714286
457,"But had Schumer chosen to fight, Democrats would likely have shouldered at least part of, if not most, of the blame for what could have been a protracted, painful shutdown. The bottom line is Senate Democrats were in a terrible, no-win position. The choice was to fight and shut down the government, or fold and find better ground for another day. Schumer, smartly but painfully, chose the latter. He made the right choice and took one for the team.",-0.19141414141414143,0.6061327561327562
458,"President Donald Trump on Tuesday called the federal judge adjudicating a challenge to recent deportation orders a “Radical Left Lunatic of a Judge, a troublemaker and agitator” and called for his impeachment. In response to this and other, similar attacks on judges, Supreme Court Chief Justice John Roberts took the extraordinary step of issuing a public statement condemning such attacks.",0.02976190476190476,0.37023809523809526
459,"As the chief justice explained in his statement, “For more than two centuries, it has been established that impeachment is not an appropriate response to disagreement concerning a judicial decision. The normal appellate review process exists for that purpose.”",0.3833333333333333,0.5499999999999999
460,This could be a signal that Roberts might not be willing to rule with the Trump administration when it comes to its many forays into seemingly unconstitutional territory. And not a moment too soon.,0.375,0.625
461,"Like most chief justices who have preceded him, Roberts tends to let his judicial opinions deliver his messages. This time, as the Trump administration’s attacks on the courts are growing, we face the likelihood of seeing federal officials defy court orders in the very near future (if they haven’t done so already). That’s why the chief justice’s statements couldn’t come at a better (or more perilous) time for the rule of law, which seems constantly under threat.",0.27166666666666667,0.41305555555555556
462,"Federal judges, like many other federal officials, are subject to removal from their otherwise lifetime appointments through impeachment. Removal of federal judges through impeachment is very rare, however. It has happened only five times over the last 100 years and typically for things like outright corruption. The purpose behind the lifetime appointment of federal judges and the high bar of impeachment is, as Alexander Hamilton explained, to insulate judges from the political winds and outside pressure.",0.01742424242424243,0.4695454545454545
463,"Indeed, Hamilton argued in Federalist 78 that not just independence, but also “complete independence of the courts” was “peculiarly essential in a limited Constitution,” one in which other branches were constrained by the Constitution and the courts had to help enforce those constraints.",-0.024107142857142855,0.3044642857142857
464,The recent attacks on judges fly in the face of this “complete independence.”,0.3,0.5166666666666666
465,"Since the start of Trump’s second administration, calls for impeachment have emanated from members of Congress, Elon Musk and now from the president himself. What is more, we seem to be headed for a significant constitutional crisis over whether the Trump administration is willing to defy court orders.",0.28125,0.53125
466,"Almost at the same time that the chief justice was issuing his statement, in a courthouse down the street, lawyers for the federal government were trying to defend the actions of the administration over the weekend, when it seemed they might have ignored a direct order of another judge, this one from James Boasberg, the chief judge of U.S. District Court for the District of Columbia. This is the same judge Trump called a “radical left lunatic,” who just happened to have been confirmed by the Senate in a 96-0 vote in 2011.",0.05740740740740741,0.32314814814814813
467,"In that case, Judge Boasberg had directed the government to stop its deportation of hundreds of migrants without due process of law, including directing the government to turn any planes around that might contain such migrants and might have already taken off.",-0.0625,0.4375
468,"Despite some defiant statements over the last few days that the court had no power to issue such orders or that the government didn’t have to obey them, lawyers were in court Tuesday afternoon trying to explain that the actions of the federal government weren’t actually in contravention of the court’s order. Their position in court has been very different from the bold statements from several Trump officials, made to the media, that the administration could simply flout the court’s directives.",0.016666666666666663,0.3213095238095238
469,While it is obviously critical for the chief justice to speak up against unconscionable attacks on judges because they might disagree with the Trump administration over the law — which is all that the judges who have been attacked so far have done — the Roberts defense could signal that he may serve as a bulwark on the court against the more extreme positions of the Trump administration more generally and the arguments raised by its lawyers.,0.1708333333333333,0.7166666666666667
470,"When an emergency application came before the Supreme Court over cuts to the U.S. Agency for International Development, at first Roberts issued an administrative stay of a lower court order to give the entire court a chance to consider the Trump administration’s request to enable it to continue to devastate this agency. That gave some court watchers pause, and many expressed concerns that the Trump administration would be unleashed to take action against not just USAID but also other government agencies.",0.12083333333333333,0.32222222222222224
471,"Several days later, though, the entire court ruled, with Roberts in the majority (with Justice Amy Coney Barrett and the three liberal justices), to allow the lower court’s order protecting USAID to take effect once again.",0.0,0.20833333333333334
472,"During his confirmation hearing in 2005, Roberts famously said his job was to “call balls and strikes,” like an umpire in a baseball game, and not to set the strike zone. Perhaps he realizes now that he has to do more than sit by impassively passing judgment, however. Perhaps he is starting to understand that without a sustained, vocal and affirmative defense of the judiciary, he might find that there might be little left to adjudicate in the event the branch whose job it is to “say what the law is,” as former Chief Justice John Marshall once said, finds itself hobbled and silenced by such overt threats to the rule of law.",0.06124999999999999,0.47000000000000003
473,"When federal agents arrested Columbia graduate student Mahmoud Khalil this month, he was reportedly told that his student visa was being revoked. The supposed offense: leading protests denouncing Israel’s war in Gaza on the school’s New York City campus last year. When Khalil said he was a permanent resident with a green card, he was told that status was being revoked by the State Department.",-0.02121212121212122,0.2737373737373738
474,Secretary of State Marco Rubio told CBS’s “Face the Nation” on Sunday that the Trump administration will continue to revoke the legal immigration status of folks he terms “Hamas supporters “ in order to deport them. Rubio’s bold assertion may succeed in court thanks to a rarely used power the secretary of state possesses that can circumvent other statutes that could have protected Khalil from arrest and deportation.,0.14305555555555557,0.3902777777777778
475,"A 1990 update to the Immigration and Nationality Act says the rules that let the State Department deny a noncitizen admission into the U.S. can also be used to make a legal alien eligible for deportation. Immigrants can’t be barred from entry for holding beliefs that would be legal in the United States and, for now at least, there’s no question that believing Israel’s war in Gaza should end is, in fact, still legal for American citizens, as is protesting universities’ support in that war.  But the law makes an exception if “the Secretary of State personally determines that the alien’s admission would compromise a compelling United States foreign policy interest.”",-0.0024999999999999966,0.3525
476,"President Donald Trump’s advisers and administrators have been laser-focused on finding potential edge cases in the law, that is, areas where loopholes and emergency powers can be exploited. In the flurry of executive orders issued from the White House, agencies have consistently been told to comply with their instructions “to the maximum extent of the law.” But that boilerplate language obscures how this administration is pushing the limits and trying to establish a new normal where there are no checks on whatever the president wants to do.",0.09090909090909093,0.35064935064935066
477,"Admittedly, the federal code is filled with laws that leave plenty room for bad-faith interpretation. Congress has developed a habit of writing bills that allow the executive branch to bypass lawmakers in case of emergency or otherwise divest authority on the details of how the law will be executed. The Trump administration seeks to trigger those authorities in ways that Congress may not have intended, and the courts may not agree with, to give the veneer of legality as they proceed with their plans.",0.25,0.6
478,"In Khalil’s case, leapfrogging the normal immigration channels means the Trump administration doesn’t need to accuse Khalil of a crime. Under this reading, as Trump lawyer Alina Habba told Fox News, even handing out of pamphlets the administration doesn’t like could be grounds for deportation.",0.15,0.6499999999999999
479,"Trump is trying to use every legal provision, regardless of how flimsy, to justify the mass deportations that are central to his immigration policy. On the first day of this term, he declared an “emergency” along the southern border, invoking the powers granted in the National Emergencies Act to mobilize resources and the armed forces. Trump also issued a proclamation declaring that an “invasion” is ongoing, and that he would use the “inherent powers to control the borders” he possesses, regardless of the limitations of the Immigration and Nationality Act.",0.1125,0.19583333333333333
480,"Those orders became the foundation on which his administration invoked the Alien Enemies Act to rapidly deport Venezuelans it accused of gang activity this weekend. The 1798 statute was part of the infamous Alien and Sedition Acts, which were passed in a time of quasi-war against France and Britain. In the proclamation announcing the policy, Trump claimed that the law grants him the authority to expel Tren de Aragua, a gang designated as a terrorist organization under another questionable executive order. A federal judge paused the administration’s use of the law in an order issued Saturday, but an unknown number of immigrants have now been deported to El Salvador, even though many of them reportedly have no proven connection to the gang in question.",-0.18333333333333335,0.7666666666666666
481,"Meanwhile, Trump officials continue to hunt for the slightest pretense to invoke other emergency powers. The administration is reportedly looking for a reason to use Title 42, a public health provision triggered early in the pandemic, to fully close the southern border again. Trump is waiting on a report from the Pentagon and Department of Homeland Security on whether he should call upon the Insurrection Act’s powers to deploy the military deeper into the United States. Civil liberties groups fear the 1807 law could be used to stifle civil protests, as Trump advocated during his first term, wrongly transforming the armed forces and National Guard into a domestic police force.",-0.046875,0.27187500000000003
482,"The administration has also been busy in other areas finding weak points in the law to consolidate power. Office of Management and Budget Director Russel Vought has been especially adept at playing this game. Even before being sworn-in, he had helped draft orders that twisted the rules for hiring special government employees to quickly staff up the Department of Government Efficiency. He has since then been finding ways to skirt federal employment laws to downsize the government, effectively shuttering whole agencies and encouraging department heads to illegally fire staffers by deliberately misusing the authorities granted to fire “probationary” workers for their performance.",0.06277056277056277,0.5883116883116883
483,"And where there is no foothold in the U.S. Code to exploit, the Trump administration has argued even greater authority: Article II of the Constitution. Justice Department lawyers have already claimed a constitutional power to ignore judges’ rulings on foreign affairs in the Alien Enemies Act case and defended his ability to impound whatever money he doesn’t want to spend. In a proclamation on defending the states from “invasion,” Trump claimed that under his Article II role as commander-in-chief of the military, he has a duty under Article IV, Section 4, to repel whatever immigrants he says shouldn’t enter the country.",0.006249999999999999,0.36875
484,"Trump’s infamous 2019 claim that Article II means “I have to the right to do whatever I want as president” has thereby gone from the simplistic notion of a political neophyte to the core tenet of his second administration. And the GOP-controlled Congress has been quick to quietly bolster existing gray areas of the law to grant him even more leeway. For example, in passing the recent six-month spending bill, the House explicitly stripped away Congress’ power to challenge Trump’s use of the National Economic Emergencies Act in deploying his tariffs.",0.0319047619047619,0.3919047619047619
485,"There’s still a chance the courts override Rubio’s determination on Khalil’s deportability. The government will likely have to establish how it reached its conclusion about the supposed foreign policy threat the Columbia grad student poses. (Rubio was also supposed to notify Congress of his decision, but no such notification has been reported as of Tuesday.) But if Rubio is willing to make that call in this case, how hard would it be for him to keep the ball rolling? What other “foreign policy interests” could be used to hastily deport legal permanent residents? It is a twisting of the intent of the law to bypass due process and establish a norm that could stifle dissent among American citizens as well. Trump has long been keen on the idea of being able to strip protestors of their citizenship; it would be foolish to put it past this administration to try it given the groundwork now being laid.",-0.010897435897435897,0.40512820512820513
486,"These attacks on the system from within are ongoing. In Khalil’s case and others, we are seeing the arcane nature of the U.S. federal bureaucracy being used as a weapon against itself. There’s a term in medicine for when a previously benign bit of biological code gets twisted and begins attacking the rest of the body: a cancer.",-0.3333333333333333,0.5833333333333334
487,"Congress and the courts need to excise this tumor before it metastasizes. It needs to happen soon though, as the prognosis for the rule of law is otherwise grim.",-1.0,1.0
488,"Donald Trump started the week with an announcement that was strange, even by his standards. In a middle-of-the-night missive published to his social media platform, the president wrote that Joe Biden’s pardons for Jan. 6 committee members were, as the Republican put it, “hereby declared VOID, VACANT, AND OF NO FURTHER FORCE OR EFFECT.”",-0.005555555555555557,0.2388888888888889
489,The assertion — without precedent in American history — was apparently based on Trump’s belief that (a) his predecessor used an “autopen” to sign the pardons; (b) documents signed by autopens don’t count; and (c) Biden suffered from mental deterioration to such a horrific degree that he wasn’t aware of his own policies and preferences.,-0.02857142857142858,0.4714285714285714
490,"In keeping with his usual m.o., the incumbent president offered no evidence to substantiate any of his claims. What’s more, my MSNBC colleague Jordan Rubin — who has legal expertise that I lack — explained in a great piece that Trump’s pitch has no real basis in law.",0.22999999999999998,0.4
491,"What I was curious about, however, was how and whether the White House would defend Trump’s latest broadside against constitutional law, as the president claimed to have a presidential power that did not, and does not, exist.",0.13333333333333333,0.6333333333333333
492,"A few hours after publishing the online item, Trump told reporters, in reference to his effort to invalidate some of Biden’s pardons, “It’s not my decision — that’ll be up to a court — but I would say that they’re null and void.”",-0.2,0.1
493,"Part of the problem with this was that the first part of the sentence was at odds with the second: Trump’s stated position was that the issue isn’t up to him to nullify pardons, but he’s also decided that, as far as he’s concerned, he’s already nullified some pardons.",0.11666666666666665,0.4444444444444444
494,"As for the claim that this will be “up to a court,” the line suggests that Trump expects some kind of escalation that will prompt a legal dispute.",0.4,0.55
495,It was against this backdrop that reporters asked White House press secretary Karoline Leavitt whether administration lawyers had told the president that he had legal authority to undo these pardons. The New York Times reported:,0.11212121212121212,0.21818181818181817
496,"Let’s not dwell on the fact that the White House press secretary misused the “beg the question” phrase and instead note that Leavitt suggested that it was up to journalists to try to find evidence that might bolster Trump’s baseless ideas, which is most certainly not how journalism works.",0.13095238095238096,0.35714285714285715
497,So where does that leave us? It’s difficult to say with certainty. Whether Trump believes in his heart of hearts the Biden-era pardons are legitimate or invalidated is a lingering question — it matters when presidents assert powers they don’t have — but his assumptions have little practical significance: The president harbors all sorts of odd beliefs that ultimately prove irrelevant.,-0.2708333333333333,0.75
498,What matters more is whether anyone at the White House or within federal law enforcement acts on the Republican’s strange assertion and pursues members of the bipartisan Jan. 6 panel. Watch this space.,0.15,0.21666666666666667
499,"This weekend, the FDA announced that two types of Savage Pet raw cat food are being recalled for potential contamination with Highly Pathogenic Avian Influenza (HPAI) H5N1, commonly known as bird flu.",-0.09269230769230768,0.6253846153846154
500,"The brand initiated the recall itself after multiple cats were reported to have gotten the flu after consuming the products. For more information about the recall, including alternative cat foods that you can try instead.",0.25,0.25
501,SKIP AHEAD  Why was the cat food recalled? | The best cat food to try instead | Why trust NBC Select?,1.0,0.3
502,"On March 15, the FDA announced a recall of Savage Pet raw cat food for possible bird flu contamination. According to the recall, Savage Pet, based in El Cajon, California, is recalling 66 Large 84 oz. Chicken Boxes and 74 Small 21 oz. Chicken Boxes, with the lot code/best before date of 11152026. The FDA says the products were distributed to California, Colorado, New York, Pennsylvania, and Washington retailers. If you purchased these products, you can return it to the retailer to be properly destroyed for a full refund (you can also contact Savage Pet for more information).",-0.04801198801198804,0.5794655344655344
503,"The recall follows reports of two cats in Colorado and New York who ate the recalled products and contracted H5N1, also known as bird flu. The FDA’s testing process is still ongoing. However, the recall was initiated to maintain maximum safety.",0.13636363636363635,0.45454545454545453
504,"If your cat has been fed the recalled Savage Pet products, the FDA suggests watching for the following symptoms:",0.0,0.1
505,"If your cat shows any of these symptoms, the FDA recommends immediately contacting their veterinarian.",0.0,0.0
506,"Want more from NBC Select? Sign up for our newsletter, The Selection, and shop smarter.",0.5,0.5
507,"If you’re looking for a replacement for your cat’s favorite Savage Pet food or are just in the market to try a new cat food, we have a few options that our staff (and their pets) love. All products included have either been recommended by an expert, are an NBC Select staff-favorite, or are highly rated with a 4.0 or higher rating from hundreds of reviews.",0.22439393939393937,0.5324242424242425
508,"This dry cat food is an NBC Select Pet Award winner for its high protein formula and fiber blend, which helps cats maintain a healthy weight, according to the brand. NBC Select reporter Zoe Malin regularly feeds it to her cats and likes that it’s made without any artificial flavors or preservatives.",-0.0013333333333333196,0.5433846153846154
509,"First ingredient: turkey | Texture: triangle pellets | Sizes: 7, 16, 22 or 32 lbs. | Other flavors: salmon",0.0625,0.35416666666666663
510,"Another Pet Award winner, this wet cat food from Hill’s Science Diet is made with lean protein and whole ingredients like carrots, rice and spinach, according to the brand. The lean protein can help your cat to maintain or lose weight, and it’s made without artificial colors or flavors.",-0.16666666666666666,0.6
511,"First ingredient: chicken broth | Texture: stew | Sizes: 2.9-oz. can | Other flavors: minced liver & chicken, salmon & vegetable stew, turkey & vegetable stew",-0.26875,0.6520833333333333
512,"This dry cat food was formulated specifically for cats with sensitive stomachs. It’s made without any artificial flavors or preservatives, corn, wheat, soy or poultry by-product meals, according to the brand. It also includes prebiotics to help support digestion.",-0.18888888888888888,0.8333333333333334
513,"First ingredient: deboned chicken | Texture: round pellets | Sizes: 3, 5, 7 10 or 15 lbs. | Other flavors: none",-0.03500000000000001,0.6116666666666666
514,"Malin’s cats love the tender texture of this cat food from Fancy Feast, which is made with a protein-rich formula and without any colors or preservatives, according to the brand. Malin also likes that this cat food comes in a variety pack, which makes it easier to switch things up for cats that are picky eaters.",0.5,0.6
515,"First ingredient: fish broth | Texture: flakes in gravy | Sizes: 3-oz. can | Other flavors: poultry and beef collection, can purchase three flavors individually or as variety pack",0.041666666666666664,0.36944444444444446
516,"I’m an associate SEO Reporter at NBC Select who regularly covers sales and deals, breaking product news, and topics like wellness, lifestyle and more.",0.25,0.28846153846153844
517,"Catch up on NBC Select’s in-depth coverage of tech and tools, wellness and more, and follow us on Facebook, Instagram, Twitter and TikTok to stay up to date.",0.5,0.5
518,"A director I coach recently shared her frustration with a Gen Z employee. “It’s a respect thing,” she told me. “Some of it is the casualness with which he approaches the job... and some of it is the fact that he talks to me like he’s chatting with his friends on the weekend.” While her concerns were valid, I explained that this isn’t about disrespect — it’s about shifting workplace norms.",0.0,0.25
519,"Gen Z is reshaping the workplace in bold ways, bringing a more relaxed and egalitarian approach to professional interactions. They’re also sparking plenty of conversation along the way — a recent LinkedIn post I shared on this very topic racked up over 20 million impressions and sparked intense debate in the comments. While some managers may interpret Gen Z’s leanings as a failure to recognize traditional status, it’s actually part of a larger cultural change that reflects Gen Z’s values and workplace expectations. Instead of bristling at this trend, savvy leaders can embrace it to build stronger, more connected teams. Here’s why Gen Z avoids calling you “boss” — and how you can lead them effectively.",0.17051282051282052,0.45128205128205123
520,Collaboration Outweighs Hierarchy,0.0,0.0
521,"Many Gen Z employees view workplace dynamics as a web of collaboration rather than a chain of command. They prefer leaders who are approachable and willing to roll up their sleeves alongside them. For Gen Z, authority isn’t granted by title alone — it’s earned through authenticity and competence.",0.375,0.625
522,"Manager Tip: Emphasize a “we’re in this together” mindset. Engage Gen Z employees by inviting their ideas, giving them parts of a meeting agenda to lead, and modeling teamwork over authority.",0.0,0.0
523,Authenticity Drives Connection,0.0,0.0
524,"Gen Z places a premium on realness. They respect leaders who are transparent about challenges, willing to admit mistakes, and demonstrate genuine care for their people. Putting an authority figure on a pedestal can feel overly formal or even performative to them.",0.325,0.625
525,"Manager Tip: Focus on building rapport. Rather than relying on formality, spend time connecting with Gen Z employees through regular one-on-one check-ins where they can share ideas, concerns, or personal wins. Don’t succumb to the pressure to appear bulletproof, they’ll value you showing some vulnerability when you don’t have all the answers.",0.09999999999999999,0.1923076923076923
526,Flat Communication Wins Trust,0.13749999999999998,0.1625
527,"Growing up in digital spaces where everyone has access and a voice, Gen Z is accustomed to interacting with people across levels. They don’t automatically defer to hierarchy; instead, they value open dialogue and transparency and expect their voices to carry weight.",0.0,0.25
528,"Manager Tip: Create ongoing channels for open feedback. Whether through anonymous surveys, Slack channels, or informal brainstorming sessions, show that you value their input as much as anyone else’s.",0.1,0.35
529,"Leadership Is Earned, Not Assigned",0.0,0.0
530,"Gen Z tends to view leadership as an earned behavior rather than something attached to tenure or a title. They respect those who inspire, teach, and empower — regardless of where they fall on the org chart.",0.0,0.0
531,"Manager Tip: Demonstrate leadership through action. Show that you’re willing to mentor, coach, and freely share knowledge rather than relying on your rank alone. You can also inspire this group by sharing the “why” or bigger purpose behind their day to day work (i.e. improving patient safety, achieving financial security, or helping an underserved community).",-0.0642857142857143,0.5357142857142857
532,The Gen Z Leadership Shift,0.0,0.0
533,"Gen Z’s approach to authority and workplace interactions is rooted in a deep desire for collaboration, authenticity, and equitable consideration. Growing up in an era where poor leadership was often called out publicly, they’ve developed a baseline expectation that respect should be mutual. It’s no surprise then that they’re less inclined to follow leaders who demand respect without demonstrating it themselves. For Gen Z, leadership isn’t about status or hierarchy; it’s about creating a partnership.",-0.09333333333333334,0.2866666666666667
534,"To connect with Gen Z employees, who will make up a sizeable one-third of the workforce by 2030, it’s crucial to recognize that their reluctance to embrace traditional power dynamics isn’t a rejection of leadership, but a preference for a more inclusive and engaging approach. When you actively seek their insights, coach and develop them, and show you value their contributions, you build trust and foster loyalty. This mindset helps you connect with Gen Z and step up your leadership. And who knows — you might actually prefer their way of doing things.",0.1277777777777778,0.6083333333333334
535,"Mahmoud Khalil, the Palestinian activist who has been in federal detention since his arrest in New York City on March 10, said he was targeted for his activism — and as part of the Trump administration’s “broader strategy to suppress dissent.”",0.043181818181818175,0.22727272727272727
536,"In a letter dictated to progressive magazine In These Times from a Louisiana detention center where he is being held, Khalil said his arrest “was a direct consequence of exercising my right to free speech as I advocated for a free Palestine and an end to the genocide in Gaza, which resumed in full force Monday night.”",0.19795918367346937,0.45510204081632655
537,"The end of the ceasefire between Israel and Hamas, he said, has brought about all-too-familiar scenes of suffering in Gaza.",0.0,0.0
538,"“It is our moral imperative to persist in the struggle for their complete freedom,” Khalil said, adding that he saw parallels between his circumstance and that of Palestinians held in administrative detention by Israel.",0.05,0.325
539,"A legal U.S. permanent resident and Columbia University graduate student, Khalil was arrested by federal immigration officers at his apartment building in New York. Video of his arrest, which was filmed by his wife — who is eight months pregnant — and released by the American Civil Liberties Union, shows plainclothes officers with badges handcuffing Khalil and placing him in a car before driving away without answering questions from his wife about their names or which agency they represented.",0.12393939393939393,0.2309090909090909
540,Khalil’s arrest has alarmed civil rights advocates and sparked protests across the country. The Trump administration has claimed without evidence that Khalil and other Columbia protesters have supported Hamas and warned that more such arrests are imminent.,0.08125,0.34375
541,"“This is not about free speech,” Secretary of State Marco Rubio said last Wednesday in comments to the press.",0.2,0.43333333333333335
542,Khalil has not been charged with any crime or convicted of any terror-related activity. A federal court temporarily paused his deportation last week as his legal team has sought to remove him from detention in Louisiana. A judge Wednesday morning ordered Khalil’s case be transferred to New Jersey.,0.11212121212121212,0.2404040404040404
543,"In his letter, Khalil said his detention was indicative of “the anti-Palestinian racism that both the Biden and Trump administrations have demonstrated over the past 16 months.” It has also driven the violent repression of Palestinians, Arabs and other communities in the U.S. for decades, he said.",-0.39166666666666666,0.5416666666666666
544,He called out Columbia University’s leadership and its recent moves to appease the Trump administration under threat of losing millions in federal funding:,0.0,0.25
545,"Khalil suggested that the administration is seeking to make an example out of him to suppress dissent, warning that others will be targeted for their political beliefs, regardless of their immigration status or citizenship.",0.0,0.1
546,"“In the weeks ahead, students, advocates, and elected officials must unite to defend the right to protest for Palestine. At stake are not just our voices, but the fundamental civil liberties of all,” Khalil said.",0.2857142857142857,0.5357142857142857
547,"“Knowing fully that this moment transcends my individual circumstances,” he added, “I hope nonetheless to be free to witness the birth of my first-born child.”",0.2,0.6000000000000001
548,A book by a former Facebook employee about the inner workings at the social media giant has been assailed by company executives — but the mystique surrounding the book appears to have helped it soar on bestseller charts.,0.008333333333333333,0.30833333333333335
549,"A recent edition of my Tuesday Tech Drop featured a blurb about a book written by Sarah Wynn-Williams, a former director of global public policy for Facebook who has filed a whistleblower complaint against Meta with the Securities and Exchange Commission. I specifically wrote about the most widely publicized claim: that Meta CEO Mark Zuckerberg and other executives took steps to censor Facebook users about a decade ago, as the company sought to expand into China.",-0.0031249999999999993,0.22395833333333331
550,"The book features other striking allegations about company leadership, including recollections that portray then-Chief Operating Officer Sheryl Sandberg as unprofessional and Joel Kaplan, then Facebook’s vice president for global public policy, as creepily inappropriate and inconsiderate. (Kaplan did not respond to NBC News’ requests for comment, while Sandberg declined to comment.)",-0.025,0.4883333333333333
551,"The memoir, titled “Careless People,” also purports to shed light on scandals that have cast a pall over Facebook, such as its dubious use by the Trump campaign to target voters in 2020 and its role in spreading propaganda that helped fuel the Rohingya genocide in Myanmar.",-0.049999999999999996,0.55
552,Meta has characterized Wynn-Williams’ claims as “old news” and said her book is “a mix of out-of-date and previously reported claims about the company and false accusations about our executives.”,-0.15555555555555559,0.32222222222222224
553,"And on Thursday, Meta spokesperson Andy Stone celebrated an interim decision from an arbitrator who found that Wynn-Williams had violated a non-disparagement clause in her severance agreement and must stop personally promoting the book. Stone wrote on Threads that the “false and defamatory book should never have been published.”",-0.0166666666666667,0.5499999999999999
554,"But Meta’s offensive certainly hasn’t stopped people from seeking the book out. FastCompany reported that “Careless People” rose into the top five of Amazon’s bestseller list the same day that Stone cheered the arbitrator’s ruling, and it’s now at No. 3. Seems like business is booming for the book in spite of Meta’s machinations.",0.16285714285714287,0.6092857142857143
555,"The book’s publisher, Macmillan, released a statement saying the arbitration order has “no impact” on the publishing company and added that it is “appalled by Meta’s tactics to silence our author through the use of a non-disparagement clause in a severance agreement.”",-0.8,1.0
556,"Wynn-Williams told Business Insider last week that Meta is “trying to smear me and convince people not to read the book,” but she discouraged people from falling in line and said they should reach their own conclusions.",0.3,0.5333333333333333
557,"“People should read the book,” she said. “The truth is in the book. They can make up their own minds. I stand by everything in the book.”",0.6,1.0
558,Ryan Teague Beckwith is a newsletter editor for MSNBC. He has previously worked for such outlets as Time magazine and Bloomberg News. He teaches journalism at Georgetown University's School of Continuing Studies and is the creator of Your First Byline.,0.02777777777777778,0.3333333333333333
559,Ryan Teague Beckwith is a newsletter editor for MSNBC. He has previously worked for such outlets as Time magazine and Bloomberg News. He teaches journalism at Georgetown University's School of Continuing Studies and is the creator of Your First Byline.,0.02777777777777778,0.3333333333333333
560,"UPDATE (March 18, 2025 8:51 p.m. E.T.): The state of Louisiana executed Jessie Hoffman Tuesday evening with nitrogen gas. The Associated Press reports that, according to Louisiana authorities, he was officially pronounced dead at 7:50 p.m. E.T.",-0.2,0.4
561,"The day before Thanksgiving 1996, 18-year-old Jessie Hoffman, a valet at the New Orleans parking garage where Mary “Molly” Elliott parked for work, kidnapped the recently married 28-year-old ad executive, made her withdraw money from an ATM, raped her, shot her and left her to die at a boat launch in neighboring St. Tammany Parish.",0.12878787878787878,0.23484848484848486
562,"Tuesday, in retaliation for the indisputable terror and violence Hoffman inflicted upon Elliott more than 28 years ago, Louisiana plans to suffocate him to death. If the execution by nitrogen gas proceeds according to the state’s schedule, Hoffman, now 46, will be the first Louisiana Death Row inmate executed in 15 years.",0.375,0.41666666666666663
563,"And Gov. Jeff Landry and Louisiana Attorney General Liz Murrill, both Republicans, will get the taste of blood they seem to crave. Landry was critical of his predecessor’s opposition to the death penalty, and Murrill seemed annoyed that an 81-year-old Death Row inmate died last month before the state could kill him.",-0.0875,0.5416666666666667
564,"Over 13 consecutive days in June 1998, I covered Hoffman’s trial for The Times-Picayune. Take it from someone who was there: There was never any doubt that Hoffman did everything the state says he did.",0.0,0.0
565,"In one of the increasingly preposterous stories he told to explain his 2½-hour absence from the parking garage, he told police he had been kidnapped by men who made him have sex with a woman they had in their car. The jury deliberated 36 minutes before finding Hoffman guilty.",-0.25625,0.5
566,"The only open questions were whether Hoffman accidentally shot Elliott — as the defense argued — and whether his crime spree had been rash or premeditated. Hoffman would have been guilty regardless, but to persuade 12 people to put a man to death, you can’t allow them to believe the defendant lost control and committed a series of escalating crimes. You try to convince them, as a prosecutor did, that Hoffman had “ice water in his veins.”",-0.16666666666666666,0.8333333333333334
567,But what’s colder than keeping a man in a cage for almost 30 years and then killing him?,0.0,0.0
568,"I never bought the state’s theory that Hoffman put a lot of thought into his attack on Elliott. But even if he did, the state has put exponentially more aforethought into killing him.",0.5,0.5
569,"Louisiana officials traveled to Alabama, the first state to use nitrogen gas as an execution method, and then built a facility at the Louisiana State Penitentiary to carry out that method of killing. Hoffman’s legal team, which produced an expert who says Hoffman will feel like he’s drowning if he’s forced to breathe pure nitrogen, has argued that the method is painful and cruel. Louisiana doesn’t even allow dogs and cats to be euthanized in such a manner, they point out. But Louisiana counters that “breathing in the mask is ‘very comfortabl[e]’” and that “the mask is very similar, if not identical, to the one used in Alabama’s system.”",-0.12619047619047621,0.4948148148148148
570,"One of Hoffman’s advocates told me during a phone interview that the 46-year-old Hoffman isn’t the same person the 18-year-old was. I’m sure that’s true, but even if it weren’t, and even if dying of nitrogen hypoxia were painless, it’s still wrong for the state to kill him.",0.0875,0.6409722222222222
571,"Andy Elliott, who’d been married to Molly for a little more than a year before Hoffman violated and murdered her, said in a statement to USA Today that he’s “become indifferent to the death penalty vs. life in prison without possibility of parole” and knows Hoffman’s being killed “will not provide closure” but that he wants the legal process to end. “My sincere hope is either to get the execution done or commute his sentence to life in prison without parole, one or the other, as soon as possible,” he told USA Today.",0.12638888888888888,0.38055555555555554
572,"Kate Murphy, a sister-in-law of the murder victim, in a Monday letter requesting a pardon hearing for Hoffman, wrote, “Executing Jessie Hoffman is not justice in my name, it is the opposite.”",-0.037500000000000006,0.025
573,"Obviously there are survivors who are eager for the state to avenge their murdered loved ones, but even in those cases in which a victim’s family is clamoring for it, the state calmly and coolly killing a person is an offense. It’s barbaric.",0.255,0.55
574,"The one image from Hoffman’s trial that I’ll never shake is of his grandmother Rosa Lee Hoffman, who begged jurors not to condemn him to death. Hoffman, as other relatives had testified, was the only person gentle enough to administer his grandmother’s insulin shots, and Rosa Lee Hoffman testified that he was her favorite.",0.11499999999999999,0.735
575,"“He was the best one,” she said. “I raised him. He just ain’t the kind. He got too much good in him to do something like that.” Then she put her forehead on the handle of her walking cane and wept.",0.7666666666666666,0.6
576,"But Hoffman did “do something like that.” And he eventually came to admit it. His attorney Cecelia Kappel told USA TODAY, “He takes full responsibility for this very tragic, awful crime.” She said, “He is so sorry to the family of Molly Elliott and he wishes to have opportunity before he dies to have a face-to-face conversation where he can apologize in person.”",-0.53125,0.8812500000000001
577,"In June 1998, as Hoffman’s defense team was trying to get a panel seated with at least one person who wouldn’t vote for death, one of his attorneys — who acknowledged that his client had committed “a terrible crime” — said, “I’m doing the very best I can to see to it that Jessie Hoffman gets a fair trial.” He also said, “If they want to take the only thing he’s got, then they’ve got to do it right. Will you promise me that if they do it, you’ll make them do it right?”",0.1387755102040816,0.6802040816326531
578,"It’s almost 27 years later. Let’s admit: When it comes to executing a human being, the state can’t do it right.",0.09523809523809523,0.2119047619047619
579,"Earlier this month, a collection of people and entities affiliated with President Donald Trump — specifically, the Donald J. Trump Revocable Trust, DJT Holdings LLC, DJT Holdings Managing Member LLC, DTTM Operations LLC and Eric Trump — sued Capital One bank for having “unjustifiably” closed numerous Trump-associated bank accounts in the aftermath of the Jan. 6, 2021, insurrection at the U.S. Capitol.",-0.03333333333333333,0.3666666666666667
580,The lawsuit pleads that “de-banking” — closing depositors’ bank accounts — was originally meant to stop fraudsters from having access to banking facilities but it morphed into a way to punish depositors for their political beliefs. The lawsuit explains that completely legal gun and ammunition dealers or payday lenders often found themselves de-banked by unelected bureaucrats who disagreed with the businesses’ political beliefs. The plaintiffs claim to have been damaged by this type of de-banking when Capital One closed Trump accounts because of the Trumps’ “political views.” The Trumps seek damages under an assortment of state consumer protection laws.,0.07916666666666666,0.22500000000000006
581,Just how many ways is this lawsuit silly? Let me count them.,0.0,0.6875
582,"As a purely legal matter, the Trumps don’t appear to have suffered any recoverable money damages. According to the lawsuit, Capital One closed the Trump bank accounts. Presumably, the bank returned the Trumps’ money to them — the lawsuit doesn’t say otherwise, and it’s inconceivable the bank would have stolen the Trumps’ money. (A representative for Capital One declined to comment for this article.)",0.05,0.15000000000000002
583,"It’s true that individual depositors with small accounts — such as gun shops — might have trouble setting up new banking relationships after they were “de-banked,” but a large real estate business, such as the Trump Organization, would have had no trouble on that score. So while we don’t know for certain, the Trumps’ situation was presumably this: Capital One closed the Trumps’ bank accounts, Capital One returned the Trumps’ money, the Trumps promptly found a new bank, and the Trumps, uninjured, went on with their business.",0.06163836163836164,0.39685314685314677
584,"A fundamental element of any lawsuit is that a plaintiff must have suffered damages. Here, except perhaps for the inconvenience of changing bankers, the Trumps suffered none.",0.0,0.0
585,Where’s the case?,0.0,0.0
586,But that’s just the legal flaw in this lawsuit. Think for a moment about the practical flaws.,0.2,0.2
587,"Is any jury going to believe that Capital One stopped its banking relationship in the months after Jan. 6 because of Donald Trump’s political beliefs? Did the bank really think, “Donald Trump doesn’t like affirmative action and he opposes DEI, so we should close his accounts”?",0.225,0.32500000000000007
588,"Or is it far more likely — and in fact almost certainly true, and sure to be believed by a jury in a heartbeat — that Capital One closed the Trumps’ bank accounts because it didn’t care to be associated with a person who appeared to have incited an insurrection and then stood by silently for three hours as rioters ransacked the Capitol?",0.19285714285714284,0.6055555555555554
589,"Just about everyone in America — all Democrats, and even some Republicans — knew that Trump was “practically and morally responsible for provoking the events” of Jan. 6, as then-GOP Senate leader Mitch McConnell put it at the time.",0.2,0.55
590,This wasn’t a matter of politics; it was a matter of morality.,0.0,0.0
591,"Capital One didn’t close the Trumps’ bank accounts because of Trump’s political views. Capital One has denied that it closed the bank accounts for political reasons, but it wouldn’t be unreasonable to surmise that the bank didn’t care to be associated with anyone — Democratic, Republican or independent — who tried to interfere with the counting of votes in a presidential election. Handling financial transactions for Trump both would have been immoral and would have posed a reputational risk for the bank. Ending that relationship wasn’t improper; it was sane.",-0.02,0.085
592,"Although many Americans seem to have forgiven Trump’s gross misconduct over the four years since the Jan. 6 riot, that misconduct could fully justify Capital One’s closing of the bank accounts.",0.25,0.25
593,But the practical flaws in the Trumps’ lawsuit don’t stop there.,0.0,0.0
594,"In any lawsuit, the parties are permitted to take discovery — gather information — from each other. Capital One will thus have the right to request documents and take testimony from Donald Trump and others about Trump’s conduct on Jan. 6. As the House Jan. 6 committee proceedings made clear, there is nothing about Trump’s conduct in early January 2021 that is praiseworthy; there is much that should be condemned. Does Trump really want to relive, and again place in the public eye, the events of one of the most notorious days in his life?",0.1575892857142857,0.3200892857142857
595,There are many reasons for the Trumps to abandon this lawsuit. There is only one reason for them to pursue it: to get a financial settlement.,0.16666666666666666,0.5
596,There’s no legal reason for Capital One to settle the Trumps’ newest lawsuit. The lawsuit is both defensible and embarrassing for Trump to pursue. But there are surely practical reasons — avoiding the wrath the federal government could inflict on a bank — for Capital One to cough up some dough to make this go away.,0.2,0.5444444444444444
597,Is that justice? Not by a long shot.,-0.05,0.4
598,But does it appear to be a recurring way for Trump to profit while he has the government on his side? Bank on it.,0.0,0.0
599,"As recently as Monday, White House press secretary Karoline Leavitt was asked about the many prominent Republicans, including Elon Musk, who’ve repeatedly talked about impeaching federal judges who’ve dared to issue rulings the party doesn’t like. Donald Trump’s chief spokesperson didn’t question the premise, but she did emphasize that the president had not made any such declarations.",0.2,0.45
600,"“I have not heard the president talk about impeaching judges,” Leavitt replied. “I know you mentioned Mr. Musk’s tweet, but I have not heard the President of the United States ask that [judges be impeached].”",0.0,0.0
601,"Less than one day later, Trump crossed a line he’d never crossed before: On heels of a Justice Department speech in which he suggested criticizing judges should be seen as “totally illegal,” the president called U.S. District Judge James Boasberg a “Radical Left Lunatic,” a “troublemaker” and an “agitator.” Trump concluded, “This judge, like many of the Crooked Judges’ I am forced to appear before, should be IMPEACHED!!!”",-0.10751488095238096,0.19523809523809524
602,"The Republican didn’t offer any evidence against the jurist. Rather, he seemed to suggest that a judge ruling in a way the White House doesn’t like constitutes a high crime.",0.08,0.26999999999999996
603,"As the day progressed, Trump sat down with Fox News’ Laura Ingraham and kept the offensive going. “[W]e have bad judges. We have very bad judges,” the president said. “These are judges that shouldn’t be allowed. I think at a certain point you have to start looking at — what do you do when you have a rogue judge?”",-0.3878174603174603,0.5984126984126984
604,"To the extent that reality still has meaning, none of the targeted judges have done anything to suggest they’ve gone “rogue.” But even if Trump has come to the opposite conclusion, the answer to his question is simple: As Supreme Court Chief Justice John Roberts reminded Trump, he can simply appeal rulings he believes were wrong.",-0.125,0.4035714285714286
605,"But no matter how serious the White House is about judicial impeachments, it’s not up to Trump or his team to execute such a plan: Presidents have literally no formal or procedural role in the process. Rather, that power rests with Congress — where a group of far-right Republicans apparently interpreted Trump’s appeal as a directive. Axios reported:",-0.07083333333333333,0.37916666666666665
606,"The Texas Republican’s impeachment resolution was unveiled with five co-sponsors: Republican Reps. Eli Crane of Arizona, Buddy Carter of Georgia, Mike Collins of Georgia, Barry Moore of Alabama and Andrew Clyde of Georgia.",0.0,0.0
607,"Boasberg is now the fourth sitting federal judge to face an impeachment resolution filed by far-right GOP House members, joining U.S. District Court Judge Paul Engelmayer, U.S. District Court Judge John Bates and U.S. District Court Judge Amir Ali. (Technically, there are five such resolutions, because Engelmayer is facing two parallel impeachment measures simultaneously.)",0.0,0.15
608,"What’s more, the list is likely to grow: Republican Rep. Andy Ogles of Tennessee recently hosted an online “impeachathon” event, displaying a poster of 11 judges he and his far-right colleagues are focused on. Ogles appeared alongside a caption that read “Woke Judge Hunter.” A clip of the event was promoted soon after by Musk.",0.16666666666666666,0.5833333333333334
609,"To be sure, there are several examples in American history of Congress impeaching jurists, but in each of those instances, the judges were credibly accused of serious crimes. In 2025, however, Republican lawmakers have launched impeachment efforts targeting sitting members of the federal judiciary for ruling in ways that Trump didn’t like.",0.11333333333333333,0.45111111111111113
610,And there is no precedent for that.,0.0,0.0
611,"House GOP leaders, of course, already have their hands full, and they don’t seem overly eager to launch impeachment crusades against judges who’ve done nothing wrong, and who’d never be removed by two-thirds of the Senate.",-0.07500000000000001,0.7250000000000001
612,"What’s unclear, however, is just how much effort the president intends to invest in this, and what Republican leaders on Capitol Hill will do if Trump decides this is a real priority. Watch this space.",0.2,0.25
613,"If Ukraine needs a wake-up call regarding how much agency it truly has, President Volodymyr Zelenskyy’s humiliating decision to sign the rare minerals deal, which would see America and Ukraine jointly extract valuable raw materials such as lithium and titanium, will do the trick. It’s hard to get more symbolic than watching the head of a client state get lambasted in the Oval Office, having the United States cut off sharing intelligence with his military, then shambling back over to his overseer to pay up.",0.04719551282051282,0.40040064102564105
614,"There are, however, two underreported facets to this shameful episode that can help us understand the nature of both Washington and Ukraine. We can witness, in real time, the masks coming off of Washington’s foreign policy complex; we can also see why this particular betrayal is so traumatic and painful given Ukraine’s tragic history.",-0.2513888888888889,0.4680555555555556
615,"The refreshing thing about President Donald Trump is that he speaks the quiet part out loud. Politicians and think tankers who comprise Washington’s sprawling foreign policy establishment — “the Blob,” as it was called by Obama deputy national security adviser Ben Rhodes — love warbling about Ukraine’s battling on the front lines of freedom and Kyiv’s being our cherished partner, brimming with agency and sovereignty.",0.195,0.5716666666666667
616,"Trump doesn’t warble. Trump, who loves harping on Europe’s needing to pay for its own security, has made it clear that freedom ain’t free: If Ukraine wants the weapons it needs to hold Russia at bay, it better cough up its minerals.",0.36,0.5566666666666668
617,"The thing is, when it comes to looting Ukraine, the Blob is little different from Trump. Foreign policy insiders’ lofty concerns about Kyiv’s agency evaporate in the face of economic “opportunities.”",-0.028124999999999997,0.35625
618,"“Putin had two goals in invading Ukraine: robbing its territory, and robbing its sovereignty by preventing them from joining NATO,” thundered Sen. Chris Coons, D-Del., on Feb. 16.",0.0,0.0
619,"But just one day prior, Sen. Coons was striking a markedly different tone about Ukraine’s minerals.",0.16666666666666666,0.5333333333333333
620,"“If this is an investment opportunity where American companies and other companies from Europe would be involved in mining and processing, so that we can be independent of Chinese sources of these strategic minerals, and if his helps deepen and strengthen our partnership to help ensure the security of Ukraine going forward ... that would be a positive thing,” he told CNBC.",0.020454545454545454,0.20909090909090908
621,Russian President Vladimir Putin’s robbing Ukraine is a horrific violation of sovereignty; the United States’ doing so is a positive. Let freedom ring.,-0.25757575757575757,0.5151515151515151
622,"Or take Peter Dickinson — the editor of a Ukraine-centric blog for the Atlantic Council, a Washington-based foreign policy think tank that receives funding from arms manufacturer Lockheed Martin, the kingdom of Bahrain, the Charles Koch Foundation and the U.S. Energy Department, among other luminaries. “We hear lots of talk about geopolitics and what Putin wants, but we should not underestimate the agency of the Ukrainian people or their desire for a democratic European future,” Dickinson told Bloomberg in 2022.",-0.009999999999999998,0.145
623,"Later that year, the X handle of Business Ukraine Mag (a publication edited and published by Dickinson) took Elon Musk to the woodshed, posting, “Elon Musk seems unaware that Ukrainian sovereignty is not up for discussion.” Things appear to have changed last month, however, when Dickinson was quoted in a Politico article with the amazing headline “Ukraine reels in Trump with mineral riches.” (It could have also read: “Bully’s victim reels in bully with lunch money.”)",0.10500000000000002,0.30333333333333334
624,"Dickinson acknowledged that for Kyiv, it “would mean a lot less mineral wealth in future” before adding, “But I doubt anyone is very concerned about that.” He continued, “Compared to the alternative of the country being wiped off the map entirely, it looks like a very good deal indeed! Most Ukrainians certainly seem to view it as perhaps distasteful but ultimately a no-brainer.”",0.09351190476190477,0.5355595238095239
625,"The hypocrisy of Ukraine’s purported Washington advocates only deepens given the role its territorial resources play in Ukraine’s identity — and the danger that could lurk for Zelenskyy, of all people, if he is strong-armed into conceding them.",0.0,1.0
626,"It’s hard to overstate the role land plays in the Ukrainian psyche. One modern interpretation of the country’s blue-over-yellow flag is that it represents blue skies over the golden wheat fields of Ukraine. Even the months of the year are named after the agricultural cycle — August is Sickle-time, for the harvest; November is Leaf-fall, for autumn.",0.05208333333333333,0.3604166666666666
627,"This love of their land — and fear of losing it — was watered with blood after Holodomor: the 1932-1933 manmade famine, courtesy of Soviet dictator Josef Stalin, after he ordered the grain seized from Ukraine. The famine, which many (including me) consider a genocide, saw almost 4 million Ukrainians perish of hunger. Every morning, dead bodies littered the streets as people collapsed where they walked. Cannibalism was commonplace.",0.26666666666666666,0.5
628,"Stalin sold the stolen wheat to industrialize the Soviet Union, including its military, which was used to keep Kyiv under Moscow’s power for the next 50-plus years; Ukraine’s grain helped forge Ukraine’s chains.",-0.05,0.05
629,"Ultranationalist elements of Ukraine seized on Holodomor to create the antisemitic lie that the famine was orchestrated by Jews. Starting with World War II, that deadly trope was used to “justify” Ukrainian participation in the Holocaust, a “you killed us, we killed you” narrative that persists on the Ukrainian far right to this day.",-0.03571428571428573,0.33928571428571425
630,You can see it in graffiti scrawled on a Jewish social services center in the western city of Uzhhorod in 2017: “We remember. 1932-1933. We’ll take revenge.” The years referred to the famine; the graffiti appeared on the day Ukraine commemorates Holodomor victims.,-0.01666666666666667,0.04166666666666667
631,"The image of Zelenskyy, Ukraine’s first Jewish president, signing away his country’s rare minerals couldn’t be more perfect for Ukraine’s far right. He might as well be maniacally rubbing his hands together while being handed a bag with dollar signs.",0.34795918367346934,0.6098639455782313
632,"Considering Kyiv is teetering on losing the war, which could unleash various nightmare scenarios, that image is not just disgusting but dangerous. Jews haven’t done well when they have been blamed for wars.",-0.5333333333333333,0.7999999999999999
633,"The kicker to the rare minerals deal is that much of the resources are in Ukraine’s east, either in Russia-controlled territory or in a no-man’s-land covered with land mines. Realistically, Zelenskyy has as much ability to give them away as I do. The only bankable outcome of this sordid mess is just a further painful reminder of how screwed Ukraine is.",-0.025000000000000005,0.5535714285714285
634,"It’s been nearly two decades years since Freida Pinto, 40, burst onto the big screen in the Oscar-winning film, “Slumdog Millionaire,” but today she shows no signs of slowing down.",-0.018518518518518528,0.262962962962963
635,"In the years since her breakout role, the Indian actress has cemented her place in Hollywood. She’s appeared in films including “Trishna,” “Rise of the Planet of the Apes,” “Desert Dancer,” “Knight of Cups,” “‘Hillbilly Elegy,”  and most recently in the starring role of the British romantic comedy, “Mr. Malcom’s List,” which she also executive produced.",0.125,0.3125
636,"But there was a time when her career felt uncertain after she experienced bias in the roles she was offered. “I didn’t want to play the cardboard cutout; I didn’t want to be the sidekick girlfriend … I wanted to be seen,” Pinto told Huma Abedin, vice chair of the 30/50 Summit and MSNBC contributor on Thursday at Forbes and Know Your Value’s 30/50 Summit in Abu Dhabi.",0.8,0.9
637,"What started off as an effort to reject being typecast turned into a two-year hiatus from acting, which drove Pinto into a place of deep anxiety, but ended up being the push she needed to find her voice and true mission.",0.11666666666666665,0.35000000000000003
638,"“I just think that the noise of Hollywood, and the pressure that I felt, and the scripts that were fed to me, which was, ‘You’re a beautiful girl, just play the beautiful girl’ — I accepted it almost — and then I had to burst out of it and go through a painful path, but come out of it feeling actually even more empowered than ever before,” she said. “That was like the wake-up call — they’re not going to tell the stories I want to tell — I have to tell them myself.”",0.3,0.7
639,"That led Pinto to explore the production side of her industry — learning how to find allies, cultivate relationships with mentors — and ultimately launch her own production company, Freebird Films, which centers female-driven stories.",0.3,1.0
640,"“First in my life came the allies, second came the mentors … but my allies were male to begin with, and it’s mainly because the industry supports male producers much more than they support female producers — they support male power,” she said. “In my case, when I had those male allies, they could see the injustice, and they could see that I wanted to change that, and they allowed me into their lives to understand what producing was all about, what I would need to do and where I would need to start … the mentors I found after I figured out what I wanted to do and how I wanted to do it.”",0.10185185185185185,0.19259259259259262
641,"She cited her Freebird Films producing partner, as well as Marvel Studios veteran Victoria Alonso among her biggest sources of inspiration and mentorship along the way.",0.0,0.0
642,"But Pinto's drive to tell more complex stories has been informed by her activism and the decades of advocacy work she’s done to uplift the struggles of women, mothers and girls around the world.",0.1,0.45
643,"Following her work with Plan International’s “Because I am a Girl” campaign in 2012, Pinto joined Girl Rising — a global movement focused on girls’ education through storytelling — as an ambassador, co-narrating the organization’s first documentary in 2013. Since then, she’s used her influence to call attention to the more than 60 million girls worldwide who have little or no access to education.",0.08035714285714286,0.20476190476190476
644,"The “Mr. Malcom’s List” star has also been vocal about women’s health and postpartum care for mothers after becoming one herself in 2021. She co-founded the supplement brand Rookie Wellness and joined the postpartum subscription and education platform, Anya, as the company’s chief impact officer.",0.45,0.8500000000000001
645,"“I’ve been through the experience of having a baby, miscarrying, getting pregnant again, going through the postpartum journey,” Pinto said. “In America, we have 10 to 12 visits with the doctor, with your OB/GYN during a pregnancy, and then one postpartum — so who’s taking care of the mother?”",0.3333333333333333,0.5
646,Pinto continues to use her voice and many platforms to spotlight these issues and female change-makers around the world — including one within the Know Your Value family.,0.25,0.3333333333333333
647,"She is currently in the process of adapting Abedin’s best-selling 2021 memoir, “Both/And: A Life in Many Worlds,” for television, where she will portray the longtime Hillary Clinton aide in the Netflix series and executive produce the project alongside Abedin.",0.25,0.45
648,"“The relevance of doing the story is the exact reason why I’m in this industry — to feel seen and heard — and there are a lot of young girls out there, especially young brown girls, who feel limited, and we have to go and create our own opportunities … I feel like we can be so much more in dynamic, but we have to break the shackles of limitation.”",0.22551020408163266,0.46564625850340136
649,"Just over a year ago, Kimberly and David Manzano were eagerly trying for their first child. After they suffered a miscarriage in November of 2022, Kimberly Manzano found out she was pregnant just two months later. The couple was elated.",0.19444444444444442,0.27777777777777773
650,"But 10 weeks into the pregnancy, they heard news from a fetal specialist that rocked their world — the baby had several abnormalities.",0.0,0.0
651,"The couple, who live in the Dallas/Fort Worth area and are devout Christians, didn’t lose hope, however. They sought out second and third opinions with pediatric surgeons and maternal fetal medicine physicians in Texas. After a fetal MRI revealed several more severe complications to their baby, including a leakage of spinal fluid due to the spinal cord not having fused, a missing kidney, a defect to the baby’s abdominal wall, and a lack of genitalia, the Manzanos knew they were looking at a fatal pregnancy. Both Kimberly and her husband were heartbroken and devastated.",0.06792929292929292,0.18055555555555558
652,"“We literally walked into our worst nightmare,” said Kimberly Manzano, 34.",-1.0,1.0
653,"But despite doctors telling the Manzanos that the baby “would never see the outside of the hospital,” they were unable to advise her medically on termination options, Kimberly Manzano recounted. That’s because Texas, like several other states with abortion bans, does not have exceptions for lethal abnormalities.  Currently in the state of Texas, abortion is illegal. The state has a pre-Roe abortion ban, a six-week abortion ban, and a trigger ban (a ban on abortion known as The Human Life Protection Act that took effect after the Supreme Court overturned Roe v. Wade), with exceptions for the life and health of the mother.",-0.140625,0.24062500000000003
654,"“My hands are tied,” Kimberly Manzano recalled her doctor saying. “If it was my son, I would want him to be with God now sooner than later.” The nurse at her doctor’s office then sent Kimberly Manzano the name of an abortion clinic in New Mexico over email, leaving it to her to send her medical records to the New Mexico clinic in order to avoid ties or communication with the abortion clinic.",0.06818181818181818,0.22727272727272727
655,"After long deliberation with their pastor, family and friends, the Manzanos decided to travel to New Mexico for an abortion — the very thing she admitted she had always been strongly against.",0.17992424242424243,0.47196969696969693
656,"Kimberly Manzano is the latest plaintiff to join the ongoing case, Zurawski v. State of Texas. The lawsuit was filed by the Center for Reproductive Rights on behalf of Texas women, like Kimberly Manzano, who were allegedly denied abortions despite serious pregnancy complications. The lawsuit was originally filed in March and started with seven plaintiffs and has since grown to 22, including 20 women who were denied abortion care and two Texas obstetrician-gynecologists. This is the first apparent lawsuit led by women affected by the abortion bans since Roe v. Wade was overturned in the summer of 2022.",0.09166666666666669,0.4571428571428572
657,"In August, a decision in the case by a Texas District Judge brought a temporary block to the state’s abortion law, letting doctors use their own medical judgment to determine when to provide abortion care. But on the same day, an appeal filed by the office of Attorney General Ken Paxton — who has been a fierce defender of the current abortion law — blocked the judge’s order from taking effect. On Tuesday, the Texas Supreme Court will hear oral arguments on whether to uphold the ruling.",0.13,0.40499999999999997
658,"“What we are essentially asking the courts to do is to translate this non-medical terminology in this abortion ban into language physicians can understand, so that they know they can provide a standard of care treatments to their patients, and that they can exercise their medical judgment,"" Marc Hearron,  a senior attorney for the Center of Reproductive Rights said. Hearron said that while this is still a narrow case, that won’t restore abortion access across Texas, it’s a step in the “right direction” in securing women’s essential healthcare in the state.",-0.0020408163265306207,0.23367346938775513
659,"Lauren Miller, from Dallas, Texas, is one of the original plaintiffs in the lawsuit. Like the Manzanos, Lauren and her husband were eagerly awaiting to get pregnant with a sibling for their first son.",0.3194444444444444,0.5277777777777778
660,"Then when their son turned 1 in 2022, they found out they were pregnant — not with one but with two babies. “Here we go again!!!!,"" she wrote, in the first entry of her pregnancy journal.",0.5319010416666665,0.41666666666666663
661,"“We were really excited. We had wanted to have kids fairly close together,” Miller recalled. Then at 12 weeks, Miller learned that one of her twins had trisomy 18—a condition that causes multiple structural abnormalities.",0.35833333333333334,0.5499999999999999
662,"When she had conversations with her doctors about what that meant, she was frustrated at the lack of clarity she received. She blames the Texas abortion ban laws for the fear she believes prevented her medical team from being direct about what her condition meant and the medical care she needed. “It just eliminates trust in a healthcare environment,"" she said.",-0.15,0.15000000000000002
663,"In a conversation with a genetic specialist Miller recalled, “The genetic counselors would be going down a train of thought, and then just stop in the middle of a sentence, and you could just feel the fear. They were scared to say anything else, and then they would start apologizing to us. And then we were apologizing to them because their job has become impossible. They’re trying to help us through the worst news that we’ve ever received, and she can’t say anything. She’s trying to counsel us and she can’t do that.”",-0.45555555555555555,0.5722222222222222
664,"Without having a clear understanding of what her diagnosis meant for the other twin, Miller was terrified to lose both babies. “All anybody can say to me is that the longer this pregnancy continues, the more risk it is for the healthy twin and myself.”",0.24375000000000002,0.4395833333333333
665,"While there is no law that prevents doctors in Texas from counseling a patient to go get an abortion somewhere outside of the state, Hearron says he hears cases like Millers, where doctors are hesitant to have conversations around pregnancy termination, too often.",0.0,0.05
666,"“Physicians are so terrified to come close to violating the law because of the extraordinary extreme penalties — life imprisonment, fines of over $100,000, loss of their license, ending their livelihoods…They are being so risk averse that they don’t even want to say the word 'abortion.' And we’ve heard that time and again.” The Texas trigger law criminalizes performing an abortion from the moment of fertilization, except in life-threatening cases to the pregnant mother.",0.18055555555555555,0.8333333333333334
667,"Having abortion bans in place is making physicians' job to treat patients even harder Hearron said, “Physicians are trained to not wait until their patients are on the verge of death before they provide treatment. Yet because they are not trained on how to read these vague and ambiguous statutes, they don’t know, is this the point that I can intervene? Does a patient have to be showing signs of infection? Do they have to be literally on death’s door? We don’t know. And so, we’re trying to get the courts to clarify.”",-0.3,0.25
668,Miller landed again in the hospital the same week one of her twins was diagnosed with trisomy 18. She had severe dehydration and was diagnosed with hyperemesis gravidarum — a symptom characterized by severe nausea and vomiting — for the second time.,0.0,0.0625
669,"“It was such a frustrating situation, and you could feel that from the hospital staff, because they could see they couldn’t do anything for me. They could see that the pregnancy was what was causing me to be so sick. They could see that I had this unviable twin. They could see the risk to me. They could see the risk to my healthy twin, and they couldn’t do anything,” Miller recalled. It’s not clear if her condition was caused the baby’s trisomy 18 diagnosis, but doctors told her it could be caused by the higher hormones that come from a twin pregnancy, and she felt frustrated that they didn’t give her a clearer explanation outside of that.",-0.1392857142857143,0.4863095238095238
670,"It was then she decided to travel out of state to Colorado to obtain a fetal reduction abortion to give the healthy twin a chance of survival. She gave birth to baby Henry, the surviving twin, in March of this year — three weeks after she joined the lawsuit.",0.5,0.5
671,"Both Miller and Manzano hope the November 28 hearing will reaffirm the Texas district judge’s short lived injunction on the case back in August. The Center for Reproductive Rights has filed similar cases in Tennessee, Idaho and Oklahoma, seeking clarification and expansion around the exceptions to the abortion bans in those States.",-0.025,0.2
672,"Of the Texas lawsuit, Nancy Northup, president of Center Reproductive Rights said, “Everyone should be paying attention to this case…because right now, in the state of Texas, it is unsafe to be pregnant because you do not know if you will be one of the people who ends up with an obstetric emergency that threatens your life, your health, your future fertility…So this is important for everyone, including people who think they would never decide to end a pregnancy.”",0.1838095238095238,0.4521428571428571
673,"In February, Defense Secretary Pete Hegseth fired the top lawyers for the Army, Navy and Air Force in a bid to ensure “they don’t exist to be roadblocks to anything that happens.” Rosa Brooks, a professor at Georgetown Law, wrote on X at the time: “It’s what you do when you’re planning to break the law: you get rid of any lawyers who might try to slow you down.”",0.01481481481481479,0.3962962962962963
674,"Now the Guardian, citing “two people familiar with the matter,” reports Hegseth is planning a “sweeping overhaul of the judge advocate general’s corps as part of an effort to make the US military less restricted by the laws of armed conflict.” (The report has not been independently verified by MSNBC or NBC News.) The Guardian also says that, according to the same sources, the overhaul of the JAG corps is designed to retrain military lawyers “so that they provide more expansive legal advice to commanders to pursue more aggressive tactics and take a more lenient approach in charging soldiers with battlefield crimes.”",0.18819444444444444,0.3430555555555556
675,"Considering the U.S. military’s long track record of documented human rights abuses and disregarding civilian life, Hegseth’s maneuvering looks like he wants to make the military more vicious and callous than it already is. And while the U.S. military is far from the only one in the world that shows negligence toward civilian life in combat zones, its conduct is the most highly scrutinized and influential in the world given its unrivaled reach, power and interventionism since World War II.",0.009166666666666663,0.45333333333333337
676,"Atop all this, Hegseth is also cutting jobs and offices focused on reducing civilian deaths from U.S. combat operations. Though the Civilian Harm Mitigation and Response Office and the Civilian Protection Center were set up during Trump’s first term, in his second term these offices are being framed as an obstacle to the U.S.’ ability to wage war. But retired U.S. Army Gen. Joseph Votel told NPR last week that he believed that it would be harmful to the military’s functioning to remove them. “I don’t think this is designed to be more constricting on commanders. I think it’s really designed to be more informative in helping us be a better educated and smarter force.”",0.11500000000000002,0.32
677,"These changes are all consistent with what we know about Hegseth’s draconian and primitive attitudes toward combat. The former Fox News host — who has been dogged by allegations of sexual assault, excessive drinking and mismanagement in his previous jobs — is obsessed with the narrative that the U.S. military has gone soft and needs to be reignited with a “warrior ethos.” In particular, Hegseth insists that the military is held back by “wokeness.”",-0.009090909090909087,0.37575757575757573
678,"In his book “The War on Warriors,” Hegseth wrote of his experience as a soldier with the Army National Guard during the George W. Bush administration, “In some cases, our units were so boxed in by rules and regulations and political correctness, we even second-guess ourselves. That needs to end.”",0.0,0.1
679,"Keep in mind that Hegseth was deployed in the occupations of Iraq and Afghanistan. In both conflicts, the U.S. carried out morally and strategically catastrophic wars that resulted in hundreds of thousands of civilian deaths — often due to overly permissive rules of engagement — and torture of locals. The problem wasn’t too many rules, it was too few of them.",0.04375,0.30625
680,"In a breach of norms, Hegseth has appointed his personal lawyer and former naval officer, Timothy Parlatore, as a Navy commander in the Judge Advocate General’s Corps. Jason Dempse, an adjunct senior fellow at the Center for a New American Security and a former U.S. Army officer, wrote in The Atlantic that Parlatore’s appointment reflected “an odious philosophy of warfare”:",0.012337662337662338,0.1935064935064935
681,"Moreover, as my colleague Steve Benen recently reminded us: Parlatore “had another very high-profile client: Parlatore was part of Donald Trump’s legal defense team after the president was charged with multiple felonies in the classified documents/Mar-a-Lago scandal.” It’s safe to predict that Parlatore isn’t going to be elevating the already-beleaguered moral stature of the U.S. military.",0.1142857142857143,0.2285714285714286
682,Hegseth’s vision for American defense policy is consistent with Trumpism more broadly — an appetite for strong man rule and a disregard for rule of law and decency. It certainly doesn’t bode well for Trump’s increasingly preposterous claims that he wants to be a president “of peace.”,0.23715986394557823,0.3524659863945578
683,"I know plenty of people who want some sort of wellness tracker or smartwatch, but don’t want to be glued to a tiny screen on their wrist that constantly distracts you with notifications. I get it — most of us are already glued to our phones: why add another screen to the mix?",0.16666666666666666,0.4444444444444444
684,"That’s where I think smart rings get their appeal. Imagine a small, subtle, stylish health tracker that doesn’t grab or need your attention to function. No buzzing notifications, no bulky screen, but all the metrics you might associate with a traditional fitness tracker.",0.026190476190476188,0.6585714285714286
685,Is that vision a reality with the Oura Ring 4? Sort of. I tested it daily for over two months: here’s what you should know.,0.0,0.0
686,SKIP AHEAD How I tried the Oura Ring 4 | My experience with the Oura Ring 4 | Who is the Oura Ring 4 for? | Why trust NBC Select?,0.0,0.0
687,"Want more from NBC Select? Sign up for our newsletter, The Selection, and shop smarter.",0.5,0.5
688,"The Oura Ring 4 ($349) is a smart ring that tracks a plethora of health metrics: heart rate, sleep stages, stress levels, body temperature, blood oxygen and more. It automatically detects and logs some exercise like walking and running, and you can manually record the start and end of any workout using the Oura app.",0.35714285714285715,0.5714285714285714
689,"Since there is no screen, you spend a considerable amount of time viewing data and metrics on the Oura app. The app has been redesigned since the launch of the previous Oura Ring Gen 3 ($299), with a more intuitive home screen that shows your scores for readiness, sleep, activity and stress at a glance. Because the app keeps track of data over a stretch of time, you can also view trend reports to see things like your sleep score across weeks, months or years.",0.14444444444444446,0.37222222222222223
690,"Improvements over the Oura Ring Gen 3 include a longer eight day battery life (up from seven), a wider range of sizes and a fully titanium build (the Oura Ring Gen 3 was partially made of plastic). The Oura Ring 4 comes in six finishes and sizes ranging from four to 15.",-0.1,0.3
691,"You can buy the ring without paying for a subscription, but you’ll get an extremely limited amount of data: only your daily score for sleep, activity and readiness, according to the brand. An Oura Membership subscription costs $5.99 a month or $69.99 a year, and unlocks every tracking feature plus things like guided meditation and sleep stories in the Oura app.",-0.023809523809523808,0.38095238095238093
692,"Display: N/A | Weight: 3.3-5.2 grams | Battery life: up to 8 days | Built-in GPS: no | Sleep tracking: yes (including naps) | Heart-rate monitor: yes, with EKG | Water resistance: yes, up to 100 meters (up to 12 hours) | Works best with: Oura app (iOS or Android)",1.0,0.3
693,"I tested the Oura Ring 4 for over two months after the brand sent me a sizing kit and ring sample for review. I wore the ring on my right ring finger and compared the fit and data collected to other smart rings like the Samsung Galaxy Ring ($399), which I wore on my left ring finger during a week of side-by-side testing.",0.155,0.39071428571428574
694,"NBC Select updates editor Mili Godio coincidentally bought the Oura Ring 4 for herself, and has also been wearing hers for over two months. I spoke with her to get her perspective on the ring and her experience with features I could not test like cycle tracking.",0.0,0.0
695,The Oura Ring Gen 3 was already my favorite smart ring on the market. The Oura Ring 4’s hardware and software improvements help cement it as the best smart ring you can buy right now.,0.4428571428571429,0.6242857142857143
696,"Still, you should know that it cannot replace a fitness tracker or smartwatch for tracking exercise. And competitors like the Samsung Galaxy Ring and Ultrahuman Ring Air ($349) can track similar metrics, minus the subscription fee.",-0.05,0.25
697,Improved design and comfort,0.0,0.0
698,One of my least favorite parts of the Oura Ring Gen 3 is its sensor bumps — it has three round bumps on the inner side of the ring that house its infrared LED sensors. I am already not a ring person — a ring with bumps pushing against my skin? No thanks.,-0.02,0.4333333333333333
699,"The Oura Ring 4 has recessed sensors that are nearly flush with the ring — you don’t notice them unless you are looking very carefully. This makes the ring much more comfortable than the previous version, in my experience.",0.14066666666666666,0.5733333333333334
700,Robust health and sleep tracking,0.0,0.0
701,The sleep and health tracking of the Oura Ring 4 is just as impressive (if not more so) as the previous version.,0.19444444444444445,0.5555555555555556
702,"During my testing, I compared a week of sleep data from the Oura Ring 4 to data from the Samsung Galaxy Ring (paired with the Samsung Galaxy Watch 7 ($299) and the Apple Watch Series 10 ($399). The Oura Ring 4 had the most accurate sleep data. The competition wasn’t wildly inaccurate, but couldn’t match the accuracy of the Oura Ring.",0.3333333333333334,0.5111111111111111
703,"For example, I toss and turn a lot while I sleep, and the Samsung Galaxy Ring often logged those movements as tiny wake windows throughout the night. The Galaxy Ring would also log no data at all for the hour or so I was awake in the middle of the night to take care of my baby, throwing the whole evening’s data out of whack. The Oura Ring 4 never had these issues.",0.06666666666666667,0.3
704,"All of the wearables I tested were confused by the early morning hours I spent with my baby. We would sometimes wake up early and I would rock them in a gliding chair to buy an extra hour of sleep. All the wearables I tested thought this was a brief wake window followed by an hour of sleep. I was very much awake, just sedentary (listening to audiobooks on my Airpods) in a gliding chair.",-0.0057142857142857195,0.2990476190476191
705,Improved app experience,0.0,0.0
706,"I hadn’t used the Oura Ring app in about five months when I synced the Oura Ring 4 for the first time. The app has changed a lot since 2024. The layout is cleaner, with three primary tabs on the bottom (Today, Vitals and My Health) and all your most important scores in small circles on the top (Readiness, Sleep activity, Heart Rate and Stress). The app also loads data from the Ring 4 much faster than when I tested the Oura Ring 3 in 2024 — it only took five seconds or so to load a full day of activity, in my experience.",0.26111111111111107,0.5537037037037037
707,You still need to record a lot of things yourself,0.0,0.0
708,"Ideally the Oura Ring could automatically track everything for me, without any input on my end. After all, if I wanted to micromanage my data and track my heart rate zones as I exercised, I would wear a smartwatch, not a smart ring.",0.39642857142857146,0.8214285714285714
709,"The Oura Ring accomplishes this for most health and sleep tracking, but falls short in other areas, namely exercise tracking. It automatically logs walks decently well, but other exercises like yoga and strength training it did not detect at all, in our experience. It automatically detected and logged outdoor runs, but GPS data was sometimes inaccurate.",0.08333333333333333,0.44333333333333336
710,"When we did pull out our phones and start and stop workouts manually, stats and GPS data were usually acceptable.",-0.25,0.25
711,"But that’s not really the point for Godio and I. Pulling out our phones and manually starting and stopping a workout feels like the opposite of why you would own an Oura Ring. Godio almost never logged her workout classes on her Oura Ring, either because she forgot to in the hustle and bustle of getting ready for class or because the classes themselves had a no phone policy. “If I have to do anything manually on the Oura Ring, chances are I’m not doing it,” says Godio.",0.13999999999999999,0.36
712,"Cycle tracking is a similar story — it is useful and accurate, but requires a lot of manual input. To get the most accurate info about the average number of days your period lasts, cycle variability and the range of days you can expect each month, you need to be diligent and consistent about manually inputting each day of your cycle, says Godio.",0.2428571428571429,0.4023809523809524
713,"We know the Oura Ring 4 can’t magically track everything, we wouldn’t expect it to, but making some of these manual inputs faster and easier to do would be a good start.",0.6,0.8
714,Subscription price,0.0,0.0
715,"Oura Ring 4 may be one of the best smart rings on the market, but it is also one of the few that requires a subscription. I am actively trying to reduce the number of subscriptions in my life, and other smart rings that don’t have a monthly subscription (Ultrahuman, Samsung, Ringconn) may be worth a look, depending on your priorities.",0.1814625850340136,0.3943877551020408
716,"The Oura Ring 4 is the best smart ring you can get, in my experience. It automatically tracks most general health, wellness and sleep activity and presents it in insightful, easy to understand scores on the Oura Ring app. It’s more comfortable than ever, has improved battery life and a more intuitive app experience.",0.44970238095238096,0.5720238095238095
717,It’s not for athletes like marathoners or long-distance cyclists — it cannot compete with the live stats and exercise accuracy of smartwatches from Apple and Garmin.,0.13636363636363635,0.5
718,It’s also not for anyone looking to cull subscriptions (consider subscription-free alternatives like the Samsung Galaxy Ring and Ultrahuman Ring Air instead).,0.0,0.0
719,"But it is the best smart ring I’ve tested. And if you want the best of the best, it’s the Oura Ring 4. For now, anyway.",0.8035714285714286,0.38571428571428573
720,"I am a reporter at NBC Select who covers technology and fitness including recent stories on smartwatches, running shoes, workout earbuds and more. For this piece, I wore the Oura Ring 4 daily for over two months after the brand sent me one to try. I tracked my daily stats, sleep and exercise and compared the fit and feel of the Oura Ring 4 to other smart rings on the market. I also discussed my experience with NBC Select updates editor Mili Godio, who owns and wears her Oura Ring 4 daily.",0.12366071428571429,0.27098214285714284
721,"Catch up on NBC Select’s in-depth coverage of  tech and tools, wellness and more, and follow us on Facebook, Instagram, Twitter and TikTok to stay up to date.",0.5,0.5
722,"Whether you’re struggling with dryness, puffiness or dark circles, the right cream can help address specific under-eye concerns — and some of the best formulas are at the drugstore.",0.2839285714285714,0.34017857142857144
723,"“The under-eye area has the thinnest skin on the entire body, making it incredibly delicate,” says Dr. Sarah Sung, a board-certified dermatologist in Seattle. “Eye creams are specifically formulated for the thin, sensitive under-eye area and are able to provide the nourishment that a facial moisturizer cannot.”",-0.016666666666666663,0.65
724,"To help you find the best eye creams at a drugstore price, I talked to skin experts about what to look for in a quality formula, and included their recommendations for the best ones to shop.",1.0,0.3
725,"The best drugstore eye creams help hydrate the skin without feeling greasy, according to our experts. Below, we highlight their suggestions about what to consider.",1.0,0.3
726,"Want more from NBC Select? Sign up for our newsletter, The Selection, and shop smarter.",0.5,0.5
727,"“This is one of my favorite eye creams to address under-eye puffiness since one of its key ingredients is caffeine, which helps constrict blood vessels to depuff,” says Sung. “It also has peptides to help brighten up the under-eye area over time.” Plus, because it comes in a tube (versus a pot), it’s more sanitary to use.",0.3333333333333333,0.8333333333333334
728,"Key ingredients: caffeine, peptides | Best for: depuffing, dark circles | Size: 0.5 oz.",0.2833333333333333,0.5666666666666668
729,"This fragrance-free eye cream, which has the seal of acceptance from the National Eczema Association, comes recommended by Sung who says it’s a great option for those with sensitive skin. “The ceramides and hyaluronic acid work to hydrate the under-eyes while also repairing the barrier function of the skin overall,” she says. Also, the niacinamide in the formula can help improve the appearance of dark circles. “The Cerave eye cream bottles (I’ve used another version in the past) are really easy to use and dispel a tiny amount of product at a time giving you a lot of control,” says NBC Select editor Lindsay Schneider.",0.13333333333333333,0.5190476190476191
730,"Key ingredients: ceramides, niacinamide, hyaluronic acid | Best for: dryness, puffiness | Size: 0.5 oz.",0.5,0.65
731,"“I’ve tried a lot of expensive eye creams since I started working at NBC, but I still reach for this $13 drugstore option daily,” says NBC Select social media assistant Caitlin Cusack. “It immediately makes my under eyes look brighter, a lot less puffy and hides my dark circles. The gel formula is easy to blend into my skin and feels super light, which is a must for me since the skin under my eyes is sensitive. The only downside is that there’s not too much product, so I go through it quickly — I probably repurchase this more than any other product I own.”",0.13277777777777777,0.5272222222222223
732,"The key ingredient in this eye cream is retinol, which Sung says boosts collagen production and cell turnover to minimize the look of fine lines under the eyes. Because retinol can make skin more sun-sensitive, make sure to use this formula at night and follow up with sunscreen during the day. “I would also recommend starting this product two to three times weekly, and increasing as tolerated to allow the skin of the under-eye area to adjust to the retinol,” she says.",0.2833333333333333,0.5977777777777777
733,"Key ingredients: retinol | Best for: puffiness, dark circles, fine lines | Size: 0.2 oz.",0.31666666666666665,0.55
734,"This fragrance-free eye cream from Neutrogena is ideal for those who struggle with dry under-eyes because it has hyaluronic acid, which attracts and retains water, giving you that smooth-looking skin, according to Neutrogena. It also has a gel consistency that doesn’t feel greasy upon application, making it great for all skin types — oily included. I love using this as part of my daytime skin care routine because it moisturizes my perpetually dry under-eyes without feeling heavy. It’s also a great hydrating base layer for concealer and powder.",0.2333333333333333,0.7250000000000001
735,"Key ingredients: hyaluronic acid | Best for: hydrating, smoothing | Size: 0.5 oz.",0.5,0.65
736,"Sung recommends this eye cream from Olay because it combines three all-star ingredients: vitamin C, niacinamide and peptides, which she says all help visibly improve the look of dark circles and fine lines under the eyes. “The combined effects of brightening, moisturizing and boosted collagen production leave the under-eyes refreshed and rejuvenated,” she says.",0.13333333333333336,0.45
737,"Key ingredients: vitamin C, niacinamide, peptides | Best for: dark circles | Size: 0.5 oz.",0.2833333333333333,0.5666666666666668
738,"For an emollient eye balm that plumps the skin and minimizes the look of fine lines, this formula from Honest Beauty is a reliable option. Shea butter and argan oil help support the skin barrier while aloe gently soothes and hydrates, according to Honest. To use, pat the eye balm around the eyes until it melts into the skin.",0.4541666666666666,0.775
739,"Key ingredients: shea butter, argan oil | Best for: hydrating, smoothing | Size: 0.5 oz.",0.5,0.65
740,"This rich formula from Revolution has vitamin C to brighten the skin and squalane to hydrate it, making a good option for those with dry skin or uneven skin tone. You can wear it on its own or underneath makeup thanks to its lightweight consistency, and has a luminous finish that reflects light, making dark circles less apparent.",0.17416666666666666,0.4866666666666667
741,"Key ingredients: vitamin C, squalane | Best for: dark circles, fine lines | Size: 0.5 oz.",0.31666666666666665,0.55
742,"When shopping, our experts recommend looking at several factors, including the key ingredients and what under-eye issue the formula targets to know whether it’s going to give you what you need. Below, we highlight their suggestions of things to consider.",0.0,0.5
743,Look at the texture,0.0,0.0
744,"Eye creams can come in gel, cream and balm consistencies, and the one you choose will depend on your preferences and skin type.",0.0,0.0
745,Consider your specific needs,0.0,0.125
746,Your specific under-eye concerns will determine which formula and ingredients you use.,0.0,0.125
747,"An eye cream is a product formulated specifically for the area around the eyes, which tends to be thinner and more sensitive than other parts of the face. “Compared to a face cream, eye creams often contain milder ingredients with targeted benefits, such as depuffing or brightening,” says Sung. Eye creams also tend to have a thicker texture than facial moisturizers, which is particularly helpful because the skin underneath the eyes doesn’t have as many oil glands as the cheeks and nose, which may make this area more prone to dehydration, says Bottiglione.",0.20520833333333333,0.4510416666666667
748,"You should typically apply an eye cream after cleansing and applying a serum. Depending on how thick your facial moisturizer is, you may prefer applying before to ensure it absorbs directly into the under-eye area.",-0.09166666666666667,0.34375
749,"Most eye creams are safe to use twice a day. Sung recommends using a pea-sized amount for both eyes on your ring finger since it applies the least pressure and ensures there’s no tugging in this delicate area. “Tap gently around the orbital bone in an upward motion, avoiding the eyelids unless the product specifically says it’s safe,” says Sung.",0.18333333333333335,0.6
750,"The most important thing to remember when using an eye cream is to avoid pulling on the skin or pushing too hard during the application, as the skin around the eyes is thinner and naturally more sensitive, says Bottiglione.",0.2416666666666667,0.6883333333333332
751,"Especially if you have sensitive skin, Sung recommends conducting a patch test on your arm or jawline before applying any new product around the eyes. “If you notice ongoing irritation or have underlying conditions like eczema, it’s best to consult a dermatologist for personalized guidance,” she adds.",0.3090909090909091,0.6636363636363636
752,"With the right ingredients, eye creams can help the skin around the eyes appear healthier, brighter and firmer, says Bottiglione. The constant movement of the area combined with thin, fragile skin makes the skin around the eyes more susceptible to signs of fatigue including dark circles, fine lines, dryness and puffiness, according to Sung. “Specialized eye creams can be a helpful part of skin care routine, as they help maintain hydration and can specifically address specific under-eye concerns through targeted ingredients,” she says.",0.08154761904761905,0.4680059523809524
753,"At NBC Select, we work with experts who have specialized knowledge and authority based on relevant training and/or experience. We also take steps to ensure all expert advice and recommendations are made independently and without undisclosed financial conflicts of interest.",0.13333333333333333,0.3416666666666666
754,"Michelle Rostamian has more than 10 years of experience covering beauty and skin care topics. For this story, Rostamian spoke to board-certified dermatologists and included their direct recommendations and products based on their guidance.",0.3,0.45
755,"Catch up on NBC Select’s in-depth coverage of tech and tools, wellness and more, and follow us on Facebook, Instagram, Twitter and TikTok to stay up to date.",0.5,0.5
756,"After nine months in space, NASA astronauts Suni Williams and Butch Wilmore finally came back down to Earth on Tuesday. Their return from the International Space Station marks a close to a trip that was supposed to last a week. Their odyssey highlighted how needlessly dependent the United States has become on private businesses to ferry brave American scientists and explorers to space and back.",0.014444444444444449,0.3730555555555556
757,The politics of space funding have shifted over the decades as enthusiasm grew for a more cost-effective solution to launches. But we’ve hit a point where the private ownership of America’s spaceflight capabilities has become a severe national security risk that threatens future projects.,0.16666666666666666,0.3333333333333333
758,"Williams and Wilmore ventured to the space station in June aboard the first crew-tested flight of the Boeing Starliner capsule, but two issues made it unsafe to deliver them home. They returned in a SpaceX Dragon capsule, which has been used in most of NASA’s manned spaceflights in recent years. Boeing, a venerable aeronautics institution, and SpaceX, an upstart owned by Elon Musk, are now primarily how NASA delivers astronauts and cargo into low-Earth orbit.",0.2875,0.3958333333333333
759,"NASA wasn’t so dependent on private companies when it conceived Project Mercury, the country’s first human spaceflight program. Given the pressures of the space race against the Soviet Union, there was no question that the new civilian program would own and operate its rockets and capsules. The work of building the Mercury spacecraft, like all military aircraft, was contracted out to corporations to carry out engineers’ designs. But NASA controlled the launches and crews.",0.14772727272727273,0.3938131313131313
760,"That remained true for the Gemini and Apollo programs and the eventual development of the space shuttle, a reusable spacecraft that could glide to a landing rather than be recovered from the ocean. But the program was wildly more expensive than anticipated, and the prediction that businesses deploying satellites would prefer NASA over commercial rockets fell short.",0.06999999999999999,0.43
761,"Challenger exploded seconds after launch in 1986, and Columbia exploded shortly after re-entering Earth’s atmosphere in 2003. Those two catastrophes drove the impression that the shuttle would never be truly safe. The shuttle program’s 30-year-run ended in 2011 when Atlantis landed at Florida’s Kennedy Space Center. There was no clear vision of what would come next, and by 2013, American astronauts were forced to ride Russian rockets into space at the cost of over $70 million per seat.",0.006249999999999999,0.18541666666666665
762,"It makes sense that NASA would prefer a homegrown alternative, and as NBC News reported in 2011, the agency turned “to private industry with fixed prices, contracts and profit margins” as a solution, in an arrangement whereby the “space agency will be the customer, not the boss.”",0.05,0.2875
763,"Since then, companies including SpaceX, Boeing and Jeff Bezos’s Blue Origin have vied for contracts to deploy people to the International Space Station as part of the Commercial Crew Program. In the meantime, there’s been plenty of opportunity to launch satellites and other cargo, as well. It’s proved to be a lucrative market for SpaceX in particular, which over the last decade has snapped up NASA contracts worth $13 billion.",0.04880952380952381,0.1392857142857143
764,"NASA announced in August that a Crew Dragon spacecraft owned by Musk would be launched in February to retrieve Williams and Wilmore as part of a planned return mission for two other astronauts. But last month, Musk, who has thrown in his lot in with President Donald Trump, falsely claimed that he’d been blocked from sending a mission to retrieve Williams and Wilmore sooner for “political reasons.” Musk had lied that Trump had cleared the SpaceX recovery mission when it was President Joe Biden who did.",-0.13125000000000003,0.28541666666666665
765,"Musk, who is already profiting handsomely off NASA’s inability to launch its own flights, is positioned to steer even more business toward himself and away from his competitors. We should all be grateful that Williams and Wilmore are back home, but I’m frustrated that bringing them back further lined Musk’s pockets.",0.1285714285714286,0.4571428571428572
766,"NASA should require that Musk divest from SpaceX and any profits it makes from government contracts for as long as he is serving in the government. This would most likely put a damper on further crewed missions until his competitors have a chance to safely catch up, but it would be better in the long run for the stability of America’s space program. But the thought of Trump’s putting constraints on SpaceX so long as he and Musk are friendly is as far-fetched as Musk’s dreams of colonizing Mars.",0.19166666666666665,0.5222222222222223
767,"If you are receiving unwanted headlines from MSNBC.com, your e-mail client may be subscribed to one of our RSS feeds. Please follow instructions in your email to unsubscribe.",0.0,0.0
768,"To report an error or comment on MSNBC.com, please email MSNBCTVinfo@nbcuni.com.",0.0,0.0
769,"For press inquiries only, please call the 24/7 PR hotline at 212-413-6142 or e-mail MSNBCTVinfo@nbcuni.com.",0.0,1.0
770,"If you want to reach the lawyers at NBCU News Group, or have a contract with NBCU News Group and wish to send a notice under the contract, please mail send your correspondence by internationally-recognized mail or courier service (e.g., FedEx), or certified or registered mail, to General Counsel, NBCU News Group Legal, 30 Rockefeller Plaza, Building 620, 5th Floor, New York, NY 10112, and email a copy to newslegalnotices@nbcuni.com. This is not a waiver of service of legal process, just an address for correspondence. Any service of legal process on NBCU News Group must comply with applicable legal rules.",0.1643939393939394,0.2924242424242424
771,"When you think about doing an at-home manicure, you probably consider trimming your nails, moisturizing your hands and picking a pretty polish color. You may even add a nail strengthener to keep your tips in top shape. But one of the most important steps in a DIY manicure actually has nothing to do with your nails — it has to do with hydrating your cuticles.",0.32999999999999996,0.62
772,"Left untreated, your cuticles can get dry and brittle, leading to hangnails or painful cracking. Thankfully, keeping them hydrated is often as simple as rubbing on some cuticle cream. So, when we recently saw that sales on Amazon for Onsen Nail and Cuticle Cream Treatment had spiked by over 7,000%, we were intrigued — could this conditioning cream be that good? We checked it out.",-0.011111111111111108,0.4511904761904762
773,"Want more from NBC Select? Sign up for our newsletter, The Selection, and shop smarter.",0.5,0.5
774,"I started using Onsen’s Nail and Cuticle Cream Treatment in 2023, when I stopped getting manicures at salons and started doing them myself to save money. When buying supplies, I turned to Amazon and was drawn to this treatment's positive reviews — it has a 4.4-star average rating from over 9,210 reviews. Since I started using the cream two years ago, I’ve repurchased it five times — that’s how much I like it.",0.09242424242424242,0.3818181818181818
775,"The formula has Shea and cocoa butter, rice bran and jojoba oils and Japanese flower enzymes to hydrate your nail bed. One of the best things about this cream is that it absorbs virtually upon contact, so you aren’t left with oily hands. The tube also has a super pointed tip, making it easy to dab a little on each cuticle before rubbing it in.",0.26319444444444445,0.3833333333333333
776,"The brand recommends applying this cream two to three times a week to keep your cuticles in good shape. I follow this application rule and can’t remember the last time I had a hangnail. However, I also find that applying it so frequently means that the small tube runs out fairly quickly — one tube lasts me four or five months.",0.17666666666666667,0.37333333333333335
777,"I’m a writer at NBC Select who covers a variety of topics, including home, tech and beauty. I have been covering major shopping events like Amazon Prime Day, Black Friday and Cyber Monday for over a decade.",-0.05208333333333333,0.4666666666666667
778,"Catch up on NBC Select’s in-depth coverage of tech and tools, wellness and more, and follow us on Facebook, Instagram, Twitter and TikTok to stay up to date.",0.5,0.5
779,"Steve Benen is a producer for ""The Rachel Maddow Show,"" the editor of MaddowBlog and an MSNBC political contributor. He's also the bestselling author of ""Ministry of Truth: Democracy, Reality, and the Republicans' War on the Recent Past.""",-0.08333333333333333,0.19999999999999998
780,"Steve Benen is a producer for ""The Rachel Maddow Show,"" the editor of MaddowBlog and an MSNBC political contributor. He's also the bestselling author of ""Ministry of Truth: Democracy, Reality, and the Republicans' War on the Recent Past.""",-0.08333333333333333,0.19999999999999998
781,"The fight for gender equality in 2025 has largely stalled at home and abroad — and in some cases, fallen back. In America, women have fewer rights and protections today than they did nearly 50 years ago. And globally, it will take at least 134 years to reach full gender party. But there’s one significant factor that could move the needle forward: male allyship.",0.09241071428571429,0.34419642857142857
782,Enter investor Alexis Ohanion.,0.0,0.0
783,"The co-founder of Reddit and Seven Seven Six Ventures — an early-stage venture capital firm with nearly $1 billion in assets under management — has made it his mission to invest in underrepresented entrepreneurs, especially women of color.",-0.03333333333333333,0.6
784,"“I’ve seen now from the inside just how … disappointing a lot of these industries have been treated by the men in charge — and women’s professional sports is chief among them,” he told Forbes EVP, Moira Forbes Thursday at the 30/50 Summit in Abu Dhabi.",-0.25,0.39999999999999997
785,"Now in its fourth year, the summit — created by Forbes and Know Your Value — brings together generations of the most influential female leaders, influencers and innovators for unprecedented networking, mentorship, and leadership opportunities — all with the goal of fostering gender equity and lasting allyship.",0.22000000000000003,0.31333333333333335
786,"Ohanian’s role in fomenting investment and attention around women’s sports has transformed the industry. The 41-year-old father and husband to tennis icon Serena Williams helped launch Angel City FC in 2020 as a founding control owner, part of the National Women’s Soccer League. Today, the team is valued at $300 million, the highest valuation ever for a women’s sports franchise, according to Ohanian.",0.0,0.0
787,"“Investing in women’s professional sports was unthinkable five years ago,” Ohanian recalled. “I had so many … random people on the internet, to other investors who I respected — they all told me I was going to lose all my money — it would never work and I’m very happy to prove them wrong.”",0.06071428571428572,0.5964285714285714
788,"The investments in women’s franchises has proven timely. Women’s elite sports have seen unprecedented growth, estimated to reach a record $1 billion in revenues due to the surging fan-base growth, as well as broadcast and commercial interest.",0.15833333333333333,0.425
789,"That’s why Ohanian started his venture firm with founding partner Katelin Holloway, which in turn led to the 776 Foundation, supporting marginalized individuals. He said the companies were in part, inspired by his daughter.",0.024999999999999994,0.325
790,"“Olympia was, in many ways, my North Star,” Ohanian said. “I wanted to keep building businesses and doing it in a way that I know I’m going to be proud of … so I seeded it with $100 million of my own money and said, ‘I’m going to use this to drive the best possible business outcomes.’”",0.58,0.76
791,"So far, the bets have paid off. Ohanian credits his outsider status — coming from tech instead of a traditional sports background — with recognizing undervalued investment opportunities.",0.05,0.875
792,"“In emerging sports and in women’s sports in particular, you have to earn every one of those viewers,” he explained. “You’re not going to be guaranteed to get great premium placement or top broadcast dollars … you have to earn it on social media at the start … and it turns out so many of these fans are digital native.”",0.3333333333333333,0.35833333333333334
793,"He first noticed the shift in fan base three years ago within the NCAA. “The women of college basketball … dominated the men in followers,” he said. “And so then it no longer made sense why the NCAA was not giving [women athletes] a gym or a weight room, was not letting them even use the phrase ‘March Madness,’ was not promoting them on television, because the free market was speaking loud and clear.”",0.01,0.6633333333333333
794,"For Ohanian, the inertia in sports equity represented not only sexism and racism, but “gross business negligence.”",0.0,0.5
795,"Among his efforts to rectify that, he expanded his portfolio of women’s sports enterprises by launching the first annual Athlos NYC, a women-only track and field meet that took place in New York City following the Summer Games. The Coachella-style event — attended by 5,000 fans, celebrities and athletes — featured star Olympians Gabby Thomas, Brittany Brown and Faith Kipyegon, among others who raced for record cash prizes, as well as a concert from three-time Grammy winner Megan Thee Stallion.",0.12878787878787878,0.2959595959595959
796,"""The team did a hell of a job, but it all started with asking these athletes what they wanted,"" Ohanian said about Athlos. ""All we had to do is make sure these athletes, the fastest women in the world, had the best meet of their lives, and if we could do that right then we were going to be a success.""",0.5214285714285714,0.4311507936507937
797,"Amid the success of his recent ventures, Ohanian acknowledged how his marriage to Williams has influenced his perspective and the way he’s tried to motivate others toward more equitable industry change.",0.26666666666666666,0.25
798,"“One of the greatest privileges of being in an interracial relationship in particular is that I get to feel that discomfort often when I get a blind spot called out,” he said. “And I think one of the biggest advantages to being in rooms with folks who are not like you — assuming you’ve got a candid, honest, loving relationship — is you get a bigger perspective, a better perspective on the things you see and the things you don’t.”",0.37083333333333335,0.7062499999999999
799,"Ultimately Ohanian believes that capitalism, when directed responsibly, can be a catalyst for tremendous social change. ""If you're captivated by women's sports today — and you should be  — just wait and see,"" Ohanian said. ""In another 10 years the girls who are watching today — those teenagers going all in on sports, entering the drafts, going on professional teams — you will see the fruits of that and it will be an even better fan experience.""",0.19444444444444442,0.5361111111111111
800,"Zeeshan Aleem is a writer and editor for MSNBC Daily. Previously, he worked at Vox, HuffPost and Politico, and he has also been published in, among other places, The New York Times, The Atlantic, The Nation, and The Intercept. You can sign up for his free politics newsletter here.",0.04893939393939395,0.35924242424242425
801,"Zeeshan Aleem is a writer and editor for MSNBC Daily. Previously, he worked at Vox, HuffPost and Politico, and he has also been published in, among other places, The New York Times, The Atlantic, The Nation, and The Intercept. You can sign up for his free politics newsletter here.",0.04893939393939395,0.35924242424242425
802,"Trade tensions have torn into the markets. With stocks sliding into correction territory in the last week, a question emerges: Is a recession next?",0.0,0.03333333333333333
803,"Traders on prediction markets — where people wager on such events as the likelihood of a recession — are increasingly betting on an economic downturn. Polymarket, for example, currently places the odds on a recession in 2025 at 40% — a sharp jump of nearly 20 percentage points in under a month.",0.035,0.45
804,"Experts also see recessionary risks, citing trade tensions, policy uncertainty and sputtering consumer confidence. However, they caution that no single measure guarantees the future. A combination of metrics — including spending, jobs, business confidence — hint at what’s ahead. And experts note that signals aren’t red across the board: Job openings and household spending have held steady.",0.050595238095238096,0.20982142857142858
805,"A recession is characterized as a widespread and significant decline in economic activity for multiple months. In the United States, a panel of experts at the nonprofit National Bureau of Economic Research makes the call.",0.19374999999999998,0.31875
806,"Simple as it sounds, this committee typically takes months to officially declare a recession, as the factors that guide this decision can lag. While waiting, economists and other market watchers monitor several signals to gauge the health of the economy. Here are some of the numbers they consult, and what those figures now show:",-0.07291666666666666,0.3080357142857143
807,"Consumer spending represents approximately 70% of the country’s gross domestic product. Jeffrey Frankel, an economist at the Harvard Kennedy School and one of the experts who called recessions for the National Bureau of Economic Research, emphasized that consumer spending is one of the earliest and most direct indicators of economic downturn.",0.08571428571428573,0.2857142857142857
808,"“Retail sales is like if you’re navigating through a foggy ocean, trying to see where the port is — the first rocks, the promise of the mainland as it comes into view — that’s retail sales,” Frankel said.",0.25,0.3333333333333333
809,"So far, data from the Census Bureau shows sales numbers have remained steady.",0.13333333333333333,0.75
810,"Consumer beliefs affect retail sales, said Menzie Chinn, a professor in the economics department at the University of Wisconsin. He notes that policy uncertainty can shake the economy.",0.0,0.0
811,"“If enough people and enough companies put things off because of uncertainty, you can tip the economy into recession,” Chinn told NBC News. “It doesn’t happen overnight, but it multiplies out over time.”",0.0,0.5
812,What consumers think of the economy gives another hint of where their behavior may be headed.,0.0,0.0
813,"“It’s all rooted in consumer confidence and business confidence,” economist Dennis Hoffman said. “All of this is a recipe for confidence erosion — when confidence erodes, consumers seize up, business owners seize up, and they don’t spend — they wait to see clarity.”",0.0,0.0
814,The University of Michigan’s Survey of Consumers’ Index of Consumer Sentiment showed a 10.5% decline in consumer confidence this month.,0.0,0.0
815,"“Consumer confidence and how people feel about their future and the security of their future has a lot to do with how they act in terms of buying goods and services, investing in their businesses, hiring people to work in their businesses,” Hoffman said.",0.0,0.125
816,Other measures economists pay attention to include:,-0.125,0.375
817,There’s a metric with a strong — but not perfect — record of predicting the recessions of the past 50-plus years.,-0.10555555555555557,0.6611111111111111
818,"This oft-used measure compares short-term to long-term interest rates on government debt. Frequently called the Federal Reserve’s favorite recession gauge, a negative spread — or “inversion” — between long- and short-term borrowing costs has reliably preceded recessions, though there was a false alarm in 2022.",-0.030000000000000016,0.54
819,It’s now back in positive territory after a prolonged inversion that ended in late 2024.,-0.024242424242424242,0.38181818181818183
820,"The indicator based on the Sahm Rule, which tracks unemployment changes, shows declining recession risk as of March, reflecting a resilient labor market.",0.0,0.0
821,"While a recession is possible in the near future, there’s not enough data to know. And assessing that data isn’t an exact science: “We’re always looking for different predictors,” Chinn said. “We’re probably getting better at it, except it’s hard to assess because recessions don’t happen very often.”",0.08425925925925926,0.46851851851851856
822,"CORRECTION (March 18, 2025, 12:00 p.m. ET): An earlier version of a chart in this article misstated when the consumer sentiment index started declining. It began its decline in January, not March.",0.0,0.5
823,"NBC News (including The TODAY Show, MSNBC, NBC Nightly News and CNBC) is pleased to offer closed captioning across a wide variety of its programming that it makes available on television and online. To report an issue or concern regarding closed captioning on MSNBC programs viewed on television or online, please contact us at ccfeedback@nbcuni.com or 1-866-787-6228.",0.12000000000000002,0.4
824,* * * * * *,0.0,0.0
825,Please detail your issue or concern by providing the following information:,0.0,0.1
826,"If you wish to submit a written complaint, please send it to:",-0.3,0.2
827,Angela Ball,0.0,0.0
828,"Senior Vice President, Regulatory Affairs",0.0,0.0
829,NBCUniversal,0.0,0.0
830,"300 New Jersey Ave., NW Suite 700",0.13636363636363635,0.45454545454545453
831,"Washington, DC 20001-2030",0.0,0.0
832,ccfeedback@nbcuni.com,0.0,0.0
833,"Jacques Berlinerblau is a professor of Jewish civilization at Georgetown University. He has authored numerous books about the subject of secularism, including the recent “Secularism: The Basics” (Routledge). He has also written about American higher education in “Campus Confidential: How College Works, and Doesn’t, For Professors, Parents and Students” (Melville House). With Professor Terrence Johnson, he is a co-author of “Blacks and Jews in America: An Invitation to Dialogue” (Georgetown). His current research concentrates on the nexus between literature and comedy on the one side and cultural conflicts on the other.",0.006481481481481483,0.27314814814814814
834,"Jacques Berlinerblau is a professor of Jewish civilization at Georgetown University. He has authored numerous books about the subject of secularism, including the recent “Secularism: The Basics” (Routledge). He has also written about American higher education in “Campus Confidential: How College Works, and Doesn’t, For Professors, Parents and Students” (Melville House). With Professor Terrence Johnson, he is a co-author of “Blacks and Jews in America: An Invitation to Dialogue” (Georgetown). His current research concentrates on the nexus between literature and comedy on the one side and cultural conflicts on the other.",0.006481481481481483,0.27314814814814814
835,"Tune in to the live audio stream of Morning Joe, The Rachel Maddow Show, Deadline White House and all your favorite MSNBC TV shows. (Want to know what's coming up next? Check out the MSNBC TV schedule.)",0.1590909090909091,0.375
