,Sentence,Polarity,Subjectivity
0,"India has usually turned to economic reforms in times of distress, with the most famous example being 1991, when the country embraced liberalisation in the face of a deep financial crisis.",0.15833333333333333,0.39166666666666666
1,"Now, with US President Donald Trump's tit-for-tat tariff wars and the global trade upheaval that has followed, many believe that India finds itself at another crossroad.",0.25,0.25
2,"Could this be a major opportunity for the world's fifth largest economy to shed its protectionism and further open up its economy? Will India seize the moment, just as it did more than three decades ago, or will it retreat further?",0.1125,0.5
3,"Trump has repeatedly branded India a ""tariff king"" and a ""big abuser"" of trade ties. The problem is that India's trade-weighted import duties - the average duty rate per imported product - are among the highest in the world. The US average tariff is 2.2%, China's is 3% and Japan's is 1.7%. India's stands at a whopping 12%, according to data from the World Trade Organization.",-0.09999999999999999,0.3
4,"High tariffs increase costs for companies dependent on global value chains, hindering their ability to compete in international markets. They also mean that Indians pay more on imported goods than foreign consumers. Despite growing exports - primarily driven by services - India runs a significant trade deficit. However, with India's share of global exports at a mere 1.5%, the challenge becomes even more urgent.",0.09068181818181818,0.38431818181818184
5,"The jury is out on whether Trump's tariff war will help India break free or double down on protectionism. Narendra Modi's government, often criticised for its protectionist stance, seems to have shifted gears in recent years.",0.06111111111111111,0.33472222222222225
6,"Last month, ahead of Prime Minister Modi's meeting with Trump in Washington, India unilaterally lowered tariffs on Bourbon whiskey, motorcycles and some other US products.",-0.20833333333333334,0.38055555555555554
7,"Commerce Minister Piyush Goyal has made two trips to the US to discuss a potential trade deal, following Trump's threatened retaliatory tariffs, looming on 2 April. (Citi Research analysts estimate India could lose up to $7bn annually from reciprocal tariffs, primarily affecting sectors like metals, chemicals and jewellery, with pharmaceuticals, automobiles and food products also at risk.)",0.13333333333333333,0.5333333333333333
8,"Last week, Goyal urged Indian exporters to ""come out of their protectionist mindset and encouraged them to be bold and ready to deal with the world from a position of strength and self-confidence"", according to a statement from his ministry.",0.17777777777777778,0.41111111111111115
9,"India is also actively pursuing free trade deals with several countries, including the UK and New Zealand, and the European Union.",0.08060606060606061,0.3709090909090909
10,"In an interesting turn of events, homegrown telecoms giants Reliance Jio and Bharti Airtel have teamed up with Trump ally Elon Musk's SpaceX to launch satellite internet services via Starlink in India. The move surprised analysts, especially after Musk's recent clashes with both companies, and came as US and Indian officials negotiate the trade deal.",0.15,0.6625
11,"India's rapid growth from the late 1990s to the 2000s - 8.1% between 2004-2009 and 7.46% from 2009-2014 - was in large part driven by its gradual integration into global markets, particularly in pharmaceuticals, software, autos, textiles and garments, alongside a steady reduction in tariffs. Since then, India has turned inwards.",0.04952380952380952,0.37238095238095237
12,"Many economists believe that protectionist policies over the past decade have undermined Modi's Make in India initiative, which prioritised capital- and technology-intensive sectors over labour-intensive ones like textiles. As a result, it has struggled to boost manufacturing and exports.",0.125,0.375
13,"High tariffs have also fostered protectionism in several Indian industries, discouraging investments in efficiency, according to Viral Acharya, a professor of economics at New York University Stern School of Business.",0.0987878787878788,0.3315151515151515
14,"This has allowed ""cosy incumbents"" to gain market power by consolidating their positions without facing much competition. As Mr Acharya, a former central banker, noted in a paper by Brookings Institution, restoring industrial balance in India requires ""reducing tariffs to increase the country's share of global goods trade and reduce protectionism"".",0.05,0.1125
15,"With India's tariffs already higher than those of most countries, further increases could be especially damaging.",0.1875,0.625
16,"""We need to boost exports and a tit-for-tat tariff war won't help us. China can afford this strategy due to its massive export base, but we can't, as we hold only a small share of the global market,"" Rajeswari Sengupta, an associate professor of economics at Mumbai-based Indira Gandhi Institute of Development Research, said.  ""A trade conflict could hurt us more than others.""",-0.09642857142857143,0.6107142857142858
17,"In light of this, India finds itself at a crossroad. As the world undergoes a major shift, India has a ""unique opportunity to shape a new vision"" for global trade, says Aseema Sinha, a trade expert at Claremont McKenna College.",0.19477272727272726,0.530909090909091
18,"By lowering protectionist barriers in South Asia and strengthening ties with Southeast Asia and the Middle East, India has the chance to lead in shaping a new trade vision, positioning itself as a key player in a ""re-globalised"" world, Ms Sinha, author of Globalising India, says.",0.04545454545454545,0.48484848484848486
19,"""By reducing tariffs, India could become the regional and cross-regional magnet for trade and economic activity, drawing in varied powers in its orbit,"" she adds.",0.2,0.2
20,"That could help India create the jobs it desperately needs at home. Agriculture, which makes up 15% of its GDP, accounts for a whopping 40% of employment, reflecting extremely low productivity. Construction remains the second-largest employer, absorbing casual daily workers.",-0.18000000000000002,0.6233333333333333
21,"India's challenge isn't in expanding its thriving service sector, which already makes up nearly half of total exports, but in dealing with the large pool of unskilled workers who lack the basic skills needed for service jobs.",0.011904761904761904,0.3675595238095238
22,"""While high-end services are thriving, the majority of the workforce remains uneducated and underemployed, often relegated to construction or informal jobs. To provide meaningful employment to millions entering the workforce each year, India must ramp up its manufacturing exports, as relying solely on services won't address the needs of the unskilled labour force,"" says Ms Sengupta.",0.5,0.5
23,"One concern is that reducing tariffs could lead to dumping, where foreign companies flood the market with cheap goods, potentially harming domestic industries.",0.06875,0.48125
24,"According to Ms Sengupta, India's ideal approach to trade would involve a ""universal reduction"" in import tariffs, as it currently has some of the highest tariffs among its trading partners.",0.3,0.4666666666666666
25,"However, there is a caveat: China's trade struggles, particularly with the US due to the ongoing trade war, could lead to Chinese dumping in India in the ""short run"".",0.010416666666666664,0.2520833333333333
26,"""To protect against this, India can use non-tariff barriers against China but only against this one country and only in cases of proven dumping. Barring that, it is in India's interest to do a wholesale slashing of tariffs,"" she says.",0.0,1.0
27,There's also a growing concern that India may be overcompensating in its efforts to flatter the US.,0.0,0.0
28,"Ajay Srivastava, founder of the Global Trade Research Initiative (GTRI), believes that India's tendency to soften trade policies ""based on rhetoric rather than economic pressure"" shows a lack of assertiveness in global trade talks.",0.06666666666666667,0.06666666666666667
29,"If this trend continues, he says, India may end up making even more compromises in its trade deal with the US, further ""eroding its bargaining power"".",0.25,0.5
30,"""In comparison to other major economies, India's pre-emptive surrender on multiple trade fronts - without the US imposing a single country-specific tariff - makes it appear exceptionally vulnerable to pressure tactics.""",-0.12678571428571428,0.31785714285714284
31,"The broader consensus seems to be that India should capitalise on what could be the unintended consequences of Trump's tariff wars. Pranjul Bhandari, chief India economist at HSBC, believes that ""potential US tariffs may have become a catalyst for reforms."".",0.0,1.0
32,"""If supply chains are rejigged again during the second Trump presidency due to higher tariffs on large exporters, and the world looks for new producers, India may get a second chance,"" she writes.",0.07927489177489178,0.2930194805194805
33,"Creating jobs that manufacture goods for the world won't be easy. India has largely missed the bus on low-end, unskilled factory work - jobs China dominated for decades. Automation is taking over. Without deeper reforms, India risks being left behind.",0.06190476190476191,0.49047619047619045
34,Copyright 2025 BBC. All rights reserved.  The BBC is not responsible for the content of external sites. Read about our approach to external linking.,-0.03333333333333333,0.25
35,,0.0,0.0
36,"The mysterious force called Dark Energy, which drives the expansion of the Universe, might be changing in a way that challenges our current understanding of time and space, scientists have found.",-0.049999999999999996,0.6
37,Some of them believe that they may be on the verge of one of the biggest discoveries in astronomy for a generation - one that could force a fundamental rethink.,0.0,0.0
38,This early-stage finding is at odds with the current theory which was developed in part by Albert Einstein.,0.05,0.35
39,"More data is needed to confirm these results, but even some of the most cautious and respected researchers involved in the study, such as Prof Ofer Lahav, from University College London, are being swept up by the mounting evidence.",0.3333333333333333,0.5
40,"""It is a dramatic moment,"" he told BBC News.",-0.4333333333333333,0.6
41,"""We may be witnessing a paradigm shift in our understanding of the Universe.""",0.0,0.0
42,"The discovery of Dark Energy in 1998 was in itself shocking. Up until then the view had been that after the Big Bang, which created the Universe, its expansion would slow down under the force of gravity.",-0.3211111111111111,0.4377777777777777
43,"But observations by US and Australian scientists found that it was actually speeding up. They had no idea what the force driving this was, so they gave it a name signifying their lack of understanding - Dark Energy.",-0.049999999999999996,0.16666666666666666
44,,0.0,0.0
45,Although we don't know what Dark Energy is - it is one of the greatest mysteries in science - astronomers can measure it and whether it is changing by observing the acceleration of galaxies away from each other at different points in the history of the Universe.,0.18125,0.59375
46,"Several experiments were built to find answers, including the Dark Energy Spectroscopic Instrument (DESI) at the Kitt Peak National Observatory near Tucson Arizona. It consists of 5,000 optical fibres, each one of which is a robotically controlled telescope scanning galaxies at high speed.",0.027500000000000004,0.33499999999999996
47,"Last year, when DESI researchers found hints that the force exerted by dark energy had changed over time, many scientists thought that it was a blip in the data which would go away.",0.11666666666666665,0.32222222222222224
48,"Instead, a year on, that blip has grown.",0.0,0.0
49,"""The evidence is stronger now than it was,"" said Prof Seshadri Nadathur at the University of Portsmouth",0.0,0.0
50,"""We've also performed many additional tests compared to the first year, and they're making us confident that the results aren't driven by some unknown effect in the data that we haven't accounted for,"" he said.",0.2875,0.5666666666666667
51,"The data has not yet passed the threshold of being described as a discovery, but has led many astronomers, such as Scotland's Astronomer Royal, Prof Catherine Heymans, of Edinburgh University, to sit up and take notice.",0.25,0.5
52,"""Dark Energy appears to be even weirder than we thought,"" she told BBC News.",-0.15,0.4
53,"""In 2024 the data was quite new, no-one was quite sure of it and people thought more work needed to be done.",0.37878787878787873,0.6144781144781145
54,"""But now, there's more data, and a lot of scrutiny by the scientific community, so, while there is still a chance that the 'blip' may go away, there's also a possibility that we might be edging to a really big discovery.""",0.25,0.3
55,So what is causing the variation?,0.0,0.0
56,"""No one knows!"" Prof Lahav admits, cheerfully.",0.4,1.0
57,"""If this new result is correct, then we need to find the mechanism that causes the variation and that might mean a brand new theory, which makes this so exciting.""",0.06505681818181817,0.5991477272727272
58,"DESI will continue to take more data over the next two years, with plans to measure roughly 50 million galaxies and other bright objects, in an effort to nail down whether their observations are unequivocally correct.",0.1365740740740741,0.39398148148148143
59,"""We're in the business of letting the Universe tell us how it works, and maybe it is telling us it's more complicated than we thought it was,"" said Andrei Cuceu, a postdoctoral researcher at the Lawrence Berkeley National Lab, in California.",0.0,0.75
60,"More details on the nature of Dark Energy will be obtained by the European Space Agency's (ESA) Euclid mission, a space telescope which will probe further than DESI and obtain even greater detail. It was launched in 2023 and ESA released the new images from the spacecraft today.",0.1643939393939394,0.3924242424242424
61,"The DESI collaboration involves more than 900 researchers from more than 70 institutions, around the world, including Durham, UCL and Portsmouth University from the UK.",0.5,0.5
62,Copyright 2025 BBC. All rights reserved.  The BBC is not responsible for the content of external sites. Read about our approach to external linking.,-0.03333333333333333,0.25
63,,0.0,0.0
64,Indonesia's parliament has passed controversial changes to legislation that will allow its military a bigger role in government.,0.15000000000000002,0.5166666666666667
65,"Critics warn that the move could return Indonesia to the dark days of Suharto's military dictatorship, which lasted 32 years until he was forced out of office in 1998.",-0.18333333333333335,0.2333333333333333
66,The revisions backed by President Prabowo Subianto - a former special forces commander and Suharto's son-in-law - allow military officers to take up positions in government without first retiring or resigning from the armed forces.,0.12678571428571428,0.2511904761904762
67,Hundreds of pro-democracy activists have camped outside parliament since Wednesday evening to protest at the changes.,0.0,0.05
68,"""The essence of democracy is that the military should not engage in politics. The military should only manage barracks and national defence,"" said Wilson, an activist with the Indonesian Association of Families of the Disappeared (KontraS), a group advocating for activists who disappeared during a crackdown in 1997 and 1998.",-0.06666666666666667,0.39999999999999997
69,"""Since 1998, there has been a creeping murder of democracy. And today marks its peak. Democracy has been killed by the House of Representatives,"" Wilson told the BBC.",-0.2,0.0
70,"The revisions allow active military personnel to hold positions in 14 civilian institutions, up from 10. They also raise retirement age by several years for most ranks. Highest-ranking four-star generals can now serve until 63, up from 60.",0.06666666666666667,0.3
71,"By Thursday evening, the crowd of protesters outside parliament had grown to nearly a thousand. ""Return the military to the barracks!"" ""Against militarism and oligarchy,"" read the banners they held.",-0.008333333333333331,0.18333333333333335
72,Police officers and military personnel stood guard around the protesters.,-0.1,0.1
73,"While there have been efforts over the past 25 years to limit the military's involvement in politics and governance, local human rights watchdog Imparsial found that nearly 2,600 active-duty officers were serving in civilian roles even before the law's revision.",-0.049999999999999996,0.16999999999999998
74,"The changes signal a ""broader consolidation of power"" under Prabowo, said Dedi Dinarto, lead Indonesia analyst at public policy advisory firm Global Counsel.",-0.06666666666666667,0.15555555555555556
75,"That the main opposition party endorsed the changes - despite initial opposition - further underscores this shift, he noted.",0.05555555555555555,0.27777777777777773
76,"""By embedding military perspectives into civilian domains, the legislation could reshape Indonesia's policy direction, potentially prioritising stability and state control over democratic governance and civil liberties,"" Mr Dinarto said.",-0.05,0.55
77,"The armed forces' ""dual function"", where they are given control of security and administrative affairs, was central to Suharto's regime.",0.0,0.25
78,"For some Indonesians, Prabowo epitomises that authoritarian era. It was he who led the special forces unit accused of abducting activists in 1997 and 1998.",0.35714285714285715,0.5714285714285714
79,Many had feared that his return to political power and becoming president would erode Indonesia's hard-won but fragile democracy.,0.2375,0.48750000000000004
80,"Since taking office last October, Prabowo has already been expanding the military's involvement in public areas. His flagship $4bn free-meal programme for children and pregnant women, for instance, receives logistical support from the armed forces.",0.05833333333333333,0.18333333333333335
81,"Defending the amendments on Thursday, defence minister Sjafrie Sjamsoeddin told parliament ""geopolitical changes and global military technology"" require the military to transform to tackle ""conventional and non conventional conflicts"".",-0.09714285714285714,0.18285714285714288
82,"""We will never disappoint the Indonesians in keeping our sovereignty,"" he said.",0.0,0.0
83,However some rights groups argue that increasing military control in public affairs beyond defence will undermine impartiality.,-0.05,0.08333333333333334
84,"""How can active-duty officers in the Attorney General's Office remain impartial when they are still bound by military command?"" asked Virdika Rizky Utama, a researcher at Jakarta-based think-tank PARA Syndicate, Benar News reports.",-0.024999999999999994,0.3
85,"""If the military gains influence over the justice system, who will hold them accountable?""",-0.1,0.1
86,"""President Prabowo appears intent on restoring the Indonesian military's role in civilian affairs, which were long characterised by widespread abuses and impunity,"" said Andreas Harsono, senior Indonesia researcher at Human Rights Watch.",-0.05000000000000001,0.19999999999999998
87,"""The government's rush to adopt these amendments undercuts its expressed commitment to human rights and accountability.""",0.0,0.1
88,"KontraS also noted that the government's ""rush to amend the [law] stands in stark contrast to its prolonged inaction on other critical human rights commitments"".",-0.08125,0.46875
89,"""This long struggle cannot stop just because the law has been passed. There is only one word: Resist,"" said Sukma Ayu, an undergraduate at Universitas Muhammadiyah Prof. Hamka in Jakarta.",-0.025,0.7
90,"""We will continue protesting until we claim victory... We have no choice but to occupy the 'house of the people',"" she said.",0.0,0.0
91,Copyright 2025 BBC. All rights reserved.  The BBC is not responsible for the content of external sites. Read about our approach to external linking.,-0.03333333333333333,0.25
92,,0.0,0.0
93,"A North Dakota jury has found Greenpeace liable for defamation, ordering it to pay more than $660m (£507m) in damages to an oil company for the environmental group's role in one of the largest anti-fossil fuel protests in US history.",0.2,0.5
94,"Texas-based Energy Transfer also accused Greenpeace of trespass, nuisance and civil conspiracy over the demonstrations nearly a decade ago against the Dakota Access Pipeline.",0.1,0.4
95,"The lawsuit, filed in state court, argued that Greenpeace was behind an ""unlawful and violent scheme to cause financial harm to Energy Transfer"".",-0.4000000000000001,0.5666666666666667
96,"Greenpeace, which vowed to appeal, said last month it could be forced into bankruptcy because of the case, ending over 50 years of activism.",-0.15000000000000002,0.13333333333333333
97,"Protests against the pipeline near the Standing Rock Sioux Reservation drew thousands, but Greenpeace argued it did not lead the demonstration and that the lawsuit threatened free speech. Instead, it said the protests were led by local indigenous leaders who were opposed to the pipeline.",0.16666666666666666,0.4000000000000001
98,The nine-person jury reached a verdict on Wednesday after about two days of deliberating.,0.0,0.0
99,"The case was heard at a court in Mandan, about 100 miles (160km) north of where the protests took place.",0.0,0.0
100,"Trey Cox, a lawyer for Energy Transfer, said during closing arguments that Greenpeace's actions caused between $265m to $340m in damages. He asked the jury to award the company that amount, plus additional damages.",0.0,0.0
101,"Construction of the Dakota Access Pipeline gained international attention during President Donald Trump's first term, as Native American groups set up an encampment trying to block it from passing near Standing Rock.",0.0875,0.18333333333333335
102,"The protests, which saw acts of violence and vandalism, started in April 2016 and ended in February 2017, when the National Guard and police cleared away the demonstrators.",0.0,0.0
103,"At the peak, over 10,000 protesters were on site. The group included more than 200 Native American tribes, hundreds of US military veterans, actors and political leaders - including current US Health Secretary Robert F Kennedy, Jr.",0.08,0.22000000000000003
104,"The 1,172-mile pipeline has been operating since 2017. However, it still lacks a key permit to operate under Lake Oahe in South Dakota, and local tribes have pushed for an extensive environmental review of the project.",0.0,0.4444444444444444
105,"During the three-week trial, jurors heard from Energy Transfer's co-founder and board chairman Kelcy Warren, who said in a video deposition that protesters had created ""a total false narrative"" about his company.",-0.20000000000000004,0.675
106,"""It was time to fight back,"" he said.",0.0,0.0
107,"Energy Transfer's lawyer Mr Cox told the court that Greenpeace had exploited the Dakota Access Pipeline to ""promote its own selfish agenda"".",0.04999999999999999,1.0
108,"Attorneys for Greenpeace argued that the group did not lead the protests, but merely helped support ""nonviolent, direct-action training"".",-0.04999999999999999,0.55
109,"In response to the verdict, Greenpeace International's general counsel Kristin Casper said ""Energy Transfer hasn't heard the last of us in this fight"".",0.016666666666666673,0.18888888888888888
110,"""We will not back down, we will not be silenced,"" she said.",-0.07777777777777779,0.14444444444444446
111,"Carl Tobias, a law professor at the University of Richmond in Virginia, said he believes ""the verdict's magnitude will have a chilling effect on environmental and other public interest litigation"".",-0.20833333333333334,0.4472222222222222
112,"""It may encourage litigants in other states to file similar lawsuits,"" he told the BBC.",-0.0625,0.3875
113,"Energy Transfer's legal action named Greenpeace USA, as well as its Washington DC-based funding arm Greenpeace Fund Inc and its Amsterdam-based parent group Greenpeace International.",0.10000000000000002,0.10000000000000002
114,"Greenpeace has counter-sued Energy Transfer in Dutch court, claiming the oil firm is attempting to unfairly use the legal system to silence critics.",-0.16666666666666666,0.5333333333333333
115,"The lawsuit, filed earlier this month, seeks to recover all damages and costs.",0.0,0.5
116,Copyright 2025 BBC. All rights reserved.  The BBC is not responsible for the content of external sites. Read about our approach to external linking.,-0.03333333333333333,0.25
117,,0.0,0.0
118,"Yemen's rebel Houthi group has said it has fired a missile at Israel, which was intercepted.",0.0,0.0
119,"The ballistic missile was fired toward Ben Gurion Airport near Tel Aviv, the group's military spokesperson said in a televised statement.",0.0,0.25
120,"Sirens sounded in several areas of Israel, the Israeli Defense Forces said. No injuries have been reported and the IDF says the missile was stopped before entering Israel.",0.0,0.0
121,"Meanwhile, Gaza's Hamas-run civil defence agency said Israeli strikes early on Thursday have killed at least 10 people.",-0.13333333333333333,0.2333333333333333
122,"Israel has extended its ground operations in Gaza, after launching a wave of air strikes that the Hamas-run health ministry says killed more than 430 people in two days.",0.15,0.25
123,"The air strikes on Thursday reportedly targeted six homes east of Khan Younis, a spokesman for the Hamas-run civil defence agency said, and also injured dozens of people.",0.0,0.0
124,"""A missile launched from Yemen was intercepted by the IAF prior to crossing into Israeli territory. Sirens were sounded in accordance with protocol,"" the Israeli military said in a statement, referring to its air force.",-0.05,0.05
125,"The Houthi group  have vowed to retaliate, including against Israel, after the US carried out deadly strikes against them in recent days.",-0.1,0.325
126,"The Iranian-backed rebel group, which considers Israel its enemy, controls Sanaa and the north-west of Yemen, but it is not the country's internationally recognised government.",0.0,0.0
127,The Houthis said they are acting in support of the Palestinians in the war between Israel and Hamas in Gaza.,0.0,0.0
128,"US President Donald Trump has warned Iran that it will face ""dire"" consequences if Yemen's Houthis continue to attack international shipping lanes.",0.0,0.0
129,"The Pentagon said it had struck 30 targets in Yemen since Saturday, in the biggest US military operation in the Middle East since Trump returned to the White House.",-0.03333333333333333,0.03333333333333333
130,The Houthi group first tried to attack the USS Harry S Truman in the Red Sea on Sunday following deadly US strikes on Yemen.,0.012499999999999997,0.20833333333333334
131,"The Israel Defense Forces (IDF) said troops had moved in up to the Netzarim Corridor, which divides the north and south of the Gaza Strip.",0.0,0.0
132,The renewed assault on Gaza marks the end of the fragile ceasefire deal that had been in place since January.,0.0,0.5
133,"Earlier, the UN said two people - including one of its staff - had been killed after an explosion at its compound in Deir al-Balah.",-0.1,0.25
134,"The 7 October 2023 attack by Hamas on Israel saw about 1,200 people killed and the capturing of 251 hostages - 25 of whom were released alive during the first phase of the ceasefire.",0.049999999999999996,0.24444444444444446
135,"Israel responded with a massive military offensive, which has killed more than 48,500 Palestinians, the Hamas-run health ministry says, as well as causing large-scale destruction to homes and infrastructure.",0.04999999999999999,0.4
136,Copyright 2025 BBC. All rights reserved.  The BBC is not responsible for the content of external sites. Read about our approach to external linking.,-0.03333333333333333,0.25
137,,0.0,0.0
138,Copyright 2025 BBC. All rights reserved.  The BBC is not responsible for the content of external sites. Read about our approach to external linking.,-0.03333333333333333,0.25
139,,0.0,0.0
140,Enthusiasts are poring over thousands of newly released documents related to the investigation into President John F Kennedy's assassination.,0.06818181818181818,0.42727272727272725
141,"As many experts expected, this latest release by the Trump administration does not answer all lingering questions about one of the US's historic turning points - the 1963 killing of Kennedy in Dallas, Texas.",0.225,0.45
142,But the latest batch does include documents that are now mostly or fully unredacted. They reveal further how much the US Central Intelligence Agency (CIA) observed JFK's killer before the shooting.,0.24,0.47000000000000003
143,"A US government investigation in the 1960s concluded that Lee Harvey Oswald, a drifter and former US Marine who at one point defected to the then-Soviet Union, acted alone when he shot at Kennedy's motorcade from a nearby building.",0.0,0.0
144,"However, the case still prompts questions, along with wild conspiracy theories, more than 60 years later - and the latest release is unlikely to change that. Here are some key takeaways.",0.10000000000000002,0.5499999999999999
145,"The documents further shed light on the CIA's strong surveillance of Oswald, said Jefferson Morley, a former Washington Post reporter and editor of the JFK Facts blog.",0.20833333333333331,0.4833333333333333
146,"""He's a subject of deep interest to the CIA"" long before the assassination, and the extent of this has only become clear in the last few years, Mr Morley said.",-0.04523809523809524,0.38333333333333336
147,"Many of the new documents have been released before - but now more complete versions are available. Although specialists are still combing through, no earth-shattering stories have surfaced.",0.32727272727272727,0.45090909090909087
148,"Still, Mr Morley calls it ""the most exciting news around JFK records since the 1990s"".",0.4,0.65
149,"""Several very important documents have come into public view,"" he said.",0.17333333333333334,0.35555555555555557
150,"Experts have therefore praised the release as a step forward for transparency. In the past, hundreds of thousands of documents were made available but were partially redacted. Others were held back, with officials citing national security concerns.",0.012500000000000004,0.2375
151,"Philip Shenon, who wrote a 2013 book about the assassination, told the Associated Press that previously released documents described a trip Oswald took to Mexico City in September 1963, months before the assassination.",-0.16666666666666666,0.16666666666666666
152,"The CIA was monitoring him at that time, he said, according to the AP.  ""There's reason to believe he talked openly about killing Kennedy in Mexico City and that people overheard him say that.""",0.0,0.5
153,"In a previously released April 1975 memo, the CIA downplayed what it knew about Oswald's trip to Mexico City, the AP reported. The CIA recorded three phone calls between Oswald and a guard at the Soviet embassy, it said, but Oswald only identified himself in one.",-0.08333333333333333,0.5833333333333334
154,A number of the documents shed light on Kennedy's relationship with the CIA before his death and on intelligence-gathering techniques - giving a window into Cold War operations.,-0.09999999999999998,0.85
155,A newly unredacted memo reveals a more complete version of a note written by Kennedy aide Arthur Schlesinger.,0.24545454545454545,0.4515151515151515
156,"Critical of the CIA and its role in shaping foreign policy, the note shows the agency's  huge presence in US embassies, even in allied countries such as France.",0.06875000000000002,0.58125
157,"In it, Schlesinger warns Kennedy about the agency's influence on American foreign policy. Though not directly related to the assassination, the memo details the rocky relationship between the president and intelligence agencies.",-0.041666666666666664,0.17500000000000002
158,"The CIA is traditionally opposed to releasing operational or budget information, said David Barrett, a Villanova University professor and expert on the CIA and presidential power.",0.0,0.75
159,"""It's a very good thing for the government to release these documents even if there still may be some redactions,"" he said.",0.9099999999999999,0.7800000000000001
160,One document details the use of fluoroscopic scanning - using X-rays to show images of the inside of an object.,0.0,0.0
161,The technique was developed to detect hidden microphones possibly used to bug CIA offices.,-0.022222222222222216,0.5444444444444444
162,"In another document, the CIA describes a system to secretly tag and identify public phone boxes that are tapped, using a paint only visible under ultraviolet light.",0.0,0.6166666666666667
163,"The memo is also notable for one of the names in it - James McCord, who would later gain infamy as one of the men who burgled the Watergate complex. The break-in kicked off the unravelling of the scandal that toppled President Richard Nixon.",0.06666666666666667,0.3
164,Some well-known online accounts claimed that the recent documents reveal new details about long-alleged plots against Kennedy - even though some of the supposed revelations have been public for years.,0.04545454545454545,0.25707070707070706
165,They includes several viral posts about Gary Underhill - a World War Two military intelligence agent.,-0.05,0.05
166,"Mr Underhill reportedly claimed that a cabal of CIA agents was behind the assassination, a theory openly published in Ramparts, a left-wing magazine, in 1967. Mr Underhill's death in 1964 was ruled a suicide, but the magazine cast doubt on that as well.",-0.2,0.6
167,Photos of a seven-page memo regarding Mr Underhill went viral on Tuesday - but the bulk of it is not new. His story has long been discussed online and the CIA memo mentioning it was first released in 2017.,0.043939393939393945,0.3959595959595959
168,Just a few sentences on one page of the memo were newly unredacted in the latest release.,0.14545454545454545,0.48484848484848486
169,And crucially the theory is based on a second-hand account published after Mr Underhill's death and includes no hard evidence.,0.07291666666666667,0.7708333333333333
170,"However, the story was just one of a number of unsubstantiated theories circulating following the release of the files.",0.0,0.1
171,A 1992 law required all of the documents related to the assassination to be released within 25 years - but that law also included national security exceptions.,0.0,0.4
172,"The push for greater transparency has led to more releases over time - both President Trump in his first term and President Biden, as recently as 2023, released batches of documents.",0.3125,0.3958333333333333
173,"Ahead of the new release, President Trump said that he asked his staff ""not to redact anything"" from them.",0.13636363636363635,0.45454545454545453
174,"That doesn't appear to be entirely the case - the new documents still have some redactions. However, experts were largely in agreement that the latest release was a step forward for transparency.",0.21266233766233766,0.6020292207792208
175,"JFK Files journalist Morley said there are further documents in the National Archives yet to be released, and others held by the CIA and FBI that have not yet been accounted for.",0.0,0.5
176,Even though there could be more releases to come - as well as promised drops about the killings of Robert F Kennedy Sr and Martin Luther King Jr - the questions around the JFK assassination will almost certainly continue.,0.35714285714285715,0.5357142857142857
177,"""Whenever there is an assassination there will be debates and to some degree there will be conspiracy theories,"" said Barrett, the Villanova historian. ""That's not going to change because of these or any other documents.""",-0.125,0.375
178,Copyright 2025 BBC. All rights reserved.  The BBC is not responsible for the content of external sites. Read about our approach to external linking.,-0.03333333333333333,0.25
179,,0.0,0.0
180,"A brush fire in the Miami-Dade area has burned 3,600 acres and was only 20% contained as of Tuesday, according to the Florida Forest Service.",0.0,1.0
181,"The fire is burning near and around the only two roads connecting the Florida Keys islands to Florida City on the mainland. Card Sound Road has been shut entirely. Officials briefly closed US 1, the second road, causing traffic for hours for those trying to enter or leave the island chain.",0.06666666666666667,0.42083333333333334
182,"The fire is expected to burn for several days due to the forecast providing a dry, stable atmosphere for wildfire growth and development.",-0.07291666666666666,0.34375
183,Copyright 2025 BBC. All rights reserved.  The BBC is not responsible for the content of external sites. Read about our approach to external linking.,-0.03333333333333333,0.25
184,,0.0,0.0
185,"Colombian energy giant Ecopetrol has polluted hundreds of sites with oil, including water sources and biodiverse wetlands, the BBC World Service has found.",0.0,1.0
186,"Data leaked by a former employee reveals more than 800 records of these sites from 1989 to 2018, and indicates the company had failed to report about a fifth of them.",0.0,0.26666666666666666
187,The BBC has also obtained figures showing the company has spilled oil hundreds of times since then.,0.0,0.0
188,Ecopetrol says it complies fully with Colombian law and has industry-leading practices on sustainability.,0.0,0.0
189,"The company's main refinery is in Barrancabermeja, 260km (162 miles) north of the Colombian capital Bogota.",0.16666666666666666,0.3333333333333333
190,"The huge cluster of processing plants, industrial chimneys and storage tanks stretches for close to 2km (1.2 miles) along the banks of Colombia's longest river, the Magdalena – a water source for millions of people.",0.4000000000000001,0.9
191,Members of the fishing community there believe oil pollution is affecting wildlife in the river.,0.0,0.0
192,"The wider area is home to endangered river turtles, manatees and spider monkeys, and is part of a species-rich hotspot in one of the world's most biodiverse countries. Nearby wetlands include a protected habitat for jaguars.",0.5,0.5
193,"When the BBC visited last June, families were fishing together in waterways criss-crossed by oil pipelines.",0.0,0.06666666666666667
194,One local said some of the fish they caught released the pungent smell of crude oil as they were cooked.,-0.35,0.5
195,"In places, a film with iridescent swirls could be seen on the surface of the water - a distinctive signature of contamination by oil.",0.0,0.0
196,A fisherman dived down in the water and brought up a clump of vegetation caked in dark slime.,-0.1527777777777778,0.34444444444444444
197,"Pointing to it, Yuly Velásquez, president of Fedepesan, a federation of fishing organisations in the region, said: ""This is all grease and waste that comes directly from the Ecopetrol refinery.""",-0.05,0.2
198,"Ecopetrol, which is 88% owned by the Colombian state and listed on the New York Stock Exchange, rejects the fishers' claims that it is polluting the water.",0.13636363636363635,0.45454545454545453
199,"In response to the BBC's questions, it says it has efficient wastewater treatment systems and effective contingency plans for oil spills.",0.6,0.8
200,"Andrés Olarte, the whistleblower who has shared the company's data, says pollution by the firm dates back many years.",0.09999999999999999,0.3
201,"He joined Ecopetrol in 2017 and started working as an adviser to the CEO. He says he soon realised ""something was wrong"".",-0.5,0.9
202,"Mr Olarte says he challenged managers about what he describes as ""awful"" pollution data, but was rebuffed with reactions such as: ""Why are you asking these questions? You're not getting what this job is about.""",-0.5,0.75
203,"He left the company in 2019, and shared a large amount of company data with US-based NGO the Environmental Investigation Agency (EIA) and later with the BBC. The BBC has verified it came from Ecopetrol's servers.",0.07142857142857142,0.14285714285714285
204,"One database he has shared, dated January 2019, contains a list of 839 so-called ""unresolved environmental impacts"" across Colombia.",0.0,0.0
205,"Ecopetrol uses this term to mean areas where oil is not fully cleaned up from soil and water. The data shows that, as of 2019, some of these sites had remained polluted in this way for over a decade.",-0.3125,0.6875
206,"Mr Olarte alleges that the firm was trying to hide some of them from Colombian authorities, pointing to about a fifth of the records labelled ""only known to Ecopetrol"".",-0.1,0.7
207,"""You could see a category in the Excel where it lists which one is hidden from an authority and which one is not, which shows the process of hiding stuff from the government,"" says Mr Olarte.",-0.16666666666666666,0.3333333333333333
208,"The BBC filmed at one of the sites marked ""only known to Ecopetrol"", which was dated 2017 in the database. Seven years later, a thick, black, oily-looking substance with plastic containment barriers around it was visible along the edge of a section of wetland.",-0.07333333333333333,0.5016666666666667
209,"Ecopetrol's CEO from 2017 to 2023, Felipe Bayón, told the BBC he strongly denied suggestions that there was any policy to withhold information about pollution.",0.4333333333333333,0.7333333333333333
210,"""I say to you with complete confidence that there is not, and was not any policy nor any instruction saying, 'these things can't be shared',"" he said.",0.1,0.4
211,Mr Bayón blamed sabotage for many oil spills.,0.5,0.5
212,"Colombia has a long history of armed conflict, and illegal armed groups have targeted oil facilities - but ""theft"" or ""attack"" are only mentioned for 6% of the cases listed in the database.",-0.18333333333333335,0.6333333333333333
213,"He also said he believed there had been a ""significant advance"" since then in solving problems that lead to oil pollution.",0.375,0.875
214,"However, a separate set of data shows Ecopetrol has continued to pollute.",0.0,0.0
215,"Figures obtained by the BBC from Colombia's environmental regulator, the Autoridad Nacional de Licencias Ambientales (Anla), show Ecopetrol has reported hundreds of oil spills per year since 2020.",0.0,0.0
216,"Asked about the 2019 database of polluted sites, Ecopetrol admits it has records of 839 environmental incidents, but disputes that all of them were classed as ""unresolved"".",0.0,0.0
217,The firm says 95% of polluted sites that have been classed as unresolved since 2018 have now been cleaned up.,-0.2,0.4
218,It says all pollution incidents are subject to a management process and are reported to the regulator.,-0.16666666666666666,0.3333333333333333
219,The data from the regulator includes hundreds of spills in the Barrancabermeja area where Ms Velásquez and the fishers live.,0.13636363636363635,0.5
220,"The fisherwoman and her colleagues have been monitoring biodiversity in the area's wetlands, which feed into the Magdalena River.",0.0,0.0
221,"She said there had been a ""massacre"" of fauna. ""This year, there were three dead manatees, five dead buffalo. We found more than 10 caimans. We found turtles, capybaras, birds, thousands of dead fish,"" she said last June.",-0.020000000000000007,0.3533333333333334
222,It is not clear what caused the deaths - the El Niño weather phenomenon and climate change may be factors.,-0.05000000000000001,0.3833333333333333
223,"A 2022 study by the University of Nottingham lists pollution - from oil production and other industrial and domestic sources - as one factor among several, including climate change, that are degrading the Magdalena river basin.",-0.041666666666666664,0.15833333333333333
224,"Mr Olarte left Ecopetrol in 2019. He moved to his family home near Barrancabermeja, and says he met with an old contact to ask about job openings. Soon afterwards, he says an anonymous caller rang his phone threatening to kill him.",0.06666666666666667,0.20000000000000004
225,"""In the call I understood they thought I had put complaints against Ecopetrol, which was not the case,"" he says.",0.0,0.0
226,"Mr Olarte says more threats followed, including a note that he showed to the BBC. He does not know who made the threats and there is no evidence that Ecopetrol ordered them.",0.5,0.5
227,Ms Velásquez and seven other people also told the BBC they had received death threats after challenging Ecopetrol.,0.1875,0.6875
228,"She said an armed group had fired warning shots at her house and spray-painted the word ""leave"" on the wall.",0.0,0.0
229,"The fisherwoman is now protected by armed bodyguards paid for by the government, but the threats have continued.",0.0,0.0
230,"Asked about the threats Mr Olarte described, the former CEO Mr Bayón said they were ""absolutely unacceptable"".",0.1,0.45
231,"""I want to make it totally clear… that never, at any time, was there any order of that sort,"" Mr Bayón said.",0.0,0.75
232,"Ms Velásquez and Mr Olarte both know the risks are real. Colombia is the most dangerous country in the world for environmental defenders, according to the NGO Global Witness, with 79 killed in 2023.",-0.020000000000000007,0.34
233,"Experts say such killings are linked to Colombia's decades-long armed conflict, in which government forces and paramilitaries allied to them have fought left-wing rebel groups.",0.0,0.5
234,"Despite government attempts to end the conflict, armed groups and drug cartels remain active in parts of the country.",-0.13333333333333333,0.6
235,"Matthew Smith, an oil analyst and financial journalist based in Colombia, says he does not believe Ecopetrol managers are involved in threats by armed groups.",0.0,0.0
236,"But he says there is an ""immense"" overlap between former paramilitary groups and the private security sector.",0.0,0.4583333333333333
237,"Private security firms often employ former members of paramilitary groups and compete for lucrative contracts to protect oil facilities, he says.",0.0,0.1875
238,"Mr Olarte has shared internal Ecopetrol emails showing that in 2018, the company paid a total of $65m to more than 2,800 private security companies.",0.125,0.40625
239,"""There is always that risk of some sort of contagion between the private security companies, the types of people they employ, and their desire to continually maintain their contract,"" Mr Smith says.",0.0,0.375
240,"He says this could potentially even include kidnapping or murdering community leaders or environmental defenders in order to ""ensure that Ecopetrol's operations proceed smoothly"".",0.2,0.75
241,"Mr Bayón said he was ""convinced that the checks and due diligence were done"" regarding the company's relationships with private security companies.",-0.0625,0.375
242,Ecopetrol says it has never had relationships with illegal armed groups. It says it has a strong due diligence process and carries out human rights impact assessments for its activities.,-0.04791666666666668,0.42708333333333337
243,"The BBC contacted other members of Ecopetrol's former leadership from the time of Mr Olarte's employment, who strongly deny the allegations in this report.",0.10277777777777776,0.36944444444444446
244,"Now living in Germany, Mr Olarte has been submitting complaints about Ecopetrol's environmental record to the Colombian authorities and the company itself - so far, without meaningful result.",0.3,0.75
245,"He has also been in a series of legal cases against Ecopetrol and its management, related to his employment there, which are as yet unresolved.",0.1,0.30000000000000004
246,"""I did this in defence of my home, of my land, of my region, of my people,"" he says.",0.0,0.0
247,Mr Bayón stressed the economic and social importance of Ecopetrol to Colombia.,0.11666666666666667,0.13333333333333333
248,"""We have 1.5 million families who don't have access to energy or who cook with firewood and coal,"" he said. ""I believe that we must continue to rely on clean production of oil, gas, all energy sources, to transition without ending an industry that is so important for Colombians.""",0.38333333333333336,0.8500000000000001
249,"And Ms Velásquez remains determined to continue speaking out, despite the threats.",0.0,0.0
250,"""If we don't go fishing, we don't eat,"" she said. ""If we speak and report, we are killed…  And if we don't report, we kill ourselves, because all these incidents of heavy pollution are destroying the environment around us.""",-0.2,0.25
251,Copyright 2025 BBC. All rights reserved.  The BBC is not responsible for the content of external sites. Read about our approach to external linking.,-0.03333333333333333,0.25
252,,0.0,0.0
253,US President Donald Trump is expected to issue an executive order demanding the shutdown of the Department of Education - a long-held goal of conservatives.,-0.1,0.4
254,"Since the Republican returned to the White House, the department has already announced plans to slash about half of its workforce.",-0.08333333333333333,0.08333333333333333
255,A total shutdown would usually require an act of Congress.,-0.125,0.5
256,"Established in 1979, the department oversees funding for public schools, administers student loans and runs programmes that help low-income students.",0.0,0.06666666666666667
257,"Trump and his allies have accused the agency of ""indoctrinating young people with inappropriate racial, sexual and political material"".",0.19999999999999998,0.4444444444444445
258,A common misconception is that the Department of Education operates US schools and sets curricula - that responsibility actually belongs to states and local districts.,-0.09999999999999999,0.19999999999999998
259,The agency does oversee student loan programmes and administers Pell grants that help low-income students attend university.,0.0,0.0
260,It also helps fund programmes to support students with disabilities and for students living in poverty.,0.0,0.0
261,And the department enforces civil rights law designed to prevent race or sex-based discrimination in federally funded schools.,0.0,0.0
262,The department's allocation was $238bn (£188bn) in fiscal year 2024 - less than 2% of the total federal budget.,-0.08333333333333333,0.4083333333333333
263,"The agency says it has about 4,400 employees, the smallest of any cabinet-level department.",0.0,0.0
264,Most public funding for US schools comes from state and local governments.,0.16666666666666666,0.18888888888888888
265,"In 2024, the Education Data Initiative estimated that the US spends a total of just over $857bn on primary and secondary education - the equivalent of $17,280 per pupil.",0.03333333333333335,0.5166666666666667
266,"On his own, no.",0.6,1.0
267,"Not only would Trump need congressional approval to get rid of the department, but he would also probably need a supermajority in the US Senate - 60 out of 100 senators.",0.0,1.0
268,"Republicans have a 53-47 majority in the Senate, so they would need at least seven Democrats to vote to abolish the agency - a political longshot.",-0.15,0.25
269,"Even in the House of Representatives, Trump would struggle to gain necessary support.",0.0,1.0
270,A vote last year to abolish the education department - which was attached as an amendment to another bill - failed to pass as 60 Republicans joined all Democrats in the House to vote no.,-0.25,0.18333333333333332
271,"Trump has moved to shrink other government departments in recent weeks, despite questions about the legality of those moves.",-0.0625,0.3125
272,"A draft of Trump's order to dismantle the education department, obtained last month by the Washington Post, acknowledged that only Congress could get rid of the agency outright, but executive action could direct the agency to begin to wind itself down.",0.008888888888888885,0.37111111111111117
273,Education department employees are among those who are the focus of the administration's efforts to shrink the federal workforce.,0.0,0.0
274,The idea of eliminating the education department has been floated by Republicans for nearly as long as it has existed.,-0.05,0.4
275,"During Ronald Reagan's 1980 presidential campaign, he pushed for it to be dismantled.",0.0,0.0
276,"Republicans have historically pushed against centralising education policy, believing that it is best left up to individual states and localities.",0.25,0.175
277,"More recently they have accused the education department of pushing what they describe as ""woke"" political ideology on to children, including on gender and race.",0.16666666666666666,0.2833333333333333
278,"Trump's allies also want to expand school choice, which would allow students and families to use public money to select private or religious alternatives to public schools.",0.0,0.18958333333333333
279,"Conservatives argue that other education department functions, such as administering loans, should be handled instead by the US Department of Treasury, and that civil rights infractions are the Department of Justice's domain.",-0.0625,0.4375
280,Copyright 2025 BBC. All rights reserved.  The BBC is not responsible for the content of external sites. Read about our approach to external linking.,-0.03333333333333333,0.25
281,,0.0,0.0
282,A French Holocaust denier who spent two years on the run in Scotland has been jailed for 12 months.,-0.05,0.05
283,"Vincent Reynouard was arrested in Anstruther, in Fife,  in November 2022 and handed over to French authorities last year after he lost a legal battle against his extradition.",0.06666666666666667,0.08888888888888889
284,The 56-year-old was wanted for inciting hatred and denying the occurrence of the Holocaust.,0.0,0.0
285,"On Wednesday, he was jailed on condition of partial release at the Paris Criminal Centre and also ordered to pay damages of €10,000 - more than £8,300.",0.0,0.45
286,"He was found guilty of denying war crimes, denying crimes against humanity, and incitement to racial hatred.",-0.5,1.0
287,Six million Jewish people were murdered during the Holocaust by the Nazis and their collaborators between 1941 and 1945. Millions of other people were also persecuted and murdered.,-0.0625,0.1875
288,Holocaust denial has been a criminal offence in France since 1990 and Reynouard has several convictions.,-0.2,0.275
289,He was sentenced to four months in 2020 and six months in January 2021.,0.0,0.0
290,Reynouard was arrested by Police Scotland officers at an address in Anstruther on 10 November 2022.,0.0,0.0
291,"He was reported to have been living in the town, in the East Neuk of Fife, under a false name and working as an online tutor.",-0.4000000000000001,0.6
292,"In January last year, three judges at the Court of Criminal Appeal in Edinburgh rejected Reynouard's appeal against his extradition.",-0.2,0.30833333333333335
293,"Lord Justice General, Lord Carloway, said denial of the Holocaust was a ""gross insult"" to the members of the Jewish and other communities whose members perished in Auschwitz-Birkenau, a Nazi death camp.",-0.018749999999999996,0.21875
294,"He said it was not necessary to be a member of the relevant communities to be ""grossly offended by such statements"".",0.1,0.6
295,"He described other statements Reynouard made about the Jewish community as ""antisemitic racism"".",-0.0625,0.1875
296,"The judge said that although it was not an offence to hold such views or to express them in certain contexts, it was a breach of Communications Act legislation to communicate them to the public on the internet.",0.07142857142857142,0.37936507936507935
297,Lord Carloway also said seven videos featuring Reynouard amounted to an offence of relative seriousness by Scottish standards.,0.0,0.0
298,A French judge had issued a warrant for Reynouard's arrest in 2022 after he posted the videos online.,-0.025,0.0
299,"It was said he had trivialised a war crime, challenged the occurrence of crimes against humanity and incited the public to hatred or violence because of origin, nation, race or religion.",0.0,0.06666666666666667
300,"In one video, Reynouard denied that the 1944 massacre by the Waffen SS, a Nazi military unit, at the French village of Oradour took place - where women and children were burnt alive.",0.0,0.16666666666666666
301,"He also denied the existence of gas chambers at Auschwitz and claimed the Holocaust was made up of multiple lies, errors or half truths.",-0.08333333333333333,0.08333333333333333
302,"He suggested that the corpses found there were not victims of genocide but were hundreds of ""cripples"" who had not survived transport to the camps.",0.0,0.0
303,"In one video he described Nazi leader Adolf Hitler as ""the most slandered man"" and said he wanted to ""rehabilitate"" National Socialism.",0.5,0.5
304,Lawyers for Reynouard argued that the videos did not threaten serious disturbance to the community and did not constitute a call to action and that to extradite him would be disproportionate.,-0.11666666666666665,0.3833333333333333
305,Copyright 2025 BBC. All rights reserved.  The BBC is not responsible for the content of external sites. Read about our approach to external linking.,-0.03333333333333333,0.25
306,,0.0,0.0
307,"The potential Western troop deployment to Ukraine being discussed in London should be described as a ""reassurance force"" rather than a ""peacekeeping force"", defence and diplomatic sources say.",0.0,0.5
308,"Currently dubbed the Multinational Force Ukraine or MFU, it would be sent to the country to cement any ceasefire and encourage long-term confidence in the country.",0.0,0.4
309,The focus would be on providing Ukraine with air cover to keep its skies safe and a naval presence in the Black Sea to encourage trade.,0.16666666666666669,0.4666666666666667
310,"The deployment of so-called ""boots on the ground"" - probably about 20,000 strong - would in terms of size not be big enough to enforce any peace.",0.14444444444444443,0.4444444444444444
311,"Instead, the troops - provided by a so-called ""coalition of the willing"" - would most likely be deployed to protect cities, ports and major energy infrastructure.",0.203125,0.6875
312,One option being considered is that the MFU might not operate in the east of Ukraine near the front line to try to reassure Russia it poses no offensive threat.,0.1,0.4
313,Russian President Vladimir Putin and the Kremlin have said repeatedly they would not agree any ceasefire if European and other forces were deployed to Ukraine.,-0.041666666666666664,0.125
314,"The sources say any multinational operation in Ukraine would not be a ""peacekeeping force"" and should not be described as such.",0.0,0.5
315,"Peacekeeping forces - under the aegis of either the United Nations or Nato - traditionally are impartial, operate with the consent of both parties and use force only to defend themselves. The multinational force being discussed would very much be on Ukraine's side, there to help deter future Russian aggression.",0.052000000000000005,0.42699999999999994
316,"At the moment, it is not expected that the multinational force on the ground would monitor any ceasefire. That would be done by Ukrainian troops on the frontline and Western surveillance assets in the air and space.",0.025,0.2
317,"The sources also say the coalition troops would not be deployed to provide a so-called ""tripwire force"" - meaning a force smaller than that of the opponent, designed to deter an attack without triggering escalation - if Russia resumed its invasion of Ukraine.",0.0,0.5
318,"They say the military impact of any allied deployment of about 20,000 troops would be limited compared to the number of troops on either side of the front line.",-0.08571428571428572,0.12142857142857143
319,"Ukraine has almost a million military personnel, Russia's army is even larger.",-0.05,0.3
320,"Much of the focus of Thursday's discussions is on how best any international force can provide Ukraine with assets it does not have, especially capability in the air.",0.3,0.375
321,"So, there will be discussions about which countries can provide warplanes to keep Ukraine's skies safe during a ceasefire.",0.5,0.5
322,There will also be discussions about how to make the Black Sea safe for shipping. That may involve two components: how best to keep shipping lanes clear of mines and what kind of naval task force could provide a security presence in the sea.,0.40666666666666673,0.5033333333333333
323,"The key uncertainty is whether the United States would provide any air, satellite or intelligence cover for any European force on the ground.",0.0,0.5
324,"The US has thus far said it would not be willing to provide any military ""backstop"".",0.08333333333333333,0.6166666666666667
325,"The European strategy for now is to stop asking the US and instead organise the best force and capability it can to ensure the security of Ukraine in the future. Once the details are agreed, then the UK, France and others would see if the European offer was substantial enough for the US to have a change of heart and agree to play some kind of role.",0.26666666666666666,0.3041666666666667
326,"What all this planning depends on, of course, is some kind of ceasefire being agreed in Ukraine.",0.6,0.9
327,"While the US remains optimistic, many in Ukraine remain sceptical that Russia even wants to end the fighting.",0.35,0.3
328,Copyright 2025 BBC. All rights reserved.  The BBC is not responsible for the content of external sites. Read about our approach to external linking.,-0.03333333333333333,0.25
329,,0.0,0.0
330,Copyright 2025 BBC. All rights reserved.  The BBC is not responsible for the content of external sites. Read about our approach to external linking.,-0.03333333333333333,0.25
331,,0.0,0.0
332,"Finland has been ranked as the world's happiest country for the eighth successive year, with experts citing access to nature and a strong welfare system as factors.",0.4333333333333333,0.7333333333333333
333,"It came ahead of three other Nordic countries in this year's UN-sponsored World Happiness Report, while Latin America's Costa Rica and Mexico entered the top 10 for the first time.",0.33125,0.3520833333333333
334,Both the UK and the US slipped down the list to 23rd and 24th respectively - the lowest-ever position for the latter.,-0.051851851851851864,0.12962962962962965
335,"The study also found strangers are about twice as kind as people think. It measured trust in strangers by deliberately losing wallets, seeing how many were returned and comparing that with how many people thought would be handed in.",0.5333333333333333,0.6333333333333333
336,"The rate of wallets returned was almost twice as high as people predicted and the study, which gathered evidence from around the world, found belief in the kindness of others was more closely tied to happiness than previously thought.",0.2983333333333333,0.3516666666666667
337,"John F. Helliwell, an economist at the University of British Columbia and a founding editor of the report, said the wallet experiment data showed ""people are much happier living where they think people care about each other"".",0.025000000000000005,0.19166666666666665
338,"The 13th annual World Happiness Report, released to mark the UN's International Day of Happiness, ranks the world's happiest countries by asking people to evaluate their lives.",0.35,0.1
339,"Finland again took top spot with an average score of 7.736 out of 10, with Denmark in second.",0.11666666666666665,0.3
340,Experts said family bonds were a factor in Costa Rica's and Mexico's rise in the rankings.,0.0,0.0
341,"The study, published by the University of Oxford's Wellbeing Research Centre, asked people to rate their own lives on a scale of 0-10 - zero being the worst possible life and 10 being the best possible life.",0.12,0.86
342,Country rankings are based on a three-year average of those scores. The top 10 are:,0.175,0.44999999999999996
343,1. Finland,0.0,0.0
344,2. Denmark,0.0,0.0
345,3. Iceland,0.0,0.0
346,4. Sweden,0.0,0.0
347,5. Netherlands,0.0,0.0
348,6. Costa Rica,0.0,0.0
349,7. Norway,0.0,0.0
350,8. Israel,0.0,0.0
351,9. Luxembourg,0.0,0.0
352,10. Mexico,0.0,0.0
353,The 2025 World Happiness Report also found:,0.7,0.2
354,"Jeffrey D. Sachs, president of the UN Sustainable Development Solutions Network, said the findings reconfirmed ""happiness is rooted in trust, kindness and social connection"".",0.36666666666666664,0.13333333333333333
355,"""It is up to us as virtuous individuals and citizens to translate this vital truth into positive action, thereby fostering peace, civility, and wellbeing in communities worldwide,"" he said.",0.14242424242424243,0.34848484848484845
356,"Jan-Emmanuel De Neve, director of Oxford's Wellbeing Research Centre, added: ""In this era of social isolation and political polarisation we need to find ways to bring people around the table again - doing so is critical for our individual and collective wellbeing.""",0.008333333333333333,0.3416666666666667
357,Sign up here to receive our weekly newsletter highlighting uplifting stories and remarkable people from around the world.,0.75,0.75
358,Copyright 2025 BBC. All rights reserved.  The BBC is not responsible for the content of external sites. Read about our approach to external linking.,-0.03333333333333333,0.25
359,,0.0,0.0
360,"""This has been our family car for three years, and it has been an absolute dream,"" says Ben Kilbey as he shows me his gleaming pearl-white Tesla Model Y.",0.2,0.9
361,"Ben is a staunch electric car advocate. He runs a communications firm that promotes sustainable businesses in the UK. Yet now, he says, the Model Y has to go – because he disapproves vehemently of Tesla CEO Elon Musk's actions, especially the way he has handled firing US government employees.",-0.1,0.7
362,"""I'm not a fan of polarisation, or of doing things without kindness,"" he says. ""There are ways of doing things that don't ostracise people or belittle them. I don't like belittlement.""",0.0,0.0
363,"Ben is part of a wider backlash against the Tesla boss that appears to have been gathering momentum in recent weeks, since Musk was appointed head of the controversial Department for Government Efficiency (DOGE), charged with taking an axe to federal government spending.",0.275,0.6
364,"Musk has also intervened in politics abroad, making a video appearance at a rally for the far-right party Alternative für Deutschland ahead of Germany's parliamentary election, as well as launching online attacks on British politicians, including Prime Minister Keir Starmer.",0.0,0.0
365,"For some who do not share his views, it has all become too much.",0.2,0.2
366,"There have been protests outside dozens of Tesla dealerships, not only in the US, but also in Canada, the UK, Germany and Portugal.",0.0,0.525
367,"Although most of them have been peaceful, there have been cases of showrooms, charging stations and vehicles being vandalised. In separate incidents in France and Germany, several cars were set on fire.",0.25,0.3333333333333333
368,"In the US, the Tesla Cybertruck, an angular metallic pickup truck, appears to have become a particular magnet for anti-Musk sentiment. A number of social media videos have shown vehicles daubed with swastikas, covered with rubbish or used as skateboard ramps.",0.09999999999999999,0.19999999999999998
369,"US President Donald Trump was quick to show his support to Tesla, by allowing the company to show off its vehicles outside the White House, and pledging to buy one. He said violence against US showrooms should be treated as ""domestic terrorism"".",0.08333333333333333,0.1625
370,"Musk has also been unequivocal in his response. ""This level of violence is insane and deeply wrong,"" he said in a recent interview with Fox News. ""Tesla just makes electric cars and has done nothing to deserve these evil attacks.""",-0.625,0.7875
371,What is hard to quantify is exactly how much impact all this has had on Tesla as a business - and the extent to which Musk's views and involvement in the Trump administration has affected the brand and alienated some traditional electric vehicle buyers.,0.03958333333333333,0.4354166666666667
372,"And if that is the case, can Tesla really build on its past success with Musk remaining at the helm?",0.08333333333333333,0.15
373,"Two decades ago, Tesla was a tiny Silicon Valley start-up, with a handful of employees and big dreams of revolutionising the motor industry. Today it is the best-selling producer of electric vehicles in a growing global market, with giant factories around the world. It is also widely credited with having proven that EVs could be fast, powerful, fun and practical.",0.0875,0.47500000000000003
374,"Musk, the figurehead of the company, has driven this all forward, since he joined Tesla in 2004 as its chairman and principal funder. He became chief executive four years later, and has held that role throughout the company's rise to prominence.",0.0,0.0
375,"""Tesla was the pioneer,"" says Stephanie Valdez Streaty, director of industry insights at car sector marketing and software firm Cox Automotive. ""They kind of got EVs into the mainstream, got other manufacturers to start investing, and really created a lot of awareness.""",0.11875,0.46875
376,"It is easy to forget that electric cars were once derided as slow, uninspiring and impractical, with minimal range between charges. The Tesla Model S, which went on sale in 2012, had sports car performance and a range of more than 250 miles. It played a key role in changing perceptions, and provided a springboard for rapid growth.",0.10666666666666666,0.6666666666666667
377,"Nowadays, Tesla is not just a producer of electric vehicles. It has invested heavily in autonomous driving systems, with the goal of building fleets of driverless ""robotaxis"". It also has a fast-growing energy-storage business, and is developing a general-purpose humanoid robot, known as Optimus.",0.4,0.7
378,"Like the late Steve Jobs at Apple, Musk became the embodiment of his brand, ever present as the front man at company events and product launches, with a devoted following among EV enthusiasts.",-0.09999999999999999,0.2333333333333333
379,"But recently the champion of sustainable technology has become equally well known for promoting his political views, amplifying them through his own social network, X. At the same time, Tesla itself has been facing mounting challenges.",0.10555555555555556,0.2986111111111111
380,"Although its Model Y was the best-selling car worldwide last year, overall sales fell for the first time in more than a decade, dropping from 1.81 million to 1.79 million.",0.1875,0.22499999999999998
381,"The decline was relatively small, and Tesla retained its position as the world's best-selling maker of electric vehicles, but for a growth-focused business, it raised alarm bells. Profits for the year were also down.",-0.20277777777777778,0.34444444444444444
382,"This year has also begun badly, notably in Europe, where there was a 45% fall in new registrations in January compared to the same month in 2024. There were further falls in major European markets in February – although the UK was an outlier, with sales rising 21% – as well as in Australia.",0.11647727272727272,0.3465909090909091
383,"Meanwhile, shipments of Tesla's Chinese-made cars, which are produced for sale both in China and abroad, fell more than 49% in the same month.",0.25,0.3125
384,"In early March, Joseph Spak, Wall Street analyst at Swiss bank UBS, published a research note in which he predicted a decline in Tesla's worldwide sales this year of 5%. That forecast, which countered market expectations of 10% growth, helped to send Tesla's share price tumbling. It fell 15% in a single day – adding to an overall decline of 40% since the start of the year.",0.009523809523809526,0.1714285714285714
385,"Sales can fall for many reasons, but research by brand monitoring firm Morning Consult Intelligence suggests Musk's activities have indeed harmed Tesla, particularly in the EU and Canada – although not in China, which remains one of its biggest markets.",0.15555555555555556,0.41111111111111115
386,"In the US, it says, the situation is more nuanced, with many consumers approving of DOGE cuts in government spending. However it adds: ""Musk may be turning off those US consumers most likely to buy a Tesla. Among high-income consumers who say they plan to purchase an EV in the future, Tesla now ranks lower compared with competitors than it did one year ago.""",0.3,0.525
387,Tesla did not respond to the BBC's questions concerning its fall in sales.,0.0,0.0
388,But experts believe Tesla's problems run deeper than simply questions about the public image of the CEO.,0.0,0.2119047619047619
389,"To start with, the current model range, which was once cutting edge, now looks uninspiring. The once ground-breaking Model S has been on sale since 2012, the Model X since 2015. Even the more recent and more affordable Model 3 and Model Y are beginning to look dated in an increasingly competitive market.",0.08,0.51
390,"""If you look at their product line-up, they haven't had any fresh models recently, except for the Cybertruck, which is really niche,"" says Ms Valdez Streaty. ""They've had a refresh of the Model Y, but it's not a big splash. And there's so much more competition out there.""",0.2,0.31
391,"Prof Peter Wells, director of Cardiff University's Centre for Automotive Industry Research, makes a similar point: ""We've not seen the level of innovation in terms of the product range that perhaps Elon Musk should have been looking for. I think that is a big part of their problem.""",0.0,0.25
392,"Competition comes from a number of directions. Traditional manufacturers have invested huge sums in moving towards EV production, with the likes of Korea's Kia and Hyundai building a growing reputation for making good quality battery-powered cars.",0.3666666666666667,0.75
393,"At the same time, an array of new EV brands has emerged from China. They include the likes of BYD, which has expanded rapidly by supplying cars with good performance at low prices, as well as the more upmarket Xpeng and Nio, which have focused on luxury and advanced technology.",0.28939393939393937,0.42992424242424243
394,"""China has amazing incentives and subsidies for EVs,"" says Ms Valdez Streaty.",0.6000000000000001,0.9
395,"""You can see how Chinese firms, especially BYD, continue to grow not only in China but in other parts of the world. So that definitely is a huge threat, not just for Tesla but for other manufacturers as well.""",0.025000000000000012,0.6083333333333333
396,"The extent of that threat was demonstrated in mid-March, when BYD announced it had developed an ultra-fast charging system that would provide a car with 250 miles of range in just five minutes – significantly faster than Tesla's own supercharger network.",0.35833333333333334,0.725
397,"Musk's comments during Tesla's earnings calls suggests his priorities lie elsewhere, particularly in driverless vehicles.",0.16666666666666666,0.3333333333333333
398,"In January, he claimed Tesla would have a robotaxi service operating in Texas by June. But this attracted a cynical response from some commentators who pointed out that Musk has been promising this kind of thing for a long time.",0.037500000000000006,0.7
399,"In 2019, for example, he said that within a year there would be a million Teslas on the road capable of acting as robotaxis. Meanwhile Tesla's ""Full Self Driving"" package, available to Tesla buyers, remains a ""hands-on"" system that requires the driver to be paying attention at all times.",0.23750000000000002,0.3375
400,"""Every year we get a new promise from Elon Musk about how his autonomous cars are just around the corner. The trouble is, they never seem to be able to find the corner to emerge from,"" says Jay Nagley of automotive consultancy Redspy.",0.2090909090909091,0.4948863636363636
401,"Arguably, Tesla needs strong leadership right now. But regardless of his politics, the chief executive is spinning a large number of plates. He owns or runs an array of other businesses, notably his social media platform X; the artificial intelligence firm xAI; and the private space firm SpaceX, which has experienced failures on the last two launches of its giant Starship rocket.",0.08782051282051281,0.5216117216117216
402,"Asked in a recent interview with Fox Business how he was combining all of this with his new government role, Musk responded ""with great difficulty"".",0.31212121212121213,0.48484848484848486
403,"""It's hard to tell exactly how much Tesla is hands-on managed nowadays by Musk,"" says Prof Wells.",0.05277777777777778,0.33055555555555555
404,"""If he's making the key decisions over things like product placing and where factories are built and so forth, then those decisions have to be correct. And I think you need someone with a hands-on, 100% commitment to understanding the automotive industry, and making those decisions correctly.""",0.0,1.0
405,"Ever since he joined Tesla in 2004, Elon Musk's position has been unassailable. There is no obvious sign at the moment of that changing. He remains the company's largest single shareholder, with a 13% stake – currently worth more than $95bn.",0.18214285714285713,0.32857142857142857
406,"That is more or less matched by the combined holdings of investment giants Vanguard and Blackrock, while a number of other financial institutions including State Street Bank and Morgan Stanley hold smaller stakes.",0.04166666666666667,0.28833333333333333
407,"For those investors, the recent falls in the share price will have made grim reading. But it is still almost 30% higher than it was a year ago. In fact, the recent decline has simply wiped out the effects of a dramatic surge that occurred immediately after the election, which almost doubled Tesla's market valuation.",-0.19722222222222222,0.4928571428571429
408,"Today, Tesla is still valued at more than 100 times its earnings – a far higher margin than automotive rivals such as Ford, General Motors or Toyota, which suggests shareholders are continuing to pin their hopes on technological breakthroughs and rapid growth.",0.18,0.6
409,"""Tesla is being valued as a company that is either going to dominate electric vehicles – which is clearly not going to happen, given the strength of the Chinese manufacturers – or that is going to dominate robotaxis and autonomous vehicles,"" says Mr Nagley.",0.11666666666666668,0.3611111111111111
410,"None of the major investors appears to be agitating for change at the moment –  although in media interviews this week, one long-term shareholder-turned-vocal critic, the investment fund manager Ross Gerber, did call for Mr Musk to step down.",-0.04652777777777779,0.3944444444444445
411,"But analysts say the business would benefit from new blood at the top. ""A new CEO for Tesla would without question be the best thing for the company right now,"" says Matthias Schmidt of Schmidt Automotive Research.",0.4116883116883117,0.448961038961039
412,"""It would address the toxic contagion from Musk, offer a solution for the conflict of interest regarding his DOGE position, and allow a dedicated CEO to focus entirely on the job in hand.""",0.0,0.625
413,"""I think that's the clear direction of travel at the moment."" says Prof Wells. ""I think they need somebody with strong automotive experience. Someone who knows how to rationalise the business.",0.26666666666666666,0.5583333333333333
414,"""It needs a significant change of direction now.""",0.375,0.875
415,"BBC InDepth is the home on the website and app for the best analysis, with fresh perspectives that challenge assumptions and deep reporting on the biggest issues of the day. And we showcase thought-provoking content from across BBC Sounds and iPlayer too. You can send us your feedback on the InDepth section by clicking on the button below.",0.42500000000000004,0.37500000000000006
416,Copyright 2025 BBC. All rights reserved.  The BBC is not responsible for the content of external sites. Read about our approach to external linking.,-0.03333333333333333,0.25
417,,0.0,0.0
418,There's gnaw business like jaw business for this beaver caught nibbling his way through a tree.,0.0,0.0
419,"The rogue rodent, thought to be male, was recorded at Park in the Past, a conservation site in Hope, Flintshire.",-0.125,0.175
420,The unnamed animal is believed to have been living there for about three years.,0.0,0.0
421,"How he got there is a mystery. There have been no beaver releases in the area though the River Alyn flows through the park, which contains a lake.",0.0,0.0
422,"Park in the Past's Phil Hirst, believed the enigmatic mammal could be the first beaver in Wales not officially reintroduced.",0.03333333333333333,0.39444444444444443
423,"""It demonstrates how effective and successful our rewilding programme actually is,"" he said.",0.45,0.6166666666666667
424,"But beavers have been found living wild in Wales before, after being first released in 2021.",0.175,0.3666666666666667
425,"A second beaver is suspected to have arrived as well, Mr Hirst said.",0.0,0.0
426,There are no plans to officially release beavers on the site.,0.0,0.0
427,Video edited by Erin Lister,0.0,0.0
428,Copyright 2025 BBC. All rights reserved.  The BBC is not responsible for the content of external sites. Read about our approach to external linking.,-0.03333333333333333,0.25
429,,0.0,0.0
430,"In a poor neighbourhood of the Venezuelan city of Maracay, the mother of 24-year-old Francisco José García Casique was waiting for him on Saturday.",-0.4,0.6
431,"It had been 18 months since he had migrated to the US to begin a new life but he had told her that he was now being deported back to Caracas, Venezuela's capital, for being in the US illegally. They had spoken that morning, just before he was due to depart.",-0.12215909090909091,0.33238636363636365
432,"""I thought it was a good sign that he was being deported [to Caracas],"" Myrelis Casique López recalled. She wanted him home.",0.7,0.6000000000000001
433,"But he never arrived. And while watching a television news report on Sunday, Ms Casique was shocked to see her son, not in the US or Venezuela but 1,430 miles (2,300km) away in El Salvador.",-0.7,0.8
434,"The footage showed 238 Venezuelans sent by US authorities to the Terrorism Confinement Centre, or Cecot, a notorious mega-jail. She saw men with shaved heads and shackles on their hands and feet, being forcefully escorted by heavily-armed security forces.",0.0,0.0
435,"The Trump administration says all of the deportees are members of the Tren de Aragua gang, which has found itself in the White House's crosshairs. The powerful multi-national crime group, which Trump recently declared a foreign terrorist organisation, has been accused of sex trafficking, drug smuggling and murders both at home and in major US cities.",0.0475,0.375
436,"Ms Casique told the BBC she was certain her son was among the detainees, even if no official list of names has been released.",0.21428571428571427,0.5714285714285714
437,"""It's him. It's him,"" she said, gesturing at a picture in which a man is seated, with his head bowed, on a prison floor alongside a row of others, a tattoo visible on his arm. ""I recognize his features.""",0.0,0.0
438,She also maintains that he is innocent.,0.5,0.7
439,"US immigration officials have said the detainees were ""carefully vetted"" and verified as gang members before being flown to El Salvador. They said they used evidence collected during surveillance, police encounters or testimonies from victims to vet them.",-0.1,1.0
440,"""Our job is to send the terrorists out before anyone else gets raped or murdered,"" Deputy White House Chief of Staff Stephen Miller said on Wednesday.",0.0,0.0
441,"Many of the deportees do not have US criminal records, however, a US Immigration and Customs Enforcement (ICE) official acknowledged in court documents. And they were deported under a law last invoked during wartime that doesn’t require them to be charged with a crime.",0.033333333333333326,0.37222222222222223
442,"Those who do have criminal records include migrants with arrests on charges ranging from murder, fentanyl trafficking and kidnapping to home invasion and operating a gang-run brothel, according to the Trump administration.",-0.4,0.55
443,"In Mr García's case, his mother disputes that her son was involved in criminal activity. He left Venezuela in 2019, first to Peru, seeking new opportunities as overlapping economic, political and social crises engulfed the country, she said. He crossed illegally into the US in September 2023.",-0.03503787878787879,0.2755681818181818
444,His mother has not seen him in person in six years.,0.0,0.0
445,"""He doesn't belong to any criminal gang, either in the US or in Venezuela… he's not a criminal,"" Ms Casique said. ""What he's been is a barber.""",-0.1,0.55
446,"""Unfortunately, he has tattoos,"" she added, convinced that the roses and names of family members that adorn his body led to his detention and deportation. That is how she, and other family members, recognised him from pictures released of the deportees in El Salvador.",-0.3125,0.6875
447,Several other families have said they believe that deportees were mistakenly identified as Tren de Aragua gang members because of their tattoos.,-0.0625,0.1875
448,"""It's him,"" Ms Casique said tearfully in Maracay, referencing the image from the prison. ""I wish it wasn't him…  he didn't deserve to be transferred there.""",0.0,0.0
449,"The mother of Mervin Yamarte, 29, also identified her son in the video.",0.0,0.0
450,"""I threw myself on the floor, saying that God couldn't do this to my son,"" she told the BBC from her home in the Los Pescadores neighbourhood of Maracaibo, Venezuela.",0.0,0.0
451,"Like Ms Casique, she denies her son was involved with the brutal gang. He had left his hometown and travelled to the US through the Darién Gap, crossing illegally in 2023 with three of his friends: Edwar Herrera, 23; Andy Javier Perozo, 30; and Ringo Rincón, 39.",-0.4583333333333333,0.5
452,"The BBC spoke with their families and friends, who said they had spotted the four men in the footage from the El Salvador jail.",-0.1,0.0
453,"Mr Yamarte's mother said her son had worked in a tortilla factory, sometimes working 12-hour shifts. On Sundays, he played football with his friends, who all shared a home in Dallas, Texas.",0.0,0.0
454,"""He's a good, noble young man. There's a mistake,"" she said.",0.4666666666666666,0.6333333333333333
455,"President Trump invoked a centuries-old law, the 1798 Alien Enemies Act, to deport the men without due process in the US, saying they were Tren de Aragua gang members.",-0.1875,0.5625
456,"Despite the US government's assurances that the deportees were carefully vetted, the move has had a chilling effect on many Venezuelans and Venezuelan-Americans in the US, who fear that Trump's use of the law could lead to more Venezuelans being accused and swiftly deported without any charges or convictions.",0.1,0.725
457,"""Of course we're afraid. We're terrified,"" said Adelys Ferro, the executive-director of the Venezuelan-American Caucus, an advocacy group. ""We want every single member of TdA to pay for their crimes. But we don't know what the criteria is.""",-0.3357142857142857,0.5571428571428572
458,"""They [Venezeulans] are living in uncertain times,"" she said. ""They don't know what decisions to make - even people with documents and have been here for years.""",0.0,0.0
459,"Ms Ferro's concerns were echoed by Brian de la Vega, a prominent Florida-based, Venezuela-born immigration lawyer and military veteran.",0.13333333333333333,0.3666666666666667
460,"Many of his clients are in the Miami area, including Doral - a suburb sometimes given the moniker ""Doralzuela"" for its large Venezuelan population.",0.35714285714285715,0.4642857142857143
461,"""The majority of Venezuelans in the US are trying to do the right thing. They fear going back to their home country,"" Mr de la Vega told the BBC. ""The main concern, for me, is how they're identifying these members. The standard is very low.""",0.09047619047619046,0.2518095238095238
462,"Many Venezuelan expatriates in the US - particularly South Florida - have been broadly supportive of Trump, who has taken a tough stance on the left-wing government of Venezuelan President Nicolás Maduro which many of them fled.",0.25555555555555554,0.6333333333333333
463,"But in February, the Trump administration terminated Temporary Protected Status - TPS - for Venezuelans, which had shielded many from deportation. The programme officially ends on 7 April and could impact nearly 350,000 Venezuelan nationals living in the US.",0.3,0.45
464,"""Trump's speeches have always been strong about the Venezuelan regime, especially during the campaign,"" Mr de la Vega said. ""I don't think people expected all this.""",0.11111111111111109,0.7111111111111111
465,"Daniel Campo, a Venezuelan-born naturalised US citizen in Pennsylvania - and ardent Trump supporter - told the BBC that while he remains steadfast in his support of the president, he has some concerns about the deportations to El Salvador and the end of TPS.",0.4,0.8
466,"""I certainly hope that when they are doing raids to deport Tren de Aragua, especially to the prison in El Salvador, they are being extra careful,"" he said.",0.028571428571428567,0.6678571428571429
467,"Among those caught by surprise by the end of TPS and the recent deportations is a 25-year-old Venezuelan man who asked to be identified only as Yilber, who arrived in the US in 2022 after a long, dangerous journey through Central America and Mexico.",-0.13,0.5599999999999999
468,He's now in the US - but unsure about what comes next.,0.0,0.0
469,"""I left Venezuela because of the repression, and the insecurity. My neighbourhood in Caracas had gangs,"" he said. ""Now I don't know what's going to happen here.""",0.0,0.0
470,Copyright 2025 BBC. All rights reserved.  The BBC is not responsible for the content of external sites. Read about our approach to external linking.,-0.03333333333333333,0.25
471,,0.0,0.0
472,President Donald Trump has spent his first months in office negotiating with world leaders on wars and tariffs.,0.075,0.21666666666666667
473,The BBC's Anthony Zurcher takes a closer look at the US president's negotiation strategy with top world leaders.,0.5,0.5
474,,0.0,0.0
475,Filmed and edited by Meiying Wu,0.0,0.0
476,Produced by Isabelle Rodd and Ben Bevington,0.0,0.0
477,Copyright 2025 BBC. All rights reserved.  The BBC is not responsible for the content of external sites. Read about our approach to external linking.,-0.03333333333333333,0.25
478,,0.0,0.0
479,"Debra Eichenbaum got her two young children vaccinated against the measles virus 20 years ago, and - like millions of other parents - hadn't thought about the highly contagious disease since.",0.045000000000000005,0.4383333333333333
480,"But when cases across the US began to climb this year, the 62-year-old began to worry about how best to protect her husband, David, who is immunocompromised after surviving pancreatic cancer.",1.0,0.3
481,"So she got another measles shot, and emailed friends her age, encouraging them to check with their doctors to make sure they were still immunised.",0.5,0.8888888888888888
482,"""There's no downside to it,"" she said. ""For me, that was a no-brainer.""",0.0,0.0
483,"Ms Eichenbaum is just one adult who debated an extra shot when cases spiked across the US. Others are thinking about their children, who may not yet have been immunised against the virus.",0.05,0.2
484,"""There is a lot of confusion out there right now, especially in light of differences in how different age groups of the population have been vaccinated based on what the recommendations were at the time of their vaccination,"" said Donald Dumford III, an infectious disease specialist at Cleveland Clinic.",0.36190476190476195,0.7119047619047619
485,"The US declared it had eliminated measles from the country in 2000, after decades of access to a safe and effective vaccine. But since the Covid-19 pandemic and an increase in vaccine scepticism, the number of measles outbreaks has risen.",0.55,0.65
486,"There have been over 300 cases in 2025 across more than a dozen states. This year, the US saw the first measles death in a decade: a 6-year-old girl in western Texas, the epicentre of an outbreak that has spread to neighbouring New Mexico and Oklahoma.",0.2215909090909091,0.32196969696969696
487,"Measles is a dangerous virus that has no cure and can lead to a host of complications, including pneumonia and brain swelling. It can be deadly.",-0.4,0.65
488,"Vaccination rates must be 95% or higher for the broader population to be protected, but several communities where the virus is spreading have rates well below that. Measles is one of the most contagious diseases that exists, spreading very easily if people are unprotected, according to the US Centers for Disease Control and Prevention (CDC).",0.32833333333333337,0.5
489,"Health Secretary Robert F Kennedy Jr, a vaccine-sceptic, has sent mixed messages about the outbreak, at times encouraging people to talk to their doctor about vaccines, and at other moments, promoting alternative treatments not recommended by public health experts.",-0.041666666666666664,0.23055555555555554
490,The federal government has not offered any guidance about whether certain adults should talk to their doctor about getting another shot - or whether parents in hotspots should consider getting their young children vaccinated sooner.,0.15714285714285714,0.4857142857142857
491,"Asked for comment, the US Department of Health and Human Services referred the BBC to existing measles vaccine guidance from the CDC.",0.0,0.1
492,Ms Eichenbaum decided on another measles vaccine over concerns that some people vaccinated in the 1960s may have received a less effective dose.,0.21666666666666667,0.43333333333333335
493,"Those vaccinated between 1963 and 1967 may have received what is known as an inactivated measles vaccine, and should consider getting an additional shot, said Melissa Stockwell, a professor of paediatrics at Columbia University Mailman School of Public Health.",0.0,0.06666666666666667
494,"Those who are unsure about their vaccination status can either search for their written vaccination records or have their antibody levels checked with a blood test, doctors say.",0.0,0.0
495,"Adults born earlier than 1957 likely had measles as a child and are considered immune, Dr Stockwell said.",0.0,0.75
496,"""The recommendation is that anyone who does not have presumptive immunity should be vaccinated,"" she said.",0.0,0.0
497,"For weeks before his new baby was born, Kyle Rable and his pregnant wife exchanged anxious messages throughout the day, wondering how they could best keep their future son safe from measles.",0.2866161616161616,0.4799242424242424
498,"""It's basically both of our constant thoughts all the time,"" said Mr Rable, whose wife gave birth to their son, Steven, earlier this month in the same hospital in Lubbock, Texas, where a child died of measles just a week before.",0.0,0.3194444444444444
499,"The outbreak in western Texas has raised the alarm for parents across the state and in the wider region, especially those who have young babies who cannot yet be immunised.",0.03333333333333333,0.4666666666666666
500,"The measles vaccine is not generally recommended for children who are under a year old because the shots do not work as well before that age, doctors say.",0.0375,0.35
501,"It is a two-dose vaccine. Typically, children are given their first shot between the ages of 12 and 15 months, and then another between ages 4 and 6.",0.04166666666666667,0.41666666666666663
502,"But for young children who live near a measles outbreak, paediatricians may recommend a shot at an earlier age, between six and 11 months, said Stuart Ray, professor of infectious diseases at Johns Hopkins Medicine.",0.08409090909090909,0.45
503,"Mr Rable plans to ask about vaccination plans at his son's two-week checkup, and will ""100%"" vaccinate his child early if the doctor recommends it.",0.1,0.3
504,"Children vaccinated before they are a year old still need two additional standard doses of the measles vaccine later on, Dr Ray said.",0.03333333333333333,0.06666666666666667
505,"""There's no harm in getting the additional doses,"" said Tony Moody, a paediatrics professor at Duke University School of Medicine. ""The decision about getting an early MMR (measles, mumps and rubella) should be a conversation between the family and their paediatrician.""",0.1,0.3
506,Children can get a second dose as soon as 28 days after their first shot.,0.125,0.16666666666666666
507,"""The vaccine starts providing some protection within weeks of the first dose,"" Dr Ray said.",0.25,0.3333333333333333
508,"Parents hoping to get their children vaccinated against measles, or adults looking for another dose, can make an appointment at a pharmacy.",0.0,0.0
509,"However, some pharmacies - especially in Texas, the epicentre of the outbreak - have seen vaccine shortages because of higher demand.",0.125,0.75
510,The CDC has provided thousands of doses to the state.,0.0,0.0
511,"Local health departments in western Texas also are holding vaccination clinics, while many across the US offer the shot free of charge.",0.225,0.325
512,Copyright 2025 BBC. All rights reserved.  The BBC is not responsible for the content of external sites. Read about our approach to external linking.,-0.03333333333333333,0.25
513,,0.0,0.0
514,"At least 85 Palestinians have been killed in overnight Israeli air strikes in Gaza, the territory's Hamas-run health ministry has said.",-0.25,0.2
515,"Hours later, Israel's military said it had intercepted three rockets, which Hamas's armed wing said it fired at Tel Aviv in response.",-0.05,0.05
516,"It comes after Israel resumed its bombing campaign and ground operations in Gaza this week, with air strikes having already killed more than 430 people over the past two days, according to the health ministry.",0.016666666666666663,0.25
517,"The Israel Defense Forces (IDF) said on Thursday that it had started a ground operation in northern Gaza. There had been a reprieve from large-scale military action since January, when a ceasefire had begun.",0.0,0.1
518,Gaza's health ministry also reported that 133 people were injured in the latest attacks on Thursday.,0.5,0.9
519,"Israel resumed attacks on Tuesday as talks to extend the ceasefire deal failed to progress, warning they would intensify until Hamas released the remaining hostages.",-0.5,0.3
520,"Israel says Hamas is still holding 59 hostages, 24 of whom are believed to still be alive.",0.1,0.4
521,"IDF spokesperson Col Avichay Adraee said Hamas had fired three rockets from southern Gaza. One was intercepted, while the other two fell in an ""open area"", he wrote in a post on X.",-0.041666666666666664,0.2916666666666667
522,"The Israeli military said earlier on Thursday that it had begun ""targeted ground activities"" to create what it called a ""partial buffer between the north and south"" of Gaza. It called the action a ""limited ground operation"".",-0.03428571428571429,0.22857142857142856
523,"Col Adraee said forces were deployed up to the centre of a strip, known as the Netzarim Corridor, which divides northern and southern Gaza.",0.0,0.0
524,"Meanwhile, five staff members of the UN's Palestinian refugee agency Unrwa were among those killed over the ""past few days"", the agency's chief Philippe Lazzarini said in a post on X.",-0.21666666666666667,0.11666666666666665
525,"""They were teachers, doctors and nurses,"" he added, warning that ""the worst is yet to come"" amid the ongoing ground invasion.",-1.0,1.0
526,"On Wednesday, the UN said that one of its workers had been killed after its compound in Deir al-Balah in central Gaza was damaged. While it said the circumstances remain unclear, UN Office for Project Services head Jorge Moreira said it was ""not an accident"" and ""at least an incident"".",-0.16666666666666666,0.21666666666666667
527,"Gaza's health ministry blamed an Israeli strike, which it said injured five others. Israel's military said it did not attack the compound but was investigating the incident.",-0.1,0.1
528,"UK Foreign Secretary David Lammy confirmed on Thursday that a UK national had been wounded in the compound attack. It comes after a charity said one of its workers, a 51-year-old British bomb disposal expert, had been injured.",0.09166666666666667,0.375
529,"""Our priority is supporting them and their family at this time,"" he told MPs.",0.25,0.25
530,"At the Nasser Hospital in Khan Younis, southern Gaza, Qasim Abu Sharqiya said his two-year-old son, Omar, had been born through in vitro fertilisation (IVF) after five years of trying.",0.0,0.0
531,"""They bombed a tent next to us and he died,"" he told AFP. ""Omar is my only son, oh world, and I have no one else.""",0.0,0.5
532,"A doctor there, Tanya Haj Hassan, told the BBC's Newshour that she had heard of at least 76 people who ""didn't even make it into the ER"" but were taken ""straight to the mortuary"".",-0.04999999999999999,0.4
533,"She recalled ""a level of horror and evil that is really hard to articulate - it felt like Armageddon"".",-0.6458333333333334,0.7708333333333333
534,"Elsewhere, Yemen's Houthi rebels fired a ballistic missile at Israel on Thursday, aiming for Ben Gurion Airport near Tel Aviv, the Iran-backed group's military spokesperson said.",0.0,0.25
535,No injuries were reported and the IDF said the missile was stopped before entering Israel.,0.0,0.0
536,"Israel's Prime Minister Benjamin Netanyahu said on Tuesday that it had ""resumed combat in full force"" and any ceasefire negotiations would now take place ""under fire"".",0.35,0.55
537,"A group representing hostages' families has accused the Israeli government of choosing ""to give up the hostages"" by launching new strikes.",0.13636363636363635,0.45454545454545453
538,"Israel and Hamas have failed to agree how to take the ceasefire beyond the first phase, which expired on 1 March.",-0.125,0.31666666666666665
539,"Hamas did not agree to a renegotiation of the ceasefire on Israel's terms, although it offered to release a living American hostage and four hostages' bodies as mediators tried to prolong the ceasefire.",0.0,0.0
540,"Israel blocked all food, fuel and medical supplies entering Gaza at the beginning of March in order to put pressure on Hamas. It accused Hamas of commandeering the provisions as part of its strategy against Israel, though did not provide evidence for this claim.",0.0,0.0
541,"The war was triggered by Hamas's attack on Israel on 7 October 2023, in which about 1,200 people, mainly civilians, were killed and 251 other taken hostage. Twenty-five Israeli and five Thai hostages were released alive during the first phase of the ceasefire.",0.03833333333333333,0.28833333333333333
542,"Israel responded to the 7 October attack with a massive military offensive, which had killed more than 48,500 Palestinians, mainly civilians, before Israel resumed its campaign, the Hamas-run health ministry says. Israel's offensive has also caused huge amounts of destruction to homes and infrastructure.",0.12777777777777777,0.47222222222222227
543,Copyright 2025 BBC. All rights reserved.  The BBC is not responsible for the content of external sites. Read about our approach to external linking.,-0.03333333333333333,0.25
544,,0.0,0.0
545,"The Prince of Wales is showing support for UK troops guarding Nato's border with Russia, with a two-day visit to Estonia.",0.0,0.0
546,"The visit began on Thursday with a meeting with Estonia's President, Alar Karis, in Tallinn, followed by a visit to a school teaching refugees from the war in Ukraine.",0.0,0.0
547,Prince William will see soldiers training in the Baltic state as part of a multinational force intended to deter Russian aggression on Nato's eastern flank.,0.0,0.0
548,"The 900 UK troops in Estonia include soldiers from the Mercian Regiment, of which Prince William is colonel-in-chief. This is currently the British Army's biggest operational deployment overseas.",0.0,0.2
549,The visit comes amid uncertainty over the war in Ukraine and worries about Russia's next steps.,0.0,0.0
550,"Earlier this week, Estonia was one of the countries on Russia's borders to withdraw from a treaty banning anti-personnel landmines - a sign of rising tensions.",0.0,0.5
551,Its navy has been trying to prevent sabotage of undersea cables.,0.0,0.0
552,And the country is planning to increase military spending to 5% of its gross domestic product (GDP).,-0.03333333333333333,0.06666666666666667
553,"Prince William's visit to this small, high-tech country is another moment of royal soft power, sending a message about the UK's commitment to defending the Baltic states.",-0.075,0.375
554,It follows a visit a few months ago by UK Prime Minister Sir Keir Starmer.,-0.2,0.1
555,"And talking to students and staff at the University of Tallinn, the royal visit seems to be warmly welcomed.",0.6,0.6
556,"It is seen as a sign of support from Western allies for a country, with a population of only 1.3 million, keenly aware of its need for military assistance.",0.0375,0.3375
557,The threat from Russia seems very real from their perspective.,0.26,0.39000000000000007
558,"""We're more or less preparing for war,"" Catlyn Kirna, a senior lecturer specialising in cyber-security, says.",0.16666666666666669,0.2833333333333333
559,"There is already a constant wave of cyber attacks and misinformation from Russia, which will keep ""testing the water"" to see how Nato responds.",0.0,0.3333333333333333
560,"And as a former part of the Soviet empire, Estonia looks at the current situation in Ukraine with growing concern.",0.0,0.2
561,"""If Ukraine falls, we will have to fight for our lives,"" Catlyn says.",0.0,0.0
562,"And with an 18-year-old son, it feels like a very personal worry.",0.0,0.39
563,"The view from Eastern Europe, on Nato's front line, gives a much sharper perspective on issues around Russian expansionism, Catlyn says.",0.1,0.1
564,"""In western Europe, it might be bad news,"" she says.",-0.3499999999999999,0.3333333333333333
565,"""For us, it's the end of the world.""",0.0,0.0
566,"Political science student Julija Raudkivi says: ""[US] President Trump's comments and behaviour created anxiety for many Estonians.",0.25,0.3
567,"""We talk about it a lot,"" she says, concerned by Trump's apparent lack of enthusiasm for the Nato alliance.",0.05,0.35
568,"""There's definitely some underlying anxiety about the threat posed by Russia.",0.0,0.5
569,"""It's the proximity, we're so close.""",0.0,0.0
570,Julija backs the push for more spending on arms and the strengthening of Nato forces.,0.5,0.5
571,"Since Russia's attack on Ukraine, she says: ""It makes you feel like war is just behind the door.""",-0.4,0.7
572,Liberal-arts student Sharon Kaasik says young people have grown up hearing stories about the Soviet regime before Estonia's independence in 1991 and there are worries about the past returning.,-0.075,0.325
573,But she trusts in the military alliances and wants European countries to work more closely together.,0.15,0.175
574,"Arts and music student Sander Poldmaa, 21, wants to defend his country and volunteers in Estonia's defence forces.",0.2,0.1
575,"""We're a small country and Russia is right beside us,"" he says.",0.01785714285714285,0.46785714285714286
576,And he is unsettled by Trump's behaviour.,0.0,0.0
577,Sander wants Nato to be stronger but says it is about deterrence.,0.2,0.1
578,"""The main point for me is that I don't want the war to happen,"" he says.",0.16666666666666666,0.3333333333333333
579,"""But we need the ability to defend ourselves.",0.0,0.0
580,"""The horror of people in the front line in Ukraine, I wouldn't want that for anyone.""",0.0,0.0
581,"Estonia has given more aid to Ukraine, as a proportion of GDP, than any other country, four times as much in relative terms as the UK.",0.125,0.2916666666666667
582,"In the cold Spring sunshine in Tallinn, it is a reflection of how close the threat feels.",-0.6,1.0
583,Copyright 2025 BBC. All rights reserved.  The BBC is not responsible for the content of external sites. Read about our approach to external linking.,-0.03333333333333333,0.25
584,,0.0,0.0
585,"A tourist held in the US for 19 days was removed in chains like Hannibal Lecter, according to her parents.",0.0,0.0
586,"Becky Burke, 28, arrived home in Wales on Tuesday from her ordeal which began half way through a backpacking trip across North America.",-0.16666666666666666,0.16666666666666666
587,"Parents Paul and Andrea Burke, of Portskewett, Monmouthshire, said their daughter was ""traumatised"" after being taken in ""leg chains, waist chains and handcuffs"".",0.0,0.0
588,"The Northwest ICE Processing Center said in a statement: ""All aliens in violation of US immigration law may be subject to arrest, detention and, if found removable by final order, removal from the United States regardless of nationality.""",-0.07916666666666666,0.35833333333333334
589,"It said that Ms Burke was repatriated to the UK on March 18 after being detained ""related to the violation of the terms and conditions of her admission"".",0.0,0.4
590,Ms Burke's detention came as what her family think was a misunderstanding of her accommodation arrangements.,0.0,0.0
591,"She got free accommodation for helping host families ""around the house"", which her father believes authorities may have suspected broke the terms of her tourist visa.",0.4,0.8
592,"The US State Department says people on visitor visas are prohibited from carrying out ""employment"" during their stay.",0.0,0.0
593,Her parents said Becky had spoken about her removal by ICE agents.,0.0,0.0
594,"""On Monday she was taken from the detention facility, to a location close to the airport, ready to be taken to the plane,"" Mr Burke said.",0.2,0.5
595,Mr Burke said nobody outside of the detention facility knew she had been taken.,0.0,0.05
596,"""She is not Hannibal Lecter,"" he said, referring to the cannibalistic serial killer film character portrayed by Anthony Hopkins.",0.0,0.0
597,"""She said she could only walk with the support of an ICE officer,"" he added.",0.0,1.0
598,Mrs Burke added she could not believe it when she was told.,0.0,0.0
599,Becky's parents said they were not sure their daughter was on the plane until she walked through the gates.,-0.25,0.8888888888888888
600,"""It was very, very emotional,"" Mrs Burke said.",0.0,0.8450000000000001
601,"""We were on tenterhooks really, just watching the door for what seemed like forever.""",0.2,0.2
602,"Mr Burke said: ""When you have been holding on like we have for this, when we saw her come through the gates, all of what we had held in was released. It was another surreal day.""",0.25,1.0
603,The couple were not pushing her to tell them what happened.,0.0,0.0
604,"""It must be overwhelming for her to suddenly be able to do what she wants to do when she wants to do it,"" Mrs Burke said.",0.35,0.45625000000000004
605,"""And to sleep for as long as she wants to without fluorescent lights on 24 hours a day.",0.07500000000000001,0.25
606,"""But she also feels awful for leaving the others behind.""",-0.7,0.85
607,"""She is enjoying some of the home comforts that most of us take for granted,"" Mr Burke said.",0.5,0.55
608,"""Relishing just sitting in the garden, having a comfy bed, pillow and warm clothes.",0.6,0.6
609,"""For 19 days she was just wearing the same prison clothes.""",0.0,0.125
610,"""There are lot of things we need to address through political channels to make sure this doesn't happen to anyone else,"" Mr Burke said.",0.25,0.4944444444444444
611,"The Northwest ICE Processing Center said: ""All aliens in violation of US immigration law may be subject to arrest, detention and, if found removable by final order, removal from the United States regardless of nationality.""",-0.07916666666666666,0.35833333333333334
612,"Becky, an artist, wrote and drew while she was detained and her parents said she hopes to write a graphic novel about the experience.",0.0,0.4
613,During her trip she stayed with families helping with housework in return for a place to stay.,0.0,0.0
614,"At the end of February she went to Seattle with plans to go to Vancouver, in Canada.",0.0,0.0
615,"But at the border, Mr Burke said Canadian authorities refused her entry, saying she needed to return to the US.",0.0,0.0
616,"There she was held at a detention centre in Tacoma, in Washington state.",0.0,0.0
617,Mr and Mrs Burke said they had been completely overwhelmed by the support.,0.1,0.4
618,"A US customs spokesman previously said they could not discuss specific cases but that travellers were treated with ""integrity, respect and according to law"".",-0.08333333333333333,0.14583333333333331
619,Copyright 2025 BBC. All rights reserved.  The BBC is not responsible for the content of external sites. Read about our approach to external linking.,-0.03333333333333333,0.25
620,,0.0,0.0
621,The Trump administration said it was suspending $175m (£135m) in federal  funding to the University of Pennsylvania over the school's policy regarding transgender athletes.,0.0,0.0
622,"The move relates to a transgender woman who won the highest US national college swimming title in 2022 while competing for the Ivy League university, which is based in Philadelphia.",0.0,0.0
623,"A statement from the University of Pennsylvania (UPenn) on Wednesday said it was ""aware of media reports suggesting"" that the funds have been suspended but that it has ""not yet received any official notification or any details"".",0.25,0.25
624,It comes as Trump aims to crack down on transgender athletes participating in sports and to cut federal spending.,-0.15555555555555559,0.2888888888888889
625,"""UPenn infamously permitted a male to compete on its women's swimming team, overturning multiple records hard-earned by women, and granting the fully intact male access to the locker room,"" an unnamed Trump official said in an email sent to reporters on Wednesday.",-0.125,0.30000000000000004
626,"The funding was being provided by the US Department of Defense and the Department of Health and Human Services, the official said.",0.0,0.1
627,"The university said in its statement that it has always followed the rules published by the NCAA, which governs university sports.",0.0,0.0
628,"Last month, the NCAA changed its policy to say that only ""student-athletes assigned female at birth"" will be allowed to take part in collegiate competitions.",0.0,0.41111111111111115
629,The policy change came a day after President Donald Trump signed an executive order preventing transgender women from competing in female categories of sports.,0.0,0.16666666666666666
630,"The same order guided the federal education department to investigate schools that did not comply and that were possibly in violation of Title IX, the federal law banning sex discrimination in schools.",0.0,0.5625
631,"Soon after, the department announced an investigation into schools, including UPenn ""for suspected Title IX violations"". The funding freeze is separate from this investigation, however.",0.0,0.0
632,"The freeze, which was announced on a White House social media account, comes years after transgender swimmer Lia Thomas, who competed on the UPenn men's team for three seasons before starting hormone replacement therapy in spring 2019.",0.011111111111111112,0.05555555555555556
633,"Competing on the women's swim team in 2022, she shattered school swim records, posting the fastest times of any female swimmer. She has since graduated and no longer competes for the university.",0.0,0.16666666666666666
634,"Ms Thomas has not commented about the funding cut. She previously has defended transgender women in sports and said it did not ""threaten women's sports as a whole"".",0.016666666666666677,0.2833333333333333
635,"She also has noted the transgender population of college athletes is ""very small"". The NCAA has said it amounted to about 10 athletes.",-0.325,0.52
636,"""The biggest misconception, I think, is the reason I transitioned,"" Thomas told ABC and ESPN in 2022. ""People will say, 'Oh, she just transitioned so she would have an advantage, so she could win.' I transitioned to be happy, to be true to myself.""",0.65,0.6833333333333332
637,"Last month, three former UPenn swimmers filed a lawsuit seeking to nullify her records.",0.0,0.03333333333333333
638,"Trump also made the decision earlier this month to block $400m in federal funding to Columbia University, over claims that it has tolerated antisemitism on campus. The school has been home to Gaza protests over the war between Israel and Hamas.",0.0,0.5
639,The White House has also moved to pull funding from the University of Maine after alleging that it violated federal law by permitted transgender students to compete on women's sports teams.,0.0,0.0
640,"UPenn receives more than $1bn in federal funding each year, according to the Daily Pennsylvanian student newspaper.",0.25,0.25
641,"Trump is himself a UPenn alum, having graduated from its Wharton business school in 1968.",0.0,0.0
642,Copyright 2025 BBC. All rights reserved.  The BBC is not responsible for the content of external sites. Read about our approach to external linking.,-0.03333333333333333,0.25
643,,0.0,0.0
644,Watch the full interview on BBC iPlayer.,0.35,0.55
645,Copyright 2025 BBC. All rights reserved.  The BBC is not responsible for the content of external sites. Read about our approach to external linking.,-0.03333333333333333,0.25
646,,0.0,0.0
647,Copyright 2025 BBC. All rights reserved.  The BBC is not responsible for the content of external sites. Read about our approach to external linking.,-0.03333333333333333,0.25
648,,0.0,0.0
649,"In Gaza, Palestinians have been burying their dead.",-0.2,0.4
650,"At Nasser Hospital in Khan Younis in the south of the Strip, Alaa Abu Hilal stands cradling his baby son Mohammed in his arms.",0.0,0.0
651,The child's tiny face peeps out of a white shroud.,0.0,0.25
652,"Mohammed was one of more than 170 children killed in Israel's renewed bombardment of Gaza on Tuesday, which shattered the ceasefire deal in place for the past two months.",0.016666666666666663,0.25
653,Alaa's wife lies in a body bag at his feet. She was just 20.,0.0,0.0
654,"""We only got married two years ago,"" Alaa says. ""She was seven months pregnant when she was killed.""",0.09583333333333331,0.4375
655,Israel says it broke the ceasefire because Hamas was stalling for time over the release of Israeli hostages. It accuses Hamas of hiding behind civilians and of preparing to attack Israel again.,-0.4,0.7
656,"Israel's military does not allow foreign journalists uncontrolled access to Gaza. From Jerusalem I spoke to Dr Morgan McMonagle, an Irish trauma surgeon who is volunteering at Nasser Hospital in Gaza.",-0.075,0.075
657,"On Tuesday, the doctor says he worked flat out from 02:30 in the morning, when Israel's assault began, to late at night. He estimated 40% of the dead and injured he saw were children.",-0.17500000000000002,0.375
658,"""All I can do is report as a simple humanitarian surgeon on the ground, there is a disproportionate number of children being injured and killed, and women,"" he says.",-0.1,0.17857142857142858
659,"""And I think any reasonable person can see that it's disproportionate.""",0.2,0.6
660,"Karam Tafeek Hameid lost his three boys on Tuesday in the Israeli attack: Hassan who was nine, Mohammad aged eight, and Aziz who was just five.",-0.1,0.4
661,"""They used to play around, have fun, most of all they loved to ride with me on my tuktuk,"" Karam says with tears in his eyes.",0.5,0.5
662,"""They wanted to be doctors, teachers.""",0.0,0.0
663,Israel says Hamas exaggerates the number of Palestinians who are killed and injured. But the United Nations views the Gaza's Hamas-run Ministry of Health figures as reliable. Some experts believe the number of people killed in Gaza over the past 18 months of war has in fact been underestimated.,-0.21666666666666667,0.08333333333333333
664,Dr McMonagle says he has no reason to believe the Ministry of Health figures are wrong.,-0.5,0.9
665,"""I try to avoid the propaganda because propaganda drives war… but I can tell you over 70 people (at Nasser Hospital) went straight to the mortuary yesterday, and many of them were children. I saw them.",0.125,0.275
666,"""I am not privy to the official figures but what I can tell you from senior figures at the hospital is that 40% of the dead and injured were women and children.""",-0.2,0.4
667,Israel's Defence Minister Israel Katz suggested Tuesday's assault was just the beginning if Hamas didn't return the hostages.,0.0,0.0
668,"""If all the Israeli hostages are not released and Hamas is not eliminated from Gaza - Israel will act with forces you have never seen before,"" Katz said.",0.0,0.0
669,"He again said Gazans should relocate to neighbouring countries as US President Donald Trump has suggested. An idea that has been entirely rejected by Palestinians, and much of the Arab world.",0.1,0.4125
670,Copyright 2025 BBC. All rights reserved.  The BBC is not responsible for the content of external sites. Read about our approach to external linking.,-0.03333333333333333,0.25
671,,0.0,0.0
672,A tourist detained by the US could not walk without support upon release because she was chained so securely.,0.4,0.6
673,"Becky Burke returned to Wales on Tuesday after spending 19 days at an immigration centre in Tacoma, in Washington state.",0.0,0.0
674,"Ms Burke's dad, Paul Burke, said the 28-year-old was taken from there handcuffed and chained at the legs and waist.",0.0,0.0
675,"He said: ""She is not Hannibal Lecter... she could only walk with the support of an ICE [US Immigration and Customs Enforcement] officer.""",0.0,1.0
676,"Ms Burke arrived back home, in Portskewett, Monmouthshire, on Tuesday.",0.0,0.0
677,Video edited by Erin Lister,0.0,0.0
678,Copyright 2025 BBC. All rights reserved.  The BBC is not responsible for the content of external sites. Read about our approach to external linking.,-0.03333333333333333,0.25
679,,0.0,0.0
680,"Four Canadians were executed in China on drug-related charges earlier this year, Canadian authorities have confirmed.",0.2,0.75
681,"All of them were dual citizens and their identities have been withheld, Canada's foreign minister Mélanie Joly said.",-0.125,0.125
682,"A spokesperson for the Chinese embassy in Canada reportedly urged Ottawa to ""stop making irresponsible remarks"", as pundits feared a further downturn in relations between the countries after years of strain.",0.0,0.25
683,"China's foreign ministry said on Thursday that it had acted ""in accordance with the law"", while the embassy said there was ""solid and sufficient"" evidence for their crimes.",-0.0625,0.1125
684,"Beijing had ""fully guaranteed the rights and interests of the Canadian nationals concerned"", the embassy said, urging Canada to respect ""China's judicial sovereignty"".",0.0,0.0
685,"China does not recognise dual citizenship and takes a tough stance on drug crimes. However, it's rare for the death penalty to be carried out on foreigners.",-0.04444444444444445,0.8666666666666667
686,"Joly said she had been following the cases ""very closely"" for months and had tried with other officials, including former prime minister Justin Trudeau, to stop the executions.",0.018750000000000003,0.19375
687,"In a statement to Canadian media, Global Affairs Canada spokesperson Charlotte MacLeod said Canada had ""repeatedly called for clemency for these individuals at the senior-most levels and remains steadfast in its opposition to the use of the death penalty in all cases, everywhere"".",0.2,0.4
688,"China imposes the death penalty on serious crimes including those related to drugs, corruption and espionage. While the number of executions are kept secret, human rights groups believe China has one of the highest execution rates in the world.",-0.18333333333333335,0.4666666666666667
689,"""These shocking and inhumane executions of Canadian citizens by Chinese authorities should be a wake-up call for Canada,"" said Ketty Nivyabandi from Amnesty International Canada. ""We are devastated for the families of the victims, and we hold them in our hearts as they try to process the unimaginable.""",-0.475,0.475
690,"""Our thoughts also go to the loved ones of Canadian citizens whom China is holding on death row or whose whereabouts in the Chinese prison system are unknown.""",0.19999999999999998,0.4666666666666666
691,"In 2019, Canadian national Robert Lloyd Schellenberg was sentenced to death in China for drug smuggling, in a high-profile case condemned by the Canadian government. He was not among the Canadians that were executed.",0.0,0.0
692,"""We'll continue to not only strongly condemn but also ask for leniency for other Canadians that are facing similar situations,"" Joly said on Wednesday.",0.07708333333333332,0.6270833333333333
693,"Relations between Canada and China have been icy since 2018 after Canada detained a Chinese telecom executive, Meng Wanzhou, on a US extradition request. China arrested two Canadians shortly afterwards, both of whom have now been released.",-0.03333333333333333,0.13333333333333333
694,"In 2023, Canadian media released reports, many based on leaked intelligence, about detailed claims of Chinese meddling in the country's federal elections. China denied the reports, calling them ""baseless and defamatory"".",0.3,0.4166666666666667
695,"More recently, China imposed retaliatory tariffs on some Canadian farm and food imports after Ottawa levied Chinese electric vehicles, steel and aluminium.",0.16666666666666666,0.25
696,Copyright 2025 BBC. All rights reserved.  The BBC is not responsible for the content of external sites. Read about our approach to external linking.,-0.03333333333333333,0.25
697,,0.0,0.0
