,Sentence,Polarity,Subjectivity
0,President Donald Trump has spent his first months in office negotiating with world leaders on wars and tariffs.,0.075,0.21666666666666667
1,The BBC's Anthony Zurcher takes a closer look at the US president's negotiation strategy with top world leaders.,0.5,0.5
2,,0.0,0.0
3,Filmed and edited by Meiying Wu,0.0,0.0
4,Produced by Isabelle Rodd and Ben Bevington,0.0,0.0
5,Copyright 2025 BBC. All rights reserved.  The BBC is not responsible for the content of external sites. Read about our approach to external linking.,-0.03333333333333333,0.25
6,,0.0,0.0
7,The family of a missing University of Pittsburgh student has asked the Dominican Republic's national police that she be declared dead.,-0.2,0.225
8,"Sudiksha Konanki, 20, disappeared on spring break while in the Dominican Republic. She was last seen at a hotel around 04:00 local time on 6 March.",0.0,0.03333333333333333
9,"The Dominican Republic's police confirmed to the BBC that they had received the request from Ms Konanki's family, but did not provide additional details.",0.4,1.0
10,"Police have been searching for her for the past two weeks. Investigators are considering whether she may have drowned, but have not ruled out foul play.",-0.175,0.175
11,"Ms Konanki is a 20-year-old college student attending the University of Pittsburgh, where she studies biology and chemistry.",0.0,0.0
12,"The college junior travelled with a group of five female friends to a resort in Punta Cana on a spring break trip, according to the Loudoun County Sheriff's Office.",0.0,0.16666666666666666
13,"She is a citizen of India and a permanent resident of the United States. She lives with her family in Chantilly, Virginia, located in Loudoun County.",0.0,0.0
14,Ms Konanki was last seen early in the morning of 6 March.,0.05,0.18333333333333332
15,Surveillance video shows her and a group of friends walking toward the beach.,0.0,0.0
16,She was with five women and two American men in the video.,0.0,0.0
17,"Ms Konanki stayed on the beach with one of the men as the others returned to the hotel, Dominican police told the BBC's news partner CBS.",0.0,0.0
18,Dominican President Luis Abinader said earlier this week during a news conference that the last person who had contact with Ms Konanki reported a wave hit them while they were on the beach.,0.0,0.2833333333333333
19,"The parents of the man - Joshua Riibe - last seen with Ms Konanki released a statement to CBS News saying they hope Ms Konanki is ""found as soon as possible"".",0.0,0.5333333333333333
20,Riibe is a senior at St Cloud State University in Minnesota.,0.0,0.0
21,"""We recognise that this is a complex and painful situation for all parties involved, and we trust that the investigation will be conducted with transparency and justice. Our only interest is that due process be respected and that actions be taken with the fairness that the situation requires,"" the statement reads.",-0.28125,0.66875
22,The Dominican Republic's national police told the BBC that they had received a request from Ms Konanki's family to declare her dead.,-0.2,0.4
23,Officials have said that they have spent dozens of hours looking for the missing student.,-0.15000000000000002,0.07500000000000001
24,Police are dividing search areas and assigning drones to certain sectors.,0.21428571428571427,0.5714285714285714
25,Pilots are monitoring footage that is being uploaded to a command centre where AI is looking to identify objects in the ocean.,0.0,0.0
26,Search crews are looking in water and on land.,0.0,0.0
27,Authorities say it's not clear whether foul play was involved in Ms Konanki's disappearance.,-0.05000000000000001,0.3833333333333333
28,There was no blood or signs of violence found at the beach.,0.0,0.0
29,"The University of Pittsburgh, where Ms Konanki is a student, said in a statement they are working with the Federal Bureau of Investigations, the Drug Enforcement Administration, Department of Homeland Security and local authorities in response to her disappearance.",0.0,0.0
30,"The International Criminal Police Organization, known as Interpol, issued a global alert after Ms Konanki went missing.",-0.15000000000000002,0.15000000000000002
31,"The yellow notice is for missing persons such as victims of kidnappings or ""unexplained disappearances"".",-0.0625,0.1375
32,Copyright 2025 BBC. All rights reserved.  The BBC is not responsible for the content of external sites. Read about our approach to external linking.,-0.03333333333333333,0.25
33,,0.0,0.0
34,"It took Arun George half a working life to scrape together £15,000 ($19,460) in savings, which he used to secure a care worker job for his wife in the UK.",0.11666666666666668,0.3833333333333333
35,"But in barely a few months, he lost it all.",-0.2,0.1
36,Mr George - not his real name as his wife doesn't want to be identified within their small community for the shame associated with having returned without a job - paid the money in late 2023 to the managers of Alchita Care.,-0.11666666666666665,0.43333333333333335
37,"The BBC has seen evidence of the payment to Alchita Care, the private domiciliary care home in Bradford that sponsored his family's visa. He did it at the behest of a local agent in his town in the southern Indian state of Kerala.",0.0,0.125
38,It was the promise of a better life for their child who has special needs that prodded the couple to dip into their savings and take such a risk. But when they got to the UK there was no work.,0.28571428571428575,0.5238095238095238
39,"""We kept chasing the care home, but they made up excuses. After I pleaded with them, they forced us to undergo some unpaid training and gave my wife just three days of work,"" Mr George said. ""We couldn't carry on and came back to India a few months later.""",-0.06000000000000001,0.14
40,"Mr George believes he has been scammed by the company and says the ordeal has set him back at least by a decade financially. His family is just one among hundreds of people from Kerala seeking work in the UK who have been exploited by recruiters, care homes and middlemen.",-0.09999999999999999,0.13333333333333333
41,Most have now given up hope of getting justice or their money.,0.5,0.5
42,Alchita Care in Bradford has not responded to the BBC's questions. Their sponsorship licence - which allows care homes to issue certificates of sponsorship to foreign care workers applying for visas - was removed by the Home Office last year.,-0.0625,0.09583333333333333
43,But at least three other care workers who sent thousands of pounds to Alchita Care and uprooted their lives from Kerala told us that the jobs they had been promised did not materialise.,-0.2125,0.3875
44,"One of them, still in the UK, said his condition was so precarious that he was surviving on ""bread and milk"" from charity shops for the past few months.",-0.225,0.175
45,"Like Mr George, Sridevi (not her real name) says she was charged £15,000 for a visa sponsorship by Alchita Care. She spent another £3,000 to get to the UK in 2023.",0.05,0.2
46,"She's unable to return to India, scared of facing family members and friends from whom she took a loan to make the trip.",-0.5,0.5
47,"""I struggle to even pay for my rent and meals,"" she said. Her job is a far cry from the stable eight-hour work she was promised, she says. She is sometimes on call from 4am to 9pm, driving from one patient's home to another, but gets paid only for the few hours she is actually with the patient, and not the full shift.",0.049999999999999996,0.55
48,"Thousands of nurses from Kerala, desperate to migrate to the UK every year, are estimated to have been exploited after the government added care workers to the UK's shortage occupation list during Covid. This allowed people to be recruited from overseas as long as they were sponsored.",-0.325,0.7
49,"For many, the care worker visa was a golden ticket to a better life as they could take family along.",0.43333333333333335,0.5
50,"Baiju Thittala, a Labour party member and the mayor of Cambridge, told the BBC he had represented at least 10 such victims over the last three years.",-0.09999999999999999,0.32222222222222224
51,"But the cross-border nature of these exploitative schemes means it has been incredibly hard to pursue justice, he said. Very often the victims have made payments to care homes or middlemen domiciled outside India which leads to ""jurisdiction problems"", he added.",-0.09791666666666667,0.29791666666666666
52,"Secondly, lawyers are expensive and most care workers, already in deep debt, can hardly afford to fight it out in the courts.",-0.058333333333333334,0.42833333333333334
53,"Thittala estimates at least 1,000-2,000 people from Kerala, directly or indirectly victims of these schemes, are still in the UK.",-0.09999999999999999,0.4
54,There are also hundreds of people scattered across Kerala's towns who lost money before they could even leave home.,0.0,0.0
55,"In the town of Kothamangalam, the BBC spoke to some 30 people who had collectively lost millions of dollars while trying to obtain a care visa that allows professionals to come to - or stay - in the UK to work in the social care sector.",0.03333333333333333,0.06666666666666667
56,All of them accused one agent - Henry Poulos and his agency Grace International in the UK and India - of robbing them of their life savings through fake job offers and sponsorship letters.,-0.13333333333333333,0.3333333333333333
57,"Mr Poulos even made some of them take a 2,500km journey to Delhi for visa appointments that were non-existent, they said.",0.0,0.0
58,"Shilpa, who lives in the town of Alleppey, told the BBC she had taken out a bank loan at a 13% interest rate to pay Mr Poulos, who gave her a fake certificate of sponsorship.",-0.5,1.0
59,"""I thought the UK would offer a good future for my three daughters, but now I am struggling to pay their school fees,"" she told the BBC.",0.35,0.36250000000000004
60,"""I have lost everything. My wife had left her job in Israel so that we could move to the UK,"" said another victim, Binu, breaking down. He made a comfortable £1,500 with his wife in Israel but has now been forced to take his children out of private school in Kerala because there's no money anymore.",-0.02175925925925927,0.28564814814814815
61,"Neither Mr Poulos nor Grace International responded to the BBC, despite repeated attempts to get in touch with them. The police in Kothamangalam said Mr Poulos was absconding in the UK, and they had sealed his local offices after receiving complaints from six people.",0.0,0.0
62,"The previous Conservative government in the UK admitted last year that there was ""clear evidence"" that care workers were being offered visas under false pretences and paid far below the minimum wage required for their work.",-0.07333333333333333,0.44333333333333336
63,"Rules to reduce its misuse were tightened in 2024, including increasing the minimum salary. Care workers are also now restricted from taking dependents, making it a less attractive proposition for families.",0.3166666666666667,0.5333333333333333
64,"Since July 2022, about 450 licences allowing employers to recruit foreign workers have been revoked in the care sector.",-0.125,0.125
65,"Since the beginning of this year, sponsors are now also explicitly prohibited by the Home Office from passing on the cost of the sponsor licence fee or associated administrative costs to prospective employees.",0.0,0.0
66,"Top police officials in Kerala, meanwhile, told the BBC they were still investigating these cases in India and would work with Interpol agencies to crack down on agents, if necessary.",0.11481481481481481,0.5962962962962963
67,"But for the hundreds who've already been exploited, justice remains elusive, and still very much a distant dream.",-0.1,0.35
68,Copyright 2025 BBC. All rights reserved.  The BBC is not responsible for the content of external sites. Read about our approach to external linking.,-0.03333333333333333,0.25
69,,0.0,0.0
70,"A few days after Donald Trump won the US presidential election, Amber Walliser stocked up, spending $2,000 (£1,538) on appliances she believed would get more expensive as the White House started to put new taxes on imports.",-0.012727272727272731,0.3509090909090909
71,"But that was a temporary splurge. These days, her family is buckling down, worried about job security, and a possible economic downturn, which experts believe could be more likely because of US President Donald Trump's tariffs.",0.10888888888888888,0.5977777777777777
72,"It means no new car, or big vacation this year. They have even shelved plans to start trying for a second child.",-0.022727272727272724,0.18484848484848485
73,"""We are saving as much as possible, just hoarding cash, trying to bulk up our emergency fund,"" the 32-year-old accountant from Ohio said.",0.0,1.0
74,"Amber's worries are being echoed across the US, as tariffs and other changes by the White House hit the stock market, spark turmoil for businesses, and add to inflation concerns.",-0.0625,0.1875
75,That is the tricky scenario that officials at the US central bank will have to address at their interest rates meeting on Wednesday.,0.0,0.25
76,"The Federal Reserve, which is supposed to keep both prices and employment stable, typically lowers borrowing costs to help support the economy, or raises them to slow down price rises, as it did when prices shot up in 2022.",-0.2074074074074074,0.3962962962962963
77,"Though analysts widely expect the Fed to leave interest rates unchanged on Wednesday, they are far more divided about what to expect in the months ahead, as tariffs could both raises prices and slow economic growth.",0.07999999999999999,0.5
78,"""Their job has become a lot harder,"" said Jay Bryson, chief economist at Wells Fargo.",-0.1,0.0
79,"In a speech earlier this month, the head of the Federal Reserve, Jerome Powell, noted that surveys of sentiment have not been good indicators of spending decisions in recent years, when the economy has performed well across many mainstream metrics, despite sour views.",0.20999999999999996,0.39
80,He said policymakers could afford to wait to see the overall impact of the White House policy changes before responding.,0.0,0.0
81,But households are responding to the uncertainty now.,0.0,0.0
82,"After his investments were hit in the recent stock market sell-off, Dave Gold drew up a budget and started slashing his spending.",0.0,0.25
83,"He cancelled Netflix, challenged himself to avoid Amazon purchases for a month, and scaled back his travel, managing to cut his expenses in half.",-0.08333333333333333,0.08333333333333333
84,"""It's just really hard to plan and be confident about what next month looks like,"" said the 37-year-old, who lives in Wyoming and works in finance.",0.06944444444444443,0.4583333333333333
85,"""I thought it was time to reel it back in and protect myself in case things do happen.""",0.0,0.0
86,"Dave is not the only American reining in their spending. Retail sales also fell last month, while firms from Walmart to Delta Air Lines have warned of slackening demand.",0.0,0.35555555555555557
87,"Meanwhile, job growth has slowed and the stock market is now trading at its lowest levels since September.",0.0,0.0
88,"In this month's survey of consumer sentiment by the University of Michigan, concerns about the job market surged to the highest level since the Great Recession, while household expectations of long-term inflation also jumped, in the biggest one-month rise since 1993.",0.8,0.75
89,"Those are troubling signals for the US, in which consumer spending accounts for roughly two thirds of the economy.",-0.1,0.4
90,"""It's not like the consumer is falling apart, but we're seeing some cracks,"" said Mr Bryson, who puts the odds of a recession at one in three, up from one in five at the start of the year.",0.0,0.0
91,"""If consumers retrench...the entire economy is going to go down with it,"" he said.",-0.07777777777777779,0.4569444444444445
92,"White House officials have acknowledged the likelihood of ""a little disturbance"", while promising that the short-term pain will lead to long-term gain.",0.00416666666666667,0.3333333333333333
93,"But polls suggest Trump's handling of the economy is a point of concern for the public, especially for Democrats and independents, but increasingly for Republicans as well.",0.0,0.5333333333333333
94,"Software engineer Jim Frazer, who did not vote for Trump, said the administration's assurances have done little to ease his concerns, as he sees policies change by the hour, the stock market sink, and prices for staples such as eggs rise.",-0.09375,0.5
95,"Around the end of last year, the 49-year-old, who lives in Nebraska, purchased a new phone and television, betting such items would be affected by the tariffs Trump said he planned to put on imports from China.",0.04545454545454545,0.34040404040404043
96,"More recently however, he's trying to cut back, both as a buffer against rising costs and because he has been spooked by the Trump administration's talk - not just about tariffs, but other moves, like annexing Canada as the 51st state.",0.09375,0.28125
97,"He and his wife recently hit pause on their plan to replace an old loveseat, and have scaled back their ambitions for renovating the bathroom.",0.03333333333333333,0.15
98,"""I just feel like right now, we need that money squirrelled away in a safe spot,"" he said.",0.39285714285714285,0.5178571428571428
99,"""It's that feeling like we're heading towards something and we've got to get prepared.""",0.0,0.0
100,Copyright 2025 BBC. All rights reserved.  The BBC is not responsible for the content of external sites. Read about our approach to external linking.,-0.03333333333333333,0.25
101,,0.0,0.0
102,"Nasa astronauts Suni Williams and Butch Wilmore have splashed down near Tallahassee, Florida after nine months at the International Space Station.",-0.018518518518518528,0.22962962962962963
103,They splashed down with Nasa astronaut Nick Hague and Russian cosmonaut Aleksandr Gorbunov.,-0.07777777777777779,0.14444444444444446
104,The crew safely left the Dragon capsule less than an hour after a successful landing.,0.19444444444444445,0.33888888888888885
105,Williams and Wilmore were in space for 286 days after technical issues on the Boeing spacecraft that was meant to return them to Earth.,0.0,0.1
106,Their original mission was meant to last eight days.,0.1875,0.4083333333333333
107,Copyright 2025 BBC. All rights reserved.  The BBC is not responsible for the content of external sites. Read about our approach to external linking.,-0.03333333333333333,0.25
108,,0.0,0.0
109,A Los Angeles County jury has awarded $50m (£38.47m) in damages to Michael Garcia after a scalding hot tea from Starbucks caused severe burns.,0.25,0.8500000000000001
110,"Garcia, a Postmates driver, suffered third-degree burns to his genital area when a loose cup fell into his lap at a drive-thru in February 2020.",-0.07692307692307693,0.2692307692307692
111,"Starbucks was found 100% responsible for failing to secure the cup properly, which led to permanent disfigurement.",0.20000000000000004,0.4166666666666667
112,"The company plans to appeal the verdict, stating the damages are excessive.",-0.25,1.0
113,Copyright 2025 BBC. All rights reserved.  The BBC is not responsible for the content of external sites. Read about our approach to external linking.,-0.03333333333333333,0.25
114,,0.0,0.0
115,Don't judge a blob by its cover.,0.0,0.0
116,"Once dubbed the world's ugliest animal for its soft, lumpy appearance, the blobfish has made a stunning comeback: it was crowned this week as Fish of the Year by a New Zealand environmental group.",0.24545454545454545,0.6015151515151516
117,"The annual competition, held by the Mountain to Sea Conservation Trust, aims to raise awareness for New Zealand's freshwater and marine life.",0.13636363636363635,0.45454545454545453
118,"This year, the blobfish took home the coveted accolade with nearly 1,300 out of more than 5,500 votes cast.",0.3,0.45
119,"It's an underdog victory for the blobfish, which burst into mainstream notoriety as the mascot for the Ugly Animal Preservation Society in 2013.",-0.7,1.0
120,"The gelatinous fish lives on the sea bed and grows to about 12in (30cm) in length. They're mainly found off the coast of Australia, where they live at depths of 2,000-4,000 ft (600-1,200m).",0.1515151515151515,0.41666666666666663
121,"While the blobfish is known for its misshapen silhouette, in its natural deep-sea habitat it actually resembles a regular fish, with its shape kept together by the high water pressure.",0.065,0.27923076923076917
122,"However, when caught and rapidly brought to the water surface its body deforms into its hallmark mushy shape - the same one that has earned it the reputation of being among the ugliest creatures the world has seen.",0.0,0.125
123,"Coming in second place was the orange roughy, a deep-sea fish in the slimehead family - known for the mucous canals on their heads.",0.0,0.0
124,"It was ""a battle of the deep sea forget-me-nots,"" said Kim Jones, co-director of the Mountains to Sea Conservation Trust. ""A battle of two quirky deep sea critters, with the blobfish's unconventional beauty helping get voters over the line.""",0.0,0.6
125,"The orange roughy had appeared on track for the win, until a couple of local radio station hosts started a passionate campaign for the blobfish.",0.25,0.4166666666666667
126,"""There is an up and coming fish, it needs your vote,"" Sarah Gandy and Paul Flynn, hosts of local radio network More FM, urged listeners on their show last week. ""We need the blobfish to win.""",0.325,0.24166666666666667
127,News of the blobfish's victory has been celebrated by the radio hosts.,0.35,0.75
128,"""The blobfish had been sitting patiently on the ocean floor, mouth open waiting for the next mollusc to come through to eat,"" the pair said. ""He has been bullied his whole life and we thought, 'Stuff this, it's time for the blobfish to have his moment in the sun', and what a glorious moment it is!""",0.08333333333333333,0.3
129,"Besides molluscs, the blobfish also eats custaceans like crabs and lobsters, as well as sea urchins.",0.0,0.0
130,"Instead of a skeleton and scales, the blobfish has a soft body and flabby skin.",0.1,0.35
131,"Nine of the ten nominees for fish of the year are considered by conservation groups to be vulnerable, according to the Mountains to Sea Conservation Trust. This includes the blobfish, which are vulnerable to deep-sea trawling.",-0.3333333333333333,0.3333333333333333
132,"New Zealand also has a Bird of the Year contest, organised by conservation organisation Forest & Bird. The latest winner, crowned last September, was the hoiho, a rare penguin species.",0.23409090909090907,0.5803030303030303
133,Copyright 2025 BBC. All rights reserved.  The BBC is not responsible for the content of external sites. Read about our approach to external linking.,-0.03333333333333333,0.25
134,,0.0,0.0
135,"A former engineer at a Chinese research institute has been sentenced to death for selling classified material to foreign spy agencies, Chinese authorities said.",-0.03125,0.03125
136,"After he resigned from the institute, the researcher, identified by his surname Liu, came up with a ""carefully designed"" plan to sell intelligence to foreign agencies, according to an article published on Wednesday by China's Ministry of State Security.",-0.1125,0.5625
137,The ministry did not name Liu's former employer or the foreign groups that allegedly bought his material.,-0.075,0.075
138,The announcement comes amid increasing warnings from China that its citizens are being co-opted by foreign entities to serve as spies.,-0.125,0.125
139,"""Desperadoes who want to take shortcuts to heaven will all suffer consequences,"" the ministry said in Wednesday's article.",0.0,0.0
140,"Believing that he had been treated unfairly at the institute, Liu saved a large amount of classified material before he left, intending to use it for revenge and blackmail, the ministry stated.",-0.09523809523809523,0.4761904761904762
141,"He then joined an investment firm and, after failed investments drove him into debt, approached a foreign spy agency which got the material from him at a ""very low price"", according to the ministry.",-0.20625,0.30374999999999996
142,"This agency subsequently cut off contact with Liu, the ministry added, and he tried to sell the information abroad.",0.0,0.05
143,"""In half a year, he secretly travelled to many countries and seriously leaked our country's secrets,"" the article said.",-0.09999999999999999,0.5083333333333333
144,"Liu, who confessed after being arrested, has been stripped of political rights for life.",0.0,0.1
145,"Beijing has been increasingly wary of espionage, and warned that its citizens are being recruited by foreign spy agencies trying to secure Chinese state secrets.",-0.056249999999999994,0.35624999999999996
146,"Last November, a former employee at a Chinese state agency was handed the death sentence after his USB work flash drive was allegedly seized by foreign spies and he became their ""puppet"", according to Chinese authorities.",-0.0375,0.04861111111111111
147,"In February last year, Australian writer Yang Hengjun, known for blogging about human rights issues in China, was handed a suspended death sentence on espionage charges. That sentence was upheld, and Yang remains behind bars in China, despite Australian leaders calling for his release.",-0.08,0.17333333333333334
148,"Concerns about Chinese influence and infiltration operations are also brewing among governments across the world, several of which have in recent years stepped up arrests of Chinese nationals on espionage charges.",0.0,0.0625
149,Copyright 2025 BBC. All rights reserved.  The BBC is not responsible for the content of external sites. Read about our approach to external linking.,-0.03333333333333333,0.25
150,,0.0,0.0
151,"The UN says that one of its workers has been killed and others injured after a compound in Gaza was damaged on Wednesday, adding that the circumstances of the incident remain unclear.",-0.2,0.0
152,The Palestinian territory's Hamas-run health ministry blamed an Israeli strike and said five critically injured foreign workers had arrived in hospital. Israel's military denied striking the UN compound in Deir al-Balah.,0.06875,0.5062500000000001
153,"It comes after Israel said it was resuming fighting in Gaza following a two-month ceasefire - launching a wave of strikes that killed more than 400 people, according to Gaza's health ministry.",0.09999999999999999,0.19999999999999998
154,"On Tuesday, Israel's Prime Minister Benjamin Netanyahu said it had ""resumed combat in full force"".",0.35,0.55
155,The UN initially said two of its workers had been killed but later clarified that the second person was not a staff member.,-0.05,0.0
156,"The UN Office for Project Services (UNOPS) said an ""explosive ordnance was dropped or fired"" at the building, which was in an ""isolated"" location.",0.0,0.0
157,It added there was no confirmation on the nature of the incident or the type of artillery used.,0.0,0.0
158,"UNOPS executive director Jorge Moreira da Silva described the incident as ""not an accident"" and added that ""UN personnel and its premises must be protected by all sides"".",0.0,0.0
159,Footage verified by the BBC showed injured people  - two still wearing blue UN flak jackets - arriving at a hospital in an ambulance and a UN car.,0.0,0.1
160,"Separately, at least 20 people were killed in air strikes across Gaza overnight, after Israel said it was resuming fighting in the Palestinian territory.",-0.25,0.2
161,"Two civilians were killed and five others injured when an Israeli drone hit a tent near the al-Mawasi humanitarian zone, the Palestinian Wafa news agency reports, citing Red Crescent medics.",-0.03333333333333333,0.13333333333333333
162,"Israel's army said it had targeted what it called a Hamas military site, from where the group was preparing to fire into Israel. Vessels controlled by Hamas were also hit, the army said.",-0.1,0.1
163,The bombing is not of the same scale as it was on Tuesday - but it shows no let-up in Israel's fresh assault.,0.15,0.3125
164,"Tom Fletcher, the UN's under-secretary-general for humanitarian affairs and emergency relief, said of Tuesday's strikes that ""the intensity of the killings is now off the scale"".",0.0,0.0
165,"Wafa says a woman and child were killed in an air strike north of Khan Younis overnight into Wednesday, while four others were killed in a strike in Gaza City.",-0.2,0.0
166,"Gaza's health ministry said that 436 people had been killed in strikes since Tuesday, including 183 children.",-0.2,0.0
167,"Tuesday's strikes constituted the heaviest bombardment since a fragile ceasefire and hostage exchange deal came into effect on 19 January, and came after Israel and Hamas failed to agree how to take it beyond an initial phase.",-0.16666666666666666,0.26666666666666666
168,"The deal involves three stages, and negotiations on the second stage were meant to have started six weeks ago - but this did not happen.",0.0,0.0
169,"Under the proposed second phase, Israel would withdraw troops from Gaza - but Israel and the US instead pushed for an extension of the first phase, with more hostages being released in exchange for more Palestinian prisoners.",0.3125,0.3333333333333333
170,"Netanyahu cast the resumption of fighting as a return to Israel's primary aims - to return the hostages and ""get rid"" of Hamas - but families of hostages have criticised the decision, saying it showed the government had given up on their loved ones.",0.55,0.65
171,"Thousands of Israelis have joined a protest in Jerusalem, accusing Netanyahu of undermining democracy and restarting the offensive in Gaza without regard for the hostages.",0.0,0.0
172,"Israel says Hamas is still holding 59 hostages, 24 of whom are believed to be alive.",0.1,0.4
173,"Egypt, a mediator in talks, said the fresh strikes were a ""blatant"" violation of the ceasefire.",-0.1,0.5
174,"Israel previously imposed a total halt on all humanitarian aid entering Gaza, causing widespread international alarm.",-0.05555555555555555,0.3055555555555555
175,"""For two weeks now, our food supplies are rotting at the borders, the medicines are expiring, the water's been cut off, the power's been cut off - and all that to punish civilians further,"" Mr Fletcher told BBC Radio 4's Today programme.",0.0,0.5
176,"He said he had spoken to the UN security council on Tuesday in a bid to lift the blockade and get the ceasefire deal back on track, including the release of hostages.",0.0,0.0
177,"""I'm not asking for the moon here,"" the UN chief added.",0.0,0.0
178,"He said his team would ""carry on going"" in Gaza because they are ""determined to do everything they can to save as many survivors as possible.",0.25,0.75
179,"""They're saying to us: What does it say about our values that we can't stop a 21st Century atrocity happening before our eyes - and not just happening, but being cheered on before our eyes?""",0.0,0.0
180,"Hamas has confirmed that several of its leaders were killed in Tuesday's strikes, including its de facto head of government, Essam a-Da'lees.",0.06666666666666667,0.3333333333333333
181,"Meanwhile, Islamic Jihad - whose fighters participated in the 7 October 2023 attack which triggered the current conflict - said the prominent spokesman of its armed wing, known as Abu Hamza, was killed.",0.09999999999999999,0.4666666666666666
182,"However, there were also many civilians, including dozens of children, thought to be among the dead.",0.15,0.45
183,Regional mediators are now said to be pushing Hamas to release some of the Israeli hostages it still holds in exchange for a de-escalation.,0.0,0.0
184,"But Netanyahu has said that going forward, all ceasefire talks will take place ""under fire"".",0.0,0.0
185,"The 7 October 2023 attack by Hamas on Israel saw about 1,200 people killed and the capturing of 251 hostages - 25 of whom were released alive during the first phase of the ceasefire.",0.049999999999999996,0.24444444444444446
186,"Israel responded with a massive military offensive, which has killed more than 48,500 Palestinians, the Hamas-run health ministry says, as well as causing large-scale destruction to homes and infrastructure.",0.04999999999999999,0.4
187,Copyright 2025 BBC. All rights reserved.  The BBC is not responsible for the content of external sites. Read about our approach to external linking.,-0.03333333333333333,0.25
188,,0.0,0.0
189,Teenage killer Nicholas Prosper shot dead three members of his family and was planning to attack his former primary school. What drove his obsession with mass killings and how was he stopped from committing further atrocities?,0.04,0.27999999999999997
190,"Prosper, 19, is beginning a life sentence for murdering his mother Juliana Falcon, 48; his brother Kyle, 16, and sister Giselle, 13, at their flat on Luton's Marsh Farm estate.",-0.025,0.125
191,"At Luton Crown Court, he was told he must serve at least 49 years in jail.",-0.2,0.2
192,"However, the death toll could have been even higher were it not for the vigilance of the police officers who spotted and arrested Prosper before he could enact plans to murder primary school pupils and staff.",0.325,0.5
193,"A senior detective described that as a ""sliding doors moment"", while one of the arresting officers said the knowledge he had prevented further killings was ""very overwhelming"".",0.325,0.75
194,"Sentencing, Mrs Justice Cheema-Grubb told Prosper: ""You intended to unleash disaster on the community of Luton. Your plans were intelligent, calculating and selfish. Your ambition was notoriety.""",0.15000000000000002,0.95
195,"She paid tribute to Prosper's family, saying ""their deaths are almost certain to have saved the lives of many children"", as it was a neighbour who called police after hearing the disturbance.",0.35714285714285715,0.5357142857142857
196,Warning: This story contains distressing details,0.0,0.0
197,"Prosper killed his victims in the early hours of Friday, 13 September last year.",-0.03333333333333333,0.12222222222222222
198,An inquest heard each had gunshot wounds to the head. Kyle had more than 100 knife wounds. Giselle had been shot in the face.,0.5,0.5
199,It was the first phase of an intended assault that had been a year in the planning.,0.25,0.3333333333333333
200,"Prosper planned to attack St Joseph's Catholic Primary School in Gardenia Avenue, Luton, killing 30 young children and himself.",0.16666666666666666,0.3333333333333333
201,"The date was no accident. He had chosen Friday the 13th ""so it had a good name on it"", the court heard, and had also designed a distinctive black and yellow outfit to wear.",0.13333333333333333,0.25833333333333336
202,"""He wanted to be the most notorious and infamous person that's ever committed a school shooting,"" said Det Ch Insp Sam Khanna, of Bedfordshire Police.",0.0,0.75
203,"""He knew numbers; he knew facts and figures, and he wanted to be responsible for the most number of casualties ever killed within a school.""",0.16666666666666666,0.35000000000000003
204,"In August 2023, Prosper made a booking at a shooting range, but did not attend.",0.0,0.0
205,"However, his online history gives an fuller insight into what drove him.",0.0,0.0
206,"""There's a general theme of extreme violence; content which you can't believe is readily available on the internet,"" said Det Ch Insp Khanna.",0.10833333333333335,0.6333333333333333
207,"""There's pretty much not a mass shooting event that he hadn't researched in detail.",0.225,0.6
208,"""He had a fascination with the people that perpetrate such offences and had gone to great detail researching them, almost putting together fact-files of them.""",0.4,0.625
209,"One of those spree shootings was at Sandy Hook, the Connecticut elementary school where 26 people were killed in 2012.",0.04999999999999999,0.45
210,Prosper was determined to murder more.,0.5,0.5
211,"The BBC has previously reported he was banned from a website featuring videos of people's final moments, after making pro-paedophile comments.",-0.08333333333333333,0.5833333333333334
212,"By April 2024, he became a member of an online gun sales website, and three months later began researching how to fake a firearms certificate.",-0.25,0.5
213,He then turned to researching his former primary school.,0.2,0.25
214,"Police found no evidence he had a bad time there or bore any grudge, rather that his first-hand knowledge ""would make his plan that much easier"", said Det Ch Insp Khanna.",-0.24999999999999992,0.43333333333333335
215,"In August, Prosper tried and failed in his first attempt to buy a gun.",-0.125,0.31666666666666665
216,"However, later that month he contacted another seller on a legal gun sales site, paying £650 plus £30 petrol money to the man for a shotgun and 100 cartridges.",0.1,0.1
217,"""He basically created a legend of himself to make any would-be seller feel comfortable,"" said Det Ch Insp Khanna.",0.4,0.8
218,"""He went to the lengths of talking about working for a charity as a volunteer to gain the confidence of the seller.""",0.0,0.0
219,"He researched the logos, signatures and even the type of paper licences were printed on to fool the seller, who police found had committed no offence.",0.0,0.0
220,"""It is a fake, but possibly only an expert would know that,"" said Det Ch Insp Khanna.",-0.25,1.0
221,"Private gun sellers need to inform police of any sale, and the person who sold the shotgun to Prosper did this on 12 September.",0.0,0.375
222,"Because this was done out-of-hours on the day before the killings, there was no opportunity for anyone to realise the gun had been sold to someone who was not a legitimate licence-holder, said Det Ch Insp Khanna.",0.0,0.0
223,"""This can't be allowed to happen again... the Bedfordshire deputy chief constable is engaging with national parties to try and look at this and see what learning can come from it,"" he added.",0.4,0.7
224,"The court heard Prosper planned to shoot and rape Giselle, but his mother ""messed it up"" by waking up.",0.0,0.0
225,"Kyle hid in the kitchen and ""began pleading for his life"" during the attacks.",0.0,0.0
226,"Marium Abbas lived in a flat above theirs. In the early hours of 13 September, she awoke to banging and a ""strange voice which I've never heard, never experienced, in my life"".",-0.075,0.31500000000000006
227,"She went outside her door and saw a neighbour. They discussed calling police, but concluded they did not know what they would tell them.",0.0,0.05
228,"Later, officers surrounded the building and Ms Abbas learned of the horror that had unfolded beneath her.",0.0,0.0
229,"Despite since being reassured by friends, she said she still felt ""guilty"" and struggled to be alone.",-0.5,1.0
230,"""I feel like maybe if I knew what was happening; if I went downstairs; maybe he would have shot me but the children would have been saved,"" she said.",0.0,0.0
231,"After the killings Prosper went on the run. His arrest, soon afterwards, was a ""sliding doors moment"", said Det Ch Insp Khanna, referring to the film in which a moment of chance becomes pivotal.",0.225,0.4
232,"Two officers returning from the scene to the police station spotted a man whose ""whole behaviour was off"".",0.2,0.4
233,"""Nothing was really said in the car,"" recalled one. ""I think we kind of had the same instinct... 'This seems related.'",0.2,0.40625
234,"""As we get closer, we start to see what appears to be blood over his face. At that moment, we believe he was our suspect.",0.0,0.0
235,"""We got him into handcuffs. He just kept on saying 'It's not murder, it's not murder.'""",0.0,0.0
236,Officers found a shotgun and 33 cartridges in a nearby bush.,0.0,0.0
237,"The officer said when he learned the extent of Prosper's plans, it was ""very overwhelming knowing that it was me and my crewmate that managed to prevent this from happening"".",0.65,1.0
238,"Prosper made disclosures to a prison nurse four days after the killings, and also produced two written plans in jail.",-0.1,0.0
239,"""Very unusually for most of our cases, he has been talking,"" said Det Ch Insp Khanna.",0.38,0.75
240,"""In terms of why we think he's done this, it's purely around notoriety and wanting to be known for a significant horrific offence and event.",-0.1369047619047619,0.7916666666666666
241,"""Normally we get people in his position that don't talk and wait for the legal process to go through, but that's the opposite we found with the offender.""",0.11666666666666665,0.28333333333333327
242,There is no evidence to suggest Prosper was seeking to advance a political or ideological cause.,0.0,0.1
243,"He was not charged with terrorism offences, and nor was he known to the government anti-terrorism programme Prevent.",0.0,0.0
244,"His parents were separated, but both of them and his school had concerns about Prosper and he was referred to a GP.",0.0,0.0
245,But he refused to engage and that went no further.,0.0,0.5
246,"NHS Bedfordshire, Luton and Milton Keynes Integrated Care Board NHS has declined to comment, while East London NHS Foundation Trust, which provides mental health services in the area, said Prosper was not under its care.",-0.1,0.2
247,"While in prison, a forensic psychiatrist assessed Prosper as having autistic spectrum disorder traits, but he has not been officially diagnosed.",-0.2,0.2
248,"However, it was determined that it was not these traits that drove his actions; rather, his desire to become infamous and a lack of empathy for others.",-0.5,1.0
249,"Prosper also had a number of indecent images of children on his phone, but because of the severity of the other charges he faced, the Crown Prosecution Service decided against a specific charge on these.",-0.0625,0.25
250,"At Prosper's first court appearance, his father Ray Prosper shouted: ""I still love you, son. It's not your fault, OK?"" and then wept.",0.4166666666666667,0.4777777777777778
251,"At the sentencing hearing, a statement he wrote was read out on his behalf.",0.0,0.0
252,"""When I heard the horrendous news that day, part of my soul died too. This is a lose-lose situation for us all and we have lost four family members,"" he wrote.",0.0,0.0
253,"Det Ch Insp Khanna said: ""We're used to going and seeing families and loved ones at the most challenging of times and telling them that unfortunately they've lost a member of their family.",0.3,0.825
254,"""For the offender's father, he's lost two of his children. He's lost his ex-wife, who he still had a good relationship with, and this has been perpetrated by his own son.""",0.6499999999999999,0.8
255,"He said police were supporting family members, but added: ""I think it would take a long time before anyone can come to terms with what's happened.""",0.1,0.325
256,"Follow Beds, Herts and Bucks news on BBC Sounds, Facebook, Instagram and X.",0.0,0.0
257,Copyright 2025 BBC. All rights reserved.  The BBC is not responsible for the content of external sites. Read about our approach to external linking.,-0.03333333333333333,0.25
258,,0.0,0.0
259,US officials have released a redacted version of Prince Harry's immigration application as part of an ongoing row over his previous drug use.,-0.16666666666666666,0.16666666666666666
260,The Duke and Duchess of Sussex left the UK after stepping back from official royal duties in 2020.,0.0,0.0
261,"The couple have since launched various commercial ventures, including several television series for Netflix and a new lifestyle brand headed by the duchess, Meghan Markle.",0.03409090909090909,0.23863636363636365
262,Harry and Meghan met in 2016 and married in 2018. They stepped down as senior royals in January 2020.,0.04722222222222221,0.2694444444444445
263,"Angry about media intrusion, they were frustrated that Buckingham Palace prevented them developing their ""SussexRoyal"" brand.",-0.6,0.6
264,Harry remains a prince and is fifth in line to the throne.,0.0,0.0
265,"The couple kept their Duke and Duchess of Sussex titles, but are no longer addressed as His or Her Royal Highness (HRH). Harry also gave up his military titles.",-0.1,0.1
266,"When Harry's father, Charles, became King, the couple's two children became Prince Archie and Princess Lilibet of Sussex.",0.0,0.0
267,"Harry and Meghan moved to California in June 2020, saying they wanted space to raise Archie. Lilibet was born there in 2021.",0.0,0.0
268,"In April 2024, documents filed to Companies House listed the US as the country where Harry is usually resident.",-0.25,0.25
269,The couple no longer have an official UK residence.,0.0,0.0
270,"In early 2023, they were asked to vacate Frogmore Cottage, a Grade-II listed property on the Windsor estate.",0.1,0.3
271,"Conservative US think tank The Heritage Foundation has repeatedly raised questions about Harry's US immigration status because of his previous comments about taking cocaine, marijuana and psychedelic mushrooms.",-0.16666666666666666,0.16666666666666666
272,"It wants to know whether he disclosed his drug use in his US visa application. Drug use can lead to applications being turned down, although officials have discretion to consider any such disclosure alongside other factors.",-0.020138888888888894,0.3159722222222222
273,"In September 2024, US judge Carl Nichols ruled Prince Harry's visa application should remain private, but the Heritage Foundation contested that finding, and the judge subsequently ordered the Department of Homeland Security to publish the files by 18 March.",0.0,0.2125
274,"However, they have been heavily redacted, and no details of what Harry put on his immigration form have been released.",-0.2,0.5
275,Prince Harry has returned to the UK several times during his various court cases against newspaper publishers.,0.0,0.25
276,"He made a rare public appearance in London in September 2024 for the WellChild awards, celebrating the bravery of children and young people with serious illness or disability.",0.016666666666666677,0.5083333333333333
277,"But before that, he had not been in the UK since attending a memorial service for his uncle, Lord Robert Fellowes, in Norfolk in August 2024.",0.0,0.0
278,"The Prince of Wales was also there, although the brothers reportedly did not speak to each other.",-0.125,0.375
279,"In May 2024, Harry attended a service at St Paul's Cathedral in London to celebrate the 10th anniversary of the Invictus Games, the sporting competition for injured servicemen and women which he helped found.",0.0,0.0
280,He did not see his father Charles or his brother during the visit.,0.0,0.0
281,"In February 2024, he flew back for a 45-minute meeting with Charles after Buckingham Palace announced that the King was being treated for cancer.",0.0,0.0
282,"The duke and duchess both returned to the UK for the late Queen's Platinum Jubilee in June 2022, and her funeral in September of that year.",-0.3,0.6
283,"Harry attended his father's coronation in May 2023, without Meghan.",0.0,0.0
284,"As working royals, they received 95% of their annual income from Harry's father, then Prince of Wales. The taxpayer-funded Sovereign Grant made up the other 5%.",-0.125,0.375
285,"When they stepped down as senior royals, King Charles gave them ""a substantial sum"" to help establish their new life.",-0.009595959595959616,0.3717171717171717
286,"Harry and Meghan set up the Archewell charitable foundation, and entered into a number of commercial arrangements with private companies.",0.19999999999999998,0.39166666666666666
287,"In February 2024 the couple launched their Sussex.com website, which said they were ""shaping the future through business and philanthropy"".",0.0,0.125
288,Rebranding the new brand,0.13636363636363635,0.45454545454545453
289,"In March 2024, Meghan launched what appeared to be a new lifestyle brand, American Riviera Orchard, named after a term used to describe the Santa Barbara area where she and her family live.",0.0909090909090909,0.3181818181818182
290,"Initial details were limited, but in April 2024, pictures of branded jam jars circulated on social media, suggesting it might sell food products.",-0.012698412698412697,0.06984126984126983
291,"In February 2025, the Duchess announced the brand had been renamed ""As Ever"", with jam, tea, ""cookie mixes"", and flower sprinkles listed for sale on its website.",0.0,0.0
292,Television,0.0,0.0
293,"The Sussexes' media company, Archewell Productions, makes programmes for the Netflix streaming service under a deal thought to be worth millions of dollars.",0.3,0.1
294,"In April 2024, Archewell said two new series were in production, one celebrating ""the joys of cooking and gardening, entertaining, and friendship"", and another exploring the world of professional polo.",0.24545454545454545,0.4181818181818182
295,Polo was broadcast in December 2024.,0.0,0.0
296,"With Love, Meghan - which Netflix described as a lifestyle show, blending ""practical how-tos and candid conversation"" - began on 4 March.",0.55,0.7
297,A second series will be broadcast in autumn 2025.,0.0,0.0
298,"The couple previously featured in the Harry and Meghan documentary series, where they talked about life in the Royal Family, and in The Heart of Invictus series, which discussed the duke's emotional ""unravelling"" after military service in Afghanistan.",-0.06666666666666667,0.22916666666666666
299,Podcasts,0.0,0.0
300,Archewell also made podcasts for Spotify under a contract thought to be worth $25m (£19.7m).,0.3,0.1
301,"This included a series called Archetypes, which featured the duchess in conversation with other well-known women.",-0.125,0.375
302,The arrangement ended in June 2023.,0.0,0.0
303,"In February 2024, Meghan announced a new podcast deal with Lemonada Media. The first programme is expected later in 2025.",0.0715909090909091,0.296969696969697
304,Books,0.0,0.0
305,"Harry's memoir, Spare, was published in January 2023.",0.0,0.0
306,"It discussed his relationship with his brother and father, as well as his grief over the death of his mother, Princess Diana.",-0.8,0.2
307,"The book's publishers promised $1.5m (£1.18m) and £300,000 respectively would be given to the Sentebale and WellChild charities.",0.0,0.1
308,"Meghan wrote a children's book, called The Bench, in 2021.",0.0,0.0
309,Inheritance,0.0,0.0
310,William and Harry received the bulk of Princess Diana's £13m fortune when she died in 1997.,0.0,0.0
311,"In a 2021 interview, Harry told Oprah Winfrey his share of the money funded his family's move to the US.",0.0,0.0
312,"He is also thought to have inherited millions from his great-grandmother, the Queen Mother.",0.0,0.0
313,It is not known whether Queen Elizabeth left him any money.,0.0,0.0
314,Acting,0.0,0.0
315,"During her acting career, the Duchess of Sussex was reportedly paid $50,000 (£40,000) for each episode of the legal drama Suits.",0.1,0.1
316,She appeared in more than 100 episodes.,0.5,0.5
317,"After stepping back from official duties, the duke and duchess were no longer afforded the security arrangements provided for senior royals.",0.0,0.0
318,"When Harry first left the UK, he said it would be too dangerous to bring his family back without adequate police protection, and took the government to court.",-0.0033333333333333327,0.31333333333333335
319,"Home Office lawyers said the duke would still have publicly funded police security in the UK, under ""bespoke arrangements"" - an approach which the High Court ruled in February 2024 ""was, and is, legally sound"".",0.18666666666666668,0.33555555555555555
320,"In June, Harry's legal team said he had been given permission to challenge the High Court decision in the Court of Appeal.",0.18,0.37
321,An earlier separate court ruling rejected the prince's request to be allowed to pay privately for more substantial protection.,0.16666666666666666,0.4583333333333333
322,"In January 2025, Prince Harry settled a case with News Group Newspapers (NGN), after it offered a ""full and unequivocal apology"" for ""serious intrusion"" into his private life between 1996 and 2011, and ""incidents of unlawful activity"" by private investigators.",0.004166666666666666,0.4916666666666667
323,It agreed to pay him an undisclosed amount of damages.,0.0,0.0
324,"NGN, which owns the Sun, the Times and the Sunday Times and published the News of the World before its 2011 closure, also apologised for serious intrusion into the private life of Prince Harry's late mother, Diana, Princess of Wales.",-0.2111111111111111,0.5472222222222222
325,Harry also settled a phone-hacking claim against Mirror Group Newspapers in February 2024.,0.0,0.0
326,"His lawyer said the duke had been awarded ""substantial"" damages. He was also granted £140,600 in damages in another part of the case.",0.0,0.0
327,"A separate court case over claims from the duke and others that the Daily Mail's publisher, Associated Newspapers, unlawfully obtained information about him continues.",0.0,0.0
328,Copyright 2025 BBC. All rights reserved.  The BBC is not responsible for the content of external sites. Read about our approach to external linking.,-0.03333333333333333,0.25
329,,0.0,0.0
330,The US government has released the final batch of documents on the assassination of President John F Kennedy (JFK) - a case that still inspires conspiracy theories more than 60 years later.,0.16666666666666666,0.5
331,It follows an executive order by President Donald Trump that required remaining unredacted files in the case to be made public.,0.0,0.06666666666666667
332,"Experts are combing over the papers, not all of which have appeared online. They say the job will take time, and that they do not expect many ground-breaking revelations.",0.5,0.5
333,"US authorities have previously released hundreds of thousands of JFK documents, but held some back, citing national security concerns. Many Americans still believe the gunman, Lee Harvey Oswald, did not act alone.",0.11111111111111112,0.2222222222222222
334,"Kennedy was shot during a visit to Dallas, Texas, on 22 November 1963.",0.0,0.0
335,"Trump said beforehand that 80,000 pages would be unsealed.",0.0,0.0
336,"Of the 1,123 documents included in Tuesday's release from the National Archives and Records Administration, it was not immediately clear how much material was new. Many documents have previously been released in partially redacted form.",0.11161616161616163,0.33409090909090905
337,"""You got a lot of reading,"" Trump told reporters on Monday, previewing the release. ""I don't believe we're going to redact anything.""",0.0,0.0
338,"But some of the hundreds of files unsealed on Tuesday night did appear to have passages blacked out. Others were hard to read, because they were faded or were poorly scanned photocopies, or appeared to bear little relevance to the JFK case, specialists said.",-0.29305555555555557,0.5472222222222222
339,"Non-scholars would probably be ""baffled"", commented David Barrett of Villanova University in Pennsylvania, as he reviewed the released material on Tuesday.",0.0,0.0
340,"Speaking to the BBC's US partner CBS News, he said the release was ""useful"", but he was not expecting ""earth-shaking information, either with regard to the assassination or more broadly"".",0.28750000000000003,0.2708333333333333
341,Other JFK experts suggested the American public might keep wondering about the possible existence of other documents and information.,-0.05,0.36333333333333334
342,"""I think there may continue to be more record releases,"" historian Alice George told Reuters. But she went on to say the passage of time made investigations hard: ""It's much harder to find the truth when most of the people involved are dead.""",0.08166666666666665,0.3883333333333333
343,"A government commission in the aftermath of the killing determined that President Kennedy was shot by Lee Harvey Oswald, a Marine veteran and self-described Marxist who had defected to the Soviet Union and later returned to the US.",0.0,0.0
344,Opinion polls over decades have indicated that most Americans don't believe Oswald was the sole assassin. But no clear alternative narrative is yet to emerge from the latest batch of unsealed documents.,0.2375,0.5083333333333333
345,"Unanswered questions have long dogged the case, giving rise to theories about the involvement of government agents, the mafia and other nefarious characters - as well as more outlandish claims.",0.056249999999999994,0.36875
346,"In 1992, Congress passed a law to release all documents related to the investigation within 25 years.",0.0,0.4
347,"Both Trump, in his first term, and President Joe Biden released piles of JFK-related documents - but thousands remained partially or fully secret.",-0.08333333333333333,0.4444444444444444
348,"Trump's executive order two months ago also called on government archivists to release files related to the killings of presidential candidate Robert F Kennedy and civil rights icon Martin Luther King Jr, both of whom were gunned down in 1968.",-0.07777777777777779,0.34444444444444444
349,"His announcement on Monday that the document release was imminent came as a surprise to his national security team, which had been working since January to prepare the files by removing redactions, according to US media reports.",0.0,0.0
350,"The Republican president vowed during last year's White House race to release JFK files, shortly after he secured the endorsement of Robert F Kennedy Jr (RFK Jr), the nephew of JFK and son of Robert F Kennedy.",0.0,0.12222222222222222
351,RFK Jr has gone on to become Trump's health secretary. He is among those who have promoted conspiracy theories about the assassination of his uncle. He was yet to comment on Tuesday's release of documents.,0.0,0.0
352,"Trump's director of national intelligence, Tulsi Gabbard, said of the release: ""President Trump is ushering in a new era of maximum transparency.""",0.13636363636363635,0.45454545454545453
353,Copyright 2025 BBC. All rights reserved.  The BBC is not responsible for the content of external sites. Read about our approach to external linking.,-0.03333333333333333,0.25
354,,0.0,0.0
355,"Six years ago, Amber Clare was a devoted One Direction fan.",0.0,0.0
356,"Scrolling through Twitter for information about the band's solo projects, she saw a reply that said ""Listen to Icy by Itzy"".",-0.1,0.1
357,"Intrigued, she clicked on the link. It changed her life.",0.0,0.0
358,"""I'd never listened to K-Pop before that point but I immediately became a fan,"" she says.",0.0,0.0
359,"""And now Itzy is the reason I have my job.""",0.0,0.0
360,"Today, Clare is the marketing and social media manager for K-Stars, the UK's first and biggest shop devoted to Korean pop music.",0.14166666666666666,0.19999999999999998
361,"Based in Manchester, it started as a small business in Manchester's Affleck's Palace in 2019.",-0.25,0.4
362,"""You'd order things by PayPal, and then the CEO would pack them up by himself and ship everything out,"" Clare recalls.",0.0,0.0
363,"Now it's a two-storey emporium, based on Deansgate, with a staff of more than 20 dedicated K-Pop enthusiasts.",0.5,0.5
364,"It's a sign of how the genre has exploded in the UK, even though radio and television has largely shunned all but the biggest acts, like BTS, aespa and Blackpink.",0.21428571428571427,0.42857142857142855
365,"""It's still kind of a niche - but it's not a small niche,"" says Clare. ""In my head I'm the only Itzy fan, but when I went to see them in concert, it was sold out.",0.24166666666666667,0.7666666666666666
366,"""I was like, 'Wow, where have all you people been hiding?'""",0.1,1.0
367,"In fact, the UK is now among the top 10 countries that follow K-Pop on Spotify, with the boyband Ateez placing two records in the top five of the UK album charts last year.",0.3333333333333333,0.35555555555555557
368,"This summer, Blackpink will play two nights at Wembley Stadium, with Stray Kids pulling off the same feat in Tottenham.",0.0,0.125
369,"Meanwhile, Twickenham Stadium will say ""anyong haseyo"" to one of K-pop's longest-running festivals.",0.0,0.0
370,"Established in 2008, the SM Town Live festival is a showcase for artists signed to the SM Entertainment Label, one of the industry's key players.",0.06818181818181818,0.75
371,"To celebrate the company’s 30th anniversary, they're transplanting the event from Seoul to Middlesex.",0.0,0.0
372,"""It's essentially a multi-day festival all in one, because you've got so many artists all at the same venue, jam packed into the space of three or four hours,"" says Reese Carter, of boyband Dear Alice, who'll be among the performers in Twickenham.",0.16666666666666666,0.30833333333333335
373,"""It's non-stop. You've got to prep yourself, because you'll definitely want to dance.""",0.0,0.5
374,"""It's very down to earth but it goes straight to your heart,"" adds Ten from K-Pop group WayV.",-0.0007407407407407548,0.25851851851851854
375,"SM holds a unique place in Korea's musical history. Founded in 1995 by Lee Soo-man, it is widely credited with establishing the K-Pop template.",0.09166666666666667,0.4666666666666666
376,"It was the first company to introduce the trainee system, where young talent goes through intensive training that lasts months, or even years, before making their ""debut"".",0.175,0.3666666666666667
377,"And it dominated what's known as the ""first generation"" of K-Pop idols, with bands like H.O.T. and S.E.S.",0.25,0.3333333333333333
378,"The Twickenham show will pay tribute to that three-decade journey, with a line-up that includes everyone from Red Velvet, EXO and Girl's Generation to current chart-toppers like aespa, Riize and all of the sub-units of boyband NCT - which boasts more than 20 members.",0.16666666666666666,0.3
379,"""That's very rare,"" says Ten, one of the group's most recognisable (and chatty) stars.",0.2966666666666667,0.5
380,"""The last time we had an NCT concert as a whole was two years ago. It's so difficult to schedule every group to be in the same spot at the same time.""",-0.06,0.3433333333333334
381,"But that's not all. The concert will also feature what's been billed as ""a group of promising trainees"", known for now as SMTR25 – showcasing the future of the label.",0.1,0.3125
382,"""Performing alongside the senior artists we've admired since our trainee days, as well as our talented junior artists, makes this an incredibly meaningful experience for us,"" said aespa in an email to the BBC.",0.6,0.7
383,"The hope is that shows like this will open a few doors - because, for all the strides K-Pop has made in the last couple of years, bands have consistently prioritised America over Europe.",0.012499999999999997,0.22916666666666666
384,"It's a logical step. The US is the world's biggest music market, so it offers more opportunities for touring and merchandise sales, while an MTV Award performance or a concert for NPR's Tiny Desk series travels further internationally than an appearance at the Brit Awards.",0.14166666666666666,0.2916666666666667
385,"""The situation here isn't as good as what the American industry gets,"" acknowledges Amber Clare.",0.35,0.30000000000000004
386,"""Every single K-Pop group, if they announce a world tour, America will always be on the map - but European countries are always left wondering if they're going to be included or not.""",-0.023809523809523808,0.07142857142857142
387,"Things are changing, though.",0.0,0.0
388,"In a crowded market, labels are increasingly turning their attention to the UK – where the anglophone media has international reach, and there's a baked-in affection for boy and girl groups like Take That, Spice Girls, Girls Aloud and Little Mix.",-0.09375,0.25
389,"To make inroads, bands have teamed up with some of Britain's biggest artists.",0.0,0.0
390,"Aespa's 2023 single Better Things was co-written by Raye, while Le Sserafim collaborated with PinkPantheress on club anthem Crazy and with Jungle on their latest song, Come Over.",0.08214285714285716,0.6285714285714286
391,"Last year, SM went one further – creating a British boyband and putting them through the K-Pop machinery.",0.0,0.18888888888888888
392,"That group was Dear Alice, whose gruelling traineeship was documented in BBC series Made In Korea.",0.0,0.0
393,"Having survived the process, the five-piece finally premiered their debut single, Ariana, at a massive SM Town concert in Seoul in January.",-0.023809523809523808,0.7380952380952381
394,"""These shows are timed down to the second,"" says singer Blaise Noon. ""When we got our time to go on stage, it was literally like, 8:30 and 48 seconds. It just shows how so well thought out is.""",-0.07777777777777779,0.14444444444444446
395,"Bringing the production to London is evidence that SM has its sights trained on the UK, he confirms.",0.0,0.0
396,"""In the UK, we produce some really amazing boy groups, so I think we have that connection in the culture. So I think they definitely want to hit it. I can see it getting bigger and bigger every day.""",0.15000000000000002,0.6
397,"Ten, who releases a new solo album, Stunner, next week, says he's already experienced the devotion of UK fans.",0.2340909090909091,0.3386363636363636
398,"When his group WayV last visited England in 2023, ""we were surprised that people could sing along to our songs, because we sing in Chinese"", he says.",0.03333333333333333,0.32222222222222224
399,"""This opportunity with SM Town, I feel like it's going to open a bigger market for K-Pop in the UK.",0.0,0.5
400,"""I hope so, because I'd like to come and perform my solo stuff to my UK fans too.""",0.0,0.0
401,The opportunity is there.,0.0,0.0
402,"Nine of the 10 best-selling albums in the world last year were by South Korean artists, illustrating the music's broad appeal - but none of those records charted in the UK’s Top 50.",0.1875,0.29305555555555557
403,Lack of radio exposure is one factor - but listeners can also be put off by clunky English lyrics or the sudden-but-deliberate stylistic shifts that characterise K-Pop.,0.0,0.0
404,"If you're willing to dig into the genre, though, you can find some of the most audacious and indelible hooks music has to offer.",0.375,0.625
405,"One by-product of K-pop’s (relative) obscurity is the bond it creates among fans. There's a sense of belonging that comes from discovering and nurturing your ""bias"", outside the glare of the mainstream.",0.0,0.025
406,"It’s a relationship bands foster by a fire hose stream of social media content, where dance challenges, video diaries and photoshoots are posted daily.",0.016666666666666666,0.03333333333333333
407,Dear Alice experienced the impact of that effort at a UK meet-and-greet last weekend.,0.4,0.48333333333333334
408,"""It felt like we were hanging out with a bunch of our mates,"" says Dexter Greenwood.",0.0,0.0
409,"""They were just cool people,"" adds James Sharp. ""We're starting to recognise faces and remember people on this journey - and I think there's going to be more and more.""",0.24500000000000002,0.5
410,"By the time they play Twickenham in June, the group promise to have more new music to showcase.",0.3181818181818182,0.4772727272727273
411,"In the meantime, though, they want to introduce their labelmates to some of the UK's finer customs.",0.0,0.0
412,"""We've got to order a bunch of Greggs for the SM family,"" says Noon.",0.0,0.0
413,"""A whole banquet of sausage rolls.""",0.2,0.4
414,Copyright 2025 BBC. All rights reserved.  The BBC is not responsible for the content of external sites. Read about our approach to external linking.,-0.03333333333333333,0.25
415,,0.0,0.0
416,"In the early hours of 14 September 2019, Eleanor Paice jolted awake to the sound of smashing glass.",0.25,0.35
417,"Living in a staff flat above Blenheim Palace, the guest services supervisor was used to strange noises. But when fire alarms began to blare, she knew something was wrong.",-0.14375,0.31875
418,"She quickly began evacuating to the great courtyard. But unbeknown to her, she was running straight into the final moments of an audacious heist.",0.3333333333333333,0.6625
419,"Five men had smashed their way into the palace, ripped out a £4.8m solid gold toilet and fled in a stolen Volkswagen Golf.",-0.016666666666666666,0.05
420,"The working loo, entitled America, had been on display for just two days at the 18th Century stately home, plumbed in as part of an exhibition by the Italian conceptual artist Maurizio Cattelan.",0.0,0.0
421,"Now, more than five years on, a total of three men have been convicted in connection to the heist.",0.25,0.625
422,"James Sheen, 40, from Oxford, pleaded guilty to burglary and transferring criminal property in 2024, while Michael Jones, 39, from Oxford, was found guilty of burglary at Oxford Crown Court on Tuesday.",-0.4666666666666666,0.85
423,"Fred Doe, 36, from Windsor, was convicted of conspiracy to transfer criminal property. Bora Guccuk, 41, from west London, was cleared of the same charge.",-0.2,0.3375
424,"It was a crime that intrigued art lovers, delighted the press and coined countless potty-themed puns.",0.35,0.6
425,"Now, the BBC has gained exclusive behind-the-scenes access to staff at Blenheim Palace to understand the heist and security failures from their perspective.",0.0,0.0
426,"It was the night before, Blenheim chief executive Dominic Hare was at a glamorous exhibition launch party being held at the palace, hosted by Cattelan himself.",0.0,0.0
427,It was America's first time on display outside of New York and the artwork's presence was creating a buzz.,0.12878787878787878,0.2792929292929293
428,"He remembers slipping away from the festivities, hoping for a turn on the fully usable toilet. But when confronted with a line, he told himself ""that's okay, there's no point queuing. You can come back tomorrow and have a look"".",0.09166666666666667,0.15
429,"But just a few hours later, his colleague Ms Paice was witnessing the final moments as the 98kg (216lbs) artwork was being heaved into a boot.",-0.06666666666666667,0.3666666666666667
430,"She recalls a confusing and fast-moving scene: ""It was just shadows and quick movement. I just saw them move towards the car, get in the car….and then the car just sped straight off.""",0.07777777777777778,0.43333333333333335
431,"From the burglars entering and exiting the courtyard, the audacious heist had taken just five minutes.",0.0,0.0
432,"Police arrived shortly after, and it was only when staff searched the palace they realised what had been stolen.",0.0,0.65
433,"""That was when... I felt my stomach drop,"" Ms Paice says. ""And I thought, this is big.""",0.0,0.1
434,"Soon, the chief executive's phone was buzzing him awake: ""Dom, we've been hit.""",0.0,0.0
435,He said it took him a few moments to realise he was not dreaming before rushing to the palace.,-0.2,0.1
436,"His relief that staff were unharmed then mingled with the horror of a flooded, shattered crime scene.",0.0,0.0
437,"""If the golden toilet in situ had looked beautiful and perfect and majestic and untainted, this was the total opposite,"" Mr Hare said. ""This was brutalised, smashed up. This is a palace. Palaces don't get smashed up"".",0.3527777777777778,0.5416666666666666
438,"When the palace reopened a day later, the controversy was addressed with a theatrical flourish.",0.0,0.0
439,"Staff re-strung police tape across the shattered cubicle, just metres from the birthplace of Sir Winston Churchill, and exhibited the crime scene as part of the now toilet-less Cattelan show.",0.0,0.0
440,"Mr Hare said despite his embarrassment, his anger had prompted him to keep it visible but he also realised it could be a draw to the public.",-0.35,0.13333333333333333
441,"It worked. In the following days Ms Paice said the palace was ""slammed"", with hordes wanting to glimpse the destruction.",0.0,0.1
442,"""People were more interested to see where the golden toilet had been stolen from than to come and see the golden toilet itself,"" she added.",0.21388888888888888,0.3333333333333333
443,"Palace staff say they did see the humour in how the press and public approached the crime, but they were still deeply rattled by the raid.",0.0,0.23333333333333334
444,"Ms Paice said Blenheim, a safe and secure home for her, did not feel ""settled in the same way"" for a long time.",0.2125,0.40625
445,"""There was always this anxiousness. If that's happened, anything could happen,"" she said.",0.0,0.0
446,"Mr Hare said he felt both emotional and grateful no-one was harmed, calling the burglars the ""most dangerous people who'd ever visited Blenheim Palace"".",-0.033333333333333326,0.6833333333333332
447,"""That toilet survived New York City. And if it survived New York City, it should have survived Blenheim Palace,"" says Christopher Marinello, an art recovery lawyer brought in by insurers to look at the case.",0.0797979797979798,0.30303030303030304
448,"In his view, Blenheim's security ""failed miserably"".",-0.75,0.65
449,"What is strikingly clear from interviews with palace staff, the 18-carat gold toilet had not been deemed a security risk.",0.03333333333333334,0.19166666666666665
450,"A month before the burglary, Edward Spencer-Churchill, the founder of the Blenheim Art Foundation, told the Sunday Times: ""It's not going to be the easiest thing to nick.",0.0,0.0
451,"""Firstly, it's plumbed in and secondly, a potential thief will have no idea who last used the toilet or what they ate. So no, I don't plan to be guarding it.""",0.05416666666666667,0.35
452,"Mr Hare said they were ""far more worried"" about other controversial artworks in the exhibition - a statue of a meteor-struck pope, union flags the public walked on and a statue of a praying Adolf Hitler.",0.205,0.5783333333333334
453,He admitted the toilet's status as a quirky art object had eclipsed the fact it was worth £2.8m in gold alone.,0.08888888888888889,0.3666666666666667
454,"It was left unguarded during closing hours, with no CCTV monitoring the cubicle door.",0.0,0.0
455,"But the gang exploited other security flaws that night, including no patrols and easily breached gates.",0.15416666666666667,0.6041666666666667
456,"Even after the raid, staff did not immediately realise the toilet had been the target.",-0.03333333333333333,0.0
457,"Ms Paice says she fleetingly imagined they had come for Churchill's childhood lock of hair, which the palace displays.",0.0,0.0
458,"In the weeks that followed, Mr Hare was motivated to overhaul security at top speed.",0.5,0.5
459,He took full responsibility for the failures that night.,0.35,0.55
460,"""It's not a democratic decision that we had a certain level of security, it was really mine. In that sense I made Blenheim vulnerable. And we are not vulnerable anymore,"" he said.",0.041071428571428564,0.44285714285714284
461,"The palace has seen its security overhauled with a ""very significant upgrade"", while it has also been a wake-up call for other stately homes.",0.18125000000000002,0.6875
462,The stolen gold has never been recovered but the story will live on as a quirky footnote in the history of one of Britain's most popular palaces.,0.3090909090909091,0.725
463,"""There's big and serious history here, wars which changed the course of history on a continent. Put it against that, it's small fry,"" Mr Hare remarked.",-0.19444444444444442,0.38888888888888884
464,"""[But] in the histories of the normal people of Blenheim, the people who've lived here and breathed life into this place, it was a very threatening moment.",0.175,0.475
465,"""I can imagine guides in 150 years' time, it's the sort of story they might refer to.""",0.0,0.0
466,Copyright 2025 BBC. All rights reserved.  The BBC is not responsible for the content of external sites. Read about our approach to external linking.,-0.03333333333333333,0.25
467,,0.0,0.0
468,"A young South African girl who disappeared last year aged six was allegedly sought by a traditional healer for her eyes and fair complexion, a court has heard.",0.08571428571428572,0.3738095238095238
469,"This is among the allegations that have emerged at the ongoing trial of Joshlin Smith's mother, Kelly Smith, who has been accused of orchestrating her kidnapping.",0.0,0.0
470,"Ms Smith, her boyfriend Jacquen Appollis and their friend Steveno van Rhyn have pleaded not guilty to charges of human trafficking and kidnapping.",0.125,0.55
471,"Joshlin's disappearance in February 2024 from outside her home in Saldanha Bay, near Cape Town, sent shockwaves across South Africa and, despite a highly publicised search for her, she is yet to be found.",0.08666666666666667,0.33
472,"Ms Smith initially said that Joshlin, who has a fair complexion and blue-green eyes, had gone missing after she had left her in Mr Appollis's care.",0.12499999999999999,0.23750000000000002
473,"Prosecutors later accused her of having ""sold, delivered or exchanged"" the six-year-old and lied about her disappearance.",0.0,0.0
474,"The trial, which is now in its third week, is being held at a community centre in Saldanha.",0.0,0.0
475,"During the first week of the trial, the court heard details about the day Joshlin went missing, including that Ms Smith only alerted the police more than six hours after she had first noticed that the young girl had disappeared.",0.15,0.4361111111111111
476,The court also heard that she appeared calm during the frantic search and seemed more concerned about her boyfriend's whereabouts than the missing child.,0.20000000000000004,0.43333333333333335
477,More shocking claims emerged in the second week.,-0.16666666666666666,0.5
478,"A local pastor said that as far back as 2023, he had heard Ms Smith - a mother of three - talk of selling her children for 20,000 rand ($1,100, £850) each, though she had said she was willing to accept a lower figure of $275.",0.0875,0.4375
479,"Joshlin's teacher then alleged in court that Ms Smith had told her during the search that her daughter was already ""on a ship, inside a container, and they were on the way to West Africa"".",-0.1,0.1
480,"These revelations paled in comparison to the explosive details made by Lourentia Lombaard, a friend and neighbour of Ms Smith, who turned state witness.",0.0,0.0
481,"She took the stand last Thursday and, over three days, detailed the events in the lead up to Joshlin's disappearance that involved a  traditional healer, known in South Africa as a ""sangoma"".",0.13333333333333333,0.5222222222222223
482,"Ms Lombaard alleged that her friend confessed to her: ""I did something silly … I sold my child to a sangoma"", adding that she had been driven by a desperate need for money.",-0.39999999999999997,0.6583333333333333
483,"Joshlin's mother promised those who knew of the plan some money in return for their silence, Ms Lombaard said.",0.0,0.0
484,"She told the court that she later witnessed Ms Smith pack some clothes for Joshlin into a black bag, which she then saw her carry as the two walked to meet a woman Ms Lombaard believes was the sangoma.",-0.08333333333333333,0.21666666666666667
485,"Mother and daughter got into a white car and drove away with the woman, Ms Lombaard said.",0.0,0.0
486,"Speaking on Monday, her last day on the stand, Ms Lombaard told the court that the ""person who [allegedly took] Joshlin wanted her for her eyes and skin"".",-0.05,0.08333333333333334
487,It was not made clear in court why a sangoma would want a child like this.,0.10000000000000002,0.3833333333333333
488,"A woman believed to be a traditional healer was initially arrested and charged alongside Ms Smith and her co-accused last year, but the charges against her were eventually dropped because of a lack of evidence.",0.0,0.2722222222222222
489,"Sangomas are legally recognised in South Africa under the Traditional Health Practitioners Act of 2007, alongside herbalists, traditional birth attendants and traditional surgeons.",0.05,0.6125
490,It is believed that ancestral spirits are able to provide advice and healing through these culturally respected practitioners.,0.3,0.3625
491,"Some charlatans are involved in unscrupulous traditional so-called cures, and have been known to sell good luck charms that involve body parts.",0.35,0.675
492,"Ms Lombaard expressed sorrow over her role in Joshlin's disappearance, saying that she had tried, without success, to stop Ms Smith from selling her daughter.",0.3,0.0
493,"She appealed to whoever had taken the young girl to ""please bring her back alive"".",0.06666666666666667,0.26666666666666666
494,The trial is expected to run until 28 March.,-0.1,0.4
495,Go to BBCAfrica.com for more news from the African continent.,0.25,0.25
496,,0.0,0.0
497,"Follow us on Twitter @BBCAfrica, on Facebook at BBC Africa or on Instagram at bbcafrica",0.0,0.0
498,Copyright 2025 BBC. All rights reserved.  The BBC is not responsible for the content of external sites. Read about our approach to external linking.,-0.03333333333333333,0.25
499,,0.0,0.0
500,Copyright 2025 BBC. All rights reserved.  The BBC is not responsible for the content of external sites. Read about our approach to external linking.,-0.03333333333333333,0.25
501,,0.0,0.0
502,Copyright 2025 BBC. All rights reserved.  The BBC is not responsible for the content of external sites. Read about our approach to external linking.,-0.03333333333333333,0.25
503,,0.0,0.0
504,"After nine months in space, Nasa astronauts Butch Wilmore and Suni Williams have finally arrived back on Earth.",0.0,0.5
505,"Their SpaceX capsule made a fast and fiery re-entry through the Earth's atmosphere, before four parachutes opened to take them to a gentle splashdown off the coast of Florida.",0.2,0.7
506,A pod of dolphins circled the craft.,0.0,0.0
507,"After a recovery ship lifted it out of the water, the astronauts beamed and waved as they were helped out of the hatch, along with fellow crew members astronaut Nick Hague and cosmonaut Aleksandr Gorbunov.",0.0,0.0
508,"""The crew's doing great,"" Steve Stich, manager, Nasa's Commercial Crew Program, said at a news conference.",0.4,0.375
509,It brings to an end a mission that was supposed to last for just eight days.,0.0,0.06666666666666667
510,It was dramatically extended after the spacecraft Butch and Suni had used to travel to the International Space Station suffered technical problems.,0.0,0.05
511,"""It is awesome to have crew 9 home, just a beautiful landing,"" said Joel Montalbano, deputy associate administrator, Nasa's Space Operations Mission Directorate.",0.925,1.0
512,"Thanking the astronauts for their resilience and flexibility, he said SpaceX had been a ""great partner"".",0.8,0.75
513,The journey home took 17 hours.,0.0,0.0
514,"The astronauts were helped on to a stretcher, which is standard practice after spending so long in the weightless environment.",-0.025,0.2
515,"They will be checked over by a medical team, and then reunited with their families.",0.0,0.0
516,"""The big thing will be seeing friends and family and the people who they were expecting to spend Christmas with,"" said Helen Sharman, Britain's first astronaut.",0.125,0.21666666666666667
517,"""All of those family celebrations, the birthdays and the other events that they thought they were going to be part of - now, suddenly they can perhaps catch up on a bit of lost time.""",-0.0625,0.4375
518,The saga of Butch and Suni began in June 2024.,0.0,0.0
519,"They were taking part in the first crewed test flight of the Starliner spacecraft, developed by aerospace company Boeing.",0.175,0.31666666666666665
520,"But the capsule suffered several technical problems during its journey to the space station, and it was deemed too risky to take the astronauts home.",0.0,0.05
521,"Starliner returned safely to Earth empty in early September, but it meant the pair needed a new ride for their return.",0.1590909090909091,0.43863636363636366
522,So Nasa opted for the next scheduled flight: a SpaceX capsule that arrived at the ISS in late September.,-0.15,0.3
523,"It flew with two astronauts instead of four, leaving two seats spare for Butch and Suni's return.",0.0,0.0
524,"The only catch was this had a planned six-month mission, extending the astronauts stay until now.",0.0,1.0
525,The Nasa pair embraced their longer-than-expected stay in space.,0.0,0.0
526,"They carried out an array of experiments on board the orbiting lab and conducted spacewalks, with Suni breaking the record for the woman who spent the most hours outside of the space station. And at Christmas, the team dressed in Santa hats and reindeer antlers - sending a festive message for a Christmas that they had originally planned to spend at home.",0.19375,0.35
527,"And despite the astronauts being described as ""stranded"" they never really were.",-0.1,0.2
528,Throughout their mission there have always been spacecraft attached to the space station to get them - and the rest of those onboard - home if there was an emergency.,0.0,0.0
529,"Now the astronauts have arrived home, they will soon be taken to the Johnson Space Centre in Houston, Texas, where they will be checked over by medical experts.",0.0,0.0
530,"Long-duration missions in space take a toll on the body, astronauts lose bone density and suffer muscle loss. Blood circulation is also affected, and fluid shifts can also impact eyesight.",0.0,0.1
531,"It can take a long time for the body to return to normal, so the pair will be given an extensive exercise regime as their bodies re-adapt to living with gravity.",0.03333333333333333,0.461111111111111
532,British astronaut Tim Peake said it could take a while to re-adjust.,0.0,0.0
533,"""Your body feels great, it feels like a holiday,"" he told the BBC.",0.8,0.75
534,"""Your heart is having an easy time, your muscles and bones are having an easy time. You're floating around the space station in this wonderful zero gravity environment.",0.6222222222222222,0.888888888888889
535,"""But you must keep up the exercise regime. Because you're staying fit in space, not for space itself, but for when you return back to the punishing gravity environment of Earth. Those first two or three days back on Earth can be really punishing.""",0.17,0.18666666666666668
536,"In interviews while onboard, Butch and Suni have said they were well prepared for their longer than expected stay - but there were things they were looking forward to when they got home.",-0.1,0.4
537,"Speaking to CBS last month, Suni Williams said: ""I'm looking forward to seeing my family, my dogs and jumping in the ocean. That will be really nice -  to be back on Earth and feel Earth.""",0.19999999999999998,0.35555555555555557
538,Copyright 2025 BBC. All rights reserved.  The BBC is not responsible for the content of external sites. Read about our approach to external linking.,-0.03333333333333333,0.25
539,,0.0,0.0
540,Documents relating to the Duke of Sussex's US visa application have been unsealed in court.,0.0,0.0
541,"They are heavily redacted, however, and no details have been given as to what Prince Harry put on his immigration form.",-0.2,0.5
542,"A US court had ordered the release of the documents based on a freedom of information request by the Heritage Foundation, a conservative US think tank in Washington DC.",0.0,0.0
543,"The foundation alleges that the prince concealed his past use of drugs, which should have disqualified him from obtaining a US visa.",-0.25,0.25
544,"The allegations are around his claims in his memoir Spare, where he referred to taking cocaine, marijuana and psychedelic mushrooms.",0.0,0.0
545,Application forms for US visas specifically ask about current and past drug use.,-0.125,0.325
546,"Admissions of drug use can lead to non-immigrant and immigrant visa applications being rejected, although immigration officers have discretion to make a final decision based on different factors.",0.0,0.8
547,"In the event, very little information was disclosed in the documents which were released on Tuesday.",-0.24375000000000002,0.65
548,The prince's visa form has not been released.,0.0,0.0
549,"Instead, the documents that were released are supporting declarations and court transcripts created in the course of Heritage Foundation's case.",0.25,0.25
550,They reveal that the US government previously told a court that the duke could be subjected to harassment if his visa records were made public.,-0.08333333333333333,0.11666666666666667
551,"A chief freedom of information officer within the US Department for Homeland Security (DHS) could be seen to argue that releasing the material ""would potentially expose the individual to harm from members of the public"".",0.0,0.4888888888888889
552,"The declaration from Jarrod Panter, submitted to the court in April last year, reads: ""The USCIS (United States Citizenship and Immigration Services) routinely protects from disclosure the non-immigrant/immigrant status sought by third parties who do not have permission from the beneficiary to receive this information.",0.0,0.03333333333333333
553,"""To release such information would potentially expose the individual to harm from members of the public who might have a reason to manipulate or harass individuals depending on their status in the United States.""",0.0,0.49166666666666664
554,"The declaration added: ""To release his exact status could subject him to reasonably foreseeable harm in the form of harassment as well as unwanted contact by the media and others.""",0.09444444444444444,0.3944444444444444
555,"Sam Dewey from the Heritage Foundation told the BBC that he believes the DHS has not provided all its papers. He said he is ""frustrated"" and that this is ""not the end of the road"".",-0.7,0.2
556,"Dewey expects the next move to be a ""sort of filing"" that could lay out the next steps, adding: ""We may well have another lawsuit against Department of Homeland Security.""",0.0,0.0
557,"He accuses the prince of privilege, alleging he has benefitted from his ""wealth and status"" by being allowed to live in the US.",0.13636363636363635,0.5
558,"In his controversial memoir, published in January 2023, Prince Harry wrote that he first tried cocaine at the age of 17.",0.4,0.6416666666666666
559,"""It wasn't much fun, and it didn't make me particularly happy, as it seemed to make everyone around me, but it did make me feel different, and that was the main goal,"" he added.",0.3166666666666667,0.5333333333333333
560,"He also wrote about using marijuana, saying ""cocaine didn't do anything for me"", but ""marijuana is different, that actually really did help me"".",0.1,0.4
561,"Cocaine is a highly addictive drug, with a range of short and long-term effects, according to the NHS. Marijuana (cannabis) can make some existing mental health symptoms worse and has been linked with the possible development of mental health issues.",-0.09999999999999999,0.5333333333333333
562,The court's decision that the files be released came after a 2024 ruling which said there was not enough public interest in disclosing Prince Harry's immigration records.,0.0,0.2833333333333333
563,The Heritage Foundation contested that ruling and pushed for the judgement to be changed.,0.0,0.0
564,"Prince Harry moved to the US with his wife Meghan in 2020 after stepping down as a working royal. It is not clear what visa he entered the country on, while the duchess is a US citizen.",-0.1027777777777778,0.33611111111111114
565,"President Donald Trump previously ruled out deporting Prince Harry in February, telling the New York Post: ""I'll leave him alone... He's got enough problems with his wife. She's terrible.""",-0.25757575757575757,0.5303030303030303
566,"Meghan has been a vocal critic of Trump in the past, labelling him a ""misogynist"".",-0.25,0.25
567,The BBC has contacted the duke's office for comment.,0.0,0.0
568,Copyright 2025 BBC. All rights reserved.  The BBC is not responsible for the content of external sites. Read about our approach to external linking.,-0.03333333333333333,0.25
569,,0.0,0.0
570,An Italian fugitive accused of having coordinated the shipment of large cocaine cargoes from Latin America to Europe has been arrested in Colombia.,0.10714285714285714,0.21428571428571427
571,"Colombia's national police chief described Emanuele Gregorini, who is also known as ""Dollarino"", as ""the head of the Italian mafia Latin America"".",0.0,0.0
572,"He said Gregorini had been tracked down to an apartment in the seaside city of Cartagena in a multinational operation which included Italian, British and Colombian investigators.",-0.051851851851851864,0.09629629629629631
573,"He had been on the run since 2023, when prosecutors accused him of being a key figure in the ""Lombardy mafia system"", which they described as an alliance between the Camorra, Cosa Nostra, and 'Ndrangheta mafia groups.",0.0,1.0
574,"Police accuse Gregorini of having a key role in organising cocaine shipments from the Colombian port cities of Cartagena, Barranquilla and Santa Marta to Europe.",0.0,1.0
575,"Colombian Police Chief Carlos Triana said Gregorini's arrest was ""a severe blow"" to transnational crime syndicates.",-0.05,0.0
576,"He also described him as an ""invisible narco"", who did not draw attention to himself.",0.0,0.0
577,"Surveillance footage published by the Colombian authorities showed him going to the gym and visiting local restaurants in the upscale neighbourhood where he had rented an apartment, apparently without fear of being recognised.",0.025,0.175
578,Prosecutors say his arrest in Colombia points to an increased presence of the Italian mafia in Latin America.,-0.025,0.0
579,"According to Insight Crime, a think tank specialising in organised crime, European criminal networks have been establishing their own drug smuggling routes in South America rather than relying on middlemen.",0.06666666666666665,0.5166666666666667
580,"Italian mafia groups in particular have expanded their presence in Colombia and Brazil in recent years, the think tank says.",0.05555555555555555,0.19444444444444442
581,"In October, Luigi Belvedere, one of Italy's most wanted men, was detained in the city of Medellín, where he had posed beside the grave of the late Colombian drug lord, Pablo Escobar.",0.1,0.55
582,Copyright 2025 BBC. All rights reserved.  The BBC is not responsible for the content of external sites. Read about our approach to external linking.,-0.03333333333333333,0.25
583,,0.0,0.0
584,"A Palestinian student activist, who was detained by US immigration officers earlier this month, has spoken out for the first time about his arrest.",0.06666666666666667,0.27777777777777773
585,"In a letter dictated over the phone to his family from an ICE detention facility in Louisiana, Mahmoud Khalil said he is a ""political prisoner"" and that he believes he was targeted for ""exercising my right to free speech"".",0.22857142857142856,0.4785714285714286
586,"Born in Syria, Mr Khalil is a green card holder and recent graduate of Columbia University. He was a prominent figure during the Gaza war protests on campus in the spring of 2024.",0.09999999999999999,0.5166666666666667
587,"His arrest has been linked to President Donald Trump's promise to crack down on student demonstrators he accuses of ""un-American activity.""",-0.1027777777777778,0.14444444444444446
588,"Trump has alleged repeatedly that pro-Palestinian activists, including Mr Khalil, support Hamas, group designated as a foreign terrorist organisation by the US. The president argues these protesters should be deported and called Mr Khalil's arrest ""the first of many to come"".",0.095,0.21166666666666667
589,"The day after, Mr Khalil's arrest, Secretary of State Marco Rubio reaffirmed the administration's stance, posting on X: ""We will be revoking the visas and/or green cards of Hamas supporters in America so they can be deported.""",-0.125,0.15
590,"The 30-year-old's lawyers have argued that he was exercising free speech rights to demonstrate in support of Palestinians in Gaza and against US support for Israel. They accused the government of ""open repression of student activism and political speech"".",0.13333333333333333,0.46666666666666673
591,"In his letter, released Tuesday, Mr Khalil said he believes he was arrested because he ""advocated for a free Palestine"".",0.4,0.8
592,"He also detailed his arrest, saying he and his wife were ""accosted"" on their way home from dinner by Department of Homeland Security agents ""who refused to provide a warrant"".",0.17500000000000002,0.375
593,"""Before I knew what was happening, agents handcuffed me and forced me into an unmarked car,"" he said, adding that he was not told anything for hours, including the cause for his arrest.",-0.17500000000000002,0.1
594,"Mr Khalil said he spent the night at 26 Federal Plaza, a federal office building in New York that includes an immigration court. Later, he was transported to a detention facility in Elizabeth, New Jersey, where he said he was refused a blanket and forced to sleep on the ground.",-0.02545454545454547,0.2418181818181818
595,"He was transferred again to a detention facility in Louisiana, where he remains in custody. Mr Khalil's lawyers have been in court since to fight for his release.",0.0,0.0
596,"Last week, his lawyers pushed to bring him back to New York and accused the Trump administration of attempting to restrict access to their client. The judge did not issue a ruling at the hearing, but directed prosecutors to prove why the case should take place elsewhere.",0.04545454545454545,0.17373737373737375
597,"In his letter, Mr Khalil called his detention ""unjust"" and said it was ""indicative of the anti-Palestinian racism that both the Biden and Trump administrations have demonstrated over the past 16 months.""",-0.25,0.25
598,"He added that both administrations have ""continued to supply Israel with weapons to kill Palestinians and prevented international intervention"". He noted Israel's resumption of air strikes on Gaza on Monday night that killed 400, according to the Hamas-run health authority.",-0.1,0.0
599,"Mr Khalil also took aim at Columbia University's leadership for its disciplining of pro-Palestinian students, saying that the school's actions laid the groundwork for students like him to be targeted.",0.0,0.0
600,"Columbia University has stated that law enforcement can enter campus property with a warrant, but the school denied that university leadership had invited ICE agents.",0.0,0.0
601,"Amid the protests early last year, Mr Khalil was briefly suspended from the university, after police swarmed the campus following the occupation of a building.",0.025,0.19999999999999998
602,"At the time, he told the BBC that while he was acting as a key protest negotiator with Columbia officials, he had not participated directly in the student encampment because he was worried it could affect his student visa.",0.03333333333333333,0.4666666666666666
603,"Back then, he said that he would continue protesting. But more recently, Mr Khalil's wife said her husband had grown worried about deportation, after facing online attacks that ""were simply not based in reality"".",0.125,0.2767857142857143
604,"She said he sent Columbia University an email asking for urgent legal help on 7 March, the day before immigration agents arrested him. Mr Khalil's wife, who is a US citizen, is now eight months pregnant.",0.26666666666666666,0.35
605,The White House has continued to defend its move.,0.0,0.0
606,"""This administration is not going to tolerate individuals having the privilege of studying in our country and then siding with pro-terrorist organisations that have killed Americans,"" said Karoline Leavitt, Trump's press secretary.",-0.2,0.0
607,"Mr Khalil said his story is a warning to others in the US, saying it is part of a broader strategy by the Trump administration to ""suppress dissent.""",0.0,0.0
608,"""Visa-holders, green-card carriers, and citizens alike will all be targeted for their political beliefs,"" he warned.",0.0,0.1
609,Copyright 2025 BBC. All rights reserved.  The BBC is not responsible for the content of external sites. Read about our approach to external linking.,-0.03333333333333333,0.25
610,,0.0,0.0
611,Copyright 2025 BBC. All rights reserved.  The BBC is not responsible for the content of external sites. Read about our approach to external linking.,-0.03333333333333333,0.25
612,,0.0,0.0
613,"The Malaysian cabinet has approved a fresh search for the wreckage of Malaysia Airlines flight MH370, more than a decade after the aircraft vanished.",0.4,0.5
614,"The search will cover a 15,000 sq km area in the southern Indian Ocean, under a ""no find, no fee"" agreement with the exploration firm Ocean Infinity.",-0.1,0.2
615,"The company will receive $70m (£56m) if the wreckage is found, transport minister Loke Siew Fook announced.",0.0,0.0
616,"Flight MH370 disappeared in 2014 with 239 people on board while travelling from Kuala Lumpur to Beijing. Its disappearance is one of the world's greatest aviation mysteries, which continues to haunt the families of the passengers.",1.0,1.0
617,"Despite extensive searches in the years since it vanished, no wreckage has been found. Previous efforts, including a multinational search that cost $150m (£120m), ended in 2017.",-0.08333333333333333,0.25
618,"The governments of the three nations involved - Malaysia, Australia and China - said the search would only be resumed ""should credible new evidence emerge"" of the aircraft's location.",0.1787878787878788,0.7181818181818181
619,A 2018 search for the wreckage by Ocean Infinity under similar terms ended unsuccessfully after three months.,0.0,0.4
620,"In December, Malaysia's government agreed in principle to resume the search. However, the final negotiations were not completed until March.",0.0,1.0
621,Malaysia's final approval on Wednesday will now allow the search to begin.,0.0,1.0
622,"Loke said in a statement: ""The government is committed to continuing the search operation and providing closure for the families of the MH370 passengers.""",0.0,0.0
623,"Flight MH370 took off from Kuala Lumpur in the early hours of 8 March 2014. Less than an hour after takeoff, it lost communication with air traffic control, and radar showed that it had deviated from its planned flight path.",-0.033333333333333326,0.18333333333333332
624,"Investigators generally agree that the plane crashed somewhere in the southern Indian Ocean, though the reason for the crash remains unclear.",0.02500000000000001,0.25
625,"Pieces of debris, believed to be from the plane, have washed up on the shores of the Indian Ocean in the years following its disappearance.",0.0,0.1
626,"The aircraft's disappearance has given rise to a host of conspiracy theories, including speculation that the pilot had deliberately brought the plane down and claims that it had been shot down by a foreign military.",-0.1340277777777778,0.20069444444444445
627,"An investigation in 2018 into the aircraft's disappearance found that the plane's controls were likely deliberately manipulated to take it off course, but drew no conclusions behind it.",-0.2,0.85
628,"Investigators said at the time that ""the answer can only be conclusive if the wreckage is found"".",0.0,1.0
629,"The passengers included people from more than a dozen countries: just under two-thirds were Chinese nationals, followed by 38 Malaysians, with others from Australia, Indonesia, India, France, Ukraine, the US and several other nations.",0.09375,0.21875
630,Family members of missing Chinese MH370 passengers met with officials in Beijing earlier in March to discuss the renewed search for the wreckage and express their hopes for an independent search. Some relatives voiced their frustration over a lack of direct communication from the Malaysian authorities.,-0.02,0.21500000000000002
631,"""It was promised that we would be informed immediately [but] we can only find out about this kind of news online,"" said Li Eryou, a 68-year-old father who lost his 29-year-old son.",0.3,0.95
632,"""Many families don't even know how to access this information, so they are completely unaware,"" he told AFP.",0.25,0.5
633,"Grieving families gathered outside the Malaysian embassy in Beijing on the eleventh anniversary of the flight's disappearance earlier this month, chanting: ""Give us back our loved ones!""",0.21875,0.3375
634,"Cheng Liping, whose husband had been in Malaysia for a film shoot and had been returning to China on MH370, said she hoped Beijing would communicate more with Malaysia to uncover the truth.",0.5,0.5
635,"""Everyone has been left trapped in pain,"" she told reporters. ""What exactly happened is still unknown.""",-0.012500000000000004,0.2125
636,"The fresh search prompted mixed reactions from the families of passengers when it was announced in December - with some calling it a step towards closure, while others describing the news as bittersweet.",0.15,0.375
637,Copyright 2025 BBC. All rights reserved.  The BBC is not responsible for the content of external sites. Read about our approach to external linking.,-0.03333333333333333,0.25
638,,0.0,0.0
639,"Judging by some of the headlines today in Russia, Moscow believes that the latest telephone conversation between Presidents Putin and Trump went well - certainly for the Kremlin.",0.35714285714285715,0.7357142857142858
640,"""Putin and Trump agreed to work together on Ukraine resolution,"" concludes Izvestia.",0.0,0.0
641,"""Record-long Putin-Trump call,"" declares Komsomolskaya Pravda. The paper's website adds: ""As things stand Russia has scored a diplomatic victory here.""",0.0,0.0
642,"Why are some in Russia claiming ""victory"" after this two-hour phone call?",0.0,0.0
643,"Probably because, by the end of it, Vladimir Putin hadn't been pressured into making any major concessions to Ukraine or to the United States. On the contrary, he had - in effect - rejected President Trump's idea of an immediate unconditional 30-day ceasefire.",0.0625,0.5
644,"Instead of pressuring Moscow with the threat of even tougher sanctions and penalties, to get Russia to sign up to its plan, the US administration reacted by praising the Kremlin leader.",0.0,0.0
645,"""We had a great call,"" Donald Trump told Fox News.",0.8,0.75
646,"""I would commend President Putin for all he did today on that call to move his country close to a final peace deal,"" said Trump's envoy Steve Witkoff.",0.0,1.0
647,"Not only did Moscow not agree to an unconditional ceasefire, President Putin set his own pre-conditions for peace.",0.3,1.0
648,"They include an end to Western military aid to Kyiv and intelligence sharing with the Ukrainians, as well as a halt to mobilisation in Ukraine.  Such conditions are widely viewed as a way of securing Ukraine's capitulation.",-0.05,0.25
649,It's hard to see Kyiv agreeing to any of that.,-0.2916666666666667,0.5416666666666666
650,"But could the Trump administration eventually be persuaded, by Moscow, that such conditions are acceptable? And if so, would Washington force Ukraine to accept them?",0.0,0.5
651,Much may depend on whether the Kremlin can convince President Trump he has more to gain from developing good ties with Moscow than by defending Ukraine's corner.,0.4666666666666666,0.43333333333333335
652,"As if to press home the point, in their conversations with the Americans, Russian officials are already dangling various economic and financial carrots and talking about how mutually beneficial the Russia-US relationship could be if the two countries can re-energise bilateral relations and get to work on joint projects.",0.05,0.175
653,Vladimir Putin recently raised the prospect of US-Russian cooperation in aluminium production and rare minerals mining.,0.15,0.575
654,The message appears to be getting through.,0.0,0.0
655,"""We'd like to have more trade with Russia,"" said Donald Trump on Tuesday in his interview with Fox News.",0.5,0.5
656,"""They have some very valuable things for us, including rare earth. They have a big chunk of real estate, the biggest in the world. They have things that we could use.""",0.175,0.4
657,"Moscow may well be hoping - possibly calculating - that Donald Trump will prioritise getting a chunk of that ""Russian real estate"" over securing an acceptable deal for Ukraine to end the war.",0.06666666666666667,0.43333333333333335
658,It's a point echoed today by the pro-Kremlin Izvestia newspaper:,0.0,0.0
659,"""Moscow's logic is to make economic relations with America so profitable that severing them would be too costly for the United States.""",0.2,0.2
660,"After Ukraine had agreed to an unconditional ceasefire a week ago, the US administration publicly announced that ""the ball is in [Russia's] court"".",0.0,0.06666666666666667
661,"Now that Vladimir Putin has rejected the deal and set his own conditions, the Kremlin leader has hit it back into America's ""court"".",0.3,0.5
662,But Russia and America will continue their discussions - both on Ukraine and on US-Russian ties.,0.0,0.0
663,And it's these negotiations which are likely to influence Donald Trump's next move.,0.0,0.5
664,Copyright 2025 BBC. All rights reserved.  The BBC is not responsible for the content of external sites. Read about our approach to external linking.,-0.03333333333333333,0.25
665,,0.0,0.0
666,"Gwyneth Paltrow has said she told an on-set intimacy co-ordinator to ""step a little bit back"" when filming sex scenes with Timothée Chalamet, because she would feel ""very stifled"" by someone telling them what to do.",0.00416666666666667,0.26666666666666666
667,"Chalamet, 29, stars in new movie Marty Supreme as a ping pong protégé, while Paltrow, 52, plays the wife of a rival professional who falls into bed with him.",0.11818181818181818,0.2772727272727273
668,"""I mean, we have a lot of sex in this movie,"" Paltrow told Vanity Fair. ""There's a lot - a lot.""",0.19374999999999998,0.79375
669,"However, she said she had been unaware of the increasingly common use in Hollywood of specialists to oversee such scenes. ""There's now something called an intimacy co-ordinator, which I did not know existed.""",-0.09999999999999999,0.5
670,"Intimacy co-ordinators became fixtures on film sets to make actors feel safe in the wake of the Me Too movement, which exposed abuse in the industry.",0.5,0.5
671,"Actress-turned-wellness guru Paltrow, whose last starring film role came 10 years ago, recalled how the Marty Supreme co-ordinator asked if she would be comfortable with a certain move during one intimate scene.",0.20357142857142857,0.5095238095238095
672,"""I was like, 'Girl, I'm from the era where you get naked, you get in bed, the camera's on',"" she said.",0.0,0.4
673,"""We said, 'I think we're good. You can step a little bit back'.""",0.1708333333333333,0.3666666666666667
674,"Paltrow continued: ""I don't know how it is for kids who are starting out, but... if someone is like, 'OK, and then he's going to put his hand here,' I would feel, as an artist, very stifled by that.""",0.2333333333333333,0.3
675,"In 2022, Dame Emma Thompson defended the use of intimacy co-ordinators on film and TV sets after fellow actor Sean Bean said they ""spoil the spontaneity"" of sex scenes.",0.0,0.0
676,Paltrow joked that the age difference between her and Chalamet only really dawned on her when they were filming the sex scenes.,0.1,0.6
677,"""OK, great,"" she recalled thinking. ""I'm 109 years old. You're 14.""",0.46666666666666673,0.48333333333333334
678,"She described her co-star, who was recently nominated for an Oscar for Bob Dylan biopic A Complete Unkown, as ""a thinking man's sex symbol"".",0.05,0.325
679,"""He's just a very polite, properly raised, I was going to say kid... he's a man who takes his work really seriously and is a fun partner.""",0.04166666666666667,0.31666666666666665
680,"Paltrow won an Oscar in 1999 for the Harvey Weinstein-produced Shakespeare in Love, and was later among the first high-profile people to accuse Weinstein of sexual harassment.",0.3125,0.44166666666666665
681,"She has played Pepper Potts in several Marvel movies in recent years and appeared in the Netflix series The Politician, but said she considers Marty Supreme to be her first serious film role since 2010's Country Strong.",0.06999999999999999,0.39666666666666667
682,Copyright 2025 BBC. All rights reserved.  The BBC is not responsible for the content of external sites. Read about our approach to external linking.,-0.03333333333333333,0.25
683,,0.0,0.0
684,"Sir Gareth Southgate says he fears young men are spending too much time gaming, gambling and watching pornography - and they need better role models beyond online influencers.",0.26666666666666666,0.3666666666666667
685,"In a wide-ranging talk for the BBC's annual Richard Dimbleby Lecture, the ex-England men's football manager spoke about his own experience of missing a crucial penalty at Euro 96, saying he didn't let it define him.",0.13333333333333333,0.6833333333333332
686,"""That pain still haunts me today,"" he said, ""and I guess it always will.""",0.0,0.0
687,"Referencing his own experiences, he said the UK needed to do more to encourage young people - especially young men - to make the right choices in life and to not fear failure.",0.22817460317460322,0.5892857142857143
688,"Rather than turning to teachers, sports coaches or youth group leaders, Sir Gareth said he feared many young men were searching for direction online. There, he said they were finding a new kind of role model, one that too often did not have their best interests at heart.",0.4672727272727273,0.5109090909090909
689,"""These are callous, manipulative and toxic influencers, whose sole drive is for their own gain,"" he said.",0.3,0.625
690,"""They willingly trick young men into believing that success is measured by money or dominance, that strength means never showing emotion, and that the world, including women, is against them.""",0.21666666666666665,0.3833333333333333
691,"Sir Gareth spoke about missing the crucial penalty in the 1996 Euros semi-final, when England lost to Germany.",-0.1,0.525
692,"""Missing that penalty was undoubtedly a watershed moment that made me stronger, a better man,"" Sir Gareth said at the lecture. ""It forced me to dig deep, and revealed an inner belief and resilience I never knew existed.""",-1.1102230246251566e-17,0.2633333333333333
693,"He contrasted his own miss with Eric Dier's successful penalty kick against Colombia in 2018, when - with Sir Gareth as manager - England won a World Cup penalty shootout for the first time.",0.5333333333333333,0.7611111111111111
694,"During the intervening 22 years, he said there had been a change in mindset among England players.",0.0,0.0
695,"""In 1996, I had walked 30 yards to the penalty spot believing I would miss,"" he said. ""In 2018, Eric had walked 30 yards to the penalty spot believing he would score.""",0.0,0.0
696,"During Sir Gareth's career as a defender and midfielder, he played for Crystal Palace, Aston Villa and Middlesbrough and was in the England squad between 1995 and 2004. He took over as manager in 2016 and led the team to the 2018 World Cup semi-final, 2022 World Cup quarter-final and Euro finals in 2020 and 2024.",0.0,0.0
697,"He stepped down as manager in July, two days after England lost to Spain in the Euros.",-0.15555555555555559,0.2888888888888889
698,Sir Gareth has been credited with revitalising the England team and was knighted in the King's New Year Honours in December.,0.13636363636363635,0.45454545454545453
699,"He is the latest in a line of academics, business leaders and other notable figures to deliver the Richard Dimbleby Lecture, which has been held most years since 1972 in memory of the broadcaster.",0.34375,0.56875
700,"Previous speakers have included King Charles III, when he was the Prince of Wales, tech entrepreneur and philanthropist Bill Gates, and Christine Lagarde, then the managing director of the International Monetary Fund (IMF).",-0.08333333333333333,0.08333333333333333
701,"Sir Gareth's talk focused on the importance of belief and resilience for young men, and he cited three things needed to build these: identity, connection and culture.",0.1,0.4
702,"He referred to a report, released earlier this month by the Centre for Social Justice, which said boys and young men were ""in crisis"", with a ""staggering"" increase in those not in education, employment or training.",0.044444444444444446,0.32222222222222224
703,"""Too many young men are isolated,"" Sir Gareth said in his talk. ""Too many feel uncomfortable opening up to friends or family. Many don't have mentors - teachers, coaches, bosses - who understand how best to push them to grow. And so, when they struggle, young men inevitably try to handle whatever situation they find themselves in, alone.""",0.275,0.575
704,"""Young men end up withdrawing, reluctant to talk or express their emotions,"" he added. ""They spend more time online searching for direction and are falling into unhealthy alternatives like gaming, gambling and pornography.""",0.06666666666666665,0.5333333333333333
705,He also said young men don't get enough opportunities to fail and learn from their mistakes.,-0.13333333333333333,0.39999999999999997
706,"""In my opinion, if we make life too easy for young boys now, we will inevitably make life harder when they grow up to be young men,"" he said. ""Too many young men are at risk of fearing failure, precisely because they've had so few opportunities to experience and overcome it. They fail to try, rather than try and fail.""",0.0013888888888889024,0.44444444444444436
707,The ex-footballer also reflected on what his career has taught him about belief and resilience.,0.0,0.0
708,"""If I've learned anything from my life in football, it's that success is much more than the final score,"" he said. ""True success is how you respond in the hardest moments.""",0.29,0.43
709,The Richard Dimbleby Lecture with Sir Gareth Southgate is broadcast at 10.40pm on BBC One and available on iPlayer now,0.4,0.4
710,The Beautiful Game: Building Belief and Resilience in a Younger Generation,0.15,0.4666666666666666
711,Good evening.,0.7,0.6000000000000001
712,"Tonight, I want to talk about two very different penalty kicks, separated by more than two decades, but connected by two characteristics far more powerful than football.",0.28,0.756
713,"These characteristics have picked me up when I've been down, grounded me in success, and given me purpose amidst the noise of public life.",0.048148148148148134,0.11851851851851852
714,"They are qualities that everyone, young and old, needs every day of their lives.",0.1,0.30000000000000004
715,They are belief and resilience.,0.0,0.0
716,"Now, I'd like you to picture the old Wembley Stadium, it's England versus Germany, semi-final of Euro 96 a tournament that has captivated the nation, up to this point, extra- time has finished and we're locked at 1-1.",0.05,0.15000000000000002
717,And my childhood hero Bryan Robson has asked me would I take penalty number 6 if it goes to sudden death. Now I've been captain of every team that I played for and this is my hero asking the question…,0.0,0.5
718,"So, you just don't say no at those moments.",0.0,0.0
719,"But… I am thinking as I'm walking away… Mmm, let's hope it doesn't go to that…",0.0,0.0
720,"1-0, 1-1",0.0,0.0
721,"I'm not a regular penalty taker, with a process to fall back on...",0.0,0.038461538461538464
722,"2-1, 2-2",0.0,0.0
723,But never mind because Dave Seaman saved one last weekend so we'll be ok...,0.25,0.2833333333333333
724,3-2 and actually Dave this would be a really good moment to save one...,0.35,0.35000000000000003
725,3-3,0.0,0.0
726,What happens if I miss? My brain has now entered the arena of what might go wrong and now I'm in trouble...,-0.35,0.55
727,"4-4,  5-5",0.0,0.0
728,"In front of 90,000 people and millions watching at home.",0.0,0.0
729,"Let me tell you that 30-yard walk from the centre circle to the penalty spot feels like you've walked from Land's End to John o' Groats, and that's basically how my legs felt when I got there as well. It was as much as I could do to hit the target, forget placement or power… the keeper duly saves. And we're out...",0.2,0.2
730,"I feel I've let myself down, my teammates down, my country down.",-0.15555555555555559,0.2888888888888889
731,That pain still haunts me today and I guess it always will.,0.0,0.0
732,"Now, that single shot could have defined my life, let alone my football career. It didn't. But how I chose to respond to it did.",-0.07142857142857142,0.21428571428571427
733,And that's what I want to talk about tonight.,0.0,0.0
734,How do you build resilience when the going gets tough?,-0.3888888888888889,0.8333333333333334
735,"How do you cultivate belief, in individuals,  AND in a collective?",0.0,0.0
736,"And how do you build a positive culture not just for a national football team, but for a nation?",0.22727272727272727,0.5454545454545454
737,"Before I delve into this topic, I want to personally thank the Dimbleby family, and the BBC, for this enormous honour and wonderful opportunity to deliver the 2025 Richard Dimbleby Lecture.",0.3333333333333333,0.7333333333333334
738,"Since 1972, the Lecture has been delivered by 45 speakers, including princes, scientists, influential business and religious leaders, as well as other prominent figures.",0.125,0.5416666666666666
739,So adding the former England football manager to the illustrious list is certainly a bold selection… Now… there's a slight question mark hanging over my head about bold selections... so I really hope this one works for you!,0.15,0.33999999999999997
740,"Richard Dimbleby was not just a broadcaster, but an extraordinary man of belief and resilience. The exact themes I want to explore. So, it really is an honour to be standing here today.",0.26111111111111107,0.48333333333333334
741,"Every generation faces its own challenges, and today's young generation is no different. Life is never easy, setbacks are almost always part of the journey.",0.12083333333333332,0.7083333333333334
742,I discovered this myself fairly early on. I'd always dreamed of being a professional footballer.,0.1,0.2
743,"At 13 years old I'd been asked to train with Southampton at their Centre of Excellence in Crawley. And I loved it. But, much to my dismay, after two enjoyable years, I received a letter to say I was being released.",0.375,0.44999999999999996
744,"Now, I'm not saying I was bitter, but I've still got the letter. So let me read some of it to you, whether you want to hear it or not.",-0.1,0.5
745,"Dear, I should add ""Dear"" is typed, Gareth Southgate, which is handwritten, you get the feel of the personal nature of this. On behalf of Southampton Football Club, I'm writing to inform you that we will not be offering your son… a place on our centre of excellence. Let's leave that there.",0.0,0.3
746,"It was the first time in my football career that my belief and resilience was tested. Fortunately I'm driven and I don't give up… and eventually I got a second chance when Crystal Palace offered me an apprenticeship at 16. I have to say I really struggled adapting to football being a job, rather than something I did with my mates at the weekend; struggled with the physical demands of playing against men for the first time.",0.18333333333333335,0.28492063492063485
747,"In fact after two months my youth coach, Alan Smith, hauled me into his office and said: Look, you're a lovely fella, good manners… If you were my son I'd be really proud, but actually you're weak... and as a footballer you've got absolutely no chance. Now there was no written evidence this time, so I've made Alan sit in the front row of the audience and he can answer of himself at the end of the evening.",0.25416666666666665,0.6625
748,"It actually took me five years to break into Palace's first team, most of my mates got released in that time. Let me tell you, its unbelievably hard to make it as a professional footballer.",0.11166666666666666,0.31500000000000006
749,"While I faced tough times during the early part of my career, I believe the world for young men and women they are growing up in today is increasingly difficult.",-0.17222222222222222,0.6333333333333333
750,"Not because they are born weaker, or without the resilience of past generations, but because the pressures they face today are unique.",0.0625,0.625
751,And at the heart of this is the unrelenting impact of social media.,0.03333333333333333,0.06666666666666667
752,"Today, young people are bombarded by information at all times of the day, from a device that fits neatly into the palm of their hand, and updates by the second.",0.05,0.2
753,"They are targeted with images of the perfect body, the perfect career and the perfect life.  A beautifully crafted highlights reel where success appears to be instant and effortless.",0.6916666666666668,0.7777777777777778
754,How can this make them feel good about themselves?,0.7,0.6000000000000001
755,"When I was growing up, the only people I had to compare myself to were the other kids on my street, in my school or my football team. I was a bit of an idiot, there were some idiots over there, I knew roughly where I stood in the pecking order really, realised nobody was perfect.",-0.08928571428571432,0.6535714285714285
756,"But now you can find yourself mocked, bullied or ridiculed if it appears that you don't conform to whatever is deemed to be the latest trend of the day and believe me I should know.",0.5,0.9
757,"As hardened as I am to opinions and criticisms, there's no way I was going to trawl through social media last summer and read a load of abuse. It wouldn't have helped me in any way to do my job and so I had to shut myself off from it as far as I could.",0.044444444444444446,0.37777777777777777
758,And it seems that young people themselves actually recognise this problem.,0.05,0.25
759,"A recent poll of 16 to 24 year olds from the National Education Union found that the majority believe social media has become more toxic and addictive in the past five years, negatively impacting their mental health, sleep, attention span, and ability to work or study.",-0.016666666666666666,0.3666666666666667
760,I'm actually sure this comes as no surprise to any parent who asks their child on a daily basis to put their phones away.,0.25,0.4444444444444444
761,The solutions are complex because bad habits have been formed. But ignoring the negative impact of social media on our young people is not an option.,-0.23333333333333325,0.3866666666666667
762,"In recent months, my curiosity about the landscape for our young people has led me to visit community centres, schools and even a prison, and I've had a lot of fascinating meetings with academics, teachers, youth workers, and coaches.",0.26666666666666666,0.5
763,"And in all those interactions, there's one topic that keeps being brought to my attention. And it's parents who keep raising it.",0.0,0.0
764,Young men are suffering. They are feeling isolated. They're grappling with their masculinity and with their broader place in society.,0.1,0.4
765,"This issue was highlighted recently when the Centre for Social Justice published a report entitled Lost Boys, focused on the ""crisis"" - to use their word - facing boys and young men.",0.044444444444444446,0.2388888888888889
766,"It found that across most metrics of importance within society - education, employment, health, and others - young men are falling behind.",0.06666666666666665,0.5333333333333333
767,"And how sad is this, suicide remains the leading cause of death for men aged under 50 in the UK. That is heartbreaking.",-0.3,0.7
768,"Now, I would at this moment just like to say that I care deeply and equally about the plight of young women. By focusing my remarks on young men, I don't, for a second, intend to underplay their challenges, not least around self-esteem and mental health, especially today. I've worked with some amazing women, I have a beautiful daughter and wife, I care deeply about them all.",0.15454545454545457,0.4863636363636364
769,"But given my background, and having developed young men throughout my career, I feel more qualified to talk about the challenges they face.",0.2333333333333333,0.39999999999999997
770,"And as one mother told me recently: ""One of the most impactful things we can do for women is to focus on improving young men.""",0.19999999999999998,0.3833333333333333
771,"So why is this happening? Why do so many young men feel lost, isolated, or without hope?",0.3,0.45
772,"From an early age young boys need to fail often and learn fast. Falling off a bike, splitting up with friends, messing up exams and maybe even… missing a penalty. These are the moments that test belief and build resilience.",-0.06,0.32999999999999996
773,"It's a paradox that all parents face. And as a parent myself, I get it. Do we protect them from failure - out of love and support, or expose them to risks that may challenge their resolve?",0.09166666666666665,0.44999999999999996
774,"In my opinion, if we make life too easy for young boys now… we will… inevitably... make life harder when they grow up to be young men",0.10666666666666666,0.5266666666666666
775,"Ironically, parents know exactly what their children are doing in the physical world, but they are losing control in the virtual world …. where young people are exposed to far more danger",0.19,0.4585714285714285
776,...and failure is something that is shared with the world.,-0.3166666666666667,0.3
777,"The result is that too many young men are at risk of fearing failure, precisely because they've had so few opportunities to experience and overcome it.",0.09666666666666666,0.42000000000000004
778,They fail to try… rather than try and fail.,-0.5,0.29999999999999993
779,What seems to have changed is a sense of traditional family and community role models.,0.0,0.75
780,The Centre for Social Justice report highlights how 2.5 million children in the UK have no father figure at home.,0.03333333333333333,0.06666666666666667
781,"This is, as they describe it, ""an epidemic of fatherlessness,"" noting that boys are more likely now to own a smartphone than to live with their dad.",0.3090909090909091,0.75
782,Now all the experts I've listened to over the last 20 years speak about the importance of male role models in a boys life.,0.0,0.08333333333333334
783,"That actually doesn't have to be just at home. There's a point at which boys look naturally for mentors outside their immediate family, and is often where they find the role models who inspire them the most.",0.15,0.2625
784,"I've always believed ""You don't need to be a Dad to be a father figure.""",0.0,0.0
785,"However boys are spending less time at youth centres, sports facilities and community events. They aren't meeting the traditional role models I used to meet such as coaches, youth workers and teachers.",-0.05555555555555555,0.4388888888888889
786,Which leads neatly to my third observation,0.0,0.0
787,"As real-world communities and mentorship declines, young men end up withdrawing, reluctant to talk or express their emotions",0.1,0.4
788,"They spend more time online searching for direction and are falling into unhealthy alternatives like gaming, gambling and pornography.",0.04999999999999999,0.6
789,And this void is filled by a new kind of role model who do not have their best interest at heart.,0.5340909090909091,0.6386363636363636
790,"These are callous, manipulative and toxic influencers, whose sole drive is for their own gain.",0.3,0.625
791,"They willingly trick young men into believing that success is measured by money or dominance, never showing emotion, and that the world... including women... is against them.",0.21666666666666665,0.3833333333333333
792,They are as far away as you could possibly get from the role models our young men need in their lives.,0.06666666666666667,0.7999999999999999
793,"So if young men are falling behind, if they don't believe in themselves, and if they are becoming less resilient, what can WE do? What can WE change? How can WE reverse this decline?",-0.004166666666666673,0.5041666666666668
794,Because qualities like belief and resilience aren't something you're simply born with.,0.0,0.35714285714285715
795,"They don't appear overnight. They are built - step by step, experience by experience, through grit and determination.",0.0,0.0
796,"From my professional experiences, I've learnt that belief and resilience sit on three key foundations: Identity, Connection, and Culture - and that these elements are as important to wider society as they were to the England football team.",0.16666666666666666,0.7000000000000001
797,Let's start with identity…,0.0,0.0
798,One of the first questions every young man should ask themselves is: Who am I?,0.175,0.3666666666666667
799,For some this question is shaped by their family history.,0.0,0.0
800,A big part of who I am is down to my Grandad's military service and the values of duty and respect that he and my parents instilled in me.,-0.0851851851851852,0.16296296296296298
801,"Race, obviously plays a major role.",0.03125,0.5
802,"Many young men in Britain today have dual heritage. They are balancing British Nationality with family roots in Africa, the Caribbean, Asia or Europe.",0.19999999999999998,0.3
803,It's such an important part of our country.,0.2,0.75
804,"Regional location, opportunity and class all contribute significantly as well.",0.375,0.875
805,"The England squads I managed were made up of players from all these backgrounds. Everyone had their own story, their own values and their own identity.",0.6,1.0
806,"But when I became England Manager, no one had the answer to the question ""who are we?""",0.0,0.0
807,"What was our shared identity, the DNA of the team, that everyone understood, and were proud to be a part of?",0.8,1.0
808,In response we deliberately set out to define it.,0.0,0.0
809,We shared personal stories... we talked about our country... the football legends who came before us... and our place in history.,0.0,0.3
810,By the end we knew who we were.,0.0,0.0
811,"A proud, diverse, resilient team that stood up for each other... and was ready to write our own chapter in English football history.",0.29500000000000004,0.575
812,"It meant that when we anticipated racist abuse ahead of games, the players had the power… and support… to decide their response if it happened.",0.0,0.0
813,They chose not to be intimidated… but to stand up… play on… and win regardless.,0.8,0.4
814,"Similarly… moral decisions… about whether to take the knee before games as a way of protesting against racism or discrimination, became unanimous and obvious ones to take.",0.0,0.375
815,Players had a positive impact on society and inspired youngsters up and down the country.,0.03585858585858584,0.4171717171717172
816,And that is the power of identity.,0.0,0.0
817,"Young men in our society face the same questions of ""who am I?"" and ""who are we?"".",0.05,0.2625
818,"And just like our players, owning your story... and understanding that you are part of a bigger narrative that existed before you... and will continue long after you're gone.",-0.025,0.45
819,That's the first step to building belief and resilience.,0.25,0.3333333333333333
820,But being secure in your own identity isn't enough. You need to authentically connect with those around you. You need to feel the sum is greater than the part.,0.375,0.65
821,That is because human beings are social creatures; we form relationships because they are essential to our wellbeing and survival.,0.011111111111111112,0.15555555555555556
822,"No matter how talented you are as an individual, success is impossible without the right people around you",0.12380952380952381,0.5671428571428571
823,"When I arrived as England Manager, there was a disconnect between the team, the media, AND the fans.",0.0,0.0
824,It was clear to me that strengthening those connections between these three core audiences was critical if we wanted to improve the fortunes of the team.,0.05000000000000001,0.5916666666666667
825,"It's well documented that we decided to be more open and honest with the media, using social media in a positive way to offer an insight into the genuine camaraderie that existed.",0.29343434343434344,0.5020202020202019
826,"This gave a more emotive, trusted connection between the players and the fans - and it also gave us some memorable images of inflatable unicorns.",0.5,0.75
827,But the most important and strongest connections were within the team.,0.45,0.75
828,"I wanted to really get to know my players, and I spent a lot of time talking to each of them about their lives, their hopes, and their fears.",0.05,0.15000000000000002
829,They were happy to talk to me and they were happy to talk to each other.,0.4916666666666667,0.7916666666666666
830,"Players looked forward to meeting up. We had fun. We laughed together and at times even these strong powerful men, opened up to me about their feelings…and cried on my shoulder.",0.43333333333333335,0.5333333333333333
831,And that's fine by the way… and I think it's an important message for young men today.,0.3055555555555555,0.6333333333333333
832,"It was these connections and relationships that created the belief and resilience  that carried us beyond where we might have gone when times got really tough. We weren't just playing for the badge, we were playing for each other.",-0.2569444444444444,0.6041666666666667
833,"Now, growing up in a digital age, it can be easy to think that young men are more connected than ever before.",0.2583333333333333,0.43333333333333335
834,But I actually believe the opposite is true.,0.11666666666666665,0.25
835,"Real connection - the kind that gives you belief and resilience - is becoming harder, not easier, to find. You can have millions of followers online, and not one person to turn to when you really need help. The result is that too many young men are isolated. Too many feel uncomfortable opening up to family or friends.",0.21666666666666667,0.5166666666666667
836,"Many don't have mentors - teachers, coaches, bosses - who understand how to push them to grow.",0.5,0.5
837,"And so, when they struggle, young men inevitably try to handle whatever situation they find themselves in, alone.",0.05,0.7
838,"When I think about my own career, I know I wouldn't be here without the strong relationships I have built and the people who supported me.",0.5166666666666666,0.8666666666666667
839,"My family, who provided a loving, supportive environment from the start of my life, that continues today through my wife and my children.",0.55,0.975
840,"Or Alan Smith, my youth coach, at Crystal Palace, who wasn't afraid to challenge me - not because he wanted me to fail, but because he wanted me to succeed.",-0.55,0.6
841,"And the exceptional staff I have been privileged to work with; people like Steve Holland, my assistant with England, who was skilled in the areas I wasn't, and who stood firmly alongside me when the pressure was at its most intense.",0.3333333333333333,0.6799999999999999
842,"It meant that whenever I've had setbacks in my career, I've never faced them alone.",0.0,0.0
843,And that's made all the difference.,0.0,0.0
844,We need to make sure young men today aren't facing their struggles alone either.,0.3,0.6444444444444444
845,"That we are there for them, ready to build genuine connections at home, in schools, workplaces and communities.",0.30000000000000004,0.5
846,And it means reminding them that asking for help isn't a weakness - it's a strength.,0.0,0.0
847,"If identity is about knowing who you are, and connection is about building relationships, then culture is about the environment you exist in.",0.0,0.0
848,"To my mind, a culture can be defined fairly simply by ""how we do things around here"".",0.0,0.35714285714285715
849,It's made up of hundreds of small behaviours and actions that shape the overall environment.,-0.125,0.2
850,It started with me.,0.0,0.0
851,Because the leader sets the tone for how they want people to behave... and I believe respect is crucial.,0.0,1.0
852,"Off the pitch, that meant players showing up on time, training hard, being open to learning, and reacting the right way if they weren't selected to start.",-0.0019841269841269957,0.5257936507936507
853,"On the pitch, I expected them to treat the opposition, and the referee, with respect.",-0.1,0.4
854,And always give everything for the team,0.0,0.0
855,Culture drove some of my key decisions.,0.0,1.0
856,"I chose Harry Kane and Jordan Henderson as captain and vice-captain not just because of their talent, but because of their professionalism on the training pitch, in the gym, and in how they lived their lives away from football.",0.0,0.0
857,They were role models I wanted others to emulate.,0.0,0.0
858,"And over time, we created a culture where players were encouraged to take ownership... where young players were welcomed, not treated as outsiders... and where mistakes weren't ridiculed, but were seen as part of a process.",0.1,0.4
859,"And some of the strongest decisions I took were made to protect our culture, whenever it was challenged, intentionally or not, by a lack of discipline or poor behaviours.",-0.4,0.6
860,And so it is in society.,0.0,0.0
861,We need leaders to set the right tone... To be the role models we want for our young men. We have to show young men that character is more important than status. That how you treat others is more important than how much money you make.,0.3107142857142857,0.5669642857142857
862,"That values matter... courage, humility, and integrity over selfishness, greed, arrogance.",0.0,0.0
863,The culture we create today will shape the kind of men that we inherit tomorrow.,0.6,0.9
864,We all have the power to create that culture. Small actions at an individual level ladder up to something far bigger at a societal level.,-0.0375,0.575
865,"That is how we can make changes in our schools, in our workplaces, in our communities. And, yes, in our nation as well.",0.0,0.0
866,"With England, we gave ourselves the best chance to succeed.",1.0,0.3
867,And we must give our young men the best chance to succeed as well.,0.55,0.35
868,"Having covered identity, connection and culture, it feels like a good moment to address the definition of success for young men in society today",0.3666666666666667,0.3333333333333333
869,"Of course, in football, some people see success as a zero sum game.  Only one team wins the league. Only one team can win the World Cup.",0.16666666666666666,0.49999999999999994
870,"And I agree that in sport, winning a trophy is a hugely important marker.",0.45,0.875
871,Do I wish we had won the Euros? More than you will ever know.,0.5,0.5
872,"But even in professional sport, is winning a trophy the only marker of success?",0.22499999999999998,0.4625
873,"Are we, for example, dismissing the Olympic athlete who wins a silver medal after a lifetime of endeavour, but loses out because on the day someone ran a few hundredths of a second faster?",-0.05,0.1
874,"If I've learned anything from my life in football, it's that success is about much more than the final score. It isn't a straight line. And it's not a single moment.",0.20714285714285716,0.4228571428571429
875,"Take Harry Kane who was released by Arsenal, I wonder if he's still got the letter, had several unconvincing loan spells, but has gone on to be England's record goal scorer.",0.0,0.0
876,"Everyone will remember Ollie Watkins scoring the winning goal in the semi-final of our Euros against Holland, but not so many will remember that he started his career playing non-league football.",0.5,0.625
877,An overnight success after 20 years.,0.3,0.0
878,"And of course Bukayo Saka, I smile as soon as I see his name, who after his experience in Euro 2020, displayed quite remarkable resilience, courage, and belief in stepping up to successfully score his penalty against Switzerland last summer.",0.45,0.4666666666666666
879,"None of them had a perfect, uninterrupted journey to success. Because true success is how you respond in the hardest moments. It's about having the belief and resilience to persevere.",0.39,0.32999999999999996
880,And that's the message we need to offer young men today.,0.1,0.4
881,Not everyone will win trophies. Not everyone will be at the top of their field.,0.65,0.45
882,But everyone can live a life where they can constantly strive to improve.,0.06818181818181818,0.41666666666666663
883,"Where they can look back and say: I gave my best, I stayed true to myself, and I made a difference.",0.45,0.31666666666666665
884,That is real success.,0.44999999999999996,0.0
885,"And the sooner we teach young men that, the sooner we help them find belief in themselves.",0.1,0.4
886,"When I think back to that challenging, life-defining night at Wembley in Euro 96, I remember not just the miss, but what followed - and what gave me hope.",0.25,0.5
887,I was in a daze. Terry Venables comforted me while Tony Adams dragged me around the stadium to face and thank the fans.,0.0,0.0
888,"But it was Stuart Pearce who truly understood what I was going through. He had missed a crucial penalty in the 1990 World Cup semi-final, ironically, though somewhat inevitably, also against Germany!",0.0,1.0
889,"Back at the hotel, Stuart sat with me over dinner and explained what I'd face in the coming weeks.",0.0,0.0
890,"He told me about the sleepless nights that would follow; what the front pages of every newspaper would be the next morning; and how, for years to come, people would hurl abuse in my direction, reminding me of my penalty miss.",0.0,0.0
891,He was right about all of that.,0.2857142857142857,0.5357142857142857
892,"But he also had a wonderful way of putting it all into perspective. I remember him saying: ""Gareth, tomorrow I'm going home to feed the horses. I'll look at them and say, 'We lost to Germany again on penalties.' And they'll answer: 'Well what do we care? Give us some carrots!'""",1.0,1.0
893,"He made me smile, and he was there for me when I needed him the most, and I was delighted to hear him in typically great spirits when I spoke to him a couple of days ago.",0.575,0.5125
894,"One of the most important things Stuart did for me in those dark days back in 1996, was to explain how this experience would make me stronger.",0.1875,0.475
895,"Now frankly, I didn't believe him at the time. But slowly, Stuart's words proved to be true.",0.024999999999999967,0.525
896,He forced me to ask the hard questions: What do I stand for? How do I move forward? How do I make sure this is just one chapter and not the whole book?,0.027083333333333307,0.5076388888888889
897,"I will let others judge whether it made me a better player. But missing that penalty was undoubtedly a watershed moment that made me a stronger, better man.",0.26666666666666666,0.35000000000000003
898,"It forced me to dig deep, and revealed an inner belief and resilience that I never knew existed.",-0.10000000000000002,0.2555555555555556
899,"At the beginning of the lecture, I said I was going to talk about two penalties.",0.0,0.0
900,"Up to now, I've only spoken about one.",0.0,1.0
901,"Twenty-two years after missing that penalty, I found myself watching another penalty shoot-out - only this time I was the England manager, we were playing against Colombia, for a place in the quarter-final of the 2018 World Cup.",-0.1,0.525
902,"The game has been one of those typical England nights, absolute rollercoaster. We somehow managed to concede in the last minute of normal time, for context England haven't won a knockout game for 10 years and have lost all five of its previous penalty shoot-outs – so, I can imagine most of the country were hiding behind the sofa, Meanwhile I was actually pretty confident... mainly because I wasn't taking the penalty this time.",0.01944444444444444,0.5375
903,"But by failing in 1996, it helped me to understand what was required now.",0.0,0.0
904,"The decisive penalty fell to Eric Dier, not one of our superstars or a regular penalty taker. But a brilliant team man.",0.45,0.5384615384615384
905,And this was his moment.,0.0,0.0
906,"And as my eyes followed him on that long, lonely walk to the penalty spot, I hoped - maybe prayed a little – that he would help us to write a new chapter in English football history.",-0.04022727272727272,0.41090909090909095
907,"Because this time, it felt different. And this time, it was different.",0.0,0.6
908,"If you look at the photos of my reaction, you can probably see the decades of pain. For me personally, that moment wasn't just relief, but it was a small step of redemption.",-0.125,0.35
909,"More importantly something in the English football mindset had changed. By instilling a belief and resilience in our players, we had broken down one more barrier to winning.",0.19206349206349208,0.49126984126984125
910,"In 1996, I had walked 30 yards to the penalty spot believing I would miss.",0.0,0.0
911,"In 2018, Eric had walked those same 30 yards believing he would score.",0.0,0.125
912,"And so, in conclusion, I'd like to say this to young people, and to young men in particular:",0.12222222222222223,0.37777777777777777
913,"Each of you will face your own version of that penalty moment. For most, it won't be on a football pitch in front of 90,000 people.",0.55,0.75
914,Maybe it's the moment you didn't do as well as you hoped to in an exam.,0.0,0.0
915,The moment you get rejected from a job.,0.0,0.0
916,Or the moment you just feel like someone has let you down.,-0.15555555555555559,0.2888888888888889
917,"BUT in that moment, you have a choice: do you let disappointment define you? Do you give up?",-0.6,0.4
918,"Or do you get back up, learn from it, and keep going?",0.0,0.0
919,"That choice - the ability to build belief, to find resilience - is what makes the difference.",0.0,0.0
920,Not just in football.,0.0,0.0
921,Not just in sport.,0.0,0.0
922,But in life.,0.0,0.0
923,"And I believe, as a society, we must do more to help young people, and especially young men, make the right choices in life.",0.27142857142857146,0.5589285714285714
924,"We must create a world where they find comfort in their own identity and a sense of belonging to those around them; where they feel they live in a culture that doesn't judge them only by how well they succeed, but by how much they grow... by the effort they put in... and the character they develop;",0.23409090909090907,0.675
925,"and where they know there is always someone there to provide the love and support they need, especially in difficult times.",-0.25,0.8
926,"That is how we will create a young generation, a society, and a nation of which we can all be very proud.",0.55,0.7
927,And I'm looking forward to playing whatever role I can to help make it happen.,0.0,0.0
928,Thank you.,0.0,0.0
929,"Get our flagship newsletter, with all the headlines you need to start the day. Sign up here.",0.0,0.0
930,Copyright 2025 BBC. All rights reserved.  The BBC is not responsible for the content of external sites. Read about our approach to external linking.,-0.03333333333333333,0.25
931,,0.0,0.0
932,"Turkish authorities have detained the mayor of Istanbul, just days before he was due to be selected as a presidential candidate.",-0.125,0.375
933,"Ekrem Imamoglu, from the secular Republican People's Party (CHP), is seen as one of Turkish President Recep Tayip Erdogan's strongest political rivals.",0.0,0.1
934,"Prosecutors accused him of corruption and aiding a terrorist group, calling him a ""criminal organisation leader suspect"".",-0.4,0.55
935,"Police detained 100 people - including other politicians, journalists and businessmen - as part of the investigation, and the Istanbul governor's office has imposed four days of restrictions in the city.",-0.125,0.375
936,"Imamoglu said online ""the will of the people cannot be silenced"".",0.0,0.0
937,"In a social media video, he vowed to ""stand resolute"" for the people of Turkey ""and all who uphold democracy and justice worldwide"".",0.03333333333333333,0.06666666666666667
938,"""I stand firm in my fight for the fundamental rights and freedoms,"" Imamoglu added.",-0.2,0.4
939,"Protests have erupted on Turkey's streets, university campuses, and in underground stations, with crowds chanting anti-government slogans. It is a display of public anger not seen in years.",-0.35,0.13333333333333333
940,There were reports of clashes between protesters and police in Turkey's largest city. Reuters news agency footage shows police using pepper spray pellets to disperse crowds outside Istanbul University.,0.0,0.05
941,"The government has banned public gatherings in Istanbul as part of the four days of restrictions. But more protests are anticipated nationwide as opposition leaders, including Imamoglu's wife, urge people to ""raise their voices"".",0.25,0.2833333333333333
942,"Many streets in Istanbul have also been closed to traffic, while some metro lines have also cancelled their services.",0.2,0.3
943,"UK-based internet watchdog Netblocks said on Wednesday Turkey had severely restricted access to social media sites like X, YouTube, Instagram and TikTok.",0.03333333333333333,0.06666666666666667
944,"The arrest comes as part of a major crackdown nationwide in recent months, targeting opposition politicians, municipalities, journalists, and figures in the entertainment industry.",0.004166666666666666,0.25
945,"Following the Istanbul mayor's arrest, concerns over Turkey's shift toward autocracy were expressed on social media, with some calling for an opposition boycott of the upcoming presidential elections, arguing that a fair and democratic vote is no longer possible.",0.13666666666666666,0.4133333333333333
946,"Imamoglu's party, the CHP, even condemned the arrests as ""a coup against our next president,"" a sentiment widely echoed by pro-opposition voices.",-0.05,0.2
947,But Turkey's justice minister criticised those who linked Erdogan to the arrests.,0.0,0.0
948,"Yilmaz Tunc said it was ""extremely dangerous and wrong"" to suggest this was a political move, insisting that nobody was above the law in Turkey.",-0.275,0.5
949,"Erdogan and his party have also denied the claims, insisting that Turkey's judiciary is independent. He has been in power for 22 years.",0.0,0.125
950,"Last year, Imamoglu won a second term as Istanbul's mayor, when his CHP party swept local elections there and in Ankara.",0.0,0.022222222222222223
951,It was the first time since Erdogan came to power that his party was defeated across the country at the ballot box.,0.25,0.3333333333333333
952,"The elections were also a personal blow to the president, who grew up in and became mayor of Istanbul on his rise to power.",0.0,0.3
953,Dozens of police officers were involved in the early-morning raid on Imamoglu's house in Turkey's largest city.,0.0,0.0
954,"The CHP's presidential candidate selection, in which Imamoglu is the only person running, is set to take place on Sunday.",0.0,1.0
955,"Imamoglu's arrest came a day after Istanbul University annulled his degree due to alleged irregularities - a decision which, if upheld, would prevent him from running in presidential elections.",-0.09166666666666667,0.15833333333333333
956,"According to the Turkish constitution, presidents must have completed higher education to hold office.",0.25,0.5
957,"Imamoglu called that move ""legally baseless"", adding that universities ""must remain independent, free from political interference, and dedicated to knowledge"".",0.15000000000000002,0.30625
958,"Presidential elections are currently scheduled for 2028. Erdogan cannot currently run for office again, as he is in his second term and previously served as prime minister before that.",-0.041666666666666664,0.24166666666666667
959,"The only way Erdogan could contest another election would be to change the constitution, or call an early election before his term ends.",0.05,0.65
960,"As well as being accused of extortion and fraud, Imamoglu is also alleged to have aided the PKK.",-0.1,0.1
961,"The PKK - or Kurdistan Workers' Party - has waged an insurgency since 1984, and is proscribed as a terrorist group in Turkey, the EU, UK and US.",0.0,0.0
962,"Earlier this month the group announced its decision to lay down arms, following a call from its imprisoned leader, who had engaged in talks with Turkish officials.",-0.051851851851851864,0.29629629629629634
963,"International reaction to the arrests has been negative. Germany's foreign ministry said the arrest was part of ""intensified legal measures"" designed to put pressure on Imamoglu, while the French foreign office said it was ""deeply concerned"" by the arrests, which could have ""heavy consequences on Turkish democracy"".",-0.06666666666666667,0.19444444444444445
964,"The Turkish lira, meanwhile, briefly crashed to an all-time low against the US dollar, as markets reacted poorly to the political uncertainty.",-0.1,0.33333333333333337
965,"While many were shocked to wake up to the news of Imamoglu's arrest, legal pressure on the popular opposition leader is far from new.",0.11233766233766233,0.5506493506493506
966,"He has faced multiple investigations and was handed a political ban in December 2022 over allegations of insulting Turkey's electoral board in 2019 - a verdict he appealed, with the final ruling still pending.",-0.25,0.525
967,"Additionally, he has been the subject of cases related to alleged tender irregularities during his tenure as mayor of Istanbul's Beylikduzu district.",-0.08888888888888889,0.2777777777777778
968,"More recently, on 20 January, a new case was filed against him over his criticism of a prosecutor.",0.21212121212121213,0.40151515151515155
969,Copyright 2025 BBC. All rights reserved.  The BBC is not responsible for the content of external sites. Read about our approach to external linking.,-0.03333333333333333,0.25
970,,0.0,0.0
971,"Nasa astronauts Suni Williams and Butch Wilmore have splashed down near Tallahassee, Florida after nine months at the International Space Station.",-0.018518518518518528,0.22962962962962963
972,They splashed down with Nasa astronaut Nick Hague and Russian cosmonaut Aleksandr Gorbunov.,-0.07777777777777779,0.14444444444444446
973,"Minutes after their splashdown, a pod of dolphins could be seen swimming near the capsule. Nasa commentators joked they're an ""honorary part of the recovery team"".",0.1,0.4
974,Copyright 2025 BBC. All rights reserved.  The BBC is not responsible for the content of external sites. Read about our approach to external linking.,-0.03333333333333333,0.25
975,,0.0,0.0
976,"Ben & Jerry's has said its chief executive, David Stever, was being removed by its parent company, Unilever, in a growing dispute over the ice cream company's political activism.",0.0,0.1
977,"The allegation was part of a legal case filed in a US court by Ben & Jerry's that says Unilever violated a merger agreement by trying to silence its ""social mission"".",0.11666666666666667,0.13333333333333333
978,Unilever did not immediately reply to a request for comment from BBC News.,0.0,0.0
979,It comes a month after the ice cream company accused Unilever of demanding that it stops publicly criticising US President Donald Trump.,0.0,0.06666666666666667
980,"""Unilever has repeatedly threatened Ben & Jerry's personnel, including CEO David Stever, should they fail to comply with Unilever's efforts to silence the social mission,"" the filing with the US District Court for the Southern District of New York said.",-0.08257575757575758,0.20530303030303027
981,Ben & Jerry's has long been known for taking a public stance on social issues since it was founded in 1978 by Ben Cohen and Jerry Greenfield.,-0.005555555555555557,0.17777777777777778
982,It has often backed campaigns on issues like LGBTQ+ rights and climate change.,0.0,0.0
983,The ice cream maker was bought by Unilever in 2000 through a merger agreement that created an independent board tasked with protecting the ice cream brand's values and mission.,0.0,0.125
984,But Unilever and Ben & Jerry's have been at loggerheads for a while. Their relationship soured in 2021 when Ben & Jerry's announced it was halting sales in the West Bank.,-0.3,0.1
985,The dispute escalated over the last year as Ben & Jerry's advocated for a ceasefire in Gaza.,0.0,0.06666666666666667
986,"In November, the ice cream company filed a lawsuit saying Unilever had tried to stop it from expressing support for Palestinian refugees.",0.0,0.0
987,"Last month, in another court filing, Ben & Jerry's said Unilever had tried to ban it from publicly criticising Donald Trump.",0.0,0.06666666666666667
988,Mr Stever has been with Ben & Jerry's since joining the firm in 1988 as a tour guide. He was appointed chief executive in 2023.,-0.2,0.4
989,"Ben and Jerry's court filing said the decision to oust Mr Stever was made without any consultation, as required in the merger agreement between the two companies.",0.0,0.0
990,"""Unilever...attempted to force the independent board into rubberstamping the decision,"" it added.",0.0,0.125
991,Copyright 2025 BBC. All rights reserved.  The BBC is not responsible for the content of external sites. Read about our approach to external linking.,-0.03333333333333333,0.25
992,,0.0,0.0
993,"A powerful dust storm swept through central New Mexico on Tuesday, causing multiple crashes and poor visibility, according to local media reports.",0.006060606060606054,0.3840909090909091
994,Footage captured by Alex Matthews shows a vehicle pileup along Interstate 40.,0.0,0.0
995,"Mr Matthews told the BBC he saw several vehicles on fire or in the wreckage, however there were no immediate reports of injuries.",0.0,0.0
996,Copyright 2025 BBC. All rights reserved.  The BBC is not responsible for the content of external sites. Read about our approach to external linking.,-0.03333333333333333,0.25
997,,0.0,0.0
